,Year,Game_idx,Team1,cum_win,cum_lose,Wpct,rank
0,2001,55,KIA,27,26,0.5094339622641509,4.0
1,2001,55,LG,20,32,0.38461538461538464,8.0
2,2001,55,SK,24,30,0.4444444444444444,6.0
3,2001,55,두산,27,25,0.5192307692307693,3.0
4,2001,55,롯데,21,33,0.3888888888888889,7.0
5,2001,55,삼성,34,21,0.6181818181818182,2.0
6,2001,55,한화,27,27,0.5,5.0
7,2001,55,현대,34,20,0.6296296296296297,1.0
