,Year,Game_idx,Team1,cum_win,cum_lose,Wpct,rank
0,2002,113,KIA,66,43,0.6055045871559633,1.5
1,2002,113,LG,58,49,0.5420560747663551,4.0
2,2002,113,SK,51,59,0.4636363636363636,7.0
3,2002,113,두산,57,54,0.5135135135135135,5.0
4,2002,113,롯데,28,84,0.25,8.0
5,2002,113,삼성,66,43,0.6055045871559633,1.5
6,2002,113,한화,52,56,0.4814814814814815,6.0
7,2002,113,현대,60,48,0.5555555555555556,3.0
