,Year,Game_idx,Team1,cum_win,cum_lose,Wpct,rank
0,2010,123,KIA,54,69,0.4390243902439024,6.0
1,2010,123,LG,54,66,0.45,5.0
2,2010,123,SK,78,44,0.639344262295082,1.0
3,2010,123,넥센,50,70,0.4166666666666667,7.0
4,2010,123,두산,68,52,0.5666666666666667,3.0
5,2010,123,롯데,61,59,0.5083333333333333,4.0
6,2010,123,삼성,75,47,0.6147540983606558,2.0
7,2010,123,한화,44,78,0.3606557377049181,8.0
