,Year,Game_idx,Team1,cum_win,cum_lose,Wpct,rank
0,1992,69,LG,23,44,0.34328358208955223,7.0
1,1992,69,OB,33,34,0.4925373134328358,5.0
2,1992,69,롯데,40,29,0.5797101449275363,3.0
3,1992,69,빙그레,43,25,0.6323529411764706,1.0
4,1992,69,삼성,36,32,0.5294117647058824,4.0
5,1992,69,쌍방울,23,45,0.3382352941176471,8.0
6,1992,69,태평양,29,37,0.4393939393939394,6.0
7,1992,69,해태,41,28,0.5942028985507246,2.0
