,Year,Game_idx,Team1,cum_win,cum_lose,Wpct,rank
0,2014,48,KIA,20,28,0.4166666666666667,7.0
1,2014,48,LG,17,30,0.3617021276595745,8.5
2,2014,48,NC,29,19,0.6041666666666666,2.0
3,2014,48,SK,22,26,0.4583333333333333,6.0
4,2014,48,넥센,26,22,0.5416666666666666,4.0
5,2014,48,두산,28,20,0.5833333333333334,3.0
6,2014,48,롯데,23,24,0.4893617021276596,5.0
7,2014,48,삼성,32,15,0.6808510638297872,1.0
8,2014,48,한화,17,30,0.3617021276595745,8.5
