,Year,Game_idx,Team1,cum_win,cum_lose,Wpct,rank
0,2009,21,KIA,9,11,0.45,5.5
1,2009,21,LG,9,11,0.45,5.5
2,2009,21,SK,13,6,0.6842105263157895,1.0
3,2009,21,두산,12,7,0.631578947368421,2.0
4,2009,21,롯데,7,14,0.3333333333333333,8.0
5,2009,21,삼성,11,10,0.5238095238095238,4.0
6,2009,21,한화,10,9,0.5263157894736842,3.0
7,2009,21,히어로즈,9,12,0.42857142857142855,7.0
