,Year,Game_idx,Team1,cum_win,cum_lose,Wpct,rank
0,2010,50,KIA,25,25,0.5,4.0
1,2010,50,LG,23,26,0.4693877551020408,5.0
2,2010,50,SK,33,17,0.66,1.0
3,2010,50,넥센,20,30,0.4,7.5
4,2010,50,두산,28,21,0.5714285714285714,2.0
5,2010,50,롯데,23,27,0.46,6.0
6,2010,50,삼성,28,22,0.56,3.0
7,2010,50,한화,20,30,0.4,7.5
