,Year,Game_idx,Team1,cum_win,cum_lose,Wpct,rank
0,2000,126,LG,64,59,0.5203252032520326,4.0
1,2000,126,SK,41,82,0.3333333333333333,8.0
2,2000,126,두산,72,54,0.5714285714285714,2.0
3,2000,126,롯데,62,60,0.5081967213114754,5.0
4,2000,126,삼성,67,54,0.5537190082644629,3.0
5,2000,126,한화,46,75,0.3801652892561984,7.0
6,2000,126,해태,53,69,0.4344262295081967,6.0
7,2000,126,현대,86,38,0.6935483870967742,1.0
