,Year,Game_idx,Team1,cum_win,cum_lose,Wpct,rank
0,2006,28,KIA,14,13,0.5185185185185185,5.0
1,2006,28,LG,10,17,0.3703703703703704,7.0
2,2006,28,SK,16,12,0.5714285714285714,4.0
3,2006,28,두산,10,16,0.38461538461538464,6.0
4,2006,28,롯데,8,20,0.2857142857142857,8.0
5,2006,28,삼성,16,11,0.5925925925925926,3.0
6,2006,28,한화,17,10,0.6296296296296297,2.0
7,2006,28,현대,18,10,0.6428571428571429,1.0
