,Year,Game_idx,Team1,cum_win,cum_lose,Wpct,rank
0,2009,61,KIA,33,25,0.5689655172413793,3.0
1,2009,61,LG,25,33,0.4310344827586207,6.0
2,2009,61,SK,36,21,0.631578947368421,1.0
3,2009,61,두산,37,22,0.6271186440677966,2.0
4,2009,61,롯데,26,35,0.4262295081967213,7.0
5,2009,61,삼성,28,33,0.459016393442623,4.0
6,2009,61,한화,23,35,0.3965517241379311,8.0
7,2009,61,히어로즈,27,33,0.45,5.0
