,Year,Game_idx,Team1,cum_win,cum_lose,Wpct,rank
0,1991,61,LG,30,30,0.5,5.5
1,1991,61,OB,21,40,0.3442622950819672,8.0
2,1991,61,롯데,30,30,0.5,5.5
3,1991,61,빙그레,31,27,0.5344827586206896,2.0
4,1991,61,삼성,32,29,0.5245901639344263,3.0
5,1991,61,쌍방울,25,36,0.4098360655737705,7.0
6,1991,61,태평양,31,30,0.5081967213114754,4.0
7,1991,61,해태,42,19,0.6885245901639344,1.0
