,Year,Game_idx,Team1,cum_win,cum_lose,Wpct,rank
0,2005,102,KIA,41,60,0.405940594059406,8.0
1,2005,102,LG,43,58,0.4257425742574257,7.0
2,2005,102,SK,55,42,0.5670103092783505,2.0
3,2005,102,두산,55,44,0.5555555555555556,3.0
4,2005,102,롯데,46,55,0.4554455445544554,5.0
5,2005,102,삼성,60,39,0.6060606060606061,1.0
6,2005,102,한화,55,46,0.5445544554455446,4.0
7,2005,102,현대,44,55,0.4444444444444444,6.0
