,Year,Game_idx,Team1,cum_win,cum_lose,Wpct,rank
0,2012,32,KIA,12,18,0.4,8.0
1,2012,32,LG,17,15,0.53125,3.0
2,2012,32,SK,19,12,0.6129032258064516,1.0
3,2012,32,넥센,17,14,0.5483870967741935,2.0
4,2012,32,두산,16,15,0.5161290322580645,4.0
5,2012,32,롯데,15,15,0.5,5.0
6,2012,32,삼성,15,16,0.4838709677419355,6.0
7,2012,32,한화,13,19,0.40625,7.0
