,Year,Game_idx,Team1,cum_win,cum_lose,Wpct,rank
0,2013,97,KIA,43,52,0.4526315789473685,7.0
1,2013,97,LG,58,39,0.5979381443298969,2.0
2,2013,97,NC,39,54,0.41935483870967744,8.0
3,2013,97,SK,47,48,0.4947368421052632,6.0
4,2013,97,넥센,51,44,0.5368421052631579,4.0
5,2013,97,두산,54,41,0.5684210526315789,3.0
6,2013,97,롯데,49,45,0.5212765957446809,5.0
7,2013,97,삼성,57,38,0.6,1.0
8,2013,97,한화,30,66,0.3125,9.0
