,Year,Game_idx,Team1,cum_win,cum_lose,Wpct,rank
0,1996,72,LG,32,37,0.463768115942029,5.5
1,1996,72,OB,32,38,0.4571428571428571,7.0
2,1996,72,롯데,31,37,0.4558823529411765,8.0
3,1996,72,삼성,32,37,0.463768115942029,5.5
4,1996,72,쌍방울,36,35,0.5070422535211268,4.0
5,1996,72,한화,38,34,0.5277777777777778,3.0
6,1996,72,해태,38,33,0.5352112676056338,2.0
7,1996,72,현대,38,30,0.5588235294117647,1.0
