,Year,Game_idx,Team1,cum_win,cum_lose,Wpct,rank
0,1997,96,LG,54,40,0.5744680851063829,2.0
1,1997,96,OB,45,47,0.4891304347826087,5.0
2,1997,96,롯데,38,57,0.4,7.0
3,1997,96,삼성,50,40,0.5555555555555556,4.0
4,1997,96,쌍방울,53,42,0.5578947368421052,3.0
5,1997,96,한화,37,57,0.39361702127659576,8.0
6,1997,96,해태,58,37,0.6105263157894737,1.0
7,1997,96,현대,40,52,0.43478260869565216,6.0
