,Year,Game_idx,Team1,cum_win,cum_lose,Wpct,rank
0,2011,22,KIA,10,12,0.4545454545454545,5.5
1,2011,22,LG,12,10,0.5454545454545454,3.5
2,2011,22,SK,16,6,0.7272727272727273,1.0
3,2011,22,넥센,10,12,0.4545454545454545,5.5
4,2011,22,두산,13,8,0.6190476190476191,2.0
5,2011,22,롯데,7,13,0.35,7.0
6,2011,22,삼성,12,10,0.5454545454545454,3.5
7,2011,22,한화,6,15,0.2857142857142857,8.0
