,Year,Game_idx,Team1,cum_win,cum_lose,Wpct,rank
0,2006,51,KIA,25,24,0.5102040816326531,4.5
1,2006,51,LG,20,30,0.4,7.0
2,2006,51,SK,25,26,0.4901960784313725,6.0
3,2006,51,두산,25,24,0.5102040816326531,4.5
4,2006,51,롯데,19,32,0.3725490196078432,8.0
5,2006,51,삼성,29,20,0.5918367346938775,1.0
6,2006,51,한화,29,21,0.58,2.0
7,2006,51,현대,29,22,0.5686274509803921,3.0
