,Year,Game_idx,Team1,cum_win,cum_lose,Wpct,rank
0,1998,62,LG,30,31,0.4918032786885246,3.0
1,1998,62,OB,27,34,0.4426229508196721,6.0
2,1998,62,롯데,23,36,0.3898305084745763,8.0
3,1998,62,삼성,34,27,0.5573770491803278,2.0
4,1998,62,쌍방울,29,33,0.4677419354838709,4.0
5,1998,62,한화,28,32,0.4666666666666667,5.0
6,1998,62,해태,27,35,0.4354838709677419,7.0
7,1998,62,현대,44,18,0.7096774193548387,1.0
