,Year,Game_idx,Team1,cum_win,cum_lose,Wpct,rank
0,1992,58,LG,20,36,0.35714285714285715,7.0
1,1992,58,OB,27,29,0.4821428571428572,5.0
2,1992,58,롯데,33,25,0.5689655172413793,3.0
3,1992,58,빙그레,37,20,0.6491228070175439,1.0
4,1992,58,삼성,30,27,0.5263157894736842,4.0
5,1992,58,쌍방울,18,39,0.3157894736842105,8.0
6,1992,58,태평양,24,31,0.4363636363636363,6.0
7,1992,58,해태,37,21,0.6379310344827587,2.0
