,Year,Game_idx,Team1,cum_win,cum_lose,Wpct,rank
0,1991,3,LG,2,1,0.6666666666666666,3.5
1,1991,3,OB,0,3,0.0,7.5
2,1991,3,롯데,0,3,0.0,7.5
3,1991,3,빙그레,1,2,0.3333333333333333,5.5
4,1991,3,삼성,3,0,1.0,1.5
5,1991,3,쌍방울,2,1,0.6666666666666666,3.5
6,1991,3,태평양,1,2,0.3333333333333333,5.5
7,1991,3,해태,3,0,1.0,1.5
