,Year,Game_idx,Team1,cum_win,cum_lose,Wpct,rank
0,1999,65,LG,34,31,0.5230769230769231,5.0
1,1999,65,두산,36,25,0.5901639344262295,2.0
2,1999,65,롯데,39,22,0.639344262295082,1.0
3,1999,65,삼성,33,30,0.5238095238095238,4.0
4,1999,65,쌍방울,14,47,0.2295081967213115,8.0
5,1999,65,한화,29,34,0.4603174603174603,7.0
6,1999,65,해태,31,33,0.484375,6.0
7,1999,65,현대,33,27,0.55,3.0
