,Year,Game_idx,Team1,cum_win,cum_lose,Wpct,rank
0,2009,50,KIA,26,21,0.5531914893617021,3.0
1,2009,50,LG,22,25,0.4680851063829787,5.0
2,2009,50,SK,30,16,0.6521739130434783,1.0
3,2009,50,두산,31,17,0.6458333333333334,2.0
4,2009,50,롯데,19,31,0.38,8.0
5,2009,50,삼성,24,26,0.48,4.0
6,2009,50,한화,21,26,0.44680851063829785,6.0
7,2009,50,히어로즈,21,28,0.42857142857142855,7.0
