,Year,Game_idx,Team1,cum_win,cum_lose,Wpct,rank
0,1994,93,LG,58,35,0.6236559139784946,1.0
1,1994,93,OB,43,49,0.4673913043478261,6.0
2,1994,93,롯데,40,50,0.4444444444444444,7.0
3,1994,93,삼성,47,45,0.5108695652173914,5.0
4,1994,93,쌍방울,32,58,0.3555555555555556,8.0
5,1994,93,태평양,48,42,0.5333333333333333,3.0
6,1994,93,한화,51,41,0.5543478260869565,2.0
7,1994,93,해태,47,44,0.5164835164835165,4.0
