,Year,Game_idx,Team1,cum_win,cum_lose,Wpct,rank
0,2016,91,KIA,42,48,0.4666666666666667,6.0
1,2016,91,LG,40,50,0.4444444444444444,8.0
2,2016,91,NC,55,34,0.6179775280898876,2.0
3,2016,91,SK,46,45,0.5054945054945055,4.0
4,2016,91,kt,36,53,0.4044943820224719,10.0
5,2016,91,넥센,51,39,0.5666666666666667,3.0
6,2016,91,두산,59,31,0.6555555555555556,1.0
7,2016,91,롯데,44,47,0.4835164835164835,5.0
8,2016,91,삼성,38,52,0.4222222222222222,9.0
9,2016,91,한화,40,48,0.4545454545454545,7.0
