,Year,Game_idx,Team1,cum_win,cum_lose,Wpct,rank
0,2014,10,KIA,5,5,0.5,4.5
1,2014,10,LG,3,6,0.3333333333333333,9.0
2,2014,10,NC,6,4,0.6,2.0
3,2014,10,SK,7,3,0.7,1.0
4,2014,10,넥센,5,5,0.5,4.5
5,2014,10,두산,4,6,0.4,7.0
6,2014,10,롯데,5,4,0.5555555555555556,3.0
7,2014,10,삼성,4,6,0.4,7.0
8,2014,10,한화,4,6,0.4,7.0
