,Year,Game_idx,Team1,cum_win,cum_lose,Wpct,rank
0,2004,74,KIA,34,36,0.4857142857142857,5.0
1,2004,74,LG,32,40,0.4444444444444444,7.0
2,2004,74,SK,33,34,0.4925373134328358,4.0
3,2004,74,두산,41,32,0.5616438356164384,2.0
4,2004,74,롯데,25,39,0.390625,8.0
5,2004,74,삼성,38,30,0.5588235294117647,3.0
6,2004,74,한화,32,37,0.463768115942029,6.0
7,2004,74,현대,39,30,0.5652173913043478,1.0
