,Year,Game_idx,Team1,cum_win,cum_lose,Wpct,rank
0,1997,72,LG,41,29,0.5857142857142857,3.0
1,1997,72,OB,38,30,0.5588235294117647,4.0
2,1997,72,롯데,27,44,0.38028169014084506,8.0
3,1997,72,삼성,40,27,0.5970149253731343,2.0
4,1997,72,쌍방울,38,33,0.5352112676056338,5.0
5,1997,72,한화,29,41,0.4142857142857143,6.0
6,1997,72,해태,44,27,0.6197183098591549,1.0
7,1997,72,현대,26,42,0.38235294117647056,7.0
