,Year,Game_idx,Team1,cum_win,cum_lose,Wpct,rank
0,2004,70,KIA,32,34,0.4848484848484849,5.5
1,2004,70,LG,31,37,0.4558823529411765,7.0
2,2004,70,SK,31,32,0.492063492063492,4.0
3,2004,70,두산,39,30,0.5652173913043478,2.0
4,2004,70,롯데,24,37,0.3934426229508197,8.0
5,2004,70,삼성,36,28,0.5625,3.0
6,2004,70,한화,32,34,0.4848484848484849,5.5
7,2004,70,현대,38,27,0.5846153846153846,1.0
