,Year,Game_idx,Team1,cum_win,cum_lose,Wpct,rank
0,1992,39,LG,12,25,0.32432432432432434,8.0
1,1992,39,OB,17,20,0.4594594594594595,5.0
2,1992,39,롯데,20,19,0.5128205128205128,3.0
3,1992,39,빙그레,31,7,0.8157894736842105,1.0
4,1992,39,삼성,19,19,0.5,4.0
5,1992,39,쌍방울,13,25,0.34210526315789475,7.0
6,1992,39,태평양,14,22,0.3888888888888889,6.0
7,1992,39,해태,27,12,0.6923076923076923,2.0
