,Year,Game_idx,Team1,cum_win,cum_lose,Wpct,rank
0,2014,63,KIA,27,36,0.42857142857142855,6.5
1,2014,63,LG,25,37,0.4032258064516129,8.0
2,2014,63,NC,38,25,0.6031746031746031,2.0
3,2014,63,SK,27,36,0.42857142857142855,6.5
4,2014,63,넥센,35,27,0.5645161290322581,3.0
5,2014,63,두산,32,31,0.5079365079365079,5.0
6,2014,63,롯데,32,30,0.5161290322580645,4.0
7,2014,63,삼성,42,19,0.6885245901639344,1.0
8,2014,63,한화,22,40,0.3548387096774194,9.0
