,Year,Game_idx,Team1,cum_win,cum_lose,Wpct,rank
0,2000,123,LG,64,56,0.5333333333333333,4.0
1,2000,123,SK,39,81,0.325,8.0
2,2000,123,두산,71,52,0.5772357723577236,2.0
3,2000,123,롯데,60,59,0.5042016806722689,5.0
4,2000,123,삼성,66,52,0.559322033898305,3.0
5,2000,123,한화,45,73,0.3813559322033898,7.0
6,2000,123,해태,50,69,0.4201680672268908,6.0
7,2000,123,현대,84,37,0.6942148760330579,1.0
