,Year,Game_idx,Team1,cum_win,cum_lose,Wpct,rank
0,2002,87,KIA,53,31,0.6309523809523809,1.0
1,2002,87,LG,44,40,0.5238095238095238,5.0
2,2002,87,SK,41,43,0.4880952380952381,6.0
3,2002,87,두산,45,40,0.5294117647058824,3.0
4,2002,87,롯데,23,63,0.26744186046511625,8.0
5,2002,87,삼성,51,35,0.5930232558139535,2.0
6,2002,87,한화,38,46,0.4523809523809524,7.0
7,2002,87,현대,43,39,0.5243902439024389,4.0
