,Year,Game_idx,Team1,cum_win,cum_lose,Wpct,rank
0,2003,133,KIA,78,50,0.609375,2.0
1,2003,133,LG,60,71,0.4580152671755725,6.0
2,2003,133,SK,66,64,0.5076923076923077,4.0
3,2003,133,두산,57,74,0.4351145038167939,7.0
4,2003,133,롯데,39,91,0.3,8.0
5,2003,133,삼성,76,53,0.5891472868217055,3.0
6,2003,133,한화,63,65,0.4921875,5.0
7,2003,133,현대,80,51,0.6106870229007634,1.0
