,Year,Game_idx,Team1,cum_win,cum_lose,Wpct,rank
0,2006,68,KIA,31,34,0.476923076923077,5.0
1,2006,68,LG,26,39,0.4,8.0
2,2006,68,SK,30,37,0.4477611940298508,6.0
3,2006,68,두산,35,31,0.5303030303030303,4.0
4,2006,68,롯데,29,38,0.4328358208955224,7.0
5,2006,68,삼성,42,23,0.6461538461538462,1.0
6,2006,68,한화,36,30,0.5454545454545454,3.0
7,2006,68,현대,37,30,0.5522388059701493,2.0
