,Year,Game_idx,Team1,cum_win,cum_lose,Wpct,rank
0,2015,86,KIA,41,45,0.4767441860465117,7.0
1,2015,86,LG,38,47,0.4470588235294118,9.0
2,2015,86,NC,48,36,0.5714285714285714,2.0
3,2015,86,SK,43,41,0.5119047619047619,6.0
4,2015,86,kt,28,58,0.32558139534883723,10.0
5,2015,86,넥센,46,39,0.5411764705882353,4.0
6,2015,86,두산,49,37,0.5697674418604651,3.0
7,2015,86,롯데,40,46,0.4651162790697674,8.0
8,2015,86,삼성,50,36,0.5813953488372093,1.0
9,2015,86,한화,45,41,0.5232558139534884,5.0
