,Year,Game_idx,Team1,cum_win,cum_lose,Wpct,rank
0,2005,23,KIA,8,15,0.3478260869565217,8.0
1,2005,23,LG,10,13,0.43478260869565216,5.5
2,2005,23,SK,10,11,0.4761904761904762,4.0
3,2005,23,두산,14,8,0.6363636363636364,2.0
4,2005,23,롯데,14,9,0.6086956521739131,3.0
5,2005,23,삼성,15,8,0.6521739130434783,1.0
6,2005,23,한화,10,13,0.43478260869565216,5.5
7,2005,23,현대,9,13,0.4090909090909091,7.0
