,Year,Game_idx,Team1,cum_win,cum_lose,Wpct,rank
0,2000,99,LG,48,48,0.5,5.0
1,2000,99,SK,27,70,0.27835051546391754,8.0
2,2000,99,두산,58,41,0.5858585858585859,2.0
3,2000,99,롯데,52,45,0.5360824742268041,4.0
4,2000,99,삼성,54,41,0.5684210526315789,3.0
5,2000,99,한화,38,57,0.4,7.0
6,2000,99,해태,43,54,0.4432989690721649,6.0
7,2000,99,현대,67,31,0.6836734693877551,1.0
