,Year,Game_idx,Team1,cum_win,cum_lose,Wpct,rank
0,1993,86,LG,52,33,0.611764705882353,2.0
1,1993,86,OB,43,38,0.5308641975308642,4.0
2,1993,86,롯데,40,46,0.4651162790697674,5.0
3,1993,86,빙그레,36,48,0.42857142857142855,6.0
4,1993,86,삼성,44,38,0.5365853658536586,3.0
5,1993,86,쌍방울,34,48,0.4146341463414634,7.0
6,1993,86,태평양,28,51,0.35443037974683544,8.0
7,1993,86,해태,55,30,0.6470588235294118,1.0
