,Year,Game_idx,Team1,cum_win,cum_lose,Wpct,rank
0,2003,49,KIA,25,23,0.5208333333333334,5.0
1,2003,49,LG,25,22,0.5319148936170213,4.0
2,2003,49,SK,31,17,0.6458333333333334,1.0
3,2003,49,두산,11,38,0.22448979591836732,8.0
4,2003,49,롯데,17,30,0.3617021276595745,7.0
5,2003,49,삼성,29,18,0.6170212765957447,3.0
6,2003,49,한화,22,24,0.4782608695652174,6.0
7,2003,49,현대,30,18,0.625,2.0
