,Year,Game_idx,Team1,cum_win,cum_lose,Wpct,rank
0,2010,108,KIA,49,59,0.4537037037037037,5.0
1,2010,108,LG,45,61,0.4245283018867925,6.0
2,2010,108,SK,68,40,0.6296296296296297,1.0
3,2010,108,넥센,42,63,0.4,7.0
4,2010,108,두산,63,43,0.5943396226415094,3.0
5,2010,108,롯데,52,53,0.4952380952380953,4.0
6,2010,108,삼성,65,42,0.6074766355140186,2.0
7,2010,108,한화,41,67,0.3796296296296297,8.0
