,Year,Game_idx,Team1,cum_win,cum_lose,Wpct,rank
0,2008,109,KIA,51,58,0.4678899082568808,6.0
1,2008,109,LG,37,72,0.3394495412844037,8.0
2,2008,109,SK,72,37,0.6605504587155964,1.0
3,2008,109,두산,62,47,0.5688073394495413,2.5
4,2008,109,롯데,62,47,0.5688073394495413,2.5
5,2008,109,삼성,55,54,0.5045871559633027,5.0
6,2008,109,한화,57,52,0.5229357798165137,4.0
7,2008,109,히어로즈,42,67,0.3853211009174312,7.0
