,Year,Game_idx,Team1,cum_win,cum_lose,Wpct,rank
0,2008,103,KIA,50,53,0.4854368932038835,6.0
1,2008,103,LG,35,68,0.3398058252427185,8.0
2,2008,103,SK,68,35,0.6601941747572816,1.0
3,2008,103,두산,58,45,0.5631067961165048,2.0
4,2008,103,롯데,56,47,0.5436893203883495,3.5
5,2008,103,삼성,53,50,0.5145631067961165,5.0
6,2008,103,한화,56,47,0.5436893203883495,3.5
7,2008,103,히어로즈,41,62,0.3980582524271845,7.0
