,Year,Game_idx,Team1,cum_win,cum_lose,Wpct,rank
0,1998,80,LG,38,41,0.4810126582278481,5.0
1,1998,80,OB,35,44,0.4430379746835443,7.0
2,1998,80,롯데,32,45,0.4155844155844156,8.0
3,1998,80,삼성,44,35,0.5569620253164557,2.0
4,1998,80,쌍방울,40,40,0.5,3.0
5,1998,80,한화,38,39,0.4935064935064935,4.0
6,1998,80,해태,36,44,0.45,6.0
7,1998,80,현대,52,28,0.65,1.0
