,Year,Game_idx,Team1,cum_win,cum_lose,Wpct,rank
0,1990,75,LG,41,34,0.5466666666666666,3.0
1,1990,75,OB,22,51,0.3013698630136986,7.0
2,1990,75,롯데,30,43,0.410958904109589,6.0
3,1990,75,빙그레,44,30,0.5945945945945946,1.0
4,1990,75,삼성,42,31,0.5753424657534246,2.0
5,1990,75,태평양,37,36,0.5068493150684932,5.0
6,1990,75,해태,38,34,0.5277777777777778,4.0
