,Year,Game_idx,Team1,cum_win,cum_lose,Wpct,rank
0,2012,24,KIA,11,11,0.5,5.0
1,2012,24,LG,13,11,0.5416666666666666,4.0
2,2012,24,SK,13,10,0.5652173913043478,2.0
3,2012,24,넥센,11,12,0.4782608695652174,6.0
4,2012,24,두산,13,10,0.5652173913043478,2.0
5,2012,24,롯데,13,10,0.5652173913043478,2.0
6,2012,24,삼성,11,13,0.4583333333333333,7.0
7,2012,24,한화,9,15,0.375,8.0
