,Year,Game_idx,Team1,cum_win,cum_lose,Wpct,rank
0,1991,42,LG,23,18,0.5609756097560976,2.0
1,1991,42,OB,16,26,0.3809523809523809,7.0
2,1991,42,롯데,18,23,0.4390243902439024,6.0
3,1991,42,빙그레,22,18,0.55,3.0
4,1991,42,삼성,23,19,0.5476190476190477,4.0
5,1991,42,쌍방울,15,27,0.35714285714285715,8.0
6,1991,42,태평양,21,21,0.5,5.0
7,1991,42,해태,27,15,0.6428571428571429,1.0
