,Year,Game_idx,Team1,cum_win,cum_lose,Wpct,rank
0,2005,29,KIA,9,20,0.3103448275862069,8.0
1,2005,29,LG,11,18,0.3793103448275862,7.0
2,2005,29,SK,12,15,0.4444444444444444,5.0
3,2005,29,두산,20,8,0.7142857142857143,1.0
4,2005,29,롯데,17,12,0.5862068965517241,3.0
5,2005,29,삼성,20,9,0.6896551724137931,2.0
6,2005,29,한화,13,16,0.4482758620689655,4.0
7,2005,29,현대,12,16,0.42857142857142855,6.0
