,Year,Game_idx,Team1,cum_win,cum_lose,Wpct,rank
0,2016,120,KIA,59,60,0.4957983193277311,4.0
1,2016,120,LG,57,62,0.4789915966386555,6.0
2,2016,120,NC,70,48,0.5932203389830508,2.0
3,2016,120,SK,58,62,0.4833333333333333,5.0
4,2016,120,kt,46,72,0.3898305084745763,10.0
5,2016,120,넥센,68,51,0.5714285714285714,3.0
6,2016,120,두산,77,42,0.6470588235294118,1.0
7,2016,120,롯데,54,66,0.45,8.0
8,2016,120,삼성,53,66,0.4453781512605042,9.0
9,2016,120,한화,54,63,0.4615384615384616,7.0
