,Year,Game_idx,Team1,cum_win,cum_lose,Wpct,rank
0,2007,13,KIA,5,8,0.38461538461538464,6.0
1,2007,13,LG,8,5,0.6153846153846154,2.0
2,2007,13,SK,8,3,0.7272727272727273,1.0
3,2007,13,두산,4,9,0.3076923076923077,7.5
4,2007,13,롯데,7,6,0.5384615384615384,4.0
5,2007,13,삼성,7,5,0.5833333333333334,3.0
6,2007,13,한화,5,7,0.4166666666666667,5.0
7,2007,13,현대,4,9,0.3076923076923077,7.5
