,Year,Game_idx,Team1,cum_win,cum_lose,Wpct,rank
0,2006,16,KIA,8,7,0.5333333333333333,4.0
1,2006,16,LG,6,10,0.375,7.5
2,2006,16,SK,11,5,0.6875,1.0
3,2006,16,두산,6,8,0.42857142857142855,6.0
4,2006,16,롯데,6,10,0.375,7.5
5,2006,16,삼성,9,6,0.6,2.0
6,2006,16,한화,9,7,0.5625,3.0
7,2006,16,현대,8,8,0.5,5.0
