,Year,Game_idx,Team1,cum_win,cum_lose,Wpct,rank
0,1990,49,LG,24,25,0.4897959183673469,6.0
1,1990,49,OB,16,32,0.3333333333333333,7.0
2,1990,49,롯데,25,24,0.5102040816326531,4.0
3,1990,49,빙그레,29,20,0.5918367346938775,1.0
4,1990,49,삼성,27,22,0.5510204081632653,2.0
5,1990,49,태평양,24,24,0.5,5.0
6,1990,49,해태,26,22,0.5416666666666666,3.0
