,Year,Game_idx,Team1,cum_win,cum_lose,Wpct,rank
0,2003,37,KIA,21,15,0.5833333333333334,4.0
1,2003,37,LG,19,16,0.5428571428571428,5.0
2,2003,37,SK,22,14,0.6111111111111112,3.0
3,2003,37,두산,8,29,0.21621621621621626,8.0
4,2003,37,롯데,11,24,0.3142857142857143,7.0
5,2003,37,삼성,24,11,0.6857142857142857,1.0
6,2003,37,한화,16,19,0.4571428571428571,6.0
7,2003,37,현대,23,13,0.6388888888888888,2.0
