,Year,Game_idx,Team1,cum_win,cum_lose,Wpct,rank
0,2000,18,LG,8,10,0.4444444444444444,4.5
1,2000,18,SK,4,14,0.2222222222222222,8.0
2,2000,18,두산,11,7,0.6111111111111112,3.0
3,2000,18,롯데,8,10,0.4444444444444444,4.5
4,2000,18,삼성,14,4,0.7777777777777778,1.5
5,2000,18,한화,6,12,0.3333333333333333,7.0
6,2000,18,해태,7,11,0.3888888888888889,6.0
7,2000,18,현대,14,4,0.7777777777777778,1.5
