,Year,Game_idx,Team1,cum_win,cum_lose,Wpct,rank
0,1990,69,LG,38,31,0.5507246376811594,3.0
1,1990,69,OB,21,46,0.31343283582089554,7.0
2,1990,69,롯데,29,38,0.4328358208955224,6.0
3,1990,69,빙그레,40,28,0.5882352941176471,1.0
4,1990,69,삼성,38,29,0.5671641791044776,2.0
5,1990,69,태평양,33,34,0.4925373134328358,5.0
6,1990,69,해태,34,33,0.5074626865671642,4.0
