,Year,Game_idx,Team1,cum_win,cum_lose,Wpct,rank
0,2003,23,KIA,13,9,0.5909090909090909,4.0
1,2003,23,LG,11,11,0.5,5.0
2,2003,23,SK,14,8,0.6363636363636364,3.0
3,2003,23,두산,5,18,0.21739130434782608,7.0
4,2003,23,롯데,4,17,0.19047619047619047,8.0
5,2003,23,삼성,17,5,0.7727272727272727,1.0
6,2003,23,한화,9,13,0.4090909090909091,6.0
7,2003,23,현대,16,6,0.7272727272727273,2.0
