,Year,Game_idx,Team1,cum_win,cum_lose,Wpct,rank
0,2003,96,KIA,52,40,0.5652173913043478,3.0
1,2003,96,LG,49,45,0.5212765957446809,5.0
2,2003,96,SK,52,42,0.5531914893617021,4.0
3,2003,96,두산,37,57,0.39361702127659576,7.0
4,2003,96,롯데,25,68,0.26881720430107525,8.0
5,2003,96,삼성,59,35,0.6276595744680851,2.0
6,2003,96,한화,44,49,0.4731182795698925,6.0
7,2003,96,현대,61,33,0.6489361702127661,1.0
