,Year,Game_idx,Team1,cum_win,cum_lose,Wpct,rank
0,1989,101,MBC,38,59,0.3917525773195876,7.0
1,1989,101,OB,47,52,0.4747474747474748,5.0
2,1989,101,롯데,41,56,0.42268041237113396,6.0
3,1989,101,빙그레,59,39,0.6020408163265306,1.0
4,1989,101,삼성,49,47,0.5104166666666666,3.0
5,1989,101,태평양,49,48,0.5051546391752577,4.0
6,1989,101,해태,56,42,0.5714285714285714,2.0
