,Year,Game_idx,Team1,cum_win,cum_lose,Wpct,rank
0,2006,48,KIA,24,22,0.5217391304347826,4.0
1,2006,48,LG,17,30,0.3617021276595745,7.0
2,2006,48,SK,25,23,0.5208333333333334,5.0
3,2006,48,두산,23,23,0.5,6.0
4,2006,48,롯데,16,32,0.3333333333333333,8.0
5,2006,48,삼성,27,19,0.5869565217391305,2.0
6,2006,48,한화,28,19,0.5957446808510638,1.0
7,2006,48,현대,28,20,0.5833333333333334,3.0
