,Year,Game_idx,Team1,cum_win,cum_lose,Wpct,rank
0,1995,95,LG,59,35,0.6276595744680851,1.0
1,1995,95,OB,52,38,0.5777777777777777,2.0
2,1995,95,롯데,48,42,0.5333333333333333,3.0
3,1995,95,삼성,44,46,0.4888888888888889,5.0
4,1995,95,쌍방울,33,60,0.3548387096774194,8.0
5,1995,95,태평양,39,52,0.42857142857142855,7.0
6,1995,95,한화,45,50,0.4736842105263158,6.0
7,1995,95,해태,48,45,0.5161290322580645,4.0
