,Year,Game_idx,Team1,cum_win,cum_lose,Wpct,rank
0,2004,36,KIA,17,17,0.5,4.5
1,2004,36,LG,17,17,0.5,4.5
2,2004,36,SK,17,15,0.53125,2.0
3,2004,36,두산,17,18,0.4857142857142857,6.0
4,2004,36,롯데,13,19,0.40625,8.0
5,2004,36,삼성,14,19,0.42424242424242425,7.0
6,2004,36,한화,18,16,0.5294117647058824,3.0
7,2004,36,현대,21,13,0.6176470588235294,1.0
