,Year,Game_idx,Team1,cum_win,cum_lose,Wpct,rank
0,1997,15,LG,12,3,0.8,1.0
1,1997,15,OB,7,7,0.5,4.0
2,1997,15,롯데,5,10,0.3333333333333333,8.0
3,1997,15,삼성,5,9,0.35714285714285715,6.5
4,1997,15,쌍방울,8,7,0.5333333333333333,3.0
5,1997,15,한화,6,8,0.42857142857142855,5.0
6,1997,15,해태,10,5,0.6666666666666666,2.0
7,1997,15,현대,5,9,0.35714285714285715,6.5
