,Year,Game_idx,Team1,cum_win,cum_lose,Wpct,rank
0,1996,9,LG,4,5,0.4444444444444444,5.5
1,1996,9,OB,6,3,0.6666666666666666,1.5
2,1996,9,롯데,5,4,0.5555555555555556,3.5
3,1996,9,삼성,5,4,0.5555555555555556,3.5
4,1996,9,쌍방울,6,3,0.6666666666666666,1.5
5,1996,9,한화,3,6,0.3333333333333333,7.5
6,1996,9,해태,3,6,0.3333333333333333,7.5
7,1996,9,현대,4,5,0.4444444444444444,5.5
