,Year,Game_idx,Team1,cum_win,cum_lose,Wpct,rank
0,2014,29,KIA,13,16,0.4482758620689655,7.0
1,2014,29,LG,9,19,0.32142857142857145,9.0
2,2014,29,NC,17,12,0.5862068965517241,2.5
3,2014,29,SK,15,14,0.5172413793103449,5.5
4,2014,29,넥센,18,11,0.6206896551724138,1.0
5,2014,29,두산,15,14,0.5172413793103449,5.5
6,2014,29,롯데,16,12,0.5714285714285714,4.0
7,2014,29,삼성,17,12,0.5862068965517241,2.5
8,2014,29,한화,11,18,0.3793103448275862,8.0
