,Year,Game_idx,Team1,cum_win,cum_lose,Wpct,rank
0,1991,14,LG,10,4,0.7142857142857143,1.5
1,1991,14,OB,8,6,0.5714285714285714,3.5
2,1991,14,롯데,5,9,0.35714285714285715,6.5
3,1991,14,빙그레,5,9,0.35714285714285715,6.5
4,1991,14,삼성,8,6,0.5714285714285714,3.5
5,1991,14,쌍방울,3,11,0.21428571428571427,8.0
6,1991,14,태평양,6,8,0.42857142857142855,5.0
7,1991,14,해태,10,4,0.7142857142857143,1.5
