,Year,Game_idx,Team1,cum_win,cum_lose,Wpct,rank
0,1997,26,LG,16,10,0.6153846153846154,1.5
1,1997,26,OB,12,13,0.48,5.0
2,1997,26,롯데,11,15,0.4230769230769231,7.0
3,1997,26,삼성,13,11,0.5416666666666666,4.0
4,1997,26,쌍방울,15,11,0.5769230769230769,3.0
5,1997,26,한화,8,17,0.32,8.0
6,1997,26,해태,16,10,0.6153846153846154,1.5
7,1997,26,현대,11,14,0.44,6.0
