,Year,Game_idx,Team1,cum_win,cum_lose,Wpct,rank
0,1991,87,LG,44,42,0.5116279069767442,4.0
1,1991,87,OB,28,57,0.32941176470588235,8.0
2,1991,87,롯데,42,43,0.4941176470588236,5.0
3,1991,87,빙그레,48,36,0.5714285714285714,2.0
4,1991,87,삼성,49,38,0.5632183908045977,3.0
5,1991,87,쌍방울,35,50,0.4117647058823529,7.0
6,1991,87,태평양,42,44,0.4883720930232558,6.0
7,1991,87,해태,55,30,0.6470588235294118,1.0
