,Year,Game_idx,Team1,cum_win,cum_lose,Wpct,rank
0,2003,106,KIA,60,42,0.5882352941176471,3.0
1,2003,106,LG,50,54,0.4807692307692308,5.0
2,2003,106,SK,55,49,0.5288461538461539,4.0
3,2003,106,두산,43,61,0.4134615384615384,7.0
4,2003,106,롯데,29,74,0.2815533980582524,8.0
5,2003,106,삼성,63,41,0.6057692307692307,2.0
6,2003,106,한화,48,54,0.4705882352941176,6.0
7,2003,106,현대,65,39,0.625,1.0
