,Year,Game_idx,Team1,cum_win,cum_lose,Wpct,rank
0,1998,14,LG,8,6,0.5714285714285714,4.0
1,1998,14,OB,7,7,0.5,5.0
2,1998,14,롯데,6,7,0.4615384615384616,6.0
3,1998,14,삼성,9,5,0.6428571428571429,2.0
4,1998,14,쌍방울,4,10,0.2857142857142857,8.0
5,1998,14,한화,8,5,0.6153846153846154,3.0
6,1998,14,해태,5,9,0.35714285714285715,7.0
7,1998,14,현대,10,4,0.7142857142857143,1.0
