,Year,Game_idx,Team1,cum_win,cum_lose,Wpct,rank
0,1997,27,LG,17,10,0.6296296296296297,1.5
1,1997,27,OB,12,13,0.48,5.0
2,1997,27,롯데,11,16,0.4074074074074074,7.0
3,1997,27,삼성,13,12,0.52,4.0
4,1997,27,쌍방울,16,11,0.5925925925925926,3.0
5,1997,27,한화,8,17,0.32,8.0
6,1997,27,해태,17,10,0.6296296296296297,1.5
7,1997,27,현대,11,15,0.4230769230769231,6.0
