,Year,Game_idx,Team1,cum_win,cum_lose,Wpct,rank
0,2003,11,KIA,9,2,0.8181818181818182,2.0
1,2003,11,LG,6,4,0.6,4.0
2,2003,11,SK,7,4,0.6363636363636364,3.0
3,2003,11,두산,1,10,0.09090909090909093,7.0
4,2003,11,롯데,0,11,0.0,8.0
5,2003,11,삼성,10,1,0.9090909090909092,1.0
6,2003,11,한화,5,6,0.4545454545454545,6.0
7,2003,11,현대,5,5,0.5,5.0
