,Year,Game_idx,Team1,cum_win,cum_lose,Wpct,rank
0,2002,32,KIA,18,12,0.6,1.0
1,2002,32,LG,14,18,0.4375,6.0
2,2002,32,SK,13,18,0.41935483870967744,7.5
3,2002,32,두산,14,17,0.4516129032258064,5.0
4,2002,32,롯데,13,18,0.41935483870967744,7.5
5,2002,32,삼성,19,13,0.59375,2.0
6,2002,32,한화,16,14,0.5333333333333333,3.0
7,2002,32,현대,15,14,0.5172413793103449,4.0
