,Year,Game_idx,Team1,cum_win,cum_lose,Wpct,rank
0,1999,97,LG,49,48,0.5051546391752577,6.0
1,1999,97,두산,53,39,0.5760869565217391,2.0
2,1999,97,롯데,54,38,0.5869565217391305,1.0
3,1999,97,삼성,51,44,0.5368421052631579,4.0
4,1999,97,쌍방울,21,71,0.22826086956521735,8.0
5,1999,97,한화,48,47,0.5052631578947369,5.0
6,1999,97,해태,46,49,0.4842105263157895,7.0
7,1999,97,현대,51,41,0.5543478260869565,3.0
