,Year,Game_idx,Team1,cum_win,cum_lose,Wpct,rank
0,1992,109,LG,42,64,0.3962264150943397,7.0
1,1992,109,OB,49,57,0.4622641509433962,5.0
2,1992,109,롯데,63,46,0.5779816513761468,3.0
3,1992,109,빙그레,67,40,0.6261682242990654,1.0
4,1992,109,삼성,57,50,0.5327102803738317,4.0
5,1992,109,쌍방울,38,70,0.35185185185185186,8.0
6,1992,109,태평양,47,59,0.4433962264150944,6.0
7,1992,109,해태,65,44,0.5963302752293578,2.0
