,Year,Game_idx,Team1,cum_win,cum_lose,Wpct,rank
0,2011,81,KIA,48,33,0.5925925925925926,1.0
1,2011,81,LG,41,40,0.5061728395061729,4.0
2,2011,81,SK,45,36,0.5555555555555556,3.0
3,2011,81,넥센,31,50,0.382716049382716,8.0
4,2011,81,두산,34,45,0.4303797468354431,7.0
5,2011,81,롯데,38,40,0.4871794871794872,5.0
6,2011,81,삼성,46,33,0.5822784810126582,2.0
7,2011,81,한화,35,45,0.4375,6.0
