,Year,Game_idx,Team1,cum_win,cum_lose,Wpct,rank
0,2009,70,KIA,37,29,0.5606060606060606,3.0
1,2009,70,LG,32,35,0.4776119402985074,5.0
2,2009,70,SK,40,25,0.6153846153846154,1.0
3,2009,70,두산,40,28,0.5882352941176471,2.0
4,2009,70,롯데,32,38,0.4571428571428571,6.5
5,2009,70,삼성,32,38,0.4571428571428571,6.5
6,2009,70,한화,24,43,0.3582089552238806,8.0
7,2009,70,히어로즈,34,35,0.4927536231884058,4.0
