,Year,Game_idx,Team1,cum_win,cum_lose,Wpct,rank
0,2007,68,KIA,26,41,0.3880597014925373,8.0
1,2007,68,LG,33,32,0.5076923076923077,4.0
2,2007,68,SK,38,25,0.6031746031746031,1.0
3,2007,68,두산,36,31,0.5373134328358209,3.0
4,2007,68,롯데,30,36,0.4545454545454545,7.0
5,2007,68,삼성,32,33,0.4923076923076923,5.0
6,2007,68,한화,36,30,0.5454545454545454,2.0
7,2007,68,현대,32,36,0.4705882352941176,6.0
