,Year,Game_idx,Team1,cum_win,cum_lose,Wpct,rank
0,2012,122,KIA,54,62,0.4655172413793103,6.0
1,2012,122,LG,52,66,0.4406779661016949,7.0
2,2012,122,SK,65,54,0.5462184873949579,2.0
3,2012,122,넥센,57,63,0.475,5.0
4,2012,122,두산,62,57,0.5210084033613446,4.0
5,2012,122,롯데,62,54,0.5344827586206896,3.0
6,2012,122,삼성,72,48,0.6,1.0
7,2012,122,한화,50,70,0.4166666666666667,8.0
