,Year,Game_idx,Team1,cum_win,cum_lose,Wpct,rank
0,2010,96,KIA,42,54,0.4375,6.0
1,2010,96,LG,42,53,0.4421052631578947,5.0
2,2010,96,SK,63,33,0.65625,1.0
3,2010,96,넥센,37,56,0.3978494623655914,7.0
4,2010,96,두산,55,39,0.5851063829787234,3.0
5,2010,96,롯데,46,47,0.4946236559139785,4.0
6,2010,96,삼성,58,37,0.6105263157894737,2.0
7,2010,96,한화,38,58,0.3958333333333333,8.0
