,Year,Game_idx,Team1,cum_win,cum_lose,Wpct,rank
0,2000,70,LG,37,31,0.5441176470588235,3.0
1,2000,70,SK,20,49,0.2898550724637681,8.0
2,2000,70,두산,44,26,0.6285714285714286,2.0
3,2000,70,롯데,36,33,0.5217391304347826,5.0
4,2000,70,삼성,36,32,0.5294117647058824,4.0
5,2000,70,한화,27,40,0.4029850746268657,7.0
6,2000,70,해태,30,38,0.4411764705882353,6.0
7,2000,70,현대,47,23,0.6714285714285714,1.0
