,Year,Game_idx,Team1,cum_win,cum_lose,Wpct,rank
0,2004,80,KIA,38,38,0.5,4.0
1,2004,80,LG,36,42,0.4615384615384616,6.0
2,2004,80,SK,36,37,0.4931506849315068,5.0
3,2004,80,두산,43,36,0.5443037974683544,3.0
4,2004,80,롯데,28,42,0.4,8.0
5,2004,80,삼성,41,33,0.5540540540540541,2.0
6,2004,80,한화,34,41,0.4533333333333333,7.0
7,2004,80,현대,43,32,0.5733333333333334,1.0
