,Year,Game_idx,Team1,cum_win,cum_lose,Wpct,rank
0,2015,104,KIA,52,52,0.5,6.0
1,2015,104,LG,45,58,0.4368932038834951,9.0
2,2015,104,NC,59,43,0.5784313725490197,2.0
3,2015,104,SK,49,53,0.4803921568627451,7.0
4,2015,104,kt,33,71,0.3173076923076923,10.0
5,2015,104,넥센,56,47,0.5436893203883495,4.0
6,2015,104,두산,59,45,0.5673076923076923,3.0
7,2015,104,롯데,47,57,0.4519230769230769,8.0
8,2015,104,삼성,64,40,0.6153846153846154,1.0
9,2015,104,한화,53,51,0.5096153846153846,5.0
