,Year,Game_idx,Team1,cum_win,cum_lose,Wpct,rank
0,2001,96,KIA,41,50,0.4505494505494506,5.0
1,2001,96,LG,38,51,0.42696629213483145,7.0
2,2001,96,SK,41,53,0.4361702127659575,6.0
3,2001,96,두산,47,44,0.5164835164835165,3.0
4,2001,96,롯데,38,54,0.4130434782608696,8.0
5,2001,96,삼성,62,34,0.6458333333333334,1.0
6,2001,96,한화,42,50,0.4565217391304348,4.0
7,2001,96,현대,57,36,0.6129032258064516,2.0
