,Year,Game_idx,Team1,cum_win,cum_lose,Wpct,rank
0,2002,14,KIA,10,3,0.7692307692307693,1.0
1,2002,14,LG,5,9,0.35714285714285715,5.5
2,2002,14,SK,4,9,0.3076923076923077,7.5
3,2002,14,두산,5,9,0.35714285714285715,5.5
4,2002,14,롯데,4,9,0.3076923076923077,7.5
5,2002,14,삼성,8,6,0.5714285714285714,4.0
6,2002,14,한화,8,4,0.6666666666666666,3.0
7,2002,14,현대,8,3,0.7272727272727273,2.0
