,Year,Game_idx,Team1,cum_win,cum_lose,Wpct,rank
0,2013,49,KIA,24,24,0.5,6.0
1,2013,49,LG,25,24,0.5102040816326531,5.0
2,2013,49,NC,18,29,0.3829787234042553,8.0
3,2013,49,SK,22,26,0.4583333333333333,7.0
4,2013,49,넥센,32,16,0.6666666666666666,1.0
5,2013,49,두산,25,23,0.5208333333333334,4.0
6,2013,49,롯데,25,22,0.5319148936170213,3.0
7,2013,49,삼성,30,18,0.625,2.0
8,2013,49,한화,15,33,0.3125,9.0
