,Year,Game_idx,Team1,cum_win,cum_lose,Wpct,rank
0,2015,111,KIA,56,55,0.5045045045045045,5.0
1,2015,111,LG,48,62,0.4363636363636363,9.0
2,2015,111,NC,65,44,0.5963302752293578,2.0
3,2015,111,SK,51,58,0.4678899082568808,8.0
4,2015,111,kt,38,73,0.34234234234234234,10.0
5,2015,111,넥센,59,51,0.5363636363636364,4.0
6,2015,111,두산,62,49,0.5585585585585585,3.0
7,2015,111,롯데,52,59,0.4684684684684685,7.0
8,2015,111,삼성,69,42,0.6216216216216216,1.0
9,2015,111,한화,54,57,0.4864864864864865,6.0
