,Year,Game_idx,Team1,cum_win,cum_lose,Wpct,rank
0,2014,32,KIA,15,17,0.46875,6.5
1,2014,32,LG,9,22,0.2903225806451613,9.0
2,2014,32,NC,19,13,0.59375,2.5
3,2014,32,SK,15,17,0.46875,6.5
4,2014,32,넥센,20,12,0.625,1.0
5,2014,32,두산,16,16,0.5,5.0
6,2014,32,롯데,17,14,0.5483870967741935,4.0
7,2014,32,삼성,19,13,0.59375,2.5
8,2014,32,한화,11,20,0.3548387096774194,8.0
