,Year,Game_idx,Team1,cum_win,cum_lose,Wpct,rank
0,1989,19,MBC,6,12,0.3333333333333333,6.0
1,1989,19,OB,6,13,0.3157894736842105,7.0
2,1989,19,롯데,9,9,0.5,4.0
3,1989,19,빙그레,11,6,0.6470588235294118,2.0
4,1989,19,삼성,12,6,0.6666666666666666,1.0
5,1989,19,태평양,8,10,0.4444444444444444,5.0
6,1989,19,해태,12,7,0.631578947368421,3.0
