,Year,Game_idx,Team1,cum_win,cum_lose,Wpct,rank
0,2001,9,KIA,4,5,0.4444444444444444,5.5
1,2001,9,LG,1,8,0.1111111111111111,8.0
2,2001,9,SK,5,4,0.5555555555555556,4.0
3,2001,9,두산,6,3,0.6666666666666666,3.0
4,2001,9,롯데,4,5,0.4444444444444444,5.5
5,2001,9,삼성,7,2,0.7777777777777778,1.5
6,2001,9,한화,7,2,0.7777777777777778,1.5
7,2001,9,현대,2,7,0.2222222222222222,7.0
