,Year,Game_idx,Team1,cum_win,cum_lose,Wpct,rank
0,1997,13,LG,10,3,0.7692307692307693,1.0
1,1997,13,OB,6,6,0.5,4.0
2,1997,13,롯데,4,9,0.3076923076923077,7.5
3,1997,13,삼성,4,8,0.3333333333333333,6.0
4,1997,13,쌍방울,8,5,0.6153846153846154,3.0
5,1997,13,한화,6,7,0.4615384615384616,5.0
6,1997,13,해태,9,4,0.6923076923076923,2.0
7,1997,13,현대,4,9,0.3076923076923077,7.5
