,Year,Game_idx,Team1,cum_win,cum_lose,Wpct,rank
0,2013,77,KIA,38,37,0.5066666666666667,6.0
1,2013,77,LG,46,31,0.5974025974025974,2.0
2,2013,77,NC,28,46,0.3783783783783784,8.0
3,2013,77,SK,36,40,0.4736842105263158,7.0
4,2013,77,넥센,43,33,0.5657894736842105,3.0
5,2013,77,두산,40,35,0.5333333333333333,4.5
6,2013,77,롯데,40,35,0.5333333333333333,4.5
7,2013,77,삼성,47,28,0.6266666666666667,1.0
8,2013,77,한화,22,54,0.2894736842105263,9.0
