,Year,Game_idx,Team1,cum_win,cum_lose,Wpct,rank
0,2010,62,KIA,31,31,0.5,4.5
1,2010,62,LG,28,33,0.459016393442623,6.0
2,2010,62,SK,42,20,0.6774193548387096,1.0
3,2010,62,넥센,24,37,0.3934426229508197,8.0
4,2010,62,두산,35,26,0.5737704918032787,2.0
5,2010,62,롯데,31,30,0.5081967213114754,3.0
6,2010,62,삼성,31,31,0.5,4.5
7,2010,62,한화,25,37,0.4032258064516129,7.0
