,Year,Game_idx,Team1,cum_win,cum_lose,Wpct,rank
0,2005,64,KIA,26,37,0.4126984126984127,8.0
1,2005,64,LG,27,37,0.421875,7.0
2,2005,64,SK,28,33,0.459016393442623,6.0
3,2005,64,두산,40,23,0.6349206349206349,2.0
4,2005,64,롯데,30,34,0.46875,5.0
5,2005,64,삼성,41,22,0.6507936507936508,1.0
6,2005,64,한화,32,31,0.5079365079365079,3.0
7,2005,64,현대,30,33,0.4761904761904762,4.0
