,Year,Game_idx,Team1,cum_win,cum_lose,Wpct,rank
0,2000,75,LG,39,34,0.5342465753424658,4.0
1,2000,75,SK,20,53,0.273972602739726,8.0
2,2000,75,두산,47,28,0.6266666666666667,2.0
3,2000,75,롯데,38,36,0.5135135135135135,5.0
4,2000,75,삼성,40,32,0.5555555555555556,3.0
5,2000,75,한화,30,42,0.4166666666666667,7.0
6,2000,75,해태,32,41,0.4383561643835616,6.0
7,2000,75,현대,47,27,0.6351351351351351,1.0
