,Year,Game_idx,Team1,cum_win,cum_lose,Wpct,rank
0,2006,38,KIA,19,18,0.5135135135135135,5.0
1,2006,38,LG,14,23,0.3783783783783784,7.0
2,2006,38,SK,20,18,0.5263157894736842,4.0
3,2006,38,두산,15,21,0.4166666666666667,6.0
4,2006,38,롯데,12,26,0.3157894736842105,8.0
5,2006,38,삼성,22,15,0.5945945945945946,3.0
6,2006,38,한화,24,13,0.6486486486486487,1.0
7,2006,38,현대,24,14,0.631578947368421,2.0
