,Year,Game_idx,Team1,cum_win,cum_lose,Wpct,rank
0,1998,119,LG,58,60,0.4915254237288136,3.0
1,1998,119,OB,54,62,0.4655172413793103,6.0
2,1998,119,롯데,49,66,0.4260869565217391,8.0
3,1998,119,삼성,63,54,0.5384615384615384,2.0
4,1998,119,쌍방울,53,64,0.45299145299145294,7.0
5,1998,119,한화,55,60,0.4782608695652174,5.0
6,1998,119,해태,57,61,0.4830508474576271,4.0
7,1998,119,현대,79,40,0.6638655462184874,1.0
