,Year,Game_idx,Team1,cum_win,cum_lose,Wpct,rank
0,2015,97,KIA,47,50,0.4845360824742268,7.0
1,2015,97,LG,42,54,0.4375,9.0
2,2015,97,NC,54,41,0.5684210526315789,2.0
3,2015,97,SK,48,47,0.5052631578947369,5.0
4,2015,97,kt,31,66,0.31958762886597936,10.0
5,2015,97,넥센,54,42,0.5625,4.0
6,2015,97,두산,55,42,0.5670103092783505,3.0
7,2015,97,롯데,45,52,0.4639175257731959,8.0
8,2015,97,삼성,59,38,0.6082474226804123,1.0
9,2015,97,한화,48,49,0.4948453608247423,6.0
