,Year,Game_idx,Team1,cum_win,cum_lose,Wpct,rank
0,2002,33,KIA,19,12,0.6129032258064516,1.0
1,2002,33,LG,15,18,0.4545454545454545,5.0
2,2002,33,SK,14,18,0.4375,6.5
3,2002,33,두산,14,18,0.4375,6.5
4,2002,33,롯데,13,19,0.40625,8.0
5,2002,33,삼성,20,13,0.6060606060606061,2.0
6,2002,33,한화,17,14,0.5483870967741935,3.0
7,2002,33,현대,16,14,0.5333333333333333,4.0
