,Year,Game_idx,Team1,cum_win,cum_lose,Wpct,rank
0,1996,71,LG,32,36,0.4705882352941176,5.5
1,1996,71,OB,32,37,0.463768115942029,7.0
2,1996,71,롯데,31,37,0.4558823529411765,8.0
3,1996,71,삼성,32,36,0.4705882352941176,5.5
4,1996,71,쌍방울,36,34,0.5142857142857142,4.0
5,1996,71,한화,38,33,0.5352112676056338,2.5
6,1996,71,해태,38,33,0.5352112676056338,2.5
7,1996,71,현대,38,30,0.5588235294117647,1.0
