,Year,Game_idx,Team1,cum_win,cum_lose,Wpct,rank
0,1994,44,LG,29,15,0.6590909090909091,1.0
1,1994,44,OB,19,25,0.4318181818181818,7.0
2,1994,44,롯데,19,22,0.4634146341463415,5.0
3,1994,44,삼성,22,21,0.5116279069767442,4.0
4,1994,44,쌍방울,15,27,0.35714285714285715,8.0
5,1994,44,태평양,22,20,0.5238095238095238,3.0
6,1994,44,한화,20,24,0.4545454545454545,6.0
7,1994,44,해태,25,17,0.5952380952380952,2.0
