,Year,Game_idx,Team1,cum_win,cum_lose,Wpct,rank
0,2012,39,KIA,18,19,0.4864864864864865,6.0
1,2012,39,LG,20,19,0.5128205128205128,4.0
2,2012,39,SK,21,17,0.5526315789473685,1.5
3,2012,39,넥센,21,17,0.5526315789473685,1.5
4,2012,39,두산,19,19,0.5,5.0
5,2012,39,롯데,20,17,0.5405405405405406,3.0
6,2012,39,삼성,18,20,0.4736842105263158,7.0
7,2012,39,한화,14,25,0.35897435897435903,8.0
