,Year,Game_idx,Team1,cum_win,cum_lose,Wpct,rank
0,2003,57,KIA,30,26,0.5357142857142857,4.0
1,2003,57,LG,26,29,0.4727272727272727,6.0
2,2003,57,SK,36,20,0.6428571428571429,1.0
3,2003,57,두산,16,41,0.2807017543859649,8.0
4,2003,57,롯데,19,36,0.34545454545454546,7.0
5,2003,57,삼성,35,20,0.6363636363636364,2.0
6,2003,57,한화,27,27,0.5,5.0
7,2003,57,현대,32,24,0.5714285714285714,3.0
