,Year,Game_idx,Team1,cum_win,cum_lose,Wpct,rank
0,2006,20,KIA,10,9,0.5263157894736842,5.0
1,2006,20,LG,7,13,0.35,7.5
2,2006,20,SK,12,8,0.6,2.0
3,2006,20,두산,8,10,0.4444444444444444,6.0
4,2006,20,롯데,7,13,0.35,7.5
5,2006,20,삼성,12,7,0.631578947368421,1.0
6,2006,20,한화,11,9,0.55,3.5
7,2006,20,현대,11,9,0.55,3.5
