,Year,Game_idx,Team1,cum_win,cum_lose,Wpct,rank
0,2006,125,KIA,63,59,0.5163934426229508,4.0
1,2006,125,LG,47,74,0.3884297520661157,8.0
2,2006,125,SK,59,65,0.4758064516129033,6.0
3,2006,125,두산,62,60,0.5081967213114754,5.0
4,2006,125,롯데,50,72,0.4098360655737705,7.0
5,2006,125,삼성,72,50,0.5901639344262295,1.0
6,2006,125,한화,66,57,0.5365853658536586,3.0
7,2006,125,현대,70,54,0.5645161290322581,2.0
