,Year,Game_idx,Team1,cum_win,cum_lose,Wpct,rank
0,1994,87,LG,56,31,0.6436781609195402,1.0
1,1994,87,OB,38,48,0.4418604651162791,6.0
2,1994,87,롯데,37,47,0.4404761904761905,7.0
3,1994,87,삼성,44,42,0.5116279069767442,5.0
4,1994,87,쌍방울,29,56,0.3411764705882353,8.0
5,1994,87,태평양,46,39,0.5411764705882353,3.0
6,1994,87,한화,47,39,0.5465116279069767,2.0
7,1994,87,해태,45,40,0.5294117647058824,4.0
