,Year,Game_idx,Team1,cum_win,cum_lose,Wpct,rank
0,1993,102,LG,59,41,0.59,2.0
1,1993,102,OB,53,44,0.5463917525773195,4.0
2,1993,102,롯데,49,53,0.4803921568627451,5.0
3,1993,102,빙그레,44,55,0.4444444444444444,6.0
4,1993,102,삼성,56,41,0.5773195876288659,3.0
5,1993,102,쌍방울,37,60,0.38144329896907214,7.0
6,1993,102,태평양,28,65,0.3010752688172043,8.0
7,1993,102,해태,67,34,0.6633663366336634,1.0
