,Year,Game_idx,Team1,cum_win,cum_lose,Wpct,rank
0,1992,41,LG,14,25,0.35897435897435903,7.0
1,1992,41,OB,18,21,0.4615384615384616,5.0
2,1992,41,롯데,20,21,0.4878048780487805,4.0
3,1992,41,빙그레,32,8,0.8,1.0
4,1992,41,삼성,20,20,0.5,3.0
5,1992,41,쌍방울,13,27,0.325,8.0
6,1992,41,태평양,15,23,0.3947368421052632,6.0
7,1992,41,해태,27,14,0.6585365853658537,2.0
