,Year,Game_idx,Team1,cum_win,cum_lose,Wpct,rank
0,2004,22,KIA,10,12,0.4545454545454545,6.5
1,2004,22,LG,12,9,0.5714285714285714,2.0
2,2004,22,SK,10,12,0.4545454545454545,6.5
3,2004,22,두산,11,10,0.5238095238095238,3.0
4,2004,22,롯데,7,14,0.3333333333333333,8.0
5,2004,22,삼성,10,10,0.5,4.0
6,2004,22,한화,10,11,0.4761904761904762,5.0
7,2004,22,현대,15,7,0.6818181818181818,1.0
