,Year,Game_idx,Team1,cum_win,cum_lose,Wpct,rank
0,1994,3,LG,2,1,0.6666666666666666,2.5
1,1994,3,OB,1,2,0.3333333333333333,6.5
2,1994,3,롯데,1,2,0.3333333333333333,6.5
3,1994,3,삼성,2,1,0.6666666666666666,2.5
4,1994,3,쌍방울,1,2,0.3333333333333333,6.5
5,1994,3,태평양,1,2,0.3333333333333333,6.5
6,1994,3,한화,2,1,0.6666666666666666,2.5
7,1994,3,해태,2,1,0.6666666666666666,2.5
