,Year,Game_idx,Team1,cum_win,cum_lose,Wpct,rank
0,2009,57,KIA,30,24,0.5555555555555556,3.0
1,2009,57,LG,23,31,0.4259259259259259,6.0
2,2009,57,SK,34,19,0.6415094339622641,1.0
3,2009,57,두산,35,20,0.6363636363636364,2.0
4,2009,57,롯데,24,33,0.42105263157894735,7.0
5,2009,57,삼성,27,30,0.4736842105263158,4.0
6,2009,57,한화,22,32,0.4074074074074074,8.0
7,2009,57,히어로즈,24,32,0.42857142857142855,5.0
