,Year,Game_idx,Team1,cum_win,cum_lose,Wpct,rank
0,2000,116,LG,57,56,0.5044247787610621,5.0
1,2000,116,SK,35,78,0.3097345132743363,8.0
2,2000,116,두산,67,49,0.5775862068965517,2.0
3,2000,116,롯데,57,55,0.5089285714285714,4.0
4,2000,116,삼성,63,48,0.5675675675675675,3.0
5,2000,116,한화,44,67,0.3963963963963964,7.0
6,2000,116,해태,49,63,0.4375,6.0
7,2000,116,현대,80,34,0.7017543859649122,1.0
