,Year,Game_idx,Team1,cum_win,cum_lose,Wpct,rank
0,2014,28,KIA,12,16,0.42857142857142855,7.0
1,2014,28,LG,8,19,0.2962962962962963,9.0
2,2014,28,NC,17,11,0.6071428571428571,2.5
3,2014,28,SK,14,14,0.5,6.0
4,2014,28,넥센,18,10,0.6428571428571429,1.0
5,2014,28,두산,15,13,0.5357142857142857,5.0
6,2014,28,롯데,15,12,0.5555555555555556,4.0
7,2014,28,삼성,17,11,0.6071428571428571,2.5
8,2014,28,한화,11,17,0.3928571428571429,8.0
