,Year,Game_idx,Team1,cum_win,cum_lose,Wpct,rank
0,1994,74,LG,46,28,0.6216216216216216,1.0
1,1994,74,OB,32,41,0.4383561643835616,7.0
2,1994,74,롯데,33,38,0.4647887323943662,6.0
3,1994,74,삼성,35,38,0.4794520547945205,5.0
4,1994,74,쌍방울,23,49,0.3194444444444444,8.0
5,1994,74,태평양,40,32,0.5555555555555556,2.0
6,1994,74,한화,40,33,0.547945205479452,3.0
7,1994,74,해태,39,33,0.5416666666666666,4.0
