,Year,Game_idx,Team1,cum_win,cum_lose,Wpct,rank
0,2012,55,KIA,24,28,0.4615384615384616,7.0
1,2012,55,LG,28,25,0.5283018867924528,2.5
2,2012,55,SK,32,22,0.5925925925925926,1.0
3,2012,55,넥센,28,25,0.5283018867924528,2.5
4,2012,55,두산,27,27,0.5,6.0
5,2012,55,롯데,27,25,0.5192307692307693,4.0
6,2012,55,삼성,28,26,0.5185185185185185,5.0
7,2012,55,한화,20,34,0.3703703703703704,8.0
