,Year,Game_idx,Team1,cum_win,cum_lose,Wpct,rank
0,1997,123,LG,71,50,0.5867768595041323,2.0
1,1997,123,OB,56,62,0.4745762711864407,5.0
2,1997,123,롯데,47,75,0.38524590163934425,8.0
3,1997,123,삼성,65,51,0.5603448275862069,4.0
4,1997,123,쌍방울,68,53,0.5619834710743802,3.0
5,1997,123,한화,51,70,0.4214876033057851,6.0
6,1997,123,해태,73,49,0.5983606557377049,1.0
7,1997,123,현대,50,69,0.4201680672268908,7.0
