,Year,Game_idx,Team1,cum_win,cum_lose,Wpct,rank
0,1990,55,LG,29,26,0.5272727272727272,3.0
1,1990,55,OB,20,34,0.3703703703703704,7.0
2,1990,55,롯데,26,28,0.4814814814814815,6.0
3,1990,55,빙그레,31,24,0.5636363636363636,1.0
4,1990,55,삼성,29,25,0.5370370370370371,2.0
5,1990,55,태평양,28,26,0.5185185185185185,4.5
6,1990,55,해태,28,26,0.5185185185185185,4.5
