,Year,Game_idx,Team1,cum_win,cum_lose,Wpct,rank
0,2015,31,KIA,14,17,0.4516129032258064,8.0
1,2015,31,LG,13,18,0.41935483870967744,9.0
2,2015,31,NC,16,15,0.5161290322580645,6.0
3,2015,31,SK,18,13,0.5806451612903226,3.0
4,2015,31,kt,5,26,0.16129032258064516,10.0
5,2015,31,넥센,17,14,0.5483870967741935,4.5
6,2015,31,두산,19,12,0.6129032258064516,2.0
7,2015,31,롯데,15,16,0.4838709677419355,7.0
8,2015,31,삼성,21,10,0.6774193548387096,1.0
9,2015,31,한화,17,14,0.5483870967741935,4.5
