,Year,Game_idx,Team1,cum_win,cum_lose,Wpct,rank
0,2005,50,KIA,19,30,0.3877551020408163,8.0
1,2005,50,LG,21,29,0.42,6.0
2,2005,50,SK,19,29,0.3958333333333333,7.0
3,2005,50,두산,31,18,0.6326530612244898,2.0
4,2005,50,롯데,27,23,0.54,3.0
5,2005,50,삼성,35,15,0.7,1.0
6,2005,50,한화,23,26,0.4693877551020408,4.0
7,2005,50,현대,22,27,0.4489795918367347,5.0
