,Year,Game_idx,Team1,cum_win,cum_lose,Wpct,rank
0,1991,76,LG,40,35,0.5333333333333333,4.0
1,1991,76,OB,25,50,0.3333333333333333,8.0
2,1991,76,롯데,38,37,0.5066666666666667,5.0
3,1991,76,빙그레,40,33,0.547945205479452,3.0
4,1991,76,삼성,42,34,0.5526315789473685,2.0
5,1991,76,쌍방울,29,45,0.3918918918918919,7.0
6,1991,76,태평양,36,39,0.48,6.0
7,1991,76,해태,48,26,0.6486486486486487,1.0
