,Year,Game_idx,Team1,cum_win,cum_lose,Wpct,rank
0,1998,69,LG,34,34,0.5,3.0
1,1998,69,OB,31,37,0.4558823529411765,6.0
2,1998,69,롯데,26,40,0.3939393939393939,8.0
3,1998,69,삼성,37,31,0.5441176470588235,2.0
4,1998,69,쌍방울,33,36,0.4782608695652174,4.0
5,1998,69,한화,32,35,0.4776119402985074,5.0
6,1998,69,해태,30,39,0.43478260869565216,7.0
7,1998,69,현대,47,22,0.6811594202898551,1.0
