,Year,Game_idx,Team1,cum_win,cum_lose,Wpct,rank
0,2010,86,KIA,36,50,0.4186046511627907,6.0
1,2010,86,LG,40,45,0.4705882352941176,5.0
2,2010,86,SK,60,26,0.6976744186046512,1.0
3,2010,86,넥센,33,52,0.3882352941176471,7.0
4,2010,86,두산,49,36,0.5764705882352941,3.0
5,2010,86,롯데,41,42,0.4939759036144578,4.0
6,2010,86,삼성,50,35,0.5882352941176471,2.0
7,2010,86,한화,33,53,0.38372093023255816,8.0
