,Year,Game_idx,Team1,cum_win,cum_lose,Wpct,rank
0,2005,38,KIA,13,24,0.35135135135135137,8.0
1,2005,38,LG,17,21,0.4473684210526316,4.0
2,2005,38,SK,15,21,0.4166666666666667,6.0
3,2005,38,두산,25,12,0.6756756756756757,2.0
4,2005,38,롯데,22,16,0.5789473684210527,3.0
5,2005,38,삼성,26,12,0.6842105263157895,1.0
6,2005,38,한화,16,21,0.4324324324324325,5.0
7,2005,38,현대,15,22,0.40540540540540543,7.0
