,Year,Game_idx,Team1,cum_win,cum_lose,Wpct,rank
0,1991,122,LG,52,69,0.4297520661157025,7.0
1,1991,122,OB,48,72,0.4,8.0
2,1991,122,롯데,59,60,0.4957983193277311,4.0
3,1991,122,빙그레,70,47,0.5982905982905983,2.0
4,1991,122,삼성,67,54,0.5537190082644629,3.0
5,1991,122,쌍방울,52,67,0.4369747899159664,5.0
6,1991,122,태평양,52,68,0.43333333333333335,6.0
7,1991,122,해태,77,40,0.6581196581196581,1.0
