,Year,Game_idx,Team1,cum_win,cum_lose,Wpct,rank
0,2010,90,KIA,37,53,0.4111111111111111,6.0
1,2010,90,LG,40,49,0.44943820224719105,5.0
2,2010,90,SK,60,30,0.6666666666666666,1.0
3,2010,90,넥센,35,53,0.3977272727272727,7.0
4,2010,90,두산,53,36,0.5955056179775281,2.5
5,2010,90,롯데,42,45,0.4827586206896552,4.0
6,2010,90,삼성,53,36,0.5955056179775281,2.5
7,2010,90,한화,35,55,0.3888888888888889,8.0
