,Year,Game_idx,Team1,cum_win,cum_lose,Wpct,rank
0,1998,17,LG,9,8,0.5294117647058824,4.0
1,1998,17,OB,8,9,0.4705882352941176,5.0
2,1998,17,롯데,7,9,0.4375,6.0
3,1998,17,삼성,11,6,0.6470588235294118,1.5
4,1998,17,쌍방울,6,11,0.35294117647058826,7.5
5,1998,17,한화,9,7,0.5625,3.0
6,1998,17,해태,6,11,0.35294117647058826,7.5
7,1998,17,현대,11,6,0.6470588235294118,1.5
