,Year,Game_idx,Team1,cum_win,cum_lose,Wpct,rank
0,2012,56,KIA,24,29,0.4528301886792453,7.0
1,2012,56,LG,29,25,0.5370370370370371,2.0
2,2012,56,SK,32,23,0.5818181818181818,1.0
3,2012,56,넥센,28,26,0.5185185185185185,4.0
4,2012,56,두산,28,27,0.509090909090909,5.5
5,2012,56,롯데,28,25,0.5283018867924528,3.0
6,2012,56,삼성,28,27,0.509090909090909,5.5
7,2012,56,한화,20,35,0.3636363636363637,8.0
