,Year,Game_idx,Team1,cum_win,cum_lose,Wpct,rank
0,1993,89,LG,54,33,0.6206896551724138,2.0
1,1993,89,OB,45,39,0.5357142857142857,4.0
2,1993,89,롯데,42,47,0.4719101123595506,5.0
3,1993,89,빙그레,36,51,0.4137931034482759,6.0
4,1993,89,삼성,47,38,0.5529411764705883,3.0
5,1993,89,쌍방울,34,51,0.4,7.0
6,1993,89,태평양,28,53,0.34567901234567894,8.0
7,1993,89,해태,56,32,0.6363636363636364,1.0
