,Year,Game_idx,Team1,cum_win,cum_lose,Wpct,rank
0,1990,94,LG,52,42,0.5531914893617021,3.0
1,1990,94,OB,28,62,0.3111111111111111,7.0
2,1990,94,롯데,36,55,0.3956043956043956,6.0
3,1990,94,빙그레,57,35,0.6195652173913043,1.0
4,1990,94,삼성,53,39,0.5760869565217391,2.0
5,1990,94,태평양,45,46,0.4945054945054945,5.0
6,1990,94,해태,49,42,0.5384615384615384,4.0
