,Year,Game_idx,Team1,cum_win,cum_lose,Wpct,rank
0,2012,28,KIA,12,14,0.4615384615384616,7.0
1,2012,28,LG,14,14,0.5,4.0
2,2012,28,SK,16,11,0.5925925925925926,1.5
3,2012,28,넥센,13,14,0.4814814814814815,5.5
4,2012,28,두산,16,11,0.5925925925925926,1.5
5,2012,28,롯데,14,12,0.5384615384615384,3.0
6,2012,28,삼성,13,14,0.4814814814814815,5.5
7,2012,28,한화,10,18,0.35714285714285715,8.0
