,Year,Game_idx,Team1,cum_win,cum_lose,Wpct,rank
0,2014,24,KIA,10,14,0.4166666666666667,7.0
1,2014,24,LG,7,16,0.3043478260869565,9.0
2,2014,24,NC,15,9,0.625,1.5
3,2014,24,SK,14,10,0.5833333333333334,3.0
4,2014,24,넥센,15,9,0.625,1.5
5,2014,24,두산,13,11,0.5416666666666666,4.5
6,2014,24,롯데,12,11,0.5217391304347826,6.0
7,2014,24,삼성,13,11,0.5416666666666666,4.5
8,2014,24,한화,9,15,0.375,8.0
