,Year,Game_idx,Team1,cum_win,cum_lose,Wpct,rank
0,2016,19,KIA,8,11,0.42105263157894735,9.0
1,2016,19,LG,10,9,0.5263157894736842,5.0
2,2016,19,NC,9,10,0.4736842105263158,7.5
3,2016,19,SK,12,7,0.631578947368421,2.0
4,2016,19,kt,10,9,0.5263157894736842,5.0
5,2016,19,넥센,10,8,0.5555555555555556,3.0
6,2016,19,두산,14,4,0.7777777777777778,1.0
7,2016,19,롯데,10,9,0.5263157894736842,5.0
8,2016,19,삼성,9,10,0.4736842105263158,7.5
9,2016,19,한화,3,16,0.15789473684210525,10.0
