,Year,Game_idx,Team1,cum_win,cum_lose,Wpct,rank
0,1995,15,LG,10,5,0.6666666666666666,2.0
1,1995,15,OB,11,4,0.7333333333333333,1.0
2,1995,15,롯데,7,8,0.4666666666666667,5.0
3,1995,15,삼성,4,11,0.26666666666666666,8.0
4,1995,15,쌍방울,9,6,0.6,3.0
5,1995,15,태평양,7,8,0.4666666666666667,5.0
6,1995,15,한화,7,8,0.4666666666666667,5.0
7,1995,15,해태,6,9,0.4,7.0
