,Year,Game_idx,Team1,cum_win,cum_lose,Wpct,rank
0,2005,44,KIA,16,27,0.372093023255814,8.0
1,2005,44,LG,20,24,0.4545454545454545,4.0
2,2005,44,SK,16,26,0.3809523809523809,7.0
3,2005,44,두산,28,15,0.6511627906976745,2.0
4,2005,44,롯데,24,20,0.5454545454545454,3.0
5,2005,44,삼성,31,13,0.7045454545454546,1.0
6,2005,44,한화,19,24,0.4418604651162791,5.5
7,2005,44,현대,19,24,0.4418604651162791,5.5
