,Year,Game_idx,Team1,cum_win,cum_lose,Wpct,rank
0,2000,73,LG,38,33,0.5352112676056338,4.0
1,2000,73,SK,20,51,0.28169014084507044,8.0
2,2000,73,두산,47,26,0.6438356164383562,2.0
3,2000,73,롯데,37,35,0.5138888888888888,5.0
4,2000,73,삼성,38,32,0.5428571428571428,3.0
5,2000,73,한화,29,41,0.4142857142857143,7.0
6,2000,73,해태,32,39,0.4507042253521127,6.0
7,2000,73,현대,47,25,0.6527777777777778,1.0
