,Year,Game_idx,Team1,cum_win,cum_lose,Wpct,rank
0,2010,74,KIA,34,40,0.4594594594594595,6.0
1,2010,74,LG,35,38,0.4794520547945205,5.0
2,2010,74,SK,52,22,0.7027027027027027,1.0
3,2010,74,넥센,30,43,0.410958904109589,7.0
4,2010,74,두산,43,30,0.589041095890411,2.0
5,2010,74,롯데,35,37,0.4861111111111111,4.0
6,2010,74,삼성,39,34,0.5342465753424658,3.0
7,2010,74,한화,28,46,0.3783783783783784,8.0
