,Year,Game_idx,Team1,cum_win,cum_lose,Wpct,rank
0,1998,6,LG,2,4,0.3333333333333333,7.0
1,1998,6,OB,2,4,0.3333333333333333,7.0
2,1998,6,롯데,3,3,0.5,4.0
3,1998,6,삼성,3,3,0.5,4.0
4,1998,6,쌍방울,3,3,0.5,4.0
5,1998,6,한화,5,1,0.8333333333333334,1.0
6,1998,6,해태,2,4,0.3333333333333333,7.0
7,1998,6,현대,4,2,0.6666666666666666,2.0
