,Year,Game_idx,Team1,cum_win,cum_lose,Wpct,rank
0,2009,33,KIA,15,16,0.4838709677419355,5.0
1,2009,33,LG,18,14,0.5625,3.0
2,2009,33,SK,21,8,0.7241379310344828,1.0
3,2009,33,두산,20,11,0.6451612903225806,2.0
4,2009,33,롯데,12,21,0.3636363636363637,7.0
5,2009,33,삼성,16,17,0.4848484848484849,4.0
6,2009,33,한화,12,19,0.3870967741935484,6.0
7,2009,33,히어로즈,11,21,0.34375,8.0
