,Year,Game_idx,Team1,cum_win,cum_lose,Wpct,rank
0,1997,30,LG,19,11,0.6333333333333333,1.5
1,1997,30,OB,13,15,0.4642857142857143,5.0
2,1997,30,롯데,13,17,0.43333333333333335,6.0
3,1997,30,삼성,14,14,0.5,4.0
4,1997,30,쌍방울,17,13,0.5666666666666667,3.0
5,1997,30,한화,9,19,0.32142857142857145,8.0
6,1997,30,해태,19,11,0.6333333333333333,1.5
7,1997,30,현대,12,16,0.42857142857142855,7.0
