,Year,Game_idx,Team1,cum_win,cum_lose,Wpct,rank
0,2004,100,KIA,47,49,0.4895833333333333,5.0
1,2004,100,LG,46,50,0.4791666666666667,6.0
2,2004,100,SK,46,47,0.4946236559139785,4.0
3,2004,100,두산,52,47,0.5252525252525253,3.0
4,2004,100,롯데,35,55,0.3888888888888889,8.0
5,2004,100,삼성,55,39,0.5851063829787234,1.0
6,2004,100,한화,45,49,0.4787234042553192,7.0
7,2004,100,현대,55,40,0.5789473684210527,2.0
