,Year,Game_idx,Team1,cum_win,cum_lose,Wpct,rank
0,2014,26,KIA,11,15,0.4230769230769231,7.5
1,2014,26,LG,7,18,0.28,9.0
2,2014,26,NC,16,10,0.6153846153846154,2.0
3,2014,26,SK,14,12,0.5384615384615384,5.5
4,2014,26,넥센,17,9,0.6538461538461539,1.0
5,2014,26,두산,14,12,0.5384615384615384,5.5
6,2014,26,롯데,14,11,0.56,4.0
7,2014,26,삼성,15,11,0.5769230769230769,3.0
8,2014,26,한화,11,15,0.4230769230769231,7.5
