,Year,Game_idx,Team1,cum_win,cum_lose,Wpct,rank
0,2013,62,KIA,33,27,0.55,4.5
1,2013,62,LG,35,27,0.5645161290322581,3.0
2,2013,62,NC,22,37,0.3728813559322034,8.0
3,2013,62,SK,28,33,0.459016393442623,7.0
4,2013,62,넥센,35,26,0.5737704918032787,2.0
5,2013,62,두산,30,30,0.5,6.0
6,2013,62,롯데,33,27,0.55,4.5
7,2013,62,삼성,37,23,0.6166666666666667,1.0
8,2013,62,한화,18,43,0.29508196721311475,9.0
