,Year,Game_idx,Team1,cum_win,cum_lose,Wpct,rank
0,2011,90,KIA,52,38,0.5777777777777777,2.0
1,2011,90,LG,44,46,0.4888888888888889,5.0
2,2011,90,SK,50,40,0.5555555555555556,3.0
3,2011,90,넥센,34,56,0.37777777777777777,8.0
4,2011,90,두산,39,49,0.4431818181818182,6.0
5,2011,90,롯데,44,43,0.5057471264367817,4.0
6,2011,90,삼성,54,34,0.6136363636363636,1.0
7,2011,90,한화,37,52,0.4157303370786517,7.0
