,Year,Game_idx,Team1,cum_win,cum_lose,Wpct,rank
0,2008,69,KIA,31,38,0.4492753623188406,6.0
1,2008,69,LG,24,45,0.3478260869565217,8.0
2,2008,69,SK,49,20,0.7101449275362319,1.0
3,2008,69,두산,41,28,0.5942028985507246,2.0
4,2008,69,롯데,37,32,0.5362318840579711,3.5
5,2008,69,삼성,33,36,0.4782608695652174,5.0
6,2008,69,한화,37,32,0.5362318840579711,3.5
7,2008,69,히어로즈,27,42,0.39130434782608703,7.0
