,Year,Game_idx,Team1,cum_win,cum_lose,Wpct,rank
0,2009,131,KIA,79,48,0.6220472440944882,2.0
1,2009,131,LG,52,75,0.4094488188976378,7.0
2,2009,131,SK,78,47,0.624,1.0
3,2009,131,두산,71,58,0.5503875968992248,3.0
4,2009,131,롯데,66,65,0.5038167938931297,4.0
5,2009,131,삼성,64,67,0.4885496183206106,5.0
6,2009,131,한화,44,84,0.34375,8.0
7,2009,131,히어로즈,60,70,0.4615384615384616,6.0
