,Year,Game_idx,Team1,cum_win,cum_lose,Wpct,rank
0,1993,92,LG,56,34,0.6222222222222222,2.0
1,1993,92,OB,46,41,0.5287356321839081,4.0
2,1993,92,롯데,45,47,0.4891304347826087,5.0
3,1993,92,빙그레,38,52,0.4222222222222222,6.0
4,1993,92,삼성,48,39,0.5517241379310345,3.0
5,1993,92,쌍방울,35,52,0.4022988505747127,7.0
6,1993,92,태평양,28,56,0.3333333333333333,8.0
7,1993,92,해태,59,32,0.6483516483516484,1.0
