,Year,Game_idx,Team1,cum_win,cum_lose,Wpct,rank
0,2010,63,KIA,32,31,0.5079365079365079,3.5
1,2010,63,LG,28,34,0.4516129032258064,6.0
2,2010,63,SK,42,21,0.6666666666666666,1.0
3,2010,63,넥센,25,37,0.4032258064516129,7.0
4,2010,63,두산,36,26,0.5806451612903226,2.0
5,2010,63,롯데,31,31,0.5,5.0
6,2010,63,삼성,32,31,0.5079365079365079,3.5
7,2010,63,한화,25,38,0.3968253968253968,8.0
