,Year,Game_idx,Team1,cum_win,cum_lose,Wpct,rank
0,2003,46,KIA,23,22,0.5111111111111111,5.0
1,2003,46,LG,24,20,0.5454545454545454,4.0
2,2003,46,SK,29,16,0.6444444444444445,1.0
3,2003,46,두산,11,35,0.2391304347826087,8.0
4,2003,46,롯데,15,29,0.3409090909090909,7.0
5,2003,46,삼성,28,16,0.6363636363636364,2.0
6,2003,46,한화,21,22,0.4883720930232558,6.0
7,2003,46,현대,27,18,0.6,3.0
