,Year,Game_idx,Team1,cum_win,cum_lose,Wpct,rank
0,2005,51,KIA,19,31,0.38,8.0
1,2005,51,LG,21,30,0.4117647058823529,6.0
2,2005,51,SK,20,29,0.4081632653061225,7.0
3,2005,51,두산,31,19,0.62,2.0
4,2005,51,롯데,28,23,0.5490196078431373,3.0
5,2005,51,삼성,36,15,0.7058823529411765,1.0
6,2005,51,한화,24,26,0.48,4.0
7,2005,51,현대,22,28,0.44,5.0
