,Year,Game_idx,Team1,cum_win,cum_lose,Wpct,rank
0,1992,3,LG,1,2,0.3333333333333333,6.0
1,1992,3,OB,1,2,0.3333333333333333,6.0
2,1992,3,롯데,1,2,0.3333333333333333,6.0
3,1992,3,빙그레,2,1,0.6666666666666666,2.5
4,1992,3,삼성,2,1,0.6666666666666666,2.5
5,1992,3,쌍방울,1,2,0.3333333333333333,6.0
6,1992,3,태평양,1,2,0.3333333333333333,6.0
7,1992,3,해태,3,0,1.0,1.0
