,Year,Game_idx,Team1,cum_win,cum_lose,Wpct,rank
0,2006,49,KIA,25,22,0.5319148936170213,4.0
1,2006,49,LG,18,30,0.375,7.0
2,2006,49,SK,25,24,0.5102040816326531,6.0
3,2006,49,두산,24,23,0.5106382978723404,5.0
4,2006,49,롯데,17,32,0.3469387755102041,8.0
5,2006,49,삼성,28,19,0.5957446808510638,2.0
6,2006,49,한화,29,19,0.6041666666666666,1.0
7,2006,49,현대,28,21,0.5714285714285714,3.0
