,Year,Game_idx,Team1,cum_win,cum_lose,Wpct,rank
0,2006,93,KIA,46,44,0.5111111111111111,4.0
1,2006,93,LG,36,53,0.4044943820224719,8.0
2,2006,93,SK,44,48,0.4782608695652174,5.0
3,2006,93,두산,43,48,0.4725274725274725,6.0
4,2006,93,롯데,37,54,0.4065934065934066,7.0
5,2006,93,삼성,57,33,0.6333333333333333,1.0
6,2006,93,한화,50,41,0.5494505494505495,2.0
7,2006,93,현대,50,42,0.5434782608695652,3.0
