,Year,Game_idx,Team1,cum_win,cum_lose,Wpct,rank
0,2004,58,KIA,26,29,0.4727272727272727,7.0
1,2004,58,LG,27,29,0.4821428571428572,6.0
2,2004,58,SK,26,27,0.490566037735849,5.0
3,2004,58,두산,29,28,0.5087719298245614,3.0
4,2004,58,롯데,21,30,0.4117647058823529,8.0
5,2004,58,삼성,28,25,0.5283018867924528,2.0
6,2004,58,한화,27,27,0.5,4.0
7,2004,58,현대,34,21,0.6181818181818182,1.0
