,Year,Game_idx,Team1,cum_win,cum_lose,Wpct,rank
0,2003,121,KIA,71,46,0.6068376068376068,1.0
1,2003,121,LG,57,62,0.4789915966386555,5.0
2,2003,121,SK,60,58,0.5084745762711864,4.0
3,2003,121,두산,51,68,0.42857142857142855,7.0
4,2003,121,롯데,36,82,0.3050847457627119,8.0
5,2003,121,삼성,71,47,0.6016949152542372,3.0
6,2003,121,한화,56,61,0.4786324786324786,6.0
7,2003,121,현대,72,47,0.6050420168067226,2.0
