,Year,Game_idx,Team1,cum_win,cum_lose,Wpct,rank
0,2005,24,KIA,8,16,0.3333333333333333,8.0
1,2005,24,LG,10,14,0.4166666666666667,7.0
2,2005,24,SK,10,12,0.4545454545454545,5.0
3,2005,24,두산,15,8,0.6521739130434783,2.0
4,2005,24,롯데,14,10,0.5833333333333334,3.0
5,2005,24,삼성,16,8,0.6666666666666666,1.0
6,2005,24,한화,11,13,0.4583333333333333,4.0
7,2005,24,현대,10,13,0.43478260869565216,6.0
