,Year,Game_idx,Team1,cum_win,cum_lose,Wpct,rank
0,1995,70,LG,42,27,0.6086956521739131,2.0
1,1995,70,OB,41,26,0.6119402985074627,1.0
2,1995,70,롯데,37,31,0.5441176470588235,3.0
3,1995,70,삼성,33,33,0.5,5.0
4,1995,70,쌍방울,26,43,0.37681159420289856,8.0
5,1995,70,태평양,28,39,0.41791044776119396,7.0
6,1995,70,한화,36,34,0.5142857142857142,4.0
7,1995,70,해태,32,37,0.463768115942029,6.0
