,Year,Game_idx,Team1,cum_win,cum_lose,Wpct,rank
0,2009,76,KIA,40,32,0.5555555555555556,2.0
1,2009,76,LG,33,40,0.4520547945205479,7.0
2,2009,76,SK,45,26,0.6338028169014085,1.0
3,2009,76,두산,41,33,0.5540540540540541,3.0
4,2009,76,롯데,37,39,0.4868421052631579,4.0
5,2009,76,삼성,36,40,0.4736842105263158,6.0
6,2009,76,한화,26,47,0.3561643835616438,8.0
7,2009,76,히어로즈,36,39,0.48,5.0
