,Year,Game_idx,Team1,cum_win,cum_lose,Wpct,rank
0,1999,35,LG,22,13,0.6285714285714286,1.0
1,1999,35,두산,19,14,0.5757575757575758,4.0
2,1999,35,롯데,20,12,0.625,2.0
3,1999,35,삼성,20,13,0.6060606060606061,3.0
4,1999,35,쌍방울,8,25,0.24242424242424246,8.0
5,1999,35,한화,16,19,0.4571428571428571,6.0
6,1999,35,해태,14,21,0.4,7.0
7,1999,35,현대,17,17,0.5,5.0
