,Year,Game_idx,Team1,cum_win,cum_lose,Wpct,rank
0,2002,31,KIA,18,11,0.6206896551724138,1.0
1,2002,31,LG,14,17,0.4516129032258064,6.0
2,2002,31,SK,12,18,0.4,7.5
3,2002,31,두산,14,16,0.4666666666666667,5.0
4,2002,31,롯데,12,18,0.4,7.5
5,2002,31,삼성,18,13,0.5806451612903226,2.0
6,2002,31,한화,15,14,0.5172413793103449,4.0
7,2002,31,현대,15,13,0.5357142857142857,3.0
