,Year,Game_idx,Team1,cum_win,cum_lose,Wpct,rank
0,1995,69,LG,42,26,0.6176470588235294,1.0
1,1995,69,OB,40,26,0.6060606060606061,2.0
2,1995,69,롯데,36,31,0.5373134328358209,3.0
3,1995,69,삼성,32,33,0.4923076923076923,5.0
4,1995,69,쌍방울,26,42,0.38235294117647056,8.0
5,1995,69,태평양,27,39,0.4090909090909091,7.0
6,1995,69,한화,35,34,0.5072463768115942,4.0
7,1995,69,해태,31,37,0.4558823529411765,6.0
