,Year,Game_idx,Team1,cum_win,cum_lose,Wpct,rank
0,1992,90,LG,34,54,0.3863636363636364,7.0
1,1992,90,OB,39,49,0.4431818181818182,6.0
2,1992,90,롯데,52,38,0.5777777777777777,3.0
3,1992,90,빙그레,55,34,0.6179775280898876,1.0
4,1992,90,삼성,46,42,0.5227272727272727,4.0
5,1992,90,쌍방울,31,58,0.34831460674157305,8.0
6,1992,90,태평양,41,46,0.4712643678160919,5.0
7,1992,90,해태,55,35,0.6111111111111112,2.0
