,Year,Game_idx,Team1,cum_win,cum_lose,Wpct,rank
0,2010,31,KIA,15,16,0.4838709677419355,4.0
1,2010,31,LG,13,17,0.43333333333333335,5.0
2,2010,31,SK,24,7,0.7741935483870968,1.0
3,2010,31,넥센,11,20,0.3548387096774194,7.0
4,2010,31,두산,19,11,0.6333333333333333,2.0
5,2010,31,롯데,13,18,0.41935483870967744,6.0
6,2010,31,삼성,18,13,0.5806451612903226,3.0
7,2010,31,한화,9,22,0.2903225806451613,8.0
