,Year,Game_idx,Team1,cum_win,cum_lose,Wpct,rank
0,1999,118,LG,57,61,0.4830508474576271,6.0
1,1999,118,두산,65,48,0.5752212389380531,2.0
2,1999,118,롯데,66,47,0.584070796460177,1.0
3,1999,118,삼성,64,52,0.5517241379310345,3.0
4,1999,118,쌍방울,27,86,0.23893805309734514,8.0
5,1999,118,한화,61,55,0.5258620689655172,5.0
6,1999,118,해태,56,60,0.4827586206896552,7.0
7,1999,118,현대,60,53,0.5309734513274337,4.0
