,Year,Game_idx,Team1,cum_win,cum_lose,Wpct,rank
0,2005,71,KIA,30,40,0.42857142857142855,8.0
1,2005,71,LG,33,38,0.4647887323943662,5.0
2,2005,71,SK,32,35,0.4776119402985074,4.0
3,2005,71,두산,43,26,0.6231884057971014,1.0
4,2005,71,롯데,32,39,0.4507042253521127,6.0
5,2005,71,삼성,43,27,0.6142857142857143,2.0
6,2005,71,한화,36,34,0.5142857142857142,3.0
7,2005,71,현대,31,39,0.4428571428571429,7.0
