,Year,Game_idx,Team1,cum_win,cum_lose,Wpct,rank
0,2009,78,KIA,40,34,0.5405405405405406,3.0
1,2009,78,LG,34,41,0.4533333333333333,7.0
2,2009,78,SK,47,26,0.6438356164383562,1.0
3,2009,78,두산,43,33,0.5657894736842105,2.0
4,2009,78,롯데,38,40,0.4871794871794872,4.5
5,2009,78,삼성,38,40,0.4871794871794872,4.5
6,2009,78,한화,27,48,0.36,8.0
7,2009,78,히어로즈,37,40,0.4805194805194805,6.0
