,Year,Game_idx,Team1,cum_win,cum_lose,Wpct,rank
0,2006,91,KIA,44,44,0.5,4.0
1,2006,91,LG,35,52,0.4022988505747127,8.0
2,2006,91,SK,44,46,0.4888888888888889,5.0
3,2006,91,두산,43,46,0.4831460674157304,6.0
4,2006,91,롯데,36,53,0.4044943820224719,7.0
5,2006,91,삼성,56,32,0.6363636363636364,1.0
6,2006,91,한화,48,41,0.5393258426966292,3.0
7,2006,91,현대,49,41,0.5444444444444444,2.0
