,Year,Game_idx,Team1,cum_win,cum_lose,Wpct,rank
0,1995,115,LG,66,45,0.5945945945945946,2.0
1,1995,115,OB,66,44,0.6,1.0
2,1995,115,롯데,61,49,0.5545454545454546,3.0
3,1995,115,삼성,56,53,0.5137614678899083,4.0
4,1995,115,쌍방울,41,71,0.36607142857142855,8.0
5,1995,115,태평양,45,65,0.4090909090909091,7.0
6,1995,115,한화,52,63,0.4521739130434783,6.0
7,1995,115,해태,56,55,0.5045045045045045,5.0
