,Year,Game_idx,Team1,cum_win,cum_lose,Wpct,rank
0,2012,103,KIA,49,50,0.494949494949495,5.0
1,2012,103,LG,44,56,0.44,7.0
2,2012,103,SK,55,46,0.5445544554455446,2.0
3,2012,103,넥센,49,52,0.4851485148514851,6.0
4,2012,103,두산,54,48,0.5294117647058824,4.0
5,2012,103,롯데,53,46,0.5353535353535354,3.0
6,2012,103,삼성,59,42,0.5841584158415841,1.0
7,2012,103,한화,39,62,0.38613861386138615,8.0
