,Year,Game_idx,Team1,cum_win,cum_lose,Wpct,rank
0,2005,107,KIA,43,63,0.4056603773584906,8.0
1,2005,107,LG,44,62,0.4150943396226415,7.0
2,2005,107,SK,59,43,0.5784313725490197,2.0
3,2005,107,두산,60,44,0.5769230769230769,3.0
4,2005,107,롯데,48,58,0.4528301886792453,5.0
5,2005,107,삼성,62,41,0.6019417475728155,1.0
6,2005,107,한화,58,48,0.5471698113207547,4.0
7,2005,107,현대,45,59,0.4326923076923077,6.0
