,Year,Game_idx,Team1,cum_win,cum_lose,Wpct,rank
0,2008,108,KIA,51,57,0.4722222222222222,6.0
1,2008,108,LG,37,71,0.3425925925925926,8.0
2,2008,108,SK,71,37,0.6574074074074074,1.0
3,2008,108,두산,61,47,0.5648148148148148,2.5
4,2008,108,롯데,61,47,0.5648148148148148,2.5
5,2008,108,삼성,55,53,0.5092592592592593,5.0
6,2008,108,한화,57,51,0.5277777777777778,4.0
7,2008,108,히어로즈,41,67,0.3796296296296297,7.0
