,Year,Game_idx,Team1,cum_win,cum_lose,Wpct,rank
0,1989,63,MBC,25,35,0.4166666666666667,6.0
1,1989,63,OB,28,34,0.4516129032258064,5.0
2,1989,63,롯데,23,38,0.3770491803278688,7.0
3,1989,63,빙그레,36,24,0.6,2.0
4,1989,63,삼성,31,29,0.5166666666666667,3.0
5,1989,63,태평양,30,29,0.5084745762711864,4.0
6,1989,63,해태,37,24,0.6065573770491803,1.0
