,Year,Game_idx,Team1,cum_win,cum_lose,Wpct,rank
0,1999,62,LG,33,29,0.532258064516129,5.0
1,1999,62,두산,35,24,0.5932203389830508,2.0
2,1999,62,롯데,37,21,0.6379310344827587,1.0
3,1999,62,삼성,32,28,0.5333333333333333,4.0
4,1999,62,쌍방울,14,45,0.23728813559322035,8.0
5,1999,62,한화,27,33,0.45,7.0
6,1999,62,해태,29,32,0.4754098360655738,6.0
7,1999,62,현대,31,26,0.543859649122807,3.0
