,Year,Game_idx,Team1,cum_win,cum_lose,Wpct,rank
0,2016,134,KIA,65,68,0.4887218045112782,5.0
1,2016,134,LG,67,66,0.5037593984962406,4.0
2,2016,134,NC,77,54,0.5877862595419847,2.0
3,2016,134,SK,65,69,0.4850746268656717,6.0
4,2016,134,kt,49,83,0.3712121212121212,10.0
5,2016,134,넥센,74,59,0.556390977443609,3.0
6,2016,134,두산,87,46,0.6541353383458647,1.0
7,2016,134,롯데,61,73,0.4552238805970149,8.0
8,2016,134,삼성,60,73,0.4511278195488722,9.0
9,2016,134,한화,60,71,0.4580152671755725,7.0
