,Year,Game_idx,Team1,cum_win,cum_lose,Wpct,rank
0,1989,51,MBC,22,27,0.4489795918367347,5.0
1,1989,51,OB,22,28,0.44,6.0
2,1989,51,롯데,17,33,0.34,7.0
3,1989,51,빙그레,29,20,0.5918367346938775,2.5
4,1989,51,삼성,29,20,0.5918367346938775,2.5
5,1989,51,태평양,22,26,0.4583333333333333,4.0
6,1989,51,해태,30,19,0.6122448979591837,1.0
