,Year,Game_idx,Team1,cum_win,cum_lose,Wpct,rank
0,1997,83,LG,45,36,0.5555555555555556,3.0
1,1997,83,OB,41,38,0.5189873417721519,5.0
2,1997,83,롯데,33,49,0.4024390243902439,7.0
3,1997,83,삼성,44,34,0.5641025641025641,2.0
4,1997,83,쌍방울,45,37,0.5487804878048781,4.0
5,1997,83,한화,32,49,0.3950617283950617,8.0
6,1997,83,해태,50,32,0.6097560975609756,1.0
7,1997,83,현대,32,47,0.4050632911392405,6.0
