,Year,Game_idx,Team1,cum_win,cum_lose,Wpct,rank
0,1996,22,LG,8,13,0.3809523809523809,7.0
1,1996,22,OB,13,9,0.5909090909090909,2.5
2,1996,22,롯데,10,11,0.4761904761904762,5.0
3,1996,22,삼성,12,9,0.5714285714285714,4.0
4,1996,22,쌍방울,13,9,0.5909090909090909,2.5
5,1996,22,한화,7,15,0.3181818181818182,8.0
6,1996,22,해태,9,13,0.4090909090909091,6.0
7,1996,22,현대,14,7,0.6666666666666666,1.0
