,Year,Game_idx,Team1,cum_win,cum_lose,Wpct,rank
0,2002,29,KIA,18,9,0.6666666666666666,1.0
1,2002,29,LG,13,16,0.4482758620689655,6.0
2,2002,29,SK,10,18,0.35714285714285715,7.5
3,2002,29,두산,14,14,0.5,5.0
4,2002,29,롯데,10,18,0.35714285714285715,7.5
5,2002,29,삼성,18,11,0.6206896551724138,2.0
6,2002,29,한화,14,13,0.5185185185185185,4.0
7,2002,29,현대,14,12,0.5384615384615384,3.0
