,Year,Game_idx,Team1,cum_win,cum_lose,Wpct,rank
0,1992,42,LG,14,26,0.35,7.0
1,1992,42,OB,18,22,0.45,5.0
2,1992,42,롯데,21,21,0.5,3.0
3,1992,42,빙그레,32,9,0.7804878048780488,1.0
4,1992,42,삼성,20,21,0.4878048780487805,4.0
5,1992,42,쌍방울,13,28,0.3170731707317073,8.0
6,1992,42,태평양,15,24,0.38461538461538464,6.0
7,1992,42,해태,28,14,0.6666666666666666,2.0
