,Year,Game_idx,Team1,cum_win,cum_lose,Wpct,rank
0,2005,47,KIA,18,28,0.39130434782608703,7.0
1,2005,47,LG,20,27,0.425531914893617,6.0
2,2005,47,SK,17,28,0.37777777777777777,8.0
3,2005,47,두산,29,17,0.6304347826086957,2.0
4,2005,47,롯데,26,21,0.5531914893617021,3.0
5,2005,47,삼성,33,14,0.7021276595744681,1.0
6,2005,47,한화,21,25,0.4565217391304348,4.5
7,2005,47,현대,21,25,0.4565217391304348,4.5
