,Year,Game_idx,Team1,cum_win,cum_lose,Wpct,rank
0,2010,21,KIA,9,12,0.42857142857142855,5.0
1,2010,21,LG,11,9,0.55,4.0
2,2010,21,SK,16,5,0.7619047619047619,1.0
3,2010,21,넥센,7,14,0.3333333333333333,8.0
4,2010,21,두산,13,7,0.65,2.0
5,2010,21,롯데,8,13,0.3809523809523809,6.5
6,2010,21,삼성,12,9,0.5714285714285714,3.0
7,2010,21,한화,8,13,0.3809523809523809,6.5
