,Year,Game_idx,Team1,cum_win,cum_lose,Wpct,rank
0,2003,114,KIA,67,43,0.6090909090909091,3.0
1,2003,114,LG,54,58,0.4821428571428572,5.0
2,2003,114,SK,58,53,0.5225225225225225,4.0
3,2003,114,두산,46,66,0.4107142857142857,7.0
4,2003,114,롯데,33,78,0.2972972972972973,8.0
5,2003,114,삼성,69,43,0.6160714285714286,2.0
6,2003,114,한화,51,59,0.4636363636363636,6.0
7,2003,114,현대,71,41,0.6339285714285714,1.0
