,Year,Game_idx,Team1,cum_win,cum_lose,Wpct,rank
0,1996,15,LG,6,8,0.42857142857142855,6.0
1,1996,15,OB,8,7,0.5333333333333333,4.0
2,1996,15,롯데,8,7,0.5333333333333333,4.0
3,1996,15,삼성,8,6,0.5714285714285714,2.0
4,1996,15,쌍방울,10,5,0.6666666666666666,1.0
5,1996,15,한화,6,9,0.4,7.5
6,1996,15,해태,6,9,0.4,7.5
7,1996,15,현대,8,7,0.5333333333333333,4.0
