,Year,Game_idx,Team1,cum_win,cum_lose,Wpct,rank
0,2016,92,KIA,43,48,0.4725274725274725,6.0
1,2016,92,LG,40,51,0.4395604395604396,8.0
2,2016,92,NC,56,34,0.6222222222222222,2.0
3,2016,92,SK,47,45,0.5108695652173914,4.0
4,2016,92,kt,37,53,0.4111111111111111,10.0
5,2016,92,넥센,51,40,0.5604395604395604,3.0
6,2016,92,두산,59,32,0.6483516483516484,1.0
7,2016,92,롯데,44,48,0.4782608695652174,5.0
8,2016,92,삼성,38,53,0.4175824175824176,9.0
9,2016,92,한화,41,48,0.4606741573033708,7.0
