,Year,Game_idx,Team1,cum_win,cum_lose,Wpct,rank
0,1991,33,LG,19,13,0.59375,2.0
1,1991,33,OB,14,19,0.42424242424242425,7.0
2,1991,33,롯데,15,18,0.4545454545454545,6.0
3,1991,33,빙그레,18,14,0.5625,3.0
4,1991,33,삼성,17,16,0.5151515151515151,4.0
5,1991,33,쌍방울,11,22,0.3333333333333333,8.0
6,1991,33,태평양,16,17,0.4848484848484849,5.0
7,1991,33,해태,22,11,0.6666666666666666,1.0
