,Year,Game_idx,Team1,cum_win,cum_lose,Wpct,rank
0,2009,107,KIA,63,40,0.6116504854368932,1.0
1,2009,107,LG,45,59,0.4326923076923077,7.0
2,2009,107,SK,58,44,0.5686274509803921,2.0
3,2009,107,두산,59,46,0.5619047619047619,3.0
4,2009,107,롯데,55,52,0.514018691588785,4.0
5,2009,107,삼성,54,53,0.5046728971962616,5.0
6,2009,107,한화,34,70,0.3269230769230769,8.0
7,2009,107,히어로즈,51,55,0.4811320754716981,6.0
