,Year,Game_idx,Team1,cum_win,cum_lose,Wpct,rank
0,2004,78,KIA,37,37,0.5,4.0
1,2004,78,LG,34,42,0.4473684210526316,7.0
2,2004,78,SK,35,36,0.4929577464788733,5.0
3,2004,78,두산,43,34,0.5584415584415584,2.0
4,2004,78,롯데,27,41,0.3970588235294117,8.0
5,2004,78,삼성,39,33,0.5416666666666666,3.0
6,2004,78,한화,34,39,0.4657534246575342,6.0
7,2004,78,현대,43,30,0.589041095890411,1.0
