,Year,Game_idx,Team1,cum_win,cum_lose,Wpct,rank
0,1994,36,LG,24,12,0.6666666666666666,1.0
1,1994,36,OB,16,20,0.4444444444444444,6.0
2,1994,36,롯데,14,20,0.4117647058823529,7.0
3,1994,36,삼성,17,18,0.4857142857142857,4.0
4,1994,36,쌍방울,13,22,0.37142857142857133,8.0
5,1994,36,태평양,20,14,0.5882352941176471,2.0
6,1994,36,한화,17,19,0.4722222222222222,5.0
7,1994,36,해태,19,15,0.5588235294117647,3.0
