,Year,Game_idx,Team1,cum_win,cum_lose,Wpct,rank
0,1990,84,LG,46,38,0.5476190476190477,3.0
1,1990,84,OB,25,56,0.308641975308642,7.0
2,1990,84,롯데,33,49,0.4024390243902439,6.0
3,1990,84,빙그레,49,33,0.5975609756097561,1.5
4,1990,84,삼성,49,33,0.5975609756097561,1.5
5,1990,84,태평양,41,41,0.5,5.0
6,1990,84,해태,43,38,0.5308641975308642,4.0
