,Year,Game_idx,Team1,cum_win,cum_lose,Wpct,rank
0,2016,77,KIA,35,41,0.4605263157894737,6.0
1,2016,77,LG,33,43,0.4342105263157895,7.0
2,2016,77,NC,47,28,0.6266666666666667,2.0
3,2016,77,SK,40,37,0.5194805194805194,4.0
4,2016,77,kt,31,44,0.4133333333333333,10.0
5,2016,77,넥센,42,34,0.5526315789473685,3.0
6,2016,77,두산,53,23,0.6973684210526315,1.0
7,2016,77,롯데,36,41,0.4675324675324675,5.0
8,2016,77,삼성,33,44,0.42857142857142855,8.0
9,2016,77,한화,31,43,0.4189189189189189,9.0
