,Year,Game_idx,Team1,cum_win,cum_lose,Wpct,rank
0,2009,121,KIA,72,45,0.6153846153846154,1.0
1,2009,121,LG,51,67,0.4322033898305085,7.0
2,2009,121,SK,69,47,0.5948275862068966,2.0
3,2009,121,두산,66,53,0.5546218487394958,3.0
4,2009,121,롯데,60,61,0.4958677685950413,4.5
5,2009,121,삼성,60,61,0.4958677685950413,4.5
6,2009,121,한화,41,77,0.3474576271186441,8.0
7,2009,121,히어로즈,57,63,0.475,6.0
