,Year,Game_idx,Team1,cum_win,cum_lose,Wpct,rank
0,2009,49,KIA,25,21,0.5434782608695652,3.0
1,2009,49,LG,22,24,0.4782608695652174,4.0
2,2009,49,SK,29,16,0.6444444444444445,1.0
3,2009,49,두산,30,17,0.6382978723404256,2.0
4,2009,49,롯데,19,30,0.3877551020408163,8.0
5,2009,49,삼성,23,26,0.4693877551020408,5.0
6,2009,49,한화,20,26,0.43478260869565216,7.0
7,2009,49,히어로즈,21,27,0.4375,6.0
