,Year,Game_idx,Team1,cum_win,cum_lose,Wpct,rank
0,2011,14,KIA,7,7,0.5,5.0
1,2011,14,LG,8,6,0.5714285714285714,3.5
2,2011,14,SK,11,3,0.7857142857142857,1.0
3,2011,14,넥센,5,9,0.35714285714285715,6.0
4,2011,14,두산,8,5,0.6153846153846154,2.0
5,2011,14,롯데,4,8,0.3333333333333333,7.0
6,2011,14,삼성,8,6,0.5714285714285714,3.5
7,2011,14,한화,3,10,0.2307692307692308,8.0
