,Year,Game_idx,Team1,cum_win,cum_lose,Wpct,rank
0,2008,113,KIA,52,61,0.4601769911504425,6.0
1,2008,113,LG,40,73,0.3539823008849557,8.0
2,2008,113,SK,76,37,0.6725663716814161,1.0
3,2008,113,두산,64,49,0.5663716814159292,3.0
4,2008,113,롯데,65,48,0.5752212389380531,2.0
5,2008,113,삼성,58,55,0.5132743362831859,4.5
6,2008,113,한화,58,55,0.5132743362831859,4.5
7,2008,113,히어로즈,43,70,0.3805309734513274,7.0
