,Year,Game_idx,Team1,cum_win,cum_lose,Wpct,rank
0,2015,46,KIA,23,23,0.5,7.5
1,2015,46,LG,19,26,0.4222222222222222,9.0
2,2015,46,NC,27,18,0.6,2.0
3,2015,46,SK,25,21,0.5434782608695652,4.0
4,2015,46,kt,9,37,0.1956521739130435,10.0
5,2015,46,넥센,24,22,0.5217391304347826,5.5
6,2015,46,두산,27,19,0.5869565217391305,3.0
7,2015,46,롯데,24,22,0.5217391304347826,5.5
8,2015,46,삼성,28,18,0.6086956521739131,1.0
9,2015,46,한화,23,23,0.5,7.5
