,Year,Game_idx,Team1,cum_win,cum_lose,Wpct,rank
0,1996,66,LG,30,33,0.4761904761904762,6.0
1,1996,66,OB,30,34,0.46875,7.0
2,1996,66,롯데,28,36,0.4375,8.0
3,1996,66,삼성,31,32,0.492063492063492,5.0
4,1996,66,쌍방울,34,31,0.5230769230769231,3.0
5,1996,66,한화,36,30,0.5454545454545454,2.0
6,1996,66,해태,34,32,0.5151515151515151,4.0
7,1996,66,현대,36,27,0.5714285714285714,1.0
