,Year,Game_idx,Team1,cum_win,cum_lose,Wpct,rank
0,1992,108,LG,42,63,0.4,7.0
1,1992,108,OB,49,56,0.4666666666666667,5.0
2,1992,108,롯데,63,45,0.5833333333333334,3.0
3,1992,108,빙그레,66,40,0.6226415094339622,1.0
4,1992,108,삼성,57,49,0.5377358490566038,4.0
5,1992,108,쌍방울,38,69,0.35514018691588783,8.0
6,1992,108,태평양,46,59,0.4380952380952381,6.0
7,1992,108,해태,65,43,0.6018518518518519,2.0
