,Year,Game_idx,Team1,cum_win,cum_lose,Wpct,rank
0,1993,3,LG,2,1,0.6666666666666666,3.0
1,1993,3,OB,1,2,0.3333333333333333,5.5
2,1993,3,롯데,1,2,0.3333333333333333,5.5
3,1993,3,빙그레,2,1,0.6666666666666666,3.0
4,1993,3,삼성,3,0,1.0,1.0
5,1993,3,쌍방울,0,3,0.0,7.5
6,1993,3,태평양,0,3,0.0,7.5
7,1993,3,해태,2,1,0.6666666666666666,3.0
