,Year,Game_idx,Team1,cum_win,cum_lose,Wpct,rank
0,1998,46,LG,23,23,0.5,4.0
1,1998,46,OB,22,24,0.4782608695652174,5.0
2,1998,46,롯데,18,26,0.4090909090909091,8.0
3,1998,46,삼성,25,21,0.5434782608695652,2.0
4,1998,46,쌍방울,19,27,0.4130434782608696,7.0
5,1998,46,한화,23,21,0.5227272727272727,3.0
6,1998,46,해태,20,26,0.43478260869565216,6.0
7,1998,46,현대,33,13,0.7173913043478259,1.0
