,Year,Game_idx,Team1,cum_win,cum_lose,Wpct,rank
0,2010,12,KIA,5,7,0.4166666666666667,4.0
1,2010,12,LG,4,7,0.3636363636363637,5.0
2,2010,12,SK,8,4,0.6666666666666666,3.0
3,2010,12,넥센,4,8,0.3333333333333333,7.0
4,2010,12,두산,9,2,0.8181818181818182,1.0
5,2010,12,롯데,4,8,0.3333333333333333,7.0
6,2010,12,삼성,9,3,0.75,2.0
7,2010,12,한화,4,8,0.3333333333333333,7.0
