,Year,Game_idx,Team1,cum_win,cum_lose,Wpct,rank
0,1994,32,LG,21,11,0.65625,1.0
1,1994,32,OB,14,18,0.4375,6.0
2,1994,32,롯데,13,17,0.43333333333333335,7.0
3,1994,32,삼성,16,15,0.5161290322580645,3.0
4,1994,32,쌍방울,13,18,0.41935483870967744,8.0
5,1994,32,태평양,17,13,0.5666666666666667,2.0
6,1994,32,한화,15,17,0.46875,5.0
7,1994,32,해태,15,15,0.5,4.0
