,Year,Game_idx,Team1,cum_win,cum_lose,Wpct,rank
0,2007,23,KIA,11,12,0.4782608695652174,5.0
1,2007,23,LG,11,12,0.4782608695652174,5.0
2,2007,23,SK,14,7,0.6666666666666666,1.0
3,2007,23,두산,9,14,0.39130434782608703,8.0
4,2007,23,롯데,12,11,0.5217391304347826,3.0
5,2007,23,삼성,10,12,0.4545454545454545,7.0
6,2007,23,한화,12,10,0.5454545454545454,2.0
7,2007,23,현대,11,12,0.4782608695652174,5.0
