,Year,Game_idx,Team1,cum_win,cum_lose,Wpct,rank
0,2011,46,KIA,24,22,0.5217391304347826,4.0
1,2011,46,LG,27,19,0.5869565217391305,2.0
2,2011,46,SK,29,17,0.6304347826086957,1.0
3,2011,46,넥센,17,29,0.3695652173913043,8.0
4,2011,46,두산,20,24,0.4545454545454545,6.0
5,2011,46,롯데,21,22,0.4883720930232558,5.0
6,2011,46,삼성,24,20,0.5454545454545454,3.0
7,2011,46,한화,18,27,0.4,7.0
