,Year,Game_idx,Team1,cum_win,cum_lose,Wpct,rank
0,1990,107,LG,62,45,0.5794392523364486,2.0
1,1990,107,OB,33,70,0.32038834951456313,7.0
2,1990,107,롯데,40,63,0.3883495145631068,6.0
3,1990,107,빙그레,63,42,0.6,1.0
4,1990,107,삼성,60,45,0.5714285714285714,3.0
5,1990,107,태평양,50,54,0.4807692307692308,5.0
6,1990,107,해태,58,46,0.5576923076923077,4.0
