,Year,Game_idx,Team1,cum_win,cum_lose,Wpct,rank
0,2005,87,KIA,34,52,0.3953488372093023,8.0
1,2005,87,LG,39,47,0.4534883720930232,6.0
2,2005,87,SK,42,40,0.5121951219512195,4.0
3,2005,87,두산,48,37,0.5647058823529412,2.0
4,2005,87,롯데,40,47,0.4597701149425287,5.0
5,2005,87,삼성,51,34,0.6,1.0
6,2005,87,한화,46,40,0.5348837209302325,3.0
7,2005,87,현대,38,47,0.4470588235294118,7.0
