,Year,Game_idx,Team1,cum_win,cum_lose,Wpct,rank
0,1991,81,LG,41,39,0.5125,4.0
1,1991,81,OB,27,52,0.34177215189873417,8.0
2,1991,81,롯데,40,40,0.5,5.5
3,1991,81,빙그레,43,35,0.5512820512820513,3.0
4,1991,81,삼성,46,35,0.5679012345679012,2.0
5,1991,81,쌍방울,32,47,0.4050632911392405,7.0
6,1991,81,태평양,40,40,0.5,5.5
7,1991,81,해태,52,27,0.6582278481012658,1.0
