,Year,Game_idx,Team1,cum_win,cum_lose,Wpct,rank
0,2015,56,KIA,28,28,0.5,7.5
1,2015,56,LG,25,30,0.4545454545454545,9.0
2,2015,56,NC,32,23,0.5818181818181818,2.0
3,2015,56,SK,28,27,0.509090909090909,6.0
4,2015,56,kt,12,44,0.21428571428571427,10.0
5,2015,56,넥센,31,24,0.5636363636363636,4.0
6,2015,56,두산,32,24,0.5714285714285714,3.0
7,2015,56,롯데,28,28,0.5,7.5
8,2015,56,삼성,35,21,0.625,1.0
9,2015,56,한화,29,27,0.5178571428571429,5.0
