,Year,Game_idx,Team1,cum_win,cum_lose,Wpct,rank
0,2014,94,KIA,41,53,0.4361702127659575,7.0
1,2014,94,LG,44,49,0.4731182795698925,4.5
2,2014,94,NC,52,42,0.5531914893617021,3.0
3,2014,94,SK,40,54,0.425531914893617,8.0
4,2014,94,넥센,56,37,0.6021505376344086,2.0
5,2014,94,두산,43,51,0.4574468085106383,6.0
6,2014,94,롯데,44,49,0.4731182795698925,4.5
7,2014,94,삼성,63,29,0.6847826086956522,1.0
8,2014,94,한화,37,56,0.3978494623655914,9.0
