,Year,Game_idx,Team1,cum_win,cum_lose,Wpct,rank
0,2010,91,KIA,38,53,0.4175824175824176,6.0
1,2010,91,LG,40,50,0.4444444444444444,5.0
2,2010,91,SK,61,30,0.6703296703296703,1.0
3,2010,91,넥센,35,54,0.39325842696629215,8.0
4,2010,91,두산,54,36,0.6,2.5
5,2010,91,롯데,42,46,0.4772727272727273,4.0
6,2010,91,삼성,54,36,0.6,2.5
7,2010,91,한화,36,55,0.3956043956043956,7.0
