,Year,Game_idx,Team1,cum_win,cum_lose,Wpct,rank
0,1989,33,MBC,14,17,0.4516129032258064,5.0
1,1989,33,OB,11,21,0.34375,7.0
2,1989,33,롯데,12,20,0.375,6.0
3,1989,33,빙그레,20,11,0.6451612903225806,1.0
4,1989,33,삼성,19,13,0.59375,2.0
5,1989,33,태평양,16,15,0.5161290322580645,4.0
6,1989,33,해태,18,14,0.5625,3.0
