,Year,Game_idx,Team1,cum_win,cum_lose,Wpct,rank
0,2011,15,KIA,8,7,0.5333333333333333,4.5
1,2011,15,LG,9,6,0.6,3.0
2,2011,15,SK,11,4,0.7333333333333333,1.0
3,2011,15,넥센,5,10,0.3333333333333333,6.0
4,2011,15,두산,9,5,0.6428571428571429,2.0
5,2011,15,롯데,4,9,0.3076923076923077,7.0
6,2011,15,삼성,8,7,0.5333333333333333,4.5
7,2011,15,한화,4,10,0.2857142857142857,8.0
