,Year,Game_idx,Team1,cum_win,cum_lose,Wpct,rank
0,2014,82,KIA,39,43,0.475609756097561,5.5
1,2014,82,LG,36,45,0.4444444444444444,7.0
2,2014,82,NC,48,34,0.5853658536585366,3.0
3,2014,82,SK,34,48,0.4146341463414634,8.0
4,2014,82,넥센,48,33,0.5925925925925926,2.0
5,2014,82,두산,39,43,0.475609756097561,5.5
6,2014,82,롯데,40,41,0.4938271604938271,4.0
7,2014,82,삼성,53,27,0.6625,1.0
8,2014,82,한화,31,50,0.382716049382716,9.0
