,Year,Game_idx,Team1,cum_win,cum_lose,Wpct,rank
0,2015,105,KIA,52,53,0.4952380952380953,6.0
1,2015,105,LG,46,58,0.4423076923076923,9.0
2,2015,105,NC,60,43,0.5825242718446602,2.0
3,2015,105,SK,49,54,0.4757281553398058,7.0
4,2015,105,kt,34,71,0.3238095238095238,10.0
5,2015,105,넥센,57,47,0.5480769230769231,4.0
6,2015,105,두산,59,46,0.5619047619047619,3.0
7,2015,105,롯데,48,57,0.4571428571428571,8.0
8,2015,105,삼성,64,41,0.6095238095238096,1.0
9,2015,105,한화,53,52,0.5047619047619047,5.0
