,Year,Game_idx,Team1,cum_win,cum_lose,Wpct,rank
0,2007,119,KIA,48,70,0.4067796610169492,8.0
1,2007,119,LG,55,58,0.4867256637168141,5.0
2,2007,119,SK,69,45,0.6052631578947368,1.0
3,2007,119,두산,65,52,0.5555555555555556,2.0
4,2007,119,롯데,52,64,0.4482758620689655,6.0
5,2007,119,삼성,59,56,0.5130434782608696,4.0
6,2007,119,한화,63,54,0.5384615384615384,3.0
7,2007,119,현대,51,67,0.4322033898305085,7.0
