,Year,Game_idx,Team1,cum_win,cum_lose,Wpct,rank
0,2007,122,KIA,50,71,0.4132231404958678,8.0
1,2007,122,LG,57,59,0.4913793103448276,5.0
2,2007,122,SK,70,47,0.5982905982905983,1.0
3,2007,122,두산,68,52,0.5666666666666667,2.0
4,2007,122,롯데,53,66,0.4453781512605042,6.0
5,2007,122,삼성,61,57,0.5169491525423728,4.0
6,2007,122,한화,65,55,0.5416666666666666,3.0
7,2007,122,현대,53,68,0.4380165289256198,7.0
