,Year,Game_idx,Team1,cum_win,cum_lose,Wpct,rank
0,2011,122,KIA,64,58,0.5245901639344263,4.0
1,2011,122,LG,57,64,0.4710743801652893,5.0
2,2011,122,SK,65,55,0.5416666666666666,3.0
3,2011,122,넥센,48,72,0.4,8.0
4,2011,122,두산,55,65,0.4583333333333333,6.0
5,2011,122,롯데,64,53,0.5470085470085471,2.0
6,2011,122,삼성,73,47,0.6083333333333333,1.0
7,2011,122,한화,54,66,0.45,7.0
