,Year,Game_idx,Team1,cum_win,cum_lose,Wpct,rank
0,2004,38,KIA,19,17,0.5277777777777778,3.5
1,2004,38,LG,18,18,0.5,5.0
2,2004,38,SK,18,16,0.5294117647058824,2.0
3,2004,38,두산,17,20,0.4594594594594595,6.0
4,2004,38,롯데,15,19,0.4411764705882353,7.0
5,2004,38,삼성,14,21,0.4,8.0
6,2004,38,한화,19,17,0.5277777777777778,3.5
7,2004,38,현대,22,14,0.6111111111111112,1.0
