,Year,Game_idx,Team1,cum_win,cum_lose,Wpct,rank
0,1992,30,LG,8,21,0.27586206896551724,8.0
1,1992,30,OB,14,14,0.5,4.5
2,1992,30,롯데,15,15,0.5,4.5
3,1992,30,빙그레,22,7,0.7586206896551724,1.0
4,1992,30,삼성,14,15,0.4827586206896552,6.0
5,1992,30,쌍방울,10,19,0.3448275862068966,7.0
6,1992,30,태평양,14,13,0.5185185185185185,3.0
7,1992,30,해태,20,10,0.6666666666666666,2.0
