,Year,Game_idx,Team1,cum_win,cum_lose,Wpct,rank
0,2006,3,KIA,0,2,0.0,7.5
1,2006,3,LG,2,1,0.6666666666666666,3.0
2,2006,3,SK,2,1,0.6666666666666666,3.0
3,2006,3,두산,1,1,0.5,6.0
4,2006,3,롯데,2,1,0.6666666666666666,3.0
5,2006,3,삼성,2,1,0.6666666666666666,3.0
6,2006,3,한화,2,1,0.6666666666666666,3.0
7,2006,3,현대,0,3,0.0,7.5
