,Year,Game_idx,Team1,cum_win,cum_lose,Wpct,rank
0,1990,112,LG,66,46,0.5892857142857143,1.0
1,1990,112,OB,34,74,0.3148148148148148,7.0
2,1990,112,롯데,40,68,0.3703703703703704,6.0
3,1990,112,빙그레,64,46,0.5818181818181818,2.0
4,1990,112,삼성,62,48,0.5636363636363636,4.0
5,1990,112,태평양,53,56,0.4862385321100918,5.0
6,1990,112,해태,63,46,0.5779816513761468,3.0
