,Year,Game_idx,Team1,cum_win,cum_lose,Wpct,rank
0,2007,99,KIA,39,59,0.3979591836734694,8.0
1,2007,99,LG,46,48,0.4893617021276596,5.0
2,2007,99,SK,57,37,0.6063829787234043,1.0
3,2007,99,두산,53,44,0.5463917525773195,2.0
4,2007,99,롯데,45,51,0.46875,6.0
5,2007,99,삼성,51,45,0.53125,3.0
6,2007,99,한화,50,47,0.5154639175257731,4.0
7,2007,99,현대,44,54,0.4489795918367347,7.0
