,Year,Game_idx,Team1,cum_win,cum_lose,Wpct,rank
0,2006,9,KIA,4,4,0.5,3.5
1,2006,9,LG,3,6,0.3333333333333333,7.0
2,2006,9,SK,7,2,0.7777777777777778,1.0
3,2006,9,두산,2,5,0.2857142857142857,8.0
4,2006,9,롯데,4,5,0.4444444444444444,5.5
5,2006,9,삼성,4,4,0.5,3.5
6,2006,9,한화,5,4,0.5555555555555556,2.0
7,2006,9,현대,4,5,0.4444444444444444,5.5
