,Year,Game_idx,Team1,cum_win,cum_lose,Wpct,rank
0,2010,101,KIA,44,57,0.4356435643564357,6.0
1,2010,101,LG,44,56,0.44,5.0
2,2010,101,SK,67,34,0.6633663366336634,1.0
3,2010,101,넥센,39,59,0.3979591836734694,7.0
4,2010,101,두산,58,41,0.5858585858585859,3.0
5,2010,101,롯데,48,50,0.4897959183673469,4.0
6,2010,101,삼성,60,40,0.6,2.0
7,2010,101,한화,39,62,0.38613861386138615,8.0
