,Year,Game_idx,Team1,cum_win,cum_lose,Wpct,rank
0,2003,44,KIA,23,20,0.5348837209302325,4.0
1,2003,44,LG,22,20,0.5238095238095238,5.0
2,2003,44,SK,27,16,0.627906976744186,2.0
3,2003,44,두산,10,34,0.2272727272727273,8.0
4,2003,44,롯데,13,29,0.30952380952380953,7.0
5,2003,44,삼성,27,15,0.6428571428571429,1.0
6,2003,44,한화,20,21,0.4878048780487805,6.0
7,2003,44,현대,26,17,0.6046511627906976,3.0
