,Year,Game_idx,Team1,cum_win,cum_lose,Wpct,rank
0,2004,133,KIA,67,61,0.5234375,4.0
1,2004,133,LG,59,70,0.4573643410852713,6.0
2,2004,133,SK,61,64,0.488,5.0
3,2004,133,두산,70,62,0.5303030303030303,3.0
4,2004,133,롯데,50,72,0.4098360655737705,8.0
5,2004,133,삼성,73,52,0.584,2.0
6,2004,133,한화,53,74,0.4173228346456693,7.0
7,2004,133,현대,75,53,0.5859375,1.0
