,Year,Game_idx,Team1,cum_win,cum_lose,Wpct,rank
0,2014,22,KIA,9,13,0.4090909090909091,7.0
1,2014,22,LG,6,15,0.2857142857142857,9.0
2,2014,22,NC,13,9,0.5909090909090909,2.5
3,2014,22,SK,13,9,0.5909090909090909,2.5
4,2014,22,넥센,14,8,0.6363636363636364,1.0
5,2014,22,두산,12,10,0.5454545454545454,4.0
6,2014,22,롯데,11,10,0.5238095238095238,5.0
7,2014,22,삼성,11,11,0.5,6.0
8,2014,22,한화,8,14,0.3636363636363637,8.0
