,Year,Game_idx,Team1,cum_win,cum_lose,Wpct,rank
0,2001,117,KIA,52,60,0.4642857142857143,4.0
1,2001,117,LG,49,61,0.44545454545454544,7.0
2,2001,117,SK,49,66,0.4260869565217391,8.0
3,2001,117,두산,59,53,0.5267857142857143,3.0
4,2001,117,롯데,52,61,0.4601769911504425,5.0
5,2001,117,삼성,75,42,0.6410256410256411,1.0
6,2001,117,한화,51,62,0.4513274336283186,6.0
7,2001,117,현대,67,47,0.5877192982456141,2.0
