,Year,Game_idx,Team1,cum_win,cum_lose,Wpct,rank
0,2005,54,KIA,21,32,0.3962264150943397,8.0
1,2005,54,LG,23,31,0.4259259259259259,6.0
2,2005,54,SK,21,31,0.40384615384615385,7.0
3,2005,54,두산,33,20,0.6226415094339622,2.0
4,2005,54,롯데,28,26,0.5185185185185185,3.0
5,2005,54,삼성,37,17,0.6851851851851852,1.0
6,2005,54,한화,27,26,0.5094339622641509,4.0
7,2005,54,현대,24,29,0.4528301886792453,5.0
