,Year,Game_idx,Team1,cum_win,cum_lose,Wpct,rank
0,2012,76,KIA,36,36,0.5,6.0
1,2012,76,LG,33,41,0.4459459459459459,7.0
2,2012,76,SK,38,37,0.5066666666666667,5.0
3,2012,76,넥센,39,35,0.527027027027027,4.0
4,2012,76,두산,40,35,0.5333333333333333,3.0
5,2012,76,롯데,39,33,0.5416666666666666,2.0
6,2012,76,삼성,43,31,0.581081081081081,1.0
7,2012,76,한화,28,47,0.37333333333333335,8.0
