,Year,Game_idx,Team1,cum_win,cum_lose,Wpct,rank
0,1991,107,LG,50,56,0.4716981132075472,5.0
1,1991,107,OB,39,66,0.37142857142857133,8.0
2,1991,107,롯데,51,53,0.4903846153846154,4.0
3,1991,107,빙그레,60,42,0.5882352941176471,2.0
4,1991,107,삼성,62,44,0.5849056603773585,3.0
5,1991,107,쌍방울,46,58,0.4423076923076923,7.0
6,1991,107,태평양,48,57,0.4571428571428571,6.0
7,1991,107,해태,65,37,0.6372549019607843,1.0
