,Year,Game_idx,Team1,cum_win,cum_lose,Wpct,rank
0,2001,72,KIA,33,36,0.4782608695652174,4.0
1,2001,72,LG,29,40,0.42028985507246375,6.0
2,2001,72,SK,29,42,0.4084507042253521,7.0
3,2001,72,두산,36,32,0.5294117647058824,3.0
4,2001,72,롯데,28,41,0.4057971014492754,8.0
5,2001,72,삼성,47,25,0.6527777777777778,1.0
6,2001,72,한화,32,39,0.4507042253521127,5.0
7,2001,72,현대,44,26,0.6285714285714286,2.0
