,Year,Game_idx,Team1,cum_win,cum_lose,Wpct,rank
0,1989,16,MBC,5,10,0.3333333333333333,6.0
1,1989,16,OB,5,11,0.3125,7.0
2,1989,16,롯데,8,8,0.5,5.0
3,1989,16,빙그레,9,6,0.6,3.0
4,1989,16,삼성,10,5,0.6666666666666666,1.0
5,1989,16,태평양,8,7,0.5333333333333333,4.0
6,1989,16,해태,10,6,0.625,2.0
