,Year,Game_idx,Team1,cum_win,cum_lose,Wpct,rank
0,1990,14,LG,6,8,0.42857142857142855,5.5
1,1990,14,OB,5,8,0.38461538461538464,7.0
2,1990,14,롯데,7,7,0.5,2.5
3,1990,14,빙그레,9,5,0.6428571428571429,1.0
4,1990,14,삼성,6,8,0.42857142857142855,5.5
5,1990,14,태평양,7,7,0.5,2.5
6,1990,14,해태,6,7,0.4615384615384616,4.0
