,Year,Game_idx,Team1,cum_win,cum_lose,Wpct,rank
0,2008,56,KIA,25,31,0.44642857142857145,6.0
1,2008,56,LG,22,34,0.3928571428571429,7.0
2,2008,56,SK,38,18,0.6785714285714286,1.0
3,2008,56,두산,32,24,0.5714285714285714,2.0
4,2008,56,롯데,30,26,0.5357142857142857,3.5
5,2008,56,삼성,30,26,0.5357142857142857,3.5
6,2008,56,한화,28,28,0.5,5.0
7,2008,56,히어로즈,20,36,0.35714285714285715,8.0
