,Year,Game_idx,Team1,cum_win,cum_lose,Wpct,rank
0,1995,47,LG,29,17,0.6304347826086957,1.0
1,1995,47,OB,28,18,0.6086956521739131,2.0
2,1995,47,롯데,25,21,0.5434782608695652,3.0
3,1995,47,삼성,22,22,0.5,5.0
4,1995,47,쌍방울,20,27,0.425531914893617,7.0
5,1995,47,태평양,16,30,0.3478260869565217,8.0
6,1995,47,한화,24,23,0.5106382978723404,4.0
7,1995,47,해태,23,24,0.4893617021276596,6.0
