,Year,Game_idx,Team1,cum_win,cum_lose,Wpct,rank
0,2012,22,KIA,9,11,0.45,6.0
1,2012,22,LG,12,10,0.5454545454545454,4.0
2,2012,22,SK,13,8,0.6190476190476191,1.5
3,2012,22,넥센,10,11,0.4761904761904762,5.0
4,2012,22,두산,12,9,0.5714285714285714,3.0
5,2012,22,롯데,13,8,0.6190476190476191,1.5
6,2012,22,삼성,9,13,0.4090909090909091,7.0
7,2012,22,한화,7,15,0.3181818181818182,8.0
