,Year,Game_idx,Team1,cum_win,cum_lose,Wpct,rank
0,2014,15,KIA,7,8,0.4666666666666667,6.0
1,2014,15,LG,4,10,0.2857142857142857,9.0
2,2014,15,NC,10,5,0.6666666666666666,2.0
3,2014,15,SK,10,5,0.6666666666666666,2.0
4,2014,15,넥센,10,5,0.6666666666666666,2.0
5,2014,15,두산,8,7,0.5333333333333333,4.0
6,2014,15,롯데,7,7,0.5,5.0
7,2014,15,삼성,6,9,0.4,7.0
8,2014,15,한화,5,10,0.3333333333333333,8.0
