,Year,Game_idx,Team1,cum_win,cum_lose,Wpct,rank
0,1993,70,LG,40,29,0.5797101449275363,2.0
1,1993,70,OB,30,35,0.4615384615384616,5.0
2,1993,70,롯데,35,35,0.5,4.0
3,1993,70,빙그레,29,39,0.4264705882352941,6.0
4,1993,70,삼성,36,30,0.5454545454545454,3.0
5,1993,70,쌍방울,26,40,0.3939393939393939,7.0
6,1993,70,태평양,24,39,0.3809523809523809,8.0
7,1993,70,해태,46,23,0.6666666666666666,1.0
