,Year,Game_idx,Team1,cum_win,cum_lose,Wpct,rank
0,2014,75,KIA,35,40,0.4666666666666667,6.0
1,2014,75,LG,32,42,0.4324324324324325,7.0
2,2014,75,NC,43,32,0.5733333333333334,3.0
3,2014,75,SK,31,44,0.4133333333333333,8.0
4,2014,75,넥센,44,30,0.5945945945945946,2.0
5,2014,75,두산,36,39,0.48,5.0
6,2014,75,롯데,38,36,0.5135135135135135,4.0
7,2014,75,삼성,49,24,0.6712328767123288,1.0
8,2014,75,한화,26,48,0.35135135135135137,9.0
