,Year,Game_idx,Team1,cum_win,cum_lose,Wpct,rank
0,2016,123,KIA,60,62,0.4918032786885246,4.0
1,2016,123,LG,58,64,0.4754098360655738,6.0
2,2016,123,NC,71,50,0.5867768595041323,2.0
3,2016,123,SK,59,64,0.4796747967479675,5.0
4,2016,123,kt,47,74,0.3884297520661157,10.0
5,2016,123,넥센,69,53,0.5655737704918032,3.0
6,2016,123,두산,79,43,0.6475409836065574,1.0
7,2016,123,롯데,56,67,0.4552845528455284,7.0
8,2016,123,삼성,54,68,0.4426229508196721,9.0
9,2016,123,한화,54,66,0.45,8.0
