,Year,Game_idx,Team1,cum_win,cum_lose,Wpct,rank
0,1997,51,LG,32,18,0.64,1.0
1,1997,51,OB,27,21,0.5625,4.0
2,1997,51,롯데,20,31,0.392156862745098,7.0
3,1997,51,삼성,28,20,0.5833333333333334,3.0
4,1997,51,쌍방울,25,26,0.4901960784313725,5.0
5,1997,51,한화,17,32,0.3469387755102041,8.0
6,1997,51,해태,30,21,0.5882352941176471,2.0
7,1997,51,현대,19,29,0.3958333333333333,6.0
