,Year,Game_idx,Team1,cum_win,cum_lose,Wpct,rank
0,2000,67,LG,36,29,0.5538461538461539,3.0
1,2000,67,SK,20,46,0.30303030303030304,8.0
2,2000,67,두산,42,25,0.6268656716417911,2.0
3,2000,67,롯데,33,33,0.5,5.0
4,2000,67,삼성,34,32,0.5151515151515151,4.0
5,2000,67,한화,25,39,0.390625,7.0
6,2000,67,해태,28,37,0.4307692307692308,6.0
7,2000,67,현대,45,22,0.6716417910447762,1.0
