,Year,Game_idx,Team1,cum_win,cum_lose,Wpct,rank
0,2010,83,KIA,36,47,0.43373493975903615,6.0
1,2010,83,LG,38,44,0.4634146341463415,5.0
2,2010,83,SK,57,26,0.6867469879518072,1.0
3,2010,83,넥센,33,49,0.4024390243902439,7.0
4,2010,83,두산,47,35,0.573170731707317,2.5
5,2010,83,롯데,40,41,0.4938271604938271,4.0
6,2010,83,삼성,47,35,0.573170731707317,2.5
7,2010,83,한화,32,51,0.3855421686746988,8.0
