,Year,Game_idx,Team1,cum_win,cum_lose,Wpct,rank
0,2015,119,KIA,57,62,0.4789915966386555,6.0
1,2015,119,LG,52,66,0.4406779661016949,9.0
2,2015,119,NC,69,48,0.5897435897435898,2.0
3,2015,119,SK,54,63,0.4615384615384616,8.0
4,2015,119,kt,43,76,0.3613445378151261,10.0
5,2015,119,넥센,64,54,0.5423728813559322,4.0
6,2015,119,두산,68,51,0.5714285714285714,3.0
7,2015,119,롯데,55,64,0.4621848739495799,7.0
8,2015,119,삼성,73,46,0.6134453781512605,1.0
9,2015,119,한화,58,61,0.4873949579831933,5.0
