,Year,Game_idx,Team1,cum_win,cum_lose,Wpct,rank
0,2015,125,KIA,60,65,0.48,6.5
1,2015,125,LG,53,70,0.43089430894308944,9.0
2,2015,125,NC,71,52,0.5772357723577236,2.0
3,2015,125,SK,58,65,0.4715447154471545,8.0
4,2015,125,kt,45,80,0.36,10.0
5,2015,125,넥센,69,55,0.5564516129032258,3.0
6,2015,125,두산,68,57,0.544,4.0
7,2015,125,롯데,60,64,0.4838709677419355,5.0
8,2015,125,삼성,77,48,0.616,1.0
9,2015,125,한화,60,65,0.48,6.5
