,Year,Game_idx,Team1,cum_win,cum_lose,Wpct,rank
0,2001,76,KIA,35,38,0.4794520547945205,4.0
1,2001,76,LG,31,41,0.4305555555555556,6.0
2,2001,76,SK,32,43,0.4266666666666667,7.0
3,2001,76,두산,39,33,0.5416666666666666,3.0
4,2001,76,롯데,30,43,0.410958904109589,8.0
5,2001,76,삼성,49,27,0.6447368421052632,1.0
6,2001,76,한화,33,41,0.4459459459459459,5.0
7,2001,76,현대,47,27,0.6351351351351351,2.0
