,Year,Game_idx,Team1,cum_win,cum_lose,Wpct,rank
0,2000,81,LG,40,39,0.5063291139240507,5.0
1,2000,81,SK,21,58,0.26582278481012656,8.0
2,2000,81,두산,51,30,0.6296296296296297,2.0
3,2000,81,롯데,41,39,0.5125,4.0
4,2000,81,삼성,46,32,0.5897435897435898,3.0
5,2000,81,한화,33,45,0.4230769230769231,7.0
6,2000,81,해태,35,44,0.4430379746835443,6.0
7,2000,81,현대,53,27,0.6625,1.0
