,Year,Game_idx,Team1,cum_win,cum_lose,Wpct,rank
0,2010,54,KIA,28,26,0.5185185185185185,4.0
1,2010,54,LG,24,29,0.4528301886792453,5.0
2,2010,54,SK,36,18,0.6666666666666666,1.0
3,2010,54,넥센,21,33,0.3888888888888889,8.0
4,2010,54,두산,31,22,0.5849056603773585,2.0
5,2010,54,롯데,24,30,0.4444444444444444,6.0
6,2010,54,삼성,29,25,0.5370370370370371,3.0
7,2010,54,한화,22,32,0.4074074074074074,7.0
