,Year,Game_idx,Team1,cum_win,cum_lose,Wpct,rank
0,1999,7,LG,4,3,0.5714285714285714,3.0
1,1999,7,두산,2,5,0.2857142857142857,7.5
2,1999,7,롯데,6,1,0.8571428571428571,1.0
3,1999,7,삼성,3,4,0.42857142857142855,5.0
4,1999,7,쌍방울,2,5,0.2857142857142857,7.5
5,1999,7,한화,5,2,0.7142857142857143,2.0
6,1999,7,해태,3,4,0.42857142857142855,5.0
7,1999,7,현대,3,4,0.42857142857142855,5.0
