,Year,Game_idx,Team1,cum_win,cum_lose,Wpct,rank
0,2011,51,KIA,28,23,0.5490196078431373,3.0
1,2011,51,LG,29,22,0.5686274509803921,2.0
2,2011,51,SK,31,20,0.6078431372549019,1.0
3,2011,51,넥센,19,32,0.3725490196078432,8.0
4,2011,51,두산,22,27,0.4489795918367347,6.0
5,2011,51,롯데,23,25,0.4791666666666667,5.0
6,2011,51,삼성,26,23,0.5306122448979592,4.0
7,2011,51,한화,21,29,0.42,7.0
