,Year,Game_idx,Team1,cum_win,cum_lose,Wpct,rank
0,2016,24,KIA,10,14,0.4166666666666667,9.0
1,2016,24,LG,12,12,0.5,4.5
2,2016,24,NC,13,11,0.5416666666666666,3.0
3,2016,24,SK,15,9,0.625,2.0
4,2016,24,kt,11,13,0.4583333333333333,7.5
5,2016,24,넥센,11,12,0.4782608695652174,6.0
6,2016,24,두산,17,6,0.7391304347826086,1.0
7,2016,24,롯데,12,12,0.5,4.5
8,2016,24,삼성,11,13,0.4583333333333333,7.5
9,2016,24,한화,7,17,0.2916666666666667,10.0
