,Year,Game_idx,Team1,cum_win,cum_lose,Wpct,rank
0,2013,7,KIA,6,1,0.8571428571428571,1.0
1,2013,7,LG,4,3,0.5714285714285714,6.0
2,2013,7,NC,0,7,0.0,8.5
3,2013,7,SK,4,3,0.5714285714285714,6.0
4,2013,7,넥센,5,2,0.7142857142857143,3.0
5,2013,7,두산,4,3,0.5714285714285714,6.0
6,2013,7,롯데,5,2,0.7142857142857143,3.0
7,2013,7,삼성,5,2,0.7142857142857143,3.0
8,2013,7,한화,0,7,0.0,8.5
