,Year,Game_idx,Team1,cum_win,cum_lose,Wpct,rank
0,1990,26,LG,10,16,0.38461538461538464,6.0
1,1990,26,OB,8,17,0.32,7.0
2,1990,26,롯데,16,10,0.6153846153846154,1.5
3,1990,26,빙그레,16,10,0.6153846153846154,1.5
4,1990,26,삼성,14,12,0.5384615384615384,4.0
5,1990,26,태평양,15,11,0.5769230769230769,3.0
6,1990,26,해태,13,12,0.52,5.0
