,Year,Game_idx,Team1,cum_win,cum_lose,Wpct,rank
0,1992,44,LG,15,27,0.35714285714285715,7.0
1,1992,44,OB,20,22,0.4761904761904762,5.0
2,1992,44,롯데,22,22,0.5,4.0
3,1992,44,빙그레,32,11,0.7441860465116279,1.0
4,1992,44,삼성,22,21,0.5116279069767442,3.0
5,1992,44,쌍방울,15,28,0.3488372093023256,8.0
6,1992,44,태평양,16,25,0.3902439024390244,6.0
7,1992,44,해태,29,15,0.6590909090909091,2.0
