,Year,Game_idx,Team1,cum_win,cum_lose,Wpct,rank
0,2002,62,KIA,39,20,0.6610169491525424,1.0
1,2002,62,LG,29,30,0.4915254237288136,5.0
2,2002,62,SK,27,33,0.45,6.0
3,2002,62,두산,35,26,0.5737704918032787,3.0
4,2002,62,롯데,17,44,0.2786885245901639,8.0
5,2002,62,삼성,38,24,0.6129032258064516,2.0
6,2002,62,한화,24,36,0.4,7.0
7,2002,62,현대,30,28,0.5172413793103449,4.0
