,Year,Game_idx,Team1,cum_win,cum_lose,Wpct,rank
0,1994,78,LG,50,28,0.6410256410256411,1.0
1,1994,78,OB,33,44,0.42857142857142855,7.0
2,1994,78,롯데,35,40,0.4666666666666667,6.0
3,1994,78,삼성,38,39,0.4935064935064935,5.0
4,1994,78,쌍방울,25,51,0.32894736842105265,8.0
5,1994,78,태평양,42,34,0.5526315789473685,2.0
6,1994,78,한화,42,35,0.5454545454545454,3.0
7,1994,78,해태,40,36,0.5263157894736842,4.0
