,Year,Game_idx,Team1,cum_win,cum_lose,Wpct,rank
0,1997,86,LG,48,36,0.5714285714285714,2.0
1,1997,86,OB,43,39,0.5243902439024389,5.0
2,1997,86,롯데,33,52,0.3882352941176471,8.0
3,1997,86,삼성,45,36,0.5555555555555556,3.0
4,1997,86,쌍방울,47,38,0.5529411764705883,4.0
5,1997,86,한화,33,51,0.3928571428571429,7.0
6,1997,86,해태,52,33,0.611764705882353,1.0
7,1997,86,현대,34,48,0.4146341463414634,6.0
