,Year,Game_idx,Team1,cum_win,cum_lose,Wpct,rank
0,2016,127,KIA,61,65,0.4841269841269841,5.5
1,2016,127,LG,61,65,0.4841269841269841,5.5
2,2016,127,NC,73,52,0.584,2.0
3,2016,127,SK,62,65,0.4881889763779528,4.0
4,2016,127,kt,48,77,0.384,10.0
5,2016,127,넥센,70,56,0.5555555555555556,3.0
6,2016,127,두산,81,45,0.6428571428571429,1.0
7,2016,127,롯데,57,70,0.4488188976377953,9.0
8,2016,127,삼성,57,69,0.4523809523809524,8.0
9,2016,127,한화,58,66,0.4677419354838709,7.0
