,Year,Game_idx,Team1,cum_win,cum_lose,Wpct,rank
0,1998,112,LG,55,56,0.4954954954954955,3.0
1,1998,112,OB,50,60,0.4545454545454545,6.5
2,1998,112,롯데,48,61,0.44036697247706413,8.0
3,1998,112,삼성,59,51,0.5363636363636364,2.0
4,1998,112,쌍방울,50,60,0.4545454545454545,6.5
5,1998,112,한화,53,55,0.4907407407407408,4.0
6,1998,112,해태,52,59,0.4684684684684685,5.0
7,1998,112,현대,75,37,0.6696428571428571,1.0
