,Year,Game_idx,Team1,cum_win,cum_lose,Wpct,rank
0,1999,76,LG,39,37,0.5131578947368421,5.0
1,1999,76,두산,41,31,0.5694444444444444,2.0
2,1999,76,롯데,46,26,0.6388888888888888,1.0
3,1999,76,삼성,40,34,0.5405405405405406,3.0
4,1999,76,쌍방울,16,55,0.22535211267605634,8.0
5,1999,76,한화,36,38,0.4864864864864865,6.0
6,1999,76,해태,35,39,0.472972972972973,7.0
7,1999,76,현대,38,33,0.5352112676056338,4.0
