,Year,Game_idx,Team1,cum_win,cum_lose,Wpct,rank
0,2006,6,KIA,2,3,0.4,6.0
1,2006,6,LG,3,3,0.5,4.5
2,2006,6,SK,5,1,0.8333333333333334,1.0
3,2006,6,두산,1,3,0.25,7.0
4,2006,6,롯데,3,3,0.5,4.5
5,2006,6,삼성,4,2,0.6666666666666666,2.5
6,2006,6,한화,4,2,0.6666666666666666,2.5
7,2006,6,현대,1,5,0.16666666666666666,8.0
