,Year,Game_idx,Team1,cum_win,cum_lose,Wpct,rank
0,2001,126,KIA,56,65,0.4628099173553719,5.0
1,2001,126,LG,52,66,0.4406779661016949,8.0
2,2001,126,SK,55,69,0.4435483870967742,7.0
3,2001,126,두산,64,57,0.5289256198347108,3.0
4,2001,126,롯데,56,66,0.459016393442623,6.0
5,2001,126,삼성,78,48,0.6190476190476191,1.0
6,2001,126,한화,57,65,0.4672131147540984,4.0
7,2001,126,현대,71,51,0.5819672131147541,2.0
