,Year,Game_idx,Team1,cum_win,cum_lose,Wpct,rank
0,1994,45,LG,30,15,0.6666666666666666,1.0
1,1994,45,OB,20,25,0.4444444444444444,6.5
2,1994,45,롯데,20,22,0.4761904761904762,5.0
3,1994,45,삼성,22,22,0.5,4.0
4,1994,45,쌍방울,15,28,0.3488372093023256,8.0
5,1994,45,태평양,22,21,0.5116279069767442,3.0
6,1994,45,한화,20,25,0.4444444444444444,6.5
7,1994,45,해태,26,17,0.6046511627906976,2.0
