,Year,Game_idx,Team1,cum_win,cum_lose,Wpct,rank
0,2007,16,KIA,8,8,0.5,5.0
1,2007,16,LG,9,7,0.5625,3.5
2,2007,16,SK,10,4,0.7142857142857143,1.0
3,2007,16,두산,5,11,0.3125,8.0
4,2007,16,롯데,9,7,0.5625,3.5
5,2007,16,삼성,9,6,0.6,2.0
6,2007,16,한화,7,8,0.4666666666666667,6.0
7,2007,16,현대,6,10,0.375,7.0
