,Year,Game_idx,Team1,cum_win,cum_lose,Wpct,rank
0,2011,49,KIA,26,23,0.5306122448979592,4.0
1,2011,49,LG,28,21,0.5714285714285714,2.0
2,2011,49,SK,29,20,0.5918367346938775,1.0
3,2011,49,넥센,19,30,0.3877551020408163,8.0
4,2011,49,두산,22,25,0.4680851063829787,6.0
5,2011,49,롯데,22,24,0.4782608695652174,5.0
6,2011,49,삼성,25,22,0.5319148936170213,3.0
7,2011,49,한화,19,29,0.3958333333333333,7.0
