,Year,Game_idx,Team1,cum_win,cum_lose,Wpct,rank
0,2011,56,KIA,33,23,0.5892857142857143,2.0
1,2011,56,LG,32,24,0.5714285714285714,3.0
2,2011,56,SK,34,22,0.6071428571428571,1.0
3,2011,56,넥센,20,36,0.35714285714285715,8.0
4,2011,56,두산,23,31,0.4259259259259259,6.0
5,2011,56,롯데,25,28,0.4716981132075472,5.0
6,2011,56,삼성,30,24,0.5555555555555556,4.0
7,2011,56,한화,23,32,0.41818181818181815,7.0
