,Year,Game_idx,Team1,cum_win,cum_lose,Wpct,rank
0,2014,16,KIA,7,9,0.4375,6.5
1,2014,16,LG,4,11,0.26666666666666666,9.0
2,2014,16,NC,11,5,0.6875,2.0
3,2014,16,SK,11,5,0.6875,2.0
4,2014,16,넥센,11,5,0.6875,2.0
5,2014,16,두산,8,8,0.5,5.0
6,2014,16,롯데,8,7,0.5333333333333333,4.0
7,2014,16,삼성,7,9,0.4375,6.5
8,2014,16,한화,5,11,0.3125,8.0
