,Year,Game_idx,Team1,cum_win,cum_lose,Wpct,rank
0,2011,114,KIA,61,53,0.5350877192982456,4.0
1,2011,114,LG,54,59,0.4778761061946903,5.0
2,2011,114,SK,60,52,0.5357142857142857,3.0
3,2011,114,넥센,44,68,0.3928571428571429,8.0
4,2011,114,두산,52,60,0.4642857142857143,6.0
5,2011,114,롯데,61,50,0.5495495495495496,2.0
6,2011,114,삼성,68,44,0.6071428571428571,1.0
7,2011,114,한화,50,62,0.44642857142857145,7.0
