,Year,Game_idx,Team1,cum_win,cum_lose,Wpct,rank
0,1994,77,LG,49,28,0.6363636363636364,1.0
1,1994,77,OB,32,44,0.42105263157894735,7.0
2,1994,77,롯데,34,40,0.4594594594594595,6.0
3,1994,77,삼성,38,38,0.5,5.0
4,1994,77,쌍방울,25,50,0.3333333333333333,8.0
5,1994,77,태평양,41,34,0.5466666666666666,3.0
6,1994,77,한화,42,34,0.5526315789473685,2.0
7,1994,77,해태,40,35,0.5333333333333333,4.0
