,Year,Game_idx,Team1,cum_win,cum_lose,Wpct,rank
0,2008,64,KIA,29,35,0.453125,6.0
1,2008,64,LG,24,40,0.375,7.5
2,2008,64,SK,44,20,0.6875,1.0
3,2008,64,두산,37,27,0.578125,2.0
4,2008,64,롯데,35,29,0.546875,3.0
5,2008,64,삼성,32,32,0.5,5.0
6,2008,64,한화,34,30,0.53125,4.0
7,2008,64,히어로즈,24,40,0.375,7.5
