,Year,Game_idx,Team1,cum_win,cum_lose,Wpct,rank
0,2007,77,KIA,28,48,0.3684210526315789,8.0
1,2007,77,LG,37,36,0.5068493150684932,4.0
2,2007,77,SK,45,27,0.625,1.0
3,2007,77,두산,40,35,0.5333333333333333,3.0
4,2007,77,롯데,34,40,0.4594594594594595,7.0
5,2007,77,삼성,36,38,0.4864864864864865,5.0
6,2007,77,한화,41,34,0.5466666666666666,2.0
7,2007,77,현대,36,41,0.4675324675324675,6.0
