,Year,Game_idx,Team1,cum_win,cum_lose,Wpct,rank
0,2006,15,KIA,7,7,0.5,4.0
1,2006,15,LG,6,9,0.4,7.0
2,2006,15,SK,10,5,0.6666666666666666,1.0
3,2006,15,두산,6,7,0.4615384615384616,6.0
4,2006,15,롯데,5,10,0.3333333333333333,8.0
5,2006,15,삼성,8,6,0.5714285714285714,3.0
6,2006,15,한화,9,6,0.6,2.0
7,2006,15,현대,7,8,0.4666666666666667,5.0
