,Year,Game_idx,Team1,cum_win,cum_lose,Wpct,rank
0,2005,83,KIA,33,49,0.4024390243902439,8.0
1,2005,83,LG,39,43,0.475609756097561,5.0
2,2005,83,SK,40,38,0.5128205128205128,4.0
3,2005,83,두산,45,36,0.5555555555555556,2.0
4,2005,83,롯데,38,45,0.4578313253012048,6.0
5,2005,83,삼성,49,32,0.6049382716049383,1.0
6,2005,83,한화,44,38,0.5365853658536586,3.0
7,2005,83,현대,37,44,0.4567901234567901,7.0
