,Year,Game_idx,Team1,cum_win,cum_lose,Wpct,rank
0,1997,82,LG,45,35,0.5625,3.0
1,1997,82,OB,40,38,0.5128205128205128,5.0
2,1997,82,롯데,32,49,0.3950617283950617,8.0
3,1997,82,삼성,44,33,0.5714285714285714,2.0
4,1997,82,쌍방울,45,36,0.5555555555555556,4.0
5,1997,82,한화,32,48,0.4,7.0
6,1997,82,해태,50,31,0.6172839506172839,1.0
7,1997,82,현대,32,46,0.41025641025641024,6.0
