,Year,Game_idx,Team1,cum_win,cum_lose,Wpct,rank
0,2010,105,KIA,47,58,0.4476190476190477,5.0
1,2010,105,LG,45,59,0.4326923076923077,6.0
2,2010,105,SK,67,38,0.6380952380952379,1.0
3,2010,105,넥센,41,61,0.4019607843137255,7.0
4,2010,105,두산,61,42,0.5922330097087378,3.0
5,2010,105,롯데,50,52,0.4901960784313725,4.0
6,2010,105,삼성,62,42,0.5961538461538461,2.0
7,2010,105,한화,41,64,0.3904761904761905,8.0
