,Year,Game_idx,Team1,cum_win,cum_lose,Wpct,rank
0,1997,105,LG,59,44,0.5728155339805825,2.0
1,1997,105,OB,47,53,0.47,5.0
2,1997,105,롯데,42,62,0.40384615384615385,8.0
3,1997,105,삼성,55,44,0.5555555555555556,3.0
4,1997,105,쌍방울,57,47,0.5480769230769231,4.0
5,1997,105,한화,43,60,0.4174757281553398,7.0
6,1997,105,해태,62,42,0.5961538461538461,1.0
7,1997,105,현대,44,57,0.4356435643564357,6.0
