,Year,Game_idx,Team1,cum_win,cum_lose,Wpct,rank
0,2014,55,KIA,24,31,0.4363636363636363,7.0
1,2014,55,LG,20,34,0.3703703703703704,8.5
2,2014,55,NC,34,21,0.6181818181818182,2.0
3,2014,55,SK,26,29,0.4727272727272727,6.0
4,2014,55,넥센,29,26,0.5272727272727272,3.5
5,2014,55,두산,29,26,0.5272727272727272,3.5
6,2014,55,롯데,28,26,0.5185185185185185,5.0
7,2014,55,삼성,35,18,0.660377358490566,1.0
8,2014,55,한화,20,34,0.3703703703703704,8.5
