,Year,Game_idx,Team1,cum_win,cum_lose,Wpct,rank
0,2013,36,KIA,20,15,0.5714285714285714,3.5
1,2013,36,LG,15,21,0.4166666666666667,7.0
2,2013,36,NC,10,24,0.29411764705882354,9.0
3,2013,36,SK,17,18,0.4857142857142857,5.0
4,2013,36,넥센,25,11,0.6944444444444444,1.5
5,2013,36,두산,20,15,0.5714285714285714,3.5
6,2013,36,롯데,16,18,0.4705882352941176,6.0
7,2013,36,삼성,25,11,0.6944444444444444,1.5
8,2013,36,한화,11,24,0.3142857142857143,8.0
