,Year,Game_idx,Team1,cum_win,cum_lose,Wpct,rank
0,1990,38,LG,16,22,0.42105263157894735,6.0
1,1990,38,OB,14,23,0.3783783783783784,7.0
2,1990,38,롯데,20,18,0.5263157894736842,3.5
3,1990,38,빙그레,21,17,0.5526315789473685,1.0
4,1990,38,삼성,19,19,0.5,5.0
5,1990,38,태평양,20,18,0.5263157894736842,3.5
6,1990,38,해태,20,17,0.5405405405405406,2.0
