,Year,Game_idx,Team1,cum_win,cum_lose,Wpct,rank
0,2008,61,KIA,28,33,0.459016393442623,6.0
1,2008,61,LG,23,38,0.3770491803278688,7.0
2,2008,61,SK,42,19,0.6885245901639344,1.0
3,2008,61,두산,34,27,0.5573770491803278,2.0
4,2008,61,롯데,33,28,0.5409836065573771,3.0
5,2008,61,삼성,31,30,0.5081967213114754,5.0
6,2008,61,한화,32,29,0.5245901639344263,4.0
7,2008,61,히어로즈,22,39,0.3606557377049181,8.0
