,Year,Game_idx,Team1,cum_win,cum_lose,Wpct,rank
0,1989,120,MBC,49,67,0.4224137931034483,6.0
1,1989,120,OB,54,63,0.4615384615384616,5.0
2,1989,120,롯데,48,67,0.4173913043478261,7.0
3,1989,120,빙그레,71,46,0.6068376068376068,1.0
4,1989,120,삼성,57,58,0.4956521739130435,4.0
5,1989,120,태평양,62,54,0.5344827586206896,3.0
6,1989,120,해태,65,51,0.5603448275862069,2.0
