,Year,Game_idx,Team1,cum_win,cum_lose,Wpct,rank
0,1991,102,LG,48,53,0.4752475247524752,5.0
1,1991,102,OB,38,62,0.38,8.0
2,1991,102,롯데,48,51,0.4848484848484849,4.0
3,1991,102,빙그레,58,40,0.5918367346938775,2.0
4,1991,102,삼성,59,42,0.5841584158415841,3.0
5,1991,102,쌍방울,43,56,0.4343434343434344,7.0
6,1991,102,태평양,46,55,0.4554455445544554,6.0
7,1991,102,해태,61,37,0.6224489795918368,1.0
