,Year,Game_idx,Team1,cum_win,cum_lose,Wpct,rank
0,1990,106,LG,61,45,0.5754716981132075,2.0
1,1990,106,OB,32,70,0.3137254901960784,7.0
2,1990,106,롯데,40,62,0.392156862745098,6.0
3,1990,106,빙그레,63,41,0.6057692307692307,1.0
4,1990,106,삼성,59,45,0.5673076923076923,3.0
5,1990,106,태평양,49,54,0.4757281553398058,5.0
6,1990,106,해태,57,46,0.5533980582524272,4.0
