,Year,Game_idx,Team1,cum_win,cum_lose,Wpct,rank
0,1998,95,LG,47,47,0.5,3.0
1,1998,95,OB,42,52,0.44680851063829785,6.0
2,1998,95,롯데,41,51,0.44565217391304346,7.0
3,1998,95,삼성,50,43,0.5376344086021505,2.0
4,1998,95,쌍방울,43,51,0.4574468085106383,5.0
5,1998,95,한화,43,48,0.4725274725274725,4.0
6,1998,95,해태,42,53,0.4421052631578947,8.0
7,1998,95,현대,62,33,0.6526315789473685,1.0
