,Year,Game_idx,Team1,cum_win,cum_lose,Wpct,rank
0,2009,110,KIA,66,40,0.6226415094339622,1.0
1,2009,110,LG,47,60,0.4392523364485981,7.0
2,2009,110,SK,61,44,0.580952380952381,2.0
3,2009,110,두산,61,47,0.5648148148148148,3.0
4,2009,110,롯데,56,54,0.509090909090909,4.0
5,2009,110,삼성,55,55,0.5,5.0
6,2009,110,한화,35,72,0.3271028037383177,8.0
7,2009,110,히어로즈,53,56,0.4862385321100918,6.0
