,Year,Game_idx,Team1,cum_win,cum_lose,Wpct,rank
0,1992,110,LG,43,64,0.4018691588785047,7.0
1,1992,110,OB,50,57,0.4672897196261682,5.0
2,1992,110,롯데,63,47,0.5727272727272728,3.0
3,1992,110,빙그레,68,40,0.6296296296296297,1.0
4,1992,110,삼성,57,51,0.5277777777777778,4.0
5,1992,110,쌍방울,38,71,0.3486238532110092,8.0
6,1992,110,태평양,48,59,0.4485981308411215,6.0
7,1992,110,해태,66,44,0.6,2.0
