,Year,Game_idx,Team1,cum_win,cum_lose,Wpct,rank
0,2001,113,KIA,50,58,0.462962962962963,4.0
1,2001,113,LG,46,60,0.4339622641509434,8.0
2,2001,113,SK,49,62,0.44144144144144143,7.0
3,2001,113,두산,57,51,0.5277777777777778,3.0
4,2001,113,롯데,49,60,0.44954128440366975,5.5
5,2001,113,삼성,73,40,0.6460176991150443,1.0
6,2001,113,한화,49,60,0.44954128440366975,5.5
7,2001,113,현대,65,45,0.5909090909090909,2.0
