,Year,Game_idx,Team1,cum_win,cum_lose,Wpct,rank
0,1995,59,LG,37,21,0.6379310344827587,2.0
1,1995,59,OB,36,20,0.6428571428571429,1.0
2,1995,59,롯데,29,28,0.5087719298245614,3.0
3,1995,59,삼성,26,29,0.4727272727272727,5.0
4,1995,59,쌍방울,24,34,0.4137931034482759,7.0
5,1995,59,태평양,22,34,0.3928571428571429,8.0
6,1995,59,한화,30,29,0.5084745762711864,4.0
7,1995,59,해태,26,33,0.4406779661016949,6.0
