,Year,Game_idx,Team1,cum_win,cum_lose,Wpct,rank
0,2009,37,KIA,18,17,0.5142857142857142,4.0
1,2009,37,LG,19,17,0.5277777777777778,3.0
2,2009,37,SK,24,9,0.7272727272727273,1.0
3,2009,37,두산,22,13,0.6285714285714286,2.0
4,2009,37,롯데,15,22,0.40540540540540543,7.0
5,2009,37,삼성,17,20,0.4594594594594595,5.0
6,2009,37,한화,15,20,0.42857142857142855,6.0
7,2009,37,히어로즈,12,24,0.3333333333333333,8.0
