,Year,Game_idx,Team1,cum_win,cum_lose,Wpct,rank
0,2000,111,LG,53,55,0.4907407407407408,5.0
1,2000,111,SK,33,75,0.3055555555555556,8.0
2,2000,111,두산,62,49,0.5585585585585585,3.0
3,2000,111,롯데,56,51,0.5233644859813084,4.0
4,2000,111,삼성,61,45,0.5754716981132075,2.0
5,2000,111,한화,43,63,0.4056603773584906,7.0
6,2000,111,해태,49,58,0.4579439252336449,6.0
7,2000,111,현대,75,34,0.6880733944954128,1.0
