,Year,Game_idx,Team1,cum_win,cum_lose,Wpct,rank
0,2009,59,KIA,32,24,0.5714285714285714,3.0
1,2009,59,LG,24,32,0.42857142857142855,7.0
2,2009,59,SK,35,20,0.6363636363636364,1.0
3,2009,59,두산,36,21,0.631578947368421,2.0
4,2009,59,롯데,26,33,0.4406779661016949,6.0
5,2009,59,삼성,28,31,0.4745762711864407,4.0
6,2009,59,한화,22,34,0.3928571428571429,8.0
7,2009,59,히어로즈,26,32,0.4482758620689655,5.0
