,Year,Game_idx,Team1,cum_win,cum_lose,Wpct,rank
0,2015,102,KIA,50,52,0.4901960784313725,6.0
1,2015,102,LG,44,57,0.4356435643564357,9.0
2,2015,102,NC,58,42,0.58,2.0
3,2015,102,SK,49,51,0.49,7.0
4,2015,102,kt,33,69,0.3235294117647059,10.0
5,2015,102,넥센,55,46,0.5445544554455446,4.0
6,2015,102,두산,57,45,0.5588235294117647,3.0
7,2015,102,롯데,46,56,0.4509803921568628,8.0
8,2015,102,삼성,62,40,0.6078431372549019,1.0
9,2015,102,한화,52,50,0.5098039215686274,5.0
