,Year,Game_idx,Team1,cum_win,cum_lose,Wpct,rank
0,2010,116,KIA,52,64,0.4482758620689655,5.0
1,2010,116,LG,50,63,0.4424778761061947,6.0
2,2010,116,SK,75,41,0.646551724137931,1.0
3,2010,116,넥센,45,68,0.3982300884955752,7.0
4,2010,116,두산,65,48,0.5752212389380531,3.0
5,2010,116,롯데,57,56,0.5044247787610621,4.0
6,2010,116,삼성,71,44,0.6173913043478261,2.0
7,2010,116,한화,43,72,0.3739130434782609,8.0
