,Year,Game_idx,Team1,cum_win,cum_lose,Wpct,rank
0,1991,98,LG,46,51,0.4742268041237113,5.0
1,1991,98,OB,35,61,0.3645833333333333,8.0
2,1991,98,롯데,46,50,0.4791666666666667,4.0
3,1991,98,빙그레,56,38,0.5957446808510638,2.0
4,1991,98,삼성,57,40,0.5876288659793815,3.0
5,1991,98,쌍방울,40,55,0.42105263157894735,7.0
6,1991,98,태평양,45,52,0.4639175257731959,6.0
7,1991,98,해태,59,35,0.6276595744680851,1.0
