,Year,Game_idx,Team1,cum_win,cum_lose,Wpct,rank
0,2010,129,KIA,58,71,0.4496124031007752,5.0
1,2010,129,LG,56,69,0.44799999999999995,6.0
2,2010,129,SK,82,45,0.6456692913385826,1.0
3,2010,129,넥센,51,75,0.4047619047619048,7.0
4,2010,129,두산,72,54,0.5714285714285714,3.0
5,2010,129,롯데,65,61,0.5158730158730159,4.0
6,2010,129,삼성,77,51,0.6015625,2.0
7,2010,129,한화,47,80,0.3700787401574803,8.0
