,Year,Game_idx,Team1,cum_win,cum_lose,Wpct,rank
0,2005,99,KIA,39,59,0.3979591836734694,8.0
1,2005,99,LG,42,56,0.42857142857142855,7.0
2,2005,99,SK,53,41,0.5638297872340425,2.0
3,2005,99,두산,54,43,0.5567010309278351,3.0
4,2005,99,롯데,46,52,0.4693877551020408,5.0
5,2005,99,삼성,58,39,0.5979381443298969,1.0
6,2005,99,한화,53,45,0.5408163265306123,4.0
7,2005,99,현대,44,52,0.4583333333333333,6.0
