,Year,Game_idx,Team1,cum_win,cum_lose,Wpct,rank
0,1997,61,LG,36,23,0.6101694915254238,1.0
1,1997,61,OB,33,25,0.5689655172413793,4.0
2,1997,61,롯데,22,38,0.36666666666666653,8.0
3,1997,61,삼성,34,23,0.5964912280701754,3.0
4,1997,61,쌍방울,31,30,0.5081967213114754,5.0
5,1997,61,한화,23,36,0.3898305084745763,6.0
6,1997,61,해태,36,24,0.6,2.0
7,1997,61,현대,22,36,0.3793103448275862,7.0
