,Year,Game_idx,Team1,cum_win,cum_lose,Wpct,rank
0,2014,3,KIA,2,1,0.6666666666666666,3.5
1,2014,3,LG,1,2,0.3333333333333333,8.0
2,2014,3,NC,2,1,0.6666666666666666,3.5
3,2014,3,SK,2,1,0.6666666666666666,3.5
4,2014,3,넥센,2,1,0.6666666666666666,3.5
5,2014,3,두산,1,2,0.3333333333333333,8.0
6,2014,3,롯데,2,1,0.6666666666666666,3.5
7,2014,3,삼성,2,1,0.6666666666666666,3.5
8,2014,3,한화,1,2,0.3333333333333333,8.0
