,Year,Game_idx,Team1,cum_win,cum_lose,Wpct,rank
0,2013,128,KIA,51,74,0.408,8.0
1,2013,128,LG,74,54,0.578125,2.0
2,2013,128,NC,52,72,0.41935483870967744,7.0
3,2013,128,SK,62,63,0.496,6.0
4,2013,128,넥센,72,54,0.5714285714285714,3.0
5,2013,128,두산,71,54,0.568,4.0
6,2013,128,롯데,66,58,0.532258064516129,5.0
7,2013,128,삼성,75,51,0.5952380952380952,1.0
8,2013,128,한화,42,85,0.3307086614173229,9.0
