,Year,Game_idx,Team1,cum_win,cum_lose,Wpct,rank
0,1992,16,LG,4,11,0.26666666666666666,8.0
1,1992,16,OB,5,10,0.3333333333333333,7.0
2,1992,16,롯데,6,10,0.375,6.0
3,1992,16,빙그레,13,2,0.8666666666666667,1.0
4,1992,16,삼성,7,8,0.4666666666666667,4.5
5,1992,16,쌍방울,7,8,0.4666666666666667,4.5
6,1992,16,태평양,9,4,0.6923076923076923,2.0
7,1992,16,해태,9,7,0.5625,3.0
