,Year,Game_idx,Team1,cum_win,cum_lose,Wpct,rank
0,2002,117,KIA,69,44,0.6106194690265486,2.0
1,2002,117,LG,59,52,0.5315315315315315,4.0
2,2002,117,SK,54,60,0.4736842105263158,7.0
3,2002,117,두산,58,57,0.5043478260869565,5.0
4,2002,117,롯데,29,87,0.25,8.0
5,2002,117,삼성,70,43,0.6194690265486725,1.0
6,2002,117,한화,54,58,0.4821428571428572,6.0
7,2002,117,현대,62,50,0.5535714285714286,3.0
