,Year,Game_idx,Team1,cum_win,cum_lose,Wpct,rank
0,2004,131,KIA,67,59,0.5317460317460317,3.0
1,2004,131,LG,59,68,0.4645669291338583,6.0
2,2004,131,SK,60,63,0.4878048780487805,5.0
3,2004,131,두산,69,61,0.5307692307692308,4.0
4,2004,131,롯데,48,72,0.4,8.0
5,2004,131,삼성,72,51,0.5853658536585366,1.0
6,2004,131,한화,52,73,0.41600000000000004,7.0
7,2004,131,현대,73,53,0.5793650793650794,2.0
