,Year,Game_idx,Team1,cum_win,cum_lose,Wpct,rank
0,2016,102,KIA,49,52,0.4851485148514851,5.5
1,2016,102,LG,49,52,0.4851485148514851,5.5
2,2016,102,NC,60,40,0.6,2.0
3,2016,102,SK,50,52,0.4901960784313725,4.0
4,2016,102,kt,38,62,0.38,10.0
5,2016,102,넥센,57,44,0.5643564356435643,3.0
6,2016,102,두산,63,38,0.6237623762376238,1.0
7,2016,102,롯데,47,55,0.4607843137254902,8.0
8,2016,102,삼성,43,58,0.4257425742574257,9.0
9,2016,102,한화,46,53,0.4646464646464646,7.0
