,Year,Game_idx,Team1,cum_win,cum_lose,Wpct,rank
0,2013,25,KIA,16,8,0.6666666666666666,2.0
1,2013,25,LG,13,12,0.52,5.0
2,2013,25,NC,6,18,0.25,8.5
3,2013,25,SK,12,12,0.5,6.0
4,2013,25,넥센,17,8,0.68,1.0
5,2013,25,두산,15,9,0.625,3.0
6,2013,25,롯데,11,13,0.4583333333333333,7.0
7,2013,25,삼성,15,10,0.6,4.0
8,2013,25,한화,6,18,0.25,8.5
