,Year,Game_idx,Team1,cum_win,cum_lose,Wpct,rank
0,2006,120,KIA,60,57,0.5128205128205128,4.0
1,2006,120,LG,47,69,0.4051724137931034,8.0
2,2006,120,SK,56,63,0.4705882352941176,6.0
3,2006,120,두산,59,58,0.5042735042735043,5.0
4,2006,120,롯데,49,68,0.4188034188034188,7.0
5,2006,120,삼성,69,48,0.5897435897435898,1.0
6,2006,120,한화,63,55,0.5338983050847458,3.0
7,2006,120,현대,68,51,0.5714285714285714,2.0
