,Year,Game_idx,Team1,cum_win,cum_lose,Wpct,rank
0,2009,63,KIA,34,26,0.5666666666666667,3.0
1,2009,63,LG,27,33,0.45,6.0
2,2009,63,SK,36,23,0.6101694915254238,2.0
3,2009,63,두산,38,23,0.6229508196721312,1.0
4,2009,63,롯데,27,36,0.42857142857142855,7.0
5,2009,63,삼성,29,34,0.4603174603174603,4.0
6,2009,63,한화,24,36,0.4,8.0
7,2009,63,히어로즈,28,34,0.4516129032258064,5.0
