,Year,Game_idx,Team1,cum_win,cum_lose,Wpct,rank
0,2012,109,KIA,52,53,0.4952380952380953,5.0
1,2012,109,LG,46,59,0.4380952380952381,7.0
2,2012,109,SK,56,50,0.5283018867924528,3.0
3,2012,109,넥센,51,56,0.4766355140186916,6.0
4,2012,109,두산,56,51,0.5233644859813084,4.0
5,2012,109,롯데,57,47,0.5480769230769231,2.0
6,2012,109,삼성,64,43,0.5981308411214953,1.0
7,2012,109,한화,42,65,0.3925233644859813,8.0
