,Year,Game_idx,Team1,cum_win,cum_lose,Wpct,rank
0,2003,92,KIA,48,40,0.5454545454545454,4.0
1,2003,92,LG,47,43,0.5222222222222223,5.0
2,2003,92,SK,51,39,0.5666666666666667,3.0
3,2003,92,두산,33,57,0.36666666666666653,7.0
4,2003,92,롯데,23,66,0.25842696629213485,8.0
5,2003,92,삼성,57,33,0.6333333333333333,2.0
6,2003,92,한화,43,46,0.4831460674157304,6.0
7,2003,92,현대,59,31,0.6555555555555556,1.0
