,Year,Game_idx,Team1,cum_win,cum_lose,Wpct,rank
0,2012,111,KIA,52,55,0.485981308411215,5.0
1,2012,111,LG,47,60,0.4392523364485981,7.0
2,2012,111,SK,57,51,0.5277777777777778,3.0
3,2012,111,넥센,52,57,0.4770642201834863,6.0
4,2012,111,두산,57,52,0.5229357798165137,4.0
5,2012,111,롯데,58,48,0.5471698113207547,2.0
6,2012,111,삼성,65,44,0.5963302752293578,1.0
7,2012,111,한화,44,65,0.4036697247706422,8.0
