,Year,Game_idx,Team1,cum_win,cum_lose,Wpct,rank
0,1998,3,LG,1,2,0.3333333333333333,6.0
1,1998,3,OB,2,1,0.6666666666666666,2.0
2,1998,3,롯데,1,2,0.3333333333333333,6.0
3,1998,3,삼성,1,2,0.3333333333333333,6.0
4,1998,3,쌍방울,2,1,0.6666666666666666,2.0
5,1998,3,한화,2,1,0.6666666666666666,2.0
6,1998,3,해태,1,2,0.3333333333333333,6.0
7,1998,3,현대,1,2,0.3333333333333333,6.0
