,Year,Game_idx,Team1,cum_win,cum_lose,Wpct,rank
0,1993,114,LG,63,49,0.5625,3.0
1,1993,114,OB,58,51,0.5321100917431193,4.0
2,1993,114,롯데,56,57,0.4955752212389381,5.0
3,1993,114,빙그레,53,57,0.4818181818181818,6.0
4,1993,114,삼성,66,43,0.6055045871559633,2.0
5,1993,114,쌍방울,39,70,0.3577981651376147,7.0
6,1993,114,태평양,32,72,0.3076923076923077,8.0
7,1993,114,해태,73,39,0.6517857142857143,1.0
