,Year,Game_idx,Team1,cum_win,cum_lose,Wpct,rank
0,2005,34,KIA,11,23,0.3235294117647059,8.0
1,2005,34,LG,16,18,0.4705882352941176,4.0
2,2005,34,SK,14,18,0.4375,5.0
3,2005,34,두산,22,11,0.6666666666666666,2.0
4,2005,34,롯데,20,14,0.5882352941176471,3.0
5,2005,34,삼성,23,11,0.6764705882352942,1.0
6,2005,34,한화,14,20,0.4117647058823529,6.0
7,2005,34,현대,13,20,0.3939393939393939,7.0
