,Year,Game_idx,Team1,cum_win,cum_lose,Wpct,rank
0,1991,97,LG,46,50,0.4791666666666667,4.0
1,1991,97,OB,35,60,0.3684210526315789,8.0
2,1991,97,롯데,45,50,0.4736842105263158,5.0
3,1991,97,빙그레,55,38,0.5913978494623656,3.0
4,1991,97,삼성,57,39,0.59375,2.0
5,1991,97,쌍방울,39,55,0.4148936170212766,7.0
6,1991,97,태평양,45,51,0.46875,6.0
7,1991,97,해태,58,35,0.6236559139784946,1.0
