,Year,Game_idx,Team1,cum_win,cum_lose,Wpct,rank
0,1994,26,LG,19,7,0.7307692307692307,1.0
1,1994,26,OB,13,13,0.5,3.0
2,1994,26,롯데,10,14,0.4166666666666667,7.5
3,1994,26,삼성,12,13,0.48,4.0
4,1994,26,쌍방울,11,14,0.44,5.0
5,1994,26,태평양,14,10,0.5833333333333334,2.0
6,1994,26,한화,11,15,0.4230769230769231,6.0
7,1994,26,해태,10,14,0.4166666666666667,7.5
