,Year,Game_idx,Team1,cum_win,cum_lose,Wpct,rank
0,2013,45,KIA,23,21,0.5227272727272727,4.0
1,2013,45,LG,22,23,0.4888888888888889,6.0
2,2013,45,NC,16,27,0.372093023255814,8.0
3,2013,45,SK,20,24,0.4545454545454545,7.0
4,2013,45,넥센,29,16,0.6444444444444445,1.5
5,2013,45,두산,22,22,0.5,5.0
6,2013,45,롯데,23,20,0.5348837209302325,3.0
7,2013,45,삼성,29,16,0.6444444444444445,1.5
8,2013,45,한화,14,30,0.3181818181818182,9.0
