,Year,Game_idx,Team1,cum_win,cum_lose,Wpct,rank
0,1990,22,LG,8,14,0.3636363636363637,7.0
1,1990,22,OB,8,13,0.3809523809523809,6.0
2,1990,22,롯데,14,8,0.6363636363636364,1.5
3,1990,22,빙그레,14,8,0.6363636363636364,1.5
4,1990,22,삼성,11,11,0.5,3.5
5,1990,22,태평양,11,11,0.5,3.5
6,1990,22,해태,10,11,0.4761904761904762,5.0
