,Year,Game_idx,Team1,cum_win,cum_lose,Wpct,rank
0,2010,26,KIA,11,15,0.4230769230769231,5.0
1,2010,26,LG,12,13,0.48,4.0
2,2010,26,SK,21,5,0.8076923076923077,1.0
3,2010,26,넥센,8,18,0.3076923076923077,8.0
4,2010,26,두산,17,8,0.68,2.0
5,2010,26,롯데,10,16,0.38461538461538464,6.0
6,2010,26,삼성,14,12,0.5384615384615384,3.0
7,2010,26,한화,9,17,0.3461538461538461,7.0
