,Year,Game_idx,Team1,cum_win,cum_lose,Wpct,rank
0,2005,52,KIA,20,31,0.392156862745098,8.0
1,2005,52,LG,22,30,0.4230769230769231,6.0
2,2005,52,SK,20,30,0.4,7.0
3,2005,52,두산,31,20,0.6078431372549019,2.0
4,2005,52,롯데,28,24,0.5384615384615384,3.0
5,2005,52,삼성,37,15,0.7115384615384616,1.0
6,2005,52,한화,25,26,0.4901960784313725,4.0
7,2005,52,현대,23,28,0.4509803921568628,5.0
