,Year,Game_idx,Team1,cum_win,cum_lose,Wpct,rank
0,1991,68,LG,35,32,0.5223880597014925,4.0
1,1991,68,OB,23,45,0.3382352941176471,8.0
2,1991,68,롯데,34,33,0.5074626865671642,5.0
3,1991,68,빙그레,34,31,0.5230769230769231,3.0
4,1991,68,삼성,36,32,0.5294117647058824,2.0
5,1991,68,쌍방울,26,41,0.3880597014925373,7.0
6,1991,68,태평양,34,34,0.5,6.0
7,1991,68,해태,45,22,0.6716417910447762,1.0
