,Year,Game_idx,Team1,cum_win,cum_lose,Wpct,rank
0,2010,24,KIA,10,14,0.4166666666666667,5.0
1,2010,24,LG,12,11,0.5217391304347826,4.0
2,2010,24,SK,19,5,0.7916666666666666,1.0
3,2010,24,넥센,8,16,0.3333333333333333,7.5
4,2010,24,두산,16,7,0.6956521739130435,2.0
5,2010,24,롯데,8,16,0.3333333333333333,7.5
6,2010,24,삼성,13,11,0.5416666666666666,3.0
7,2010,24,한화,9,15,0.375,6.0
