,Year,Game_idx,Team1,cum_win,cum_lose,Wpct,rank
0,1989,34,MBC,15,17,0.46875,5.0
1,1989,34,OB,11,22,0.3333333333333333,7.0
2,1989,34,롯데,12,21,0.3636363636363637,6.0
3,1989,34,빙그레,20,12,0.625,1.0
4,1989,34,삼성,19,14,0.5757575757575758,2.5
5,1989,34,태평양,17,15,0.53125,4.0
6,1989,34,해태,19,14,0.5757575757575758,2.5
