,Year,Game_idx,Team1,cum_win,cum_lose,Wpct,rank
0,2008,19,KIA,5,14,0.2631578947368421,8.0
1,2008,19,LG,8,11,0.42105263157894735,6.5
2,2008,19,SK,14,5,0.7368421052631579,1.0
3,2008,19,두산,9,10,0.4736842105263158,4.5
4,2008,19,롯데,12,7,0.631578947368421,2.0
5,2008,19,삼성,10,9,0.5263157894736842,3.0
6,2008,19,한화,8,11,0.42105263157894735,6.5
7,2008,19,히어로즈,9,10,0.4736842105263158,4.5
