,Year,Game_idx,Team1,cum_win,cum_lose,Wpct,rank
0,2008,85,KIA,39,46,0.4588235294117647,6.0
1,2008,85,LG,28,57,0.32941176470588235,8.0
2,2008,85,SK,55,30,0.6470588235294118,1.0
3,2008,85,두산,51,34,0.6,2.0
4,2008,85,롯데,43,42,0.5058823529411764,4.0
5,2008,85,삼성,40,45,0.4705882352941176,5.0
6,2008,85,한화,46,39,0.5411764705882353,3.0
7,2008,85,히어로즈,36,49,0.4235294117647059,7.0
