,Year,Game_idx,Team1,cum_win,cum_lose,Wpct,rank
0,2009,73,KIA,38,31,0.5507246376811594,3.0
1,2009,73,LG,32,38,0.4571428571428571,7.0
2,2009,73,SK,42,26,0.6176470588235294,1.0
3,2009,73,두산,41,30,0.5774647887323944,2.0
4,2009,73,롯데,35,38,0.4794520547945205,5.0
5,2009,73,삼성,34,39,0.4657534246575342,6.0
6,2009,73,한화,24,46,0.3428571428571429,8.0
7,2009,73,히어로즈,35,37,0.4861111111111111,4.0
