,Year,Game_idx,Team1,cum_win,cum_lose,Wpct,rank
0,2011,111,KIA,61,50,0.5495495495495496,2.0
1,2011,111,LG,53,57,0.4818181818181818,5.0
2,2011,111,SK,58,51,0.5321100917431193,4.0
3,2011,111,넥센,44,66,0.4,8.0
4,2011,111,두산,51,58,0.4678899082568808,6.0
5,2011,111,롯데,59,49,0.5462962962962963,3.0
6,2011,111,삼성,65,44,0.5963302752293578,1.0
7,2011,111,한화,49,60,0.44954128440366975,7.0
