,Year,Game_idx,Team1,cum_win,cum_lose,Wpct,rank
0,2016,111,KIA,54,56,0.4909090909090909,5.0
1,2016,111,LG,53,57,0.4818181818181818,6.0
2,2016,111,NC,65,44,0.5963302752293578,2.0
3,2016,111,SK,55,56,0.4954954954954955,4.0
4,2016,111,kt,42,67,0.3853211009174312,10.0
5,2016,111,넥센,62,48,0.5636363636363636,3.0
6,2016,111,두산,71,39,0.6454545454545455,1.0
7,2016,111,롯데,50,61,0.4504504504504505,8.0
8,2016,111,삼성,49,61,0.44545454545454544,9.0
9,2016,111,한화,49,59,0.4537037037037037,7.0
