,Year,Game_idx,Team1,cum_win,cum_lose,Wpct,rank
0,2016,129,KIA,63,65,0.4921875,5.5
1,2016,129,LG,63,65,0.4921875,5.5
2,2016,129,NC,73,53,0.5793650793650794,2.0
3,2016,129,SK,64,65,0.4961240310077519,4.0
4,2016,129,kt,48,79,0.3779527559055118,10.0
5,2016,129,넥센,70,58,0.546875,3.0
6,2016,129,두산,82,46,0.640625,1.0
7,2016,129,롯데,58,71,0.4496124031007752,9.0
8,2016,129,삼성,59,69,0.4609375,8.0
9,2016,129,한화,59,67,0.4682539682539682,7.0
