,Year,Game_idx,Team1,cum_win,cum_lose,Wpct,rank
0,1992,88,LG,34,52,0.3953488372093023,7.0
1,1992,88,OB,39,47,0.4534883720930232,6.0
2,1992,88,롯데,50,38,0.5681818181818182,3.0
3,1992,88,빙그레,53,34,0.6091954022988506,2.0
4,1992,88,삼성,45,41,0.5232558139534884,4.0
5,1992,88,쌍방울,30,57,0.3448275862068966,8.0
6,1992,88,태평양,40,45,0.4705882352941176,5.0
7,1992,88,해태,54,34,0.6136363636363636,1.0
