,Year,Game_idx,Team1,cum_win,cum_lose,Wpct,rank
0,2015,132,KIA,62,70,0.4696969696969697,7.5
1,2015,132,LG,57,73,0.4384615384615385,9.0
2,2015,132,NC,78,52,0.6,2.0
3,2015,132,SK,62,68,0.476923076923077,6.0
4,2015,132,kt,49,83,0.3712121212121212,10.0
5,2015,132,넥센,73,58,0.5572519083969466,3.0
6,2015,132,두산,71,61,0.5378787878787878,4.0
7,2015,132,롯데,64,67,0.4885496183206106,5.0
8,2015,132,삼성,80,52,0.6060606060606061,1.0
9,2015,132,한화,62,70,0.4696969696969697,7.5
