,Year,Game_idx,Team1,cum_win,cum_lose,Wpct,rank
0,2011,119,KIA,64,55,0.5378151260504201,4.0
1,2011,119,LG,55,63,0.4661016949152542,5.0
2,2011,119,SK,64,53,0.5470085470085471,3.0
3,2011,119,넥센,47,70,0.4017094017094017,8.0
4,2011,119,두산,53,64,0.45299145299145294,6.0
5,2011,119,롯데,63,51,0.5526315789473685,2.0
6,2011,119,삼성,71,46,0.6068376068376068,1.0
7,2011,119,한화,52,65,0.4444444444444444,7.0
