,Year,Game_idx,Team1,cum_win,cum_lose,Wpct,rank
0,2004,12,KIA,5,7,0.4166666666666667,5.0
1,2004,12,LG,7,4,0.6363636363636364,2.0
2,2004,12,SK,6,6,0.5,4.0
3,2004,12,두산,4,8,0.3333333333333333,8.0
4,2004,12,롯데,4,7,0.3636363636363637,6.5
5,2004,12,삼성,6,5,0.5454545454545454,3.0
6,2004,12,한화,4,7,0.3636363636363637,6.5
7,2004,12,현대,10,2,0.8333333333333334,1.0
