,Year,Game_idx,Team1,cum_win,cum_lose,Wpct,rank
0,1991,39,LG,21,17,0.5526315789473685,3.0
1,1991,39,OB,15,24,0.38461538461538464,7.0
2,1991,39,롯데,17,21,0.4473684210526316,6.0
3,1991,39,빙그레,20,17,0.5405405405405406,4.0
4,1991,39,삼성,22,17,0.5641025641025641,2.0
5,1991,39,쌍방울,14,25,0.35897435897435903,8.0
6,1991,39,태평양,20,19,0.5128205128205128,5.0
7,1991,39,해태,26,13,0.6666666666666666,1.0
