,Year,Game_idx,Team1,cum_win,cum_lose,Wpct,rank
0,2014,117,KIA,50,67,0.4273504273504273,8.0
1,2014,117,LG,54,60,0.4736842105263158,4.0
2,2014,117,NC,63,53,0.5431034482758621,3.0
3,2014,117,SK,54,62,0.4655172413793103,5.0
4,2014,117,넥센,71,45,0.6120689655172413,2.0
5,2014,117,두산,53,63,0.456896551724138,6.0
6,2014,117,롯데,52,63,0.4521739130434783,7.0
7,2014,117,삼성,74,40,0.6491228070175439,1.0
8,2014,117,한화,47,68,0.40869565217391307,9.0
