,Year,Game_idx,Team1,cum_win,cum_lose,Wpct,rank
0,2002,35,KIA,21,12,0.6363636363636364,1.0
1,2002,35,LG,15,20,0.42857142857142855,7.0
2,2002,35,SK,15,19,0.4411764705882353,6.0
3,2002,35,두산,16,18,0.4705882352941176,5.0
4,2002,35,롯데,14,20,0.4117647058823529,8.0
5,2002,35,삼성,21,14,0.6,2.0
6,2002,35,한화,18,15,0.5454545454545454,3.0
7,2002,35,현대,16,16,0.5,4.0
