,Year,Game_idx,Team1,cum_win,cum_lose,Wpct,rank
0,2011,70,KIA,40,30,0.5714285714285714,2.0
1,2011,70,LG,36,34,0.5142857142857142,4.0
2,2011,70,SK,39,31,0.5571428571428572,3.0
3,2011,70,넥센,26,44,0.37142857142857133,8.0
4,2011,70,두산,31,37,0.4558823529411765,5.0
5,2011,70,롯데,30,37,0.4477611940298508,6.0
6,2011,70,삼성,41,27,0.6029411764705882,1.0
7,2011,70,한화,30,39,0.43478260869565216,7.0
