,Year,Game_idx,Team1,cum_win,cum_lose,Wpct,rank
0,2009,46,KIA,23,20,0.5348837209302325,3.0
1,2009,46,LG,21,22,0.4883720930232558,4.0
2,2009,46,SK,28,14,0.6666666666666666,1.0
3,2009,46,두산,28,16,0.6363636363636364,2.0
4,2009,46,롯데,19,27,0.4130434782608696,7.0
5,2009,46,삼성,21,25,0.4565217391304348,5.0
6,2009,46,한화,17,26,0.3953488372093023,8.0
7,2009,46,히어로즈,19,26,0.4222222222222222,6.0
