,Year,Game_idx,Team1,cum_win,cum_lose,Wpct,rank
0,1993,123,LG,66,54,0.55,3.0
1,1993,123,OB,63,55,0.5338983050847458,4.0
2,1993,123,롯데,60,62,0.4918032786885246,6.0
3,1993,123,빙그레,59,60,0.4957983193277311,5.0
4,1993,123,삼성,71,47,0.6016949152542372,2.0
5,1993,123,쌍방울,41,77,0.3474576271186441,7.0
6,1993,123,태평양,34,79,0.3008849557522124,8.0
7,1993,123,해태,79,41,0.6583333333333333,1.0
