,Year,Game_idx,Team1,cum_win,cum_lose,Wpct,rank
0,1996,13,LG,5,8,0.38461538461538464,6.5
1,1996,13,OB,7,6,0.5384615384615384,3.5
2,1996,13,롯데,7,6,0.5384615384615384,3.5
3,1996,13,삼성,7,6,0.5384615384615384,3.5
4,1996,13,쌍방울,9,4,0.6923076923076923,1.0
5,1996,13,한화,5,8,0.38461538461538464,6.5
6,1996,13,해태,4,9,0.3076923076923077,8.0
7,1996,13,현대,7,6,0.5384615384615384,3.5
