,Year,Game_idx,Team1,cum_win,cum_lose,Wpct,rank
0,1991,57,LG,29,27,0.5178571428571429,4.5
1,1991,57,OB,20,37,0.3508771929824561,8.0
2,1991,57,롯데,29,27,0.5178571428571429,4.5
3,1991,57,빙그레,29,26,0.5272727272727272,3.0
4,1991,57,삼성,31,26,0.543859649122807,2.0
5,1991,57,쌍방울,23,34,0.4035087719298245,7.0
6,1991,57,태평양,28,29,0.4912280701754386,6.0
7,1991,57,해태,38,19,0.6666666666666666,1.0
