,Year,Game_idx,Team1,cum_win,cum_lose,Wpct,rank
0,1996,102,LG,43,54,0.4432989690721649,7.0
1,1996,102,OB,38,59,0.3917525773195876,8.0
2,1996,102,롯데,44,52,0.4583333333333333,6.0
3,1996,102,삼성,45,52,0.4639175257731959,5.0
4,1996,102,쌍방울,53,47,0.53,4.0
5,1996,102,한화,55,46,0.5445544554455446,3.0
6,1996,102,해태,61,39,0.61,1.0
7,1996,102,현대,53,44,0.5463917525773195,2.0
