,Year,Game_idx,Team1,cum_win,cum_lose,Wpct,rank
0,1999,22,LG,14,8,0.6363636363636364,2.0
1,1999,22,두산,10,11,0.4761904761904762,5.0
2,1999,22,롯데,13,7,0.65,1.0
3,1999,22,삼성,12,9,0.5714285714285714,3.0
4,1999,22,쌍방울,5,15,0.25,8.0
5,1999,22,한화,10,12,0.4545454545454545,6.5
6,1999,22,해태,11,11,0.5,4.0
7,1999,22,현대,10,12,0.4545454545454545,6.5
