,Year,Game_idx,Team1,cum_win,cum_lose,Wpct,rank
0,2014,73,KIA,35,38,0.4794520547945205,5.5
1,2014,73,LG,31,41,0.4305555555555556,7.0
2,2014,73,NC,42,31,0.5753424657534246,3.0
3,2014,73,SK,30,43,0.410958904109589,8.0
4,2014,73,넥센,42,30,0.5833333333333334,2.0
5,2014,73,두산,35,38,0.4794520547945205,5.5
6,2014,73,롯데,37,35,0.5138888888888888,4.0
7,2014,73,삼성,48,23,0.676056338028169,1.0
8,2014,73,한화,25,47,0.3472222222222222,9.0
