,Year,Game_idx,Team1,cum_win,cum_lose,Wpct,rank
0,2014,14,KIA,6,8,0.42857142857142855,6.0
1,2014,14,LG,4,9,0.3076923076923077,8.0
2,2014,14,NC,10,4,0.7142857142857143,1.0
3,2014,14,SK,9,5,0.6428571428571429,2.5
4,2014,14,넥센,9,5,0.6428571428571429,2.5
5,2014,14,두산,7,7,0.5,5.0
6,2014,14,롯데,7,6,0.5384615384615384,4.0
7,2014,14,삼성,5,9,0.35714285714285715,7.0
8,2014,14,한화,4,10,0.2857142857142857,9.0
