,Year,Game_idx,Team1,cum_win,cum_lose,Wpct,rank
0,2004,61,KIA,27,31,0.4655172413793103,7.0
1,2004,61,LG,28,31,0.4745762711864407,6.0
2,2004,61,SK,27,28,0.4909090909090909,5.0
3,2004,61,두산,31,29,0.5166666666666667,2.0
4,2004,61,롯데,21,32,0.3962264150943397,8.0
5,2004,61,삼성,28,27,0.509090909090909,3.0
6,2004,61,한화,29,28,0.5087719298245614,4.0
7,2004,61,현대,35,22,0.6140350877192983,1.0
