,Year,Game_idx,Team1,cum_win,cum_lose,Wpct,rank
0,2015,35,KIA,17,18,0.4857142857142857,7.0
1,2015,35,LG,15,20,0.42857142857142855,9.0
2,2015,35,NC,18,16,0.5294117647058824,5.0
3,2015,35,SK,21,14,0.6,3.0
4,2015,35,kt,7,28,0.2,10.0
5,2015,35,넥센,19,16,0.5428571428571428,4.0
6,2015,35,두산,22,13,0.6285714285714286,1.5
7,2015,35,롯데,16,19,0.4571428571428571,8.0
8,2015,35,삼성,22,13,0.6285714285714286,1.5
9,2015,35,한화,18,17,0.5142857142857142,6.0
