,Year,Game_idx,Team1,cum_win,cum_lose,Wpct,rank
0,2007,28,KIA,12,16,0.42857142857142855,7.0
1,2007,28,LG,13,14,0.4814814814814815,5.5
2,2007,28,SK,16,10,0.6153846153846154,1.0
3,2007,28,두산,13,14,0.4814814814814815,5.5
4,2007,28,롯데,14,14,0.5,3.5
5,2007,28,삼성,11,15,0.4230769230769231,8.0
6,2007,28,한화,15,12,0.5555555555555556,2.0
7,2007,28,현대,14,14,0.5,3.5
