,Year,Game_idx,Team1,cum_win,cum_lose,Wpct,rank
0,2000,98,LG,48,47,0.5052631578947369,5.0
1,2000,98,SK,26,70,0.2708333333333333,8.0
2,2000,98,두산,58,40,0.5918367346938775,2.0
3,2000,98,롯데,52,44,0.5416666666666666,4.0
4,2000,98,삼성,54,40,0.5744680851063829,3.0
5,2000,98,한화,37,57,0.39361702127659576,7.0
6,2000,98,해태,43,53,0.4479166666666667,6.0
7,2000,98,현대,66,31,0.6804123711340206,1.0
