,Year,Game_idx,Team1,cum_win,cum_lose,Wpct,rank
0,2015,98,KIA,48,50,0.4897959183673469,7.0
1,2015,98,LG,42,55,0.4329896907216495,9.0
2,2015,98,NC,55,41,0.5729166666666666,2.0
3,2015,98,SK,48,48,0.5,5.5
4,2015,98,kt,32,66,0.32653061224489793,10.0
5,2015,98,넥센,54,43,0.5567010309278351,4.0
6,2015,98,두산,55,43,0.5612244897959183,3.0
7,2015,98,롯데,45,53,0.4591836734693878,8.0
8,2015,98,삼성,60,38,0.6122448979591837,1.0
9,2015,98,한화,49,49,0.5,5.5
