,Year,Game_idx,Team1,cum_win,cum_lose,Wpct,rank
0,1993,72,LG,42,29,0.5915492957746479,2.0
1,1993,72,OB,32,35,0.4776119402985074,5.0
2,1993,72,롯데,36,36,0.5,4.0
3,1993,72,빙그레,30,40,0.42857142857142855,6.0
4,1993,72,삼성,37,31,0.5441176470588235,3.0
5,1993,72,쌍방울,27,41,0.3970588235294117,7.0
6,1993,72,태평양,24,41,0.3692307692307693,8.0
7,1993,72,해태,48,23,0.676056338028169,1.0
