,Year,Game_idx,Team1,cum_win,cum_lose,Wpct,rank
0,2016,113,KIA,54,58,0.4821428571428572,5.5
1,2016,113,LG,54,58,0.4821428571428572,5.5
2,2016,113,NC,67,44,0.6036036036036037,2.0
3,2016,113,SK,56,57,0.4955752212389381,4.0
4,2016,113,kt,43,68,0.38738738738738737,10.0
5,2016,113,넥센,64,48,0.5714285714285714,3.0
6,2016,113,두산,72,40,0.6428571428571429,1.0
7,2016,113,롯데,51,62,0.4513274336283186,7.0
8,2016,113,삼성,49,63,0.4375,9.0
9,2016,113,한화,49,61,0.44545454545454544,8.0
