,Year,Game_idx,Team1,cum_win,cum_lose,Wpct,rank
0,1994,122,LG,78,44,0.639344262295082,1.0
1,1994,122,OB,50,71,0.4132231404958678,7.0
2,1994,122,롯데,55,64,0.4621848739495799,6.0
3,1994,122,삼성,59,61,0.4916666666666666,5.0
4,1994,122,쌍방울,45,72,0.38461538461538464,8.0
5,1994,122,태평양,68,51,0.5714285714285714,2.0
6,1994,122,한화,62,58,0.5166666666666667,4.0
7,1994,122,해태,63,57,0.525,3.0
