,Year,Game_idx,Team1,cum_win,cum_lose,Wpct,rank
0,2016,10,KIA,4,6,0.4,9.0
1,2016,10,LG,5,5,0.5,5.5
2,2016,10,NC,5,5,0.5,5.5
3,2016,10,SK,5,5,0.5,5.5
4,2016,10,kt,5,5,0.5,5.5
5,2016,10,넥센,6,3,0.6666666666666666,1.5
6,2016,10,두산,6,3,0.6666666666666666,1.5
7,2016,10,롯데,5,5,0.5,5.5
8,2016,10,삼성,5,5,0.5,5.5
9,2016,10,한화,2,8,0.2,10.0
