,Year,Game_idx,Team1,cum_win,cum_lose,Wpct,rank
0,2003,115,KIA,67,44,0.6036036036036037,3.0
1,2003,115,LG,55,58,0.4867256637168141,5.0
2,2003,115,SK,58,54,0.5178571428571429,4.0
3,2003,115,두산,47,66,0.415929203539823,7.0
4,2003,115,롯데,34,78,0.3035714285714285,8.0
5,2003,115,삼성,69,44,0.6106194690265486,2.0
6,2003,115,한화,51,60,0.4594594594594595,6.0
7,2003,115,현대,71,42,0.6283185840707964,1.0
