,Year,Game_idx,Team1,cum_win,cum_lose,Wpct,rank
0,2003,69,KIA,35,32,0.5223880597014925,4.0
1,2003,69,LG,34,33,0.5074626865671642,5.0
2,2003,69,SK,44,24,0.6470588235294118,2.0
3,2003,69,두산,22,47,0.3188405797101449,7.0
4,2003,69,롯데,20,47,0.29850746268656714,8.0
5,2003,69,삼성,44,23,0.6567164179104478,1.0
6,2003,69,한화,31,35,0.4696969696969697,6.0
7,2003,69,현대,41,27,0.6029411764705882,3.0
