,Year,Game_idx,Team1,cum_win,cum_lose,Wpct,rank
0,2013,80,KIA,38,40,0.4871794871794872,6.0
1,2013,80,LG,47,33,0.5875,2.0
2,2013,80,NC,29,48,0.37662337662337664,8.0
3,2013,80,SK,36,43,0.4556962025316456,7.0
4,2013,80,넥센,44,35,0.5569620253164557,3.0
5,2013,80,두산,42,36,0.5384615384615384,4.0
6,2013,80,롯데,41,37,0.5256410256410257,5.0
7,2013,80,삼성,49,29,0.6282051282051282,1.0
8,2013,80,한화,23,56,0.2911392405063291,9.0
