,Year,Game_idx,Team1,cum_win,cum_lose,Wpct,rank
0,2015,136,KIA,64,72,0.4705882352941176,7.0
1,2015,136,LG,59,75,0.44029850746268656,9.0
2,2015,136,NC,79,55,0.5895522388059702,2.0
3,2015,136,SK,64,70,0.4776119402985074,5.0
4,2015,136,kt,50,86,0.36764705882352944,10.0
5,2015,136,넥센,75,60,0.5555555555555556,3.0
6,2015,136,두산,74,62,0.5441176470588235,4.0
7,2015,136,롯데,64,71,0.4740740740740741,6.0
8,2015,136,삼성,84,52,0.6176470588235294,1.0
9,2015,136,한화,63,73,0.4632352941176471,8.0
