,Year,Game_idx,Team1,cum_win,cum_lose,Wpct,rank
0,2008,89,KIA,42,47,0.4719101123595506,5.0
1,2008,89,LG,31,58,0.34831460674157305,8.0
2,2008,89,SK,59,30,0.6629213483146067,1.0
3,2008,89,두산,51,38,0.5730337078651685,2.0
4,2008,89,롯데,44,45,0.4943820224719101,4.0
5,2008,89,삼성,41,48,0.4606741573033708,6.0
6,2008,89,한화,49,40,0.5505617977528089,3.0
7,2008,89,히어로즈,38,51,0.42696629213483145,7.0
