,Year,Game_idx,Team1,cum_win,cum_lose,Wpct,rank
0,2006,124,KIA,62,59,0.5123966942148761,4.5
1,2006,124,LG,47,73,0.39166666666666666,8.0
2,2006,124,SK,59,64,0.4796747967479675,6.0
3,2006,124,두산,62,59,0.5123966942148761,4.5
4,2006,124,롯데,50,71,0.4132231404958678,7.0
5,2006,124,삼성,71,50,0.5867768595041323,1.0
6,2006,124,한화,65,57,0.5327868852459017,3.0
7,2006,124,현대,70,53,0.5691056910569106,2.0
