,Year,Game_idx,Team1,cum_win,cum_lose,Wpct,rank
0,2010,53,KIA,27,26,0.5094339622641509,4.0
1,2010,53,LG,24,28,0.4615384615384616,5.0
2,2010,53,SK,35,18,0.660377358490566,1.0
3,2010,53,넥센,21,32,0.3962264150943397,8.0
4,2010,53,두산,30,22,0.5769230769230769,2.0
5,2010,53,롯데,23,30,0.4339622641509434,6.0
6,2010,53,삼성,29,24,0.5471698113207547,3.0
7,2010,53,한화,22,31,0.4150943396226415,7.0
