,Year,Game_idx,Team1,cum_win,cum_lose,Wpct,rank
0,1994,42,LG,29,13,0.6904761904761905,1.0
1,1994,42,OB,17,25,0.4047619047619048,7.0
2,1994,42,롯데,19,21,0.475,5.0
3,1994,42,삼성,20,21,0.4878048780487805,4.0
4,1994,42,쌍방울,14,27,0.3414634146341464,8.0
5,1994,42,태평양,21,19,0.525,3.0
6,1994,42,한화,18,24,0.42857142857142855,6.0
7,1994,42,해태,24,16,0.6,2.0
