,Year,Game_idx,Team1,cum_win,cum_lose,Wpct,rank
0,1998,78,LG,38,39,0.4935064935064935,4.0
1,1998,78,OB,35,42,0.4545454545454545,7.0
2,1998,78,롯데,31,44,0.4133333333333333,8.0
3,1998,78,삼성,44,33,0.5714285714285714,2.0
4,1998,78,쌍방울,39,39,0.5,3.0
5,1998,78,한화,37,38,0.4933333333333334,5.0
6,1998,78,해태,36,42,0.4615384615384616,6.0
7,1998,78,현대,50,28,0.6410256410256411,1.0
