,Year,Game_idx,Team1,cum_win,cum_lose,Wpct,rank
0,1996,68,LG,31,34,0.476923076923077,5.5
1,1996,68,OB,31,35,0.4696969696969697,7.0
2,1996,68,롯데,30,36,0.4545454545454545,8.0
3,1996,68,삼성,31,34,0.476923076923077,5.5
4,1996,68,쌍방울,35,32,0.5223880597014925,3.0
5,1996,68,한화,37,31,0.5441176470588235,2.0
6,1996,68,해태,35,33,0.5147058823529411,4.0
7,1996,68,현대,37,28,0.5692307692307692,1.0
