,Year,Game_idx,Team1,cum_win,cum_lose,Wpct,rank
0,2015,89,KIA,42,47,0.4719101123595506,7.0
1,2015,89,LG,39,49,0.4431818181818182,9.0
2,2015,89,NC,49,38,0.5632183908045977,3.0
3,2015,89,SK,43,44,0.4942528735632184,6.0
4,2015,89,kt,29,60,0.3258426966292135,10.0
5,2015,89,넥센,48,40,0.5454545454545454,4.0
6,2015,89,두산,51,38,0.5730337078651685,2.0
7,2015,89,롯데,40,49,0.44943820224719105,8.0
8,2015,89,삼성,52,37,0.5842696629213483,1.0
9,2015,89,한화,46,43,0.5168539325842697,5.0
