,Year,Game_idx,Team1,cum_win,cum_lose,Wpct,rank
0,2011,108,KIA,60,48,0.5555555555555556,2.0
1,2011,108,LG,52,55,0.485981308411215,5.0
2,2011,108,SK,56,51,0.5233644859813084,4.0
3,2011,108,넥센,43,64,0.4018691588785047,8.0
4,2011,108,두산,49,57,0.4622641509433962,6.0
5,2011,108,롯데,57,48,0.5428571428571428,3.0
6,2011,108,삼성,64,42,0.6037735849056604,1.0
7,2011,108,한화,46,60,0.4339622641509434,7.0
