,Year,Game_idx,Team1,cum_win,cum_lose,Wpct,rank
0,1999,53,LG,26,27,0.490566037735849,5.0
1,1999,53,두산,30,21,0.5882352941176471,2.5
2,1999,53,롯데,32,17,0.6530612244897959,1.0
3,1999,53,삼성,30,21,0.5882352941176471,2.5
4,1999,53,쌍방울,11,39,0.22,8.0
5,1999,53,한화,23,28,0.4509803921568628,7.0
6,1999,53,해태,24,29,0.4528301886792453,6.0
7,1999,53,현대,28,23,0.5490196078431373,4.0
