,Year,Game_idx,Team1,cum_win,cum_lose,Wpct,rank
0,1993,105,LG,59,44,0.5728155339805825,3.0
1,1993,105,OB,54,46,0.54,4.0
2,1993,105,롯데,51,54,0.4857142857142857,5.0
3,1993,105,빙그레,47,55,0.4607843137254902,6.0
4,1993,105,삼성,59,41,0.59,2.0
5,1993,105,쌍방울,37,63,0.37,7.0
6,1993,105,태평양,30,66,0.3125,8.0
7,1993,105,해태,70,34,0.6730769230769231,1.0
