,Year,Game_idx,Team1,cum_win,cum_lose,Wpct,rank
0,1995,126,LG,74,48,0.6065573770491803,2.0
1,1995,126,OB,74,47,0.6115702479338843,1.0
2,1995,126,롯데,68,53,0.5619834710743802,3.0
3,1995,126,삼성,60,60,0.5,5.0
4,1995,126,쌍방울,45,78,0.36585365853658536,8.0
5,1995,126,태평양,48,73,0.39669421487603307,7.0
6,1995,126,한화,55,71,0.4365079365079365,6.0
7,1995,126,해태,64,58,0.5245901639344263,4.0
