,Year,Game_idx,Team1,cum_win,cum_lose,Wpct,rank
0,1993,91,LG,55,34,0.6179775280898876,2.0
1,1993,91,OB,46,40,0.5348837209302325,4.0
2,1993,91,롯데,44,47,0.4835164835164835,5.0
3,1993,91,빙그레,37,52,0.4157303370786517,6.0
4,1993,91,삼성,47,39,0.5465116279069767,3.0
5,1993,91,쌍방울,35,52,0.4022988505747127,7.0
6,1993,91,태평양,28,55,0.3373493975903614,8.0
7,1993,91,해태,58,32,0.6444444444444445,1.0
