,Year,Game_idx,Team1,cum_win,cum_lose,Wpct,rank
0,2013,48,KIA,24,23,0.5106382978723404,5.0
1,2013,48,LG,24,24,0.5,6.0
2,2013,48,NC,17,29,0.3695652173913043,8.0
3,2013,48,SK,22,25,0.4680851063829787,7.0
4,2013,48,넥센,31,16,0.6595744680851063,1.0
5,2013,48,두산,25,22,0.5319148936170213,3.0
6,2013,48,롯데,24,22,0.5217391304347826,4.0
7,2013,48,삼성,29,18,0.6170212765957447,2.0
8,2013,48,한화,15,32,0.3191489361702128,9.0
