,Year,Game_idx,Team1,cum_win,cum_lose,Wpct,rank
0,1990,80,LG,45,35,0.5625,3.0
1,1990,80,OB,24,54,0.3076923076923077,7.0
2,1990,80,롯데,31,47,0.3974358974358974,6.0
3,1990,80,빙그레,46,32,0.5897435897435898,1.5
4,1990,80,삼성,46,32,0.5897435897435898,1.5
5,1990,80,태평양,38,40,0.4871794871794872,5.0
6,1990,80,해태,41,36,0.5324675324675324,4.0
