,Year,Game_idx,Team1,cum_win,cum_lose,Wpct,rank
0,2000,122,LG,63,56,0.5294117647058824,4.0
1,2000,122,SK,38,81,0.3193277310924369,8.0
2,2000,122,두산,71,51,0.5819672131147541,2.0
3,2000,122,롯데,59,59,0.5,5.0
4,2000,122,삼성,66,51,0.5641025641025641,3.0
5,2000,122,한화,45,72,0.38461538461538464,7.0
6,2000,122,해태,50,68,0.42372881355932196,6.0
7,2000,122,현대,83,37,0.6916666666666667,1.0
