,Year,Game_idx,Team1,cum_win,cum_lose,Wpct,rank
0,1998,104,LG,51,52,0.4951456310679612,3.0
1,1998,104,OB,45,57,0.4411764705882353,8.0
2,1998,104,롯데,47,54,0.4653465346534654,5.0
3,1998,104,삼성,57,45,0.5588235294117647,2.0
4,1998,104,쌍방울,46,56,0.4509803921568628,7.0
5,1998,104,한화,48,52,0.48,4.0
6,1998,104,해태,48,56,0.4615384615384616,6.0
7,1998,104,현대,67,37,0.6442307692307693,1.0
