,Year,Game_idx,Team1,cum_win,cum_lose,Wpct,rank
0,2012,81,KIA,38,39,0.4935064935064935,6.0
1,2012,81,LG,35,44,0.4430379746835443,7.0
2,2012,81,SK,40,40,0.5,5.0
3,2012,81,넥센,41,38,0.5189873417721519,4.0
4,2012,81,두산,42,38,0.525,3.0
5,2012,81,롯데,41,36,0.5324675324675324,2.0
6,2012,81,삼성,47,32,0.5949367088607594,1.0
7,2012,81,한화,30,49,0.37974683544303794,8.0
