,Year,Game_idx,Team1,cum_win,cum_lose,Wpct,rank
0,2011,59,KIA,34,25,0.576271186440678,3.5
1,2011,59,LG,34,25,0.576271186440678,3.5
2,2011,59,SK,36,23,0.6101694915254238,1.0
3,2011,59,넥센,20,39,0.3389830508474576,8.0
4,2011,59,두산,25,32,0.43859649122807015,6.0
5,2011,59,롯데,26,30,0.4642857142857143,5.0
6,2011,59,삼성,33,24,0.5789473684210527,2.0
7,2011,59,한화,25,33,0.4310344827586207,7.0
