,Year,Game_idx,Team1,cum_win,cum_lose,Wpct,rank
0,1998,45,LG,22,23,0.4888888888888889,4.0
1,1998,45,OB,21,24,0.4666666666666667,5.0
2,1998,45,롯데,18,25,0.4186046511627907,8.0
3,1998,45,삼성,25,20,0.5555555555555556,2.0
4,1998,45,쌍방울,19,26,0.4222222222222222,7.0
5,1998,45,한화,22,21,0.5116279069767442,3.0
6,1998,45,해태,20,25,0.4444444444444444,6.0
7,1998,45,현대,32,13,0.7111111111111111,1.0
