,Year,Game_idx,Team1,cum_win,cum_lose,Wpct,rank
0,1999,6,LG,3,3,0.5,3.5
1,1999,6,두산,2,4,0.3333333333333333,6.0
2,1999,6,롯데,6,0,1.0,1.0
3,1999,6,삼성,3,3,0.5,3.5
4,1999,6,쌍방울,1,5,0.16666666666666666,8.0
5,1999,6,한화,5,1,0.8333333333333334,2.0
6,1999,6,해태,2,4,0.3333333333333333,6.0
7,1999,6,현대,2,4,0.3333333333333333,6.0
