,Year,Game_idx,Team1,cum_win,cum_lose,Wpct,rank
0,2013,69,KIA,35,32,0.5223880597014925,5.5
1,2013,69,LG,39,30,0.5652173913043478,3.0
2,2013,69,NC,25,41,0.3787878787878788,8.0
3,2013,69,SK,31,37,0.4558823529411765,7.0
4,2013,69,넥센,39,29,0.5735294117647058,2.0
5,2013,69,두산,35,32,0.5223880597014925,5.5
6,2013,69,롯데,37,30,0.5522388059701493,4.0
7,2013,69,삼성,40,27,0.5970149253731343,1.0
8,2013,69,한화,20,48,0.29411764705882354,9.0
