,Year,Game_idx,Team1,cum_win,cum_lose,Wpct,rank
0,2009,85,KIA,45,36,0.5555555555555556,3.0
1,2009,85,LG,38,44,0.4634146341463415,7.0
2,2009,85,SK,47,33,0.5875,1.0
3,2009,85,두산,47,36,0.5662650602409639,2.0
4,2009,85,롯데,43,42,0.5058823529411764,4.5
5,2009,85,삼성,43,42,0.5058823529411764,4.5
6,2009,85,한화,28,54,0.3414634146341464,8.0
7,2009,85,히어로즈,39,45,0.4642857142857143,6.0
