,Year,Game_idx,Team1,cum_win,cum_lose,Wpct,rank
0,2001,112,KIA,49,58,0.4579439252336449,4.0
1,2001,112,LG,46,59,0.4380952380952381,7.0
2,2001,112,SK,48,62,0.4363636363636363,8.0
3,2001,112,두산,56,51,0.5233644859813084,3.0
4,2001,112,롯데,49,59,0.4537037037037037,5.5
5,2001,112,삼성,72,40,0.6428571428571429,1.0
6,2001,112,한화,49,59,0.4537037037037037,5.5
7,2001,112,현대,65,44,0.5963302752293578,2.0
