,Year,Game_idx,Team1,cum_win,cum_lose,Wpct,rank
0,2008,115,KIA,52,63,0.4521739130434783,6.0
1,2008,115,LG,41,74,0.3565217391304348,8.0
2,2008,115,SK,77,38,0.6695652173913044,1.0
3,2008,115,두산,66,49,0.5739130434782609,2.0
4,2008,115,롯데,65,50,0.5652173913043478,3.0
5,2008,115,삼성,60,55,0.5217391304347826,4.0
6,2008,115,한화,58,57,0.5043478260869565,5.0
7,2008,115,히어로즈,43,72,0.3739130434782609,7.0
