,Year,Game_idx,Team1,cum_win,cum_lose,Wpct,rank
0,2012,7,KIA,3,4,0.42857142857142855,6.0
1,2012,7,LG,4,3,0.5714285714285714,3.0
2,2012,7,SK,6,1,0.8571428571428571,1.0
3,2012,7,넥센,3,4,0.42857142857142855,6.0
4,2012,7,두산,3,3,0.5,4.0
5,2012,7,롯데,4,2,0.6666666666666666,2.0
6,2012,7,삼성,3,4,0.42857142857142855,6.0
7,2012,7,한화,1,6,0.14285714285714285,8.0
