,Year,Game_idx,Team1,cum_win,cum_lose,Wpct,rank
0,1996,126,LG,50,71,0.4132231404958678,7.0
1,1996,126,OB,47,73,0.39166666666666666,8.0
2,1996,126,롯데,57,63,0.475,5.0
3,1996,126,삼성,54,67,0.4462809917355372,6.0
4,1996,126,쌍방울,70,54,0.5645161290322581,2.0
5,1996,126,한화,70,55,0.56,3.0
6,1996,126,해태,73,51,0.5887096774193549,1.0
7,1996,126,현대,67,54,0.5537190082644629,4.0
