,Year,Game_idx,Team1,cum_win,cum_lose,Wpct,rank
0,1991,85,LG,42,42,0.5,4.0
1,1991,85,OB,27,56,0.3253012048192771,8.0
2,1991,85,롯데,41,43,0.4880952380952381,5.5
3,1991,85,빙그레,46,36,0.5609756097560976,3.0
4,1991,85,삼성,48,37,0.5647058823529412,2.0
5,1991,85,쌍방울,34,49,0.40963855421686746,7.0
6,1991,85,태평양,41,43,0.4880952380952381,5.5
7,1991,85,해태,54,29,0.6506024096385542,1.0
