,Year,Game_idx,Team1,cum_win,cum_lose,Wpct,rank
0,1997,29,LG,19,10,0.6551724137931034,1.0
1,1997,29,OB,13,14,0.4814814814814815,4.5
2,1997,29,롯데,13,16,0.4482758620689655,6.0
3,1997,29,삼성,13,14,0.4814814814814815,4.5
4,1997,29,쌍방울,16,13,0.5517241379310345,3.0
5,1997,29,한화,9,18,0.3333333333333333,8.0
6,1997,29,해태,18,11,0.6206896551724138,2.0
7,1997,29,현대,12,16,0.42857142857142855,7.0
