,Year,Game_idx,Team1,cum_win,cum_lose,Wpct,rank
0,2016,36,KIA,17,19,0.4722222222222222,8.0
1,2016,36,LG,19,17,0.5277777777777778,4.0
2,2016,36,NC,19,16,0.5428571428571428,3.0
3,2016,36,SK,20,16,0.5555555555555556,2.0
4,2016,36,kt,17,18,0.4857142857142857,6.0
5,2016,36,넥센,18,17,0.5142857142857142,5.0
6,2016,36,두산,24,11,0.6857142857142857,1.0
7,2016,36,롯데,17,19,0.4722222222222222,8.0
8,2016,36,삼성,17,19,0.4722222222222222,8.0
9,2016,36,한화,9,27,0.25,10.0
