,Year,Game_idx,Team1,cum_win,cum_lose,Wpct,rank
0,2005,77,KIA,31,45,0.4078947368421053,8.0
1,2005,77,LG,36,40,0.4736842105263158,5.0
2,2005,77,SK,35,37,0.4861111111111111,4.0
3,2005,77,두산,43,32,0.5733333333333334,2.0
4,2005,77,롯데,36,41,0.4675324675324675,6.0
5,2005,77,삼성,46,29,0.6133333333333333,1.0
6,2005,77,한화,41,35,0.5394736842105263,3.0
7,2005,77,현대,33,42,0.44,7.0
