,Year,Game_idx,Team1,cum_win,cum_lose,Wpct,rank
0,2007,106,KIA,42,63,0.4,8.0
1,2007,106,LG,51,50,0.504950495049505,5.0
2,2007,106,SK,62,39,0.6138613861386139,1.0
3,2007,106,두산,56,48,0.5384615384615384,2.0
4,2007,106,롯데,49,54,0.4757281553398058,6.0
5,2007,106,삼성,54,49,0.5242718446601942,4.0
6,2007,106,한화,55,49,0.5288461538461539,3.0
7,2007,106,현대,46,59,0.4380952380952381,7.0
