,Year,Game_idx,Team1,cum_win,cum_lose,Wpct,rank
0,1994,19,LG,13,6,0.6842105263157895,1.0
1,1994,19,OB,10,9,0.5263157894736842,4.0
2,1994,19,롯데,7,10,0.4117647058823529,6.0
3,1994,19,삼성,11,7,0.6111111111111112,3.0
4,1994,19,쌍방울,8,10,0.4444444444444444,5.0
5,1994,19,태평양,11,6,0.6470588235294118,2.0
6,1994,19,한화,7,12,0.3684210526315789,7.0
7,1994,19,해태,6,11,0.35294117647058826,8.0
