,Year,Game_idx,Team1,cum_win,cum_lose,Wpct,rank
0,2004,45,KIA,22,20,0.5238095238095238,2.0
1,2004,45,LG,22,21,0.5116279069767442,3.0
2,2004,45,SK,19,22,0.4634146341463415,7.0
3,2004,45,두산,21,23,0.4772727272727273,4.0
4,2004,45,롯데,18,23,0.4390243902439024,8.0
5,2004,45,삼성,20,22,0.4761904761904762,5.5
6,2004,45,한화,20,22,0.4761904761904762,5.5
7,2004,45,현대,27,16,0.627906976744186,1.0
