,Year,Game_idx,Team1,cum_win,cum_lose,Wpct,rank
0,2006,36,KIA,17,18,0.4857142857142857,5.0
1,2006,36,LG,13,22,0.37142857142857133,7.0
2,2006,36,SK,19,17,0.5277777777777778,4.0
3,2006,36,두산,14,20,0.4117647058823529,6.0
4,2006,36,롯데,11,25,0.3055555555555556,8.0
5,2006,36,삼성,20,15,0.5714285714285714,3.0
6,2006,36,한화,23,12,0.6571428571428571,2.0
7,2006,36,현대,24,12,0.6666666666666666,1.0
