,Year,Game_idx,Team1,cum_win,cum_lose,Wpct,rank
0,2004,130,KIA,67,58,0.536,3.0
1,2004,130,LG,58,68,0.4603174603174603,6.0
2,2004,130,SK,60,62,0.4918032786885246,5.0
3,2004,130,두산,69,60,0.5348837209302325,4.0
4,2004,130,롯데,47,72,0.3949579831932773,8.0
5,2004,130,삼성,71,51,0.5819672131147541,1.0
6,2004,130,한화,52,72,0.41935483870967744,7.0
7,2004,130,현대,72,53,0.5760000000000001,2.0
