,Year,Game_idx,Team1,cum_win,cum_lose,Wpct,rank
0,1989,43,MBC,20,21,0.4878048780487805,5.0
1,1989,43,OB,18,24,0.42857142857142855,6.0
2,1989,43,롯데,14,28,0.3333333333333333,7.0
3,1989,43,빙그레,24,17,0.5853658536585366,3.0
4,1989,43,삼성,26,16,0.6190476190476191,1.0
5,1989,43,태평양,20,20,0.5,4.0
6,1989,43,해태,25,16,0.6097560975609756,2.0
