,Year,Game_idx,Team1,cum_win,cum_lose,Wpct,rank
0,1991,32,LG,18,13,0.5806451612903226,2.0
1,1991,32,OB,14,18,0.4375,6.5
2,1991,32,롯데,14,18,0.4375,6.5
3,1991,32,빙그레,17,14,0.5483870967741935,3.0
4,1991,32,삼성,17,15,0.53125,4.0
5,1991,32,쌍방울,10,22,0.3125,8.0
6,1991,32,태평양,15,17,0.46875,5.0
7,1991,32,해태,21,11,0.65625,1.0
