,Year,Game_idx,Team1,cum_win,cum_lose,Wpct,rank
0,2002,34,KIA,20,12,0.625,1.0
1,2002,34,LG,15,19,0.4411764705882353,6.0
2,2002,34,SK,14,19,0.42424242424242425,7.5
3,2002,34,두산,15,18,0.4545454545454545,5.0
4,2002,34,롯데,14,19,0.42424242424242425,7.5
5,2002,34,삼성,20,14,0.5882352941176471,2.0
6,2002,34,한화,17,15,0.53125,3.0
7,2002,34,현대,16,15,0.5161290322580645,4.0
