,Year,Game_idx,Team1,cum_win,cum_lose,Wpct,rank
0,2011,129,KIA,68,61,0.5271317829457365,4.0
1,2011,129,LG,58,70,0.453125,6.0
2,2011,129,SK,68,58,0.5396825396825397,3.0
3,2011,129,넥센,51,76,0.4015748031496063,8.0
4,2011,129,두산,57,70,0.4488188976377953,7.0
5,2011,129,롯데,68,56,0.5483870967741935,2.0
6,2011,129,삼성,78,48,0.6190476190476191,1.0
7,2011,129,한화,58,69,0.4566929133858268,5.0
