,Year,Game_idx,Team1,cum_win,cum_lose,Wpct,rank
0,2016,39,KIA,18,21,0.4615384615384616,7.5
1,2016,39,LG,21,18,0.5384615384615384,4.0
2,2016,39,NC,21,17,0.5526315789473685,3.0
3,2016,39,SK,22,17,0.5641025641025641,2.0
4,2016,39,kt,17,21,0.4473684210526316,9.0
5,2016,39,넥센,20,18,0.5263157894736842,5.0
6,2016,39,두산,27,11,0.7105263157894737,1.0
7,2016,39,롯데,18,21,0.4615384615384616,7.5
8,2016,39,삼성,19,20,0.4871794871794872,6.0
9,2016,39,한화,11,28,0.28205128205128205,10.0
