,Year,Game_idx,Team1,cum_win,cum_lose,Wpct,rank
0,1996,118,LG,48,65,0.4247787610619469,7.0
1,1996,118,OB,46,66,0.4107142857142857,8.0
2,1996,118,롯데,52,60,0.4642857142857143,6.0
3,1996,118,삼성,53,60,0.4690265486725664,5.0
4,1996,118,쌍방울,64,52,0.5517241379310345,3.0
5,1996,118,한화,65,52,0.5555555555555556,2.0
6,1996,118,해태,67,49,0.5775862068965517,1.0
7,1996,118,현대,61,52,0.5398230088495575,4.0
