,Year,Game_idx,Team1,cum_win,cum_lose,Wpct,rank
0,2008,28,KIA,8,20,0.2857142857142857,8.0
1,2008,28,LG,12,16,0.42857142857142855,7.0
2,2008,28,SK,22,6,0.7857142857142857,1.0
3,2008,28,두산,14,14,0.5,4.5
4,2008,28,롯데,16,12,0.5714285714285714,2.0
5,2008,28,삼성,14,14,0.5,4.5
6,2008,28,한화,15,13,0.5357142857142857,3.0
7,2008,28,히어로즈,13,15,0.4642857142857143,6.0
