,Year,Game_idx,Team1,cum_win,cum_lose,Wpct,rank
0,2002,25,KIA,15,8,0.6521739130434783,1.0
1,2002,25,LG,13,12,0.52,4.0
2,2002,25,SK,10,14,0.4166666666666667,7.0
3,2002,25,두산,11,13,0.4583333333333333,6.0
4,2002,25,롯데,8,16,0.3333333333333333,8.0
5,2002,25,삼성,14,11,0.56,3.0
6,2002,25,한화,11,12,0.4782608695652174,5.0
7,2002,25,현대,13,9,0.5909090909090909,2.0
