,Year,Game_idx,Team1,cum_win,cum_lose,Wpct,rank
0,2015,138,KIA,65,73,0.4710144927536232,6.5
1,2015,138,LG,61,75,0.4485294117647059,9.0
2,2015,138,NC,80,56,0.5882352941176471,2.0
3,2015,138,SK,65,71,0.4779411764705882,5.0
4,2015,138,kt,51,87,0.3695652173913043,10.0
5,2015,138,넥센,75,62,0.5474452554744526,3.0
6,2015,138,두산,75,63,0.5434782608695652,4.0
7,2015,138,롯데,64,73,0.4671532846715328,8.0
8,2015,138,삼성,85,53,0.6159420289855072,1.0
9,2015,138,한화,65,73,0.4710144927536232,6.5
