,Year,Game_idx,Team1,cum_win,cum_lose,Wpct,rank
0,2016,136,KIA,67,68,0.4962962962962963,5.0
1,2016,136,LG,68,66,0.5074626865671642,4.0
2,2016,136,NC,79,54,0.5939849624060151,2.0
3,2016,136,SK,65,71,0.4779411764705882,6.0
4,2016,136,kt,51,83,0.3805970149253731,10.0
5,2016,136,넥센,74,61,0.5481481481481482,3.0
6,2016,136,두산,89,46,0.6592592592592592,1.0
7,2016,136,롯데,62,74,0.4558823529411765,9.0
8,2016,136,삼성,62,73,0.4592592592592593,7.0
9,2016,136,한화,61,72,0.4586466165413534,8.0
