,Year,Game_idx,Team1,cum_win,cum_lose,Wpct,rank
0,1993,26,LG,17,9,0.6538461538461539,2.0
1,1993,26,OB,12,14,0.4615384615384616,5.5
2,1993,26,롯데,13,13,0.5,4.0
3,1993,26,빙그레,12,14,0.4615384615384616,5.5
4,1993,26,삼성,15,10,0.6,3.0
5,1993,26,쌍방울,8,18,0.3076923076923077,7.0
6,1993,26,태평양,7,18,0.28,8.0
7,1993,26,해태,18,8,0.6923076923076923,1.0
