,Year,Game_idx,Team1,cum_win,cum_lose,Wpct,rank
0,2014,61,KIA,27,34,0.4426229508196721,6.5
1,2014,61,LG,23,37,0.38333333333333336,8.0
2,2014,61,NC,38,23,0.6229508196721312,2.0
3,2014,61,SK,27,34,0.4426229508196721,6.5
4,2014,61,넥센,33,27,0.55,3.0
5,2014,61,두산,32,29,0.5245901639344263,4.0
6,2014,61,롯데,30,30,0.5,5.0
7,2014,61,삼성,41,18,0.6949152542372882,1.0
8,2014,61,한화,22,38,0.36666666666666653,9.0
