,Year,Game_idx,Team1,cum_win,cum_lose,Wpct,rank
0,2011,101,KIA,58,43,0.5742574257425742,2.0
1,2011,101,LG,48,53,0.4752475247524752,5.0
2,2011,101,SK,55,46,0.5445544554455446,3.0
3,2011,101,넥센,41,60,0.405940594059406,8.0
4,2011,101,두산,43,56,0.4343434343434344,7.0
5,2011,101,롯데,51,47,0.5204081632653061,4.0
6,2011,101,삼성,60,39,0.6060606060606061,1.0
7,2011,101,한화,44,56,0.44,6.0
