,Year,Game_idx,Team1,cum_win,cum_lose,Wpct,rank
0,2001,114,KIA,51,58,0.4678899082568808,4.0
1,2001,114,LG,47,60,0.4392523364485981,7.0
2,2001,114,SK,49,63,0.4375,8.0
3,2001,114,두산,57,52,0.5229357798165137,3.0
4,2001,114,롯데,50,60,0.4545454545454545,5.5
5,2001,114,삼성,73,41,0.6403508771929824,1.0
6,2001,114,한화,50,60,0.4545454545454545,5.5
7,2001,114,현대,65,46,0.5855855855855856,2.0
