,Year,Game_idx,Team1,cum_win,cum_lose,Wpct,rank
0,1994,46,LG,31,15,0.6739130434782609,1.0
1,1994,46,OB,21,25,0.4565217391304348,6.5
2,1994,46,롯데,20,23,0.4651162790697674,5.0
3,1994,46,삼성,22,23,0.4888888888888889,4.0
4,1994,46,쌍방울,16,28,0.3636363636363637,8.0
5,1994,46,태평양,22,22,0.5,3.0
6,1994,46,한화,21,25,0.4565217391304348,6.5
7,1994,46,해태,27,17,0.6136363636363636,2.0
