,Year,Game_idx,Team1,cum_win,cum_lose,Wpct,rank
0,1993,75,LG,44,30,0.5945945945945946,2.0
1,1993,75,OB,35,35,0.5,4.0
2,1993,75,롯데,37,38,0.4933333333333334,5.0
3,1993,75,빙그레,32,41,0.4383561643835616,6.0
4,1993,75,삼성,39,32,0.5492957746478874,3.0
5,1993,75,쌍방울,29,42,0.4084507042253521,7.0
6,1993,75,태평양,24,44,0.35294117647058826,8.0
7,1993,75,해태,48,26,0.6486486486486487,1.0
