,Year,Game_idx,Team1,cum_win,cum_lose,Wpct,rank
0,2001,54,KIA,26,26,0.5,5.0
1,2001,54,LG,19,32,0.3725490196078432,8.0
2,2001,54,SK,24,29,0.4528301886792453,6.0
3,2001,54,두산,27,24,0.5294117647058824,3.0
4,2001,54,롯데,21,32,0.3962264150943397,7.0
5,2001,54,삼성,33,21,0.6111111111111112,2.0
6,2001,54,한화,27,26,0.5094339622641509,4.0
7,2001,54,현대,33,20,0.6226415094339622,1.0
