,Year,Game_idx,Team1,cum_win,cum_lose,Wpct,rank
0,2006,89,KIA,44,42,0.5116279069767442,4.0
1,2006,89,LG,33,52,0.3882352941176471,8.0
2,2006,89,SK,42,46,0.4772727272727273,5.0
3,2006,89,두산,41,46,0.4712643678160919,6.0
4,2006,89,롯데,35,52,0.4022988505747127,7.0
5,2006,89,삼성,54,32,0.627906976744186,1.0
6,2006,89,한화,46,41,0.5287356321839081,3.0
7,2006,89,현대,48,40,0.5454545454545454,2.0
