,Year,Game_idx,Team1,cum_win,cum_lose,Wpct,rank
0,1994,28,LG,20,8,0.7142857142857143,1.0
1,1994,28,OB,13,15,0.4642857142857143,4.5
2,1994,28,롯데,11,15,0.4230769230769231,6.5
3,1994,28,삼성,14,13,0.5185185185185185,3.0
4,1994,28,쌍방울,11,16,0.4074074074074074,8.0
5,1994,28,태평양,15,11,0.5769230769230769,2.0
6,1994,28,한화,13,15,0.4642857142857143,4.5
7,1994,28,해태,11,15,0.4230769230769231,6.5
