,Year,Game_idx,Team1,cum_win,cum_lose,Wpct,rank
0,2004,46,KIA,22,21,0.5116279069767442,2.0
1,2004,46,LG,22,22,0.5,3.0
2,2004,46,SK,20,22,0.4761904761904762,6.0
3,2004,46,두산,21,24,0.4666666666666667,7.0
4,2004,46,롯데,19,23,0.4523809523809524,8.0
5,2004,46,삼성,21,22,0.4883720930232558,4.5
6,2004,46,한화,21,22,0.4883720930232558,4.5
7,2004,46,현대,28,16,0.6363636363636364,1.0
