,Year,Game_idx,Team1,cum_win,cum_lose,Wpct,rank
0,2008,36,KIA,14,22,0.3888888888888889,7.0
1,2008,36,LG,12,24,0.3333333333333333,8.0
2,2008,36,SK,27,9,0.75,1.0
3,2008,36,두산,20,16,0.5555555555555556,2.5
4,2008,36,롯데,19,17,0.5277777777777778,4.0
5,2008,36,삼성,18,18,0.5,5.0
6,2008,36,한화,20,16,0.5555555555555556,2.5
7,2008,36,히어로즈,15,21,0.4166666666666667,6.0
