,Year,Game_idx,Team1,cum_win,cum_lose,Wpct,rank
0,1999,72,LG,37,35,0.5138888888888888,5.0
1,1999,72,두산,39,29,0.5735294117647058,2.0
2,1999,72,롯데,43,25,0.6323529411764706,1.0
3,1999,72,삼성,38,32,0.5428571428571428,4.0
4,1999,72,쌍방울,15,52,0.22388059701492535,8.0
5,1999,72,한화,33,37,0.4714285714285714,7.0
6,1999,72,해태,34,36,0.4857142857142857,6.0
7,1999,72,현대,37,30,0.5522388059701493,3.0
