,Year,Game_idx,Team1,cum_win,cum_lose,Wpct,rank
0,2007,56,KIA,22,33,0.4,8.0
1,2007,56,LG,27,27,0.5,4.5
2,2007,56,SK,28,23,0.5490196078431373,2.0
3,2007,56,두산,31,24,0.5636363636363636,1.0
4,2007,56,롯데,25,29,0.462962962962963,7.0
5,2007,56,삼성,26,27,0.490566037735849,6.0
6,2007,56,한화,29,25,0.5370370370370371,3.0
7,2007,56,현대,28,28,0.5,4.5
