,Year,Game_idx,Team1,cum_win,cum_lose,Wpct,rank
0,1995,97,LG,60,35,0.631578947368421,1.0
1,1995,97,OB,53,39,0.5760869565217391,2.0
2,1995,97,롯데,50,42,0.5434782608695652,3.0
3,1995,97,삼성,46,46,0.5,5.0
4,1995,97,쌍방울,34,61,0.3578947368421053,8.0
5,1995,97,태평양,39,54,0.41935483870967744,7.0
6,1995,97,한화,45,52,0.4639175257731959,6.0
7,1995,97,해태,48,46,0.5106382978723404,4.0
