,Year,Game_idx,Team1,cum_win,cum_lose,Wpct,rank
0,2010,45,KIA,22,23,0.4888888888888889,4.0
1,2010,45,LG,20,24,0.4545454545454545,5.0
2,2010,45,SK,31,14,0.6888888888888889,1.0
3,2010,45,넥센,18,27,0.4,7.5
4,2010,45,두산,26,18,0.5909090909090909,2.0
5,2010,45,롯데,20,25,0.4444444444444444,6.0
6,2010,45,삼성,24,21,0.5333333333333333,3.0
7,2010,45,한화,18,27,0.4,7.5
