,Year,Game_idx,Team1,cum_win,cum_lose,Wpct,rank
0,2011,117,KIA,64,53,0.5470085470085471,4.0
1,2011,117,LG,55,61,0.4741379310344828,5.0
2,2011,117,SK,63,52,0.5478260869565217,3.0
3,2011,117,넥센,46,69,0.4,8.0
4,2011,117,두산,53,62,0.4608695652173913,6.0
5,2011,117,롯데,62,51,0.5486725663716814,2.0
6,2011,117,삼성,70,45,0.6086956521739131,1.0
7,2011,117,한화,51,64,0.4434782608695652,7.0
