,Year,Game_idx,Team1,cum_win,cum_lose,Wpct,rank
0,1995,38,LG,23,15,0.6052631578947368,1.0
1,1995,38,OB,21,16,0.5675675675675675,2.0
2,1995,38,롯데,20,18,0.5263157894736842,3.0
3,1995,38,삼성,18,18,0.5,4.5
4,1995,38,쌍방울,16,22,0.42105263157894735,7.0
5,1995,38,태평양,15,22,0.40540540540540543,8.0
6,1995,38,한화,19,19,0.5,4.5
7,1995,38,해태,18,20,0.4736842105263158,6.0
