,Year,Game_idx,Team1,cum_win,cum_lose,Wpct,rank
0,1991,105,LG,48,56,0.4615384615384616,5.0
1,1991,105,OB,38,65,0.36893203883495146,8.0
2,1991,105,롯데,50,52,0.4901960784313725,4.0
3,1991,105,빙그레,58,42,0.58,3.0
4,1991,105,삼성,61,43,0.5865384615384616,2.0
5,1991,105,쌍방울,45,57,0.4411764705882353,7.0
6,1991,105,태평양,47,56,0.4563106796116505,6.0
7,1991,105,해태,63,37,0.63,1.0
