,Year,Game_idx,Team1,cum_win,cum_lose,Wpct,rank
0,1989,40,MBC,18,20,0.4736842105263158,5.0
1,1989,40,OB,16,23,0.41025641025641024,6.0
2,1989,40,롯데,13,26,0.3333333333333333,7.0
3,1989,40,빙그레,23,15,0.6052631578947368,1.5
4,1989,40,삼성,23,16,0.5897435897435898,3.0
5,1989,40,태평양,18,19,0.4864864864864865,4.0
6,1989,40,해태,23,15,0.6052631578947368,1.5
