,Year,Game_idx,Team1,cum_win,cum_lose,Wpct,rank
0,2012,15,KIA,6,9,0.4,6.5
1,2012,15,LG,8,7,0.5333333333333333,5.0
2,2012,15,SK,9,6,0.6,3.5
3,2012,15,넥센,9,6,0.6,3.5
4,2012,15,두산,9,5,0.6428571428571429,1.5
5,2012,15,롯데,9,5,0.6428571428571429,1.5
6,2012,15,삼성,6,9,0.4,6.5
7,2012,15,한화,4,11,0.26666666666666666,8.0
