,Year,Game_idx,Team1,cum_win,cum_lose,Wpct,rank
0,1995,39,LG,24,15,0.6153846153846154,1.0
1,1995,39,OB,22,16,0.5789473684210527,2.0
2,1995,39,롯데,21,18,0.5384615384615384,3.0
3,1995,39,삼성,18,19,0.4864864864864865,6.0
4,1995,39,쌍방울,16,23,0.41025641025641024,7.0
5,1995,39,태평양,15,23,0.3947368421052632,8.0
6,1995,39,한화,19,20,0.4871794871794872,4.5
7,1995,39,해태,19,20,0.4871794871794872,4.5
