,Year,Game_idx,Team1,cum_win,cum_lose,Wpct,rank
0,2014,125,KIA,52,73,0.41600000000000004,8.0
1,2014,125,LG,61,61,0.5,4.0
2,2014,125,NC,68,56,0.5483870967741935,3.0
3,2014,125,SK,60,63,0.4878048780487805,5.0
4,2014,125,넥센,75,48,0.6097560975609756,2.0
5,2014,125,두산,57,67,0.4596774193548387,7.0
6,2014,125,롯데,57,66,0.4634146341463415,6.0
7,2014,125,삼성,77,45,0.6311475409836066,1.0
8,2014,125,한화,49,74,0.3983739837398374,9.0
