,Year,Game_idx,Team1,cum_win,cum_lose,Wpct,rank
0,2006,126,KIA,64,59,0.5203252032520326,4.0
1,2006,126,LG,47,75,0.38524590163934425,8.0
2,2006,126,SK,60,65,0.48,6.0
3,2006,126,두산,63,60,0.5121951219512195,5.0
4,2006,126,롯데,50,73,0.4065040650406504,7.0
5,2006,126,삼성,73,50,0.5934959349593496,1.0
6,2006,126,한화,67,57,0.5403225806451613,3.0
7,2006,126,현대,70,55,0.56,2.0
