,Year,Game_idx,Team1,cum_win,cum_lose,Wpct,rank
0,1999,38,LG,23,15,0.6052631578947368,3.0
1,1999,38,두산,20,16,0.5555555555555556,4.0
2,1999,38,롯데,22,13,0.6285714285714286,2.0
3,1999,38,삼성,23,13,0.6388888888888888,1.0
4,1999,38,쌍방울,8,28,0.2222222222222222,8.0
5,1999,38,한화,16,22,0.42105263157894735,6.0
6,1999,38,해태,15,23,0.3947368421052632,7.0
7,1999,38,현대,19,18,0.5135135135135135,5.0
