,Year,Game_idx,Team1,cum_win,cum_lose,Wpct,rank
0,2006,21,KIA,10,10,0.5,5.0
1,2006,21,LG,7,13,0.35,7.0
2,2006,21,SK,12,9,0.5714285714285714,2.5
3,2006,21,두산,8,11,0.42105263157894735,6.0
4,2006,21,롯데,7,14,0.3333333333333333,8.0
5,2006,21,삼성,13,7,0.65,1.0
6,2006,21,한화,11,9,0.55,4.0
7,2006,21,현대,12,9,0.5714285714285714,2.5
