,Year,Game_idx,Team1,cum_win,cum_lose,Wpct,rank
0,1994,90,LG,57,33,0.6333333333333333,1.0
1,1994,90,OB,41,48,0.4606741573033708,6.0
2,1994,90,롯데,38,49,0.4367816091954023,7.0
3,1994,90,삼성,44,45,0.4943820224719101,5.0
4,1994,90,쌍방울,30,58,0.3409090909090909,8.0
5,1994,90,태평양,48,40,0.5454545454545454,3.0
6,1994,90,한화,50,39,0.5617977528089888,2.0
7,1994,90,해태,46,42,0.5227272727272727,4.0
