,Year,Game_idx,Team1,cum_win,cum_lose,Wpct,rank
0,2005,40,KIA,14,25,0.35897435897435903,8.0
1,2005,40,LG,18,22,0.45,4.0
2,2005,40,SK,16,22,0.42105263157894735,6.0
3,2005,40,두산,26,13,0.6666666666666666,2.0
4,2005,40,롯데,22,18,0.55,3.0
5,2005,40,삼성,28,12,0.7,1.0
6,2005,40,한화,17,22,0.4358974358974359,5.0
7,2005,40,현대,16,23,0.41025641025641024,7.0
