,Year,Game_idx,Team1,cum_win,cum_lose,Wpct,rank
0,1993,24,LG,15,9,0.625,2.0
1,1993,24,OB,11,13,0.4583333333333333,5.5
2,1993,24,롯데,11,13,0.4583333333333333,5.5
3,1993,24,빙그레,12,12,0.5,4.0
4,1993,24,삼성,14,9,0.6086956521739131,3.0
5,1993,24,쌍방울,8,16,0.3333333333333333,7.0
6,1993,24,태평양,7,16,0.3043478260869565,8.0
7,1993,24,해태,17,7,0.7083333333333334,1.0
