,Year,Game_idx,Team1,cum_win,cum_lose,Wpct,rank
0,2000,76,LG,40,34,0.5405405405405406,4.0
1,2000,76,SK,20,54,0.2702702702702703,8.0
2,2000,76,두산,47,29,0.618421052631579,2.0
3,2000,76,롯데,38,37,0.5066666666666667,5.0
4,2000,76,삼성,41,32,0.5616438356164384,3.0
5,2000,76,한화,31,42,0.4246575342465753,7.0
6,2000,76,해태,32,42,0.4324324324324325,6.0
7,2000,76,현대,48,27,0.64,1.0
