,Year,Game_idx,Team1,cum_win,cum_lose,Wpct,rank
0,2004,20,KIA,9,11,0.45,5.5
1,2004,20,LG,11,8,0.5789473684210527,2.0
2,2004,20,SK,9,11,0.45,5.5
3,2004,20,두산,9,10,0.4736842105263158,4.0
4,2004,20,롯데,7,12,0.3684210526315789,8.0
5,2004,20,삼성,8,10,0.4444444444444444,7.0
6,2004,20,한화,10,9,0.5263157894736842,3.0
7,2004,20,현대,14,6,0.7,1.0
