,Year,Game_idx,Team1,cum_win,cum_lose,Wpct,rank
0,2003,34,KIA,18,15,0.5454545454545454,4.0
1,2003,34,LG,17,15,0.53125,5.0
2,2003,34,SK,20,13,0.6060606060606061,3.0
3,2003,34,두산,7,27,0.2058823529411765,8.0
4,2003,34,롯데,10,22,0.3125,7.0
5,2003,34,삼성,23,9,0.71875,1.0
6,2003,34,한화,14,18,0.4375,6.0
7,2003,34,현대,22,11,0.6666666666666666,2.0
