,Year,Game_idx,Team1,cum_win,cum_lose,Wpct,rank
0,2016,142,KIA,70,71,0.4964539007092199,5.0
1,2016,142,LG,70,70,0.5,4.0
2,2016,142,NC,83,56,0.5971223021582733,2.0
3,2016,142,SK,68,74,0.4788732394366197,6.0
4,2016,142,kt,51,89,0.3642857142857143,10.0
5,2016,142,넥센,77,64,0.5460992907801419,3.0
6,2016,142,두산,91,50,0.6453900709219859,1.0
7,2016,142,롯데,64,78,0.4507042253521127,9.0
8,2016,142,삼성,64,77,0.4539007092198582,8.0
9,2016,142,한화,64,75,0.46043165467625896,7.0
