,Year,Game_idx,Team1,cum_win,cum_lose,Wpct,rank
0,2001,131,KIA,59,67,0.4682539682539682,5.0
1,2001,131,LG,56,67,0.4552845528455284,8.0
2,2001,131,SK,59,70,0.4573643410852713,7.0
3,2001,131,두산,65,61,0.5158730158730159,3.0
4,2001,131,롯데,59,68,0.4645669291338583,6.0
5,2001,131,삼성,80,51,0.6106870229007634,1.0
6,2001,131,한화,61,66,0.4803149606299213,4.0
7,2001,131,현대,71,56,0.5590551181102362,2.0
