,Year,Game_idx,Team1,cum_win,cum_lose,Wpct,rank
0,1996,111,LG,46,60,0.4339622641509434,7.0
1,1996,111,OB,43,62,0.4095238095238095,8.0
2,1996,111,롯데,48,57,0.4571428571428571,6.0
3,1996,111,삼성,49,57,0.4622641509433962,5.0
4,1996,111,쌍방울,60,49,0.5504587155963303,3.0
5,1996,111,한화,61,49,0.5545454545454546,2.0
6,1996,111,해태,66,43,0.6055045871559633,1.0
7,1996,111,현대,57,49,0.5377358490566038,4.0
