,Year,Game_idx,Team1,cum_win,cum_lose,Wpct,rank
0,2014,49,KIA,21,28,0.42857142857142855,7.0
1,2014,49,LG,17,31,0.3541666666666667,9.0
2,2014,49,NC,30,19,0.6122448979591837,2.0
3,2014,49,SK,23,26,0.4693877551020408,6.0
4,2014,49,넥센,27,22,0.5510204081632653,4.0
5,2014,49,두산,28,21,0.5714285714285714,3.0
6,2014,49,롯데,24,24,0.5,5.0
7,2014,49,삼성,32,16,0.6666666666666666,1.0
8,2014,49,한화,18,30,0.375,8.0
