,Year,Game_idx,Team1,cum_win,cum_lose,Wpct,rank
0,2007,110,KIA,45,64,0.4128440366972477,8.0
1,2007,110,LG,53,52,0.5047619047619047,5.0
2,2007,110,SK,63,42,0.6,1.0
3,2007,110,두산,59,49,0.5462962962962963,2.0
4,2007,110,롯데,49,58,0.4579439252336449,6.0
5,2007,110,삼성,57,49,0.5377358490566038,3.0
6,2007,110,한화,57,51,0.5277777777777778,4.0
7,2007,110,현대,48,61,0.44036697247706413,7.0
