,Year,Game_idx,Team1,cum_win,cum_lose,Wpct,rank
0,1995,88,LG,54,33,0.6206896551724138,1.0
1,1995,88,OB,48,35,0.5783132530120482,2.0
2,1995,88,롯데,45,39,0.5357142857142857,3.0
3,1995,88,삼성,41,42,0.4939759036144578,5.0
4,1995,88,쌍방울,31,56,0.3563218390804598,8.0
5,1995,88,태평양,36,49,0.4235294117647059,7.0
6,1995,88,한화,42,46,0.4772727272727273,6.0
7,1995,88,해태,44,43,0.5057471264367817,4.0
