,Year,Game_idx,Team1,cum_win,cum_lose,Wpct,rank
0,2013,96,KIA,43,51,0.4574468085106383,7.0
1,2013,96,LG,58,38,0.6041666666666666,1.0
2,2013,96,NC,39,54,0.41935483870967744,8.0
3,2013,96,SK,46,48,0.4893617021276596,6.0
4,2013,96,넥센,50,44,0.5319148936170213,4.0
5,2013,96,두산,54,40,0.5744680851063829,3.0
6,2013,96,롯데,48,45,0.5161290322580645,5.0
7,2013,96,삼성,56,38,0.5957446808510638,2.0
8,2013,96,한화,30,65,0.3157894736842105,9.0
