,Year,Game_idx,Team1,cum_win,cum_lose,Wpct,rank
0,2010,73,KIA,34,39,0.4657534246575342,6.0
1,2010,73,LG,34,38,0.4722222222222222,5.0
2,2010,73,SK,51,22,0.6986301369863014,1.0
3,2010,73,넥센,30,42,0.4166666666666667,7.0
4,2010,73,두산,42,30,0.5833333333333334,2.0
5,2010,73,롯데,35,36,0.4929577464788733,4.0
6,2010,73,삼성,38,34,0.5277777777777778,3.0
7,2010,73,한화,27,46,0.3698630136986301,8.0
