,Year,Game_idx,Team1,cum_win,cum_lose,Wpct,rank
0,2000,80,LG,40,38,0.5128205128205128,4.0
1,2000,80,SK,21,57,0.2692307692307692,8.0
2,2000,80,두산,50,30,0.625,2.0
3,2000,80,롯데,40,39,0.5063291139240507,5.0
4,2000,80,삼성,45,32,0.5844155844155844,3.0
5,2000,80,한화,33,44,0.42857142857142855,7.0
6,2000,80,해태,35,43,0.4487179487179487,6.0
7,2000,80,현대,52,27,0.6582278481012658,1.0
