,Year,Game_idx,Team1,cum_win,cum_lose,Wpct,rank
0,1997,38,LG,25,13,0.6578947368421053,1.5
1,1997,38,OB,19,17,0.5277777777777778,4.0
2,1997,38,롯데,15,23,0.3947368421052632,6.0
3,1997,38,삼성,20,16,0.5555555555555556,3.0
4,1997,38,쌍방울,18,20,0.4736842105263158,5.0
5,1997,38,한화,10,26,0.2777777777777778,8.0
6,1997,38,해태,25,13,0.6578947368421053,1.5
7,1997,38,현대,14,22,0.3888888888888889,7.0
