,Year,Game_idx,Team1,cum_win,cum_lose,Wpct,rank
0,2015,126,KIA,61,65,0.4841269841269841,5.0
1,2015,126,LG,54,70,0.4354838709677419,9.0
2,2015,126,NC,72,52,0.5806451612903226,2.0
3,2015,126,SK,58,66,0.4677419354838709,8.0
4,2015,126,kt,45,81,0.35714285714285715,10.0
5,2015,126,넥센,70,55,0.56,3.0
6,2015,126,두산,69,57,0.5476190476190477,4.0
7,2015,126,롯데,60,65,0.48,6.0
8,2015,126,삼성,77,49,0.6111111111111112,1.0
9,2015,126,한화,60,66,0.4761904761904762,7.0
