,Year,Game_idx,Team1,cum_win,cum_lose,Wpct,rank
0,1999,31,LG,19,12,0.6129032258064516,1.0
1,1999,31,두산,15,14,0.5172413793103449,4.0
2,1999,31,롯데,17,11,0.6071428571428571,2.0
3,1999,31,삼성,17,12,0.5862068965517241,3.0
4,1999,31,쌍방울,8,21,0.27586206896551724,8.0
5,1999,31,한화,13,18,0.41935483870967744,7.0
6,1999,31,해태,14,17,0.4516129032258064,6.0
7,1999,31,현대,15,15,0.5,5.0
