,Year,Game_idx,Team1,cum_win,cum_lose,Wpct,rank
0,2003,75,KIA,37,36,0.5068493150684932,4.5
1,2003,75,LG,37,36,0.5068493150684932,4.5
2,2003,75,SK,47,27,0.6351351351351351,2.0
3,2003,75,두산,24,51,0.32,7.0
4,2003,75,롯데,21,51,0.2916666666666667,8.0
5,2003,75,삼성,48,25,0.6575342465753424,1.0
6,2003,75,한화,35,37,0.4861111111111111,6.0
7,2003,75,현대,46,28,0.6216216216216216,3.0
