,Year,Game_idx,Team1,cum_win,cum_lose,Wpct,rank
0,1990,58,LG,32,26,0.5517241379310345,2.0
1,1990,58,OB,20,37,0.3508771929824561,7.0
2,1990,58,롯데,27,30,0.4736842105263158,6.0
3,1990,58,빙그레,33,25,0.5689655172413793,1.0
4,1990,58,삼성,30,27,0.5263157894736842,3.0
5,1990,58,태평양,29,28,0.5087719298245614,5.0
6,1990,58,해태,29,27,0.5178571428571429,4.0
