,Year,Game_idx,Team1,cum_win,cum_lose,Wpct,rank
0,2004,41,KIA,20,19,0.5128205128205128,2.5
1,2004,41,LG,20,19,0.5128205128205128,2.5
2,2004,41,SK,18,19,0.4864864864864865,5.0
3,2004,41,두산,19,21,0.475,6.0
4,2004,41,롯데,17,20,0.4594594594594595,7.0
5,2004,41,삼성,17,21,0.4473684210526316,8.0
6,2004,41,한화,19,20,0.4871794871794872,4.0
7,2004,41,현대,24,15,0.6153846153846154,1.0
