,Year,Game_idx,Team1,cum_win,cum_lose,Wpct,rank
0,2002,114,KIA,66,44,0.6,2.0
1,2002,114,LG,58,50,0.5370370370370371,4.0
2,2002,114,SK,52,59,0.4684684684684685,7.0
3,2002,114,두산,57,55,0.5089285714285714,5.0
4,2002,114,롯데,28,85,0.24778761061946905,8.0
5,2002,114,삼성,67,43,0.6090909090909091,1.0
6,2002,114,한화,52,57,0.4770642201834863,6.0
7,2002,114,현대,61,48,0.5596330275229358,3.0
