,Year,Game_idx,Team1,cum_win,cum_lose,Wpct,rank
0,2009,4,KIA,1,3,0.25,7.5
1,2009,4,LG,1,3,0.25,7.5
2,2009,4,SK,2,2,0.5,5.0
3,2009,4,두산,2,1,0.6666666666666666,2.5
4,2009,4,롯데,2,2,0.5,5.0
5,2009,4,삼성,2,2,0.5,5.0
6,2009,4,한화,2,1,0.6666666666666666,2.5
7,2009,4,히어로즈,3,1,0.75,1.0
