,Year,Game_idx,Team1,cum_win,cum_lose,Wpct,rank
0,2014,80,KIA,38,42,0.475,5.5
1,2014,80,LG,35,44,0.4430379746835443,7.0
2,2014,80,NC,47,33,0.5875,3.0
3,2014,80,SK,33,47,0.4125,8.0
4,2014,80,넥센,47,32,0.5949367088607594,2.0
5,2014,80,두산,38,42,0.475,5.5
6,2014,80,롯데,40,39,0.5063291139240507,4.0
7,2014,80,삼성,51,27,0.6538461538461539,1.0
8,2014,80,한화,29,50,0.3670886075949367,9.0
