,Year,Game_idx,Team1,cum_win,cum_lose,Wpct,rank
0,2000,59,LG,32,26,0.5517241379310345,3.0
1,2000,59,SK,17,41,0.29310344827586204,8.0
2,2000,59,두산,34,25,0.576271186440678,2.0
3,2000,59,롯데,27,31,0.4655172413793103,5.5
4,2000,59,삼성,30,28,0.5172413793103449,4.0
5,2000,59,한화,21,35,0.375,7.0
6,2000,59,해태,27,31,0.4655172413793103,5.5
7,2000,59,현대,42,17,0.7118644067796609,1.0
