,Year,Game_idx,Team1,cum_win,cum_lose,Wpct,rank
0,2016,71,KIA,33,37,0.4714285714285714,5.0
1,2016,71,LG,32,38,0.4571428571428571,6.0
2,2016,71,NC,44,25,0.6376811594202898,2.0
3,2016,71,SK,35,36,0.4929577464788733,4.0
4,2016,71,kt,29,40,0.42028985507246375,9.0
5,2016,71,넥센,37,33,0.5285714285714286,3.0
6,2016,71,두산,49,21,0.7,1.0
7,2016,71,롯데,32,39,0.4507042253521127,7.0
8,2016,71,삼성,30,41,0.4225352112676056,8.0
9,2016,71,한화,28,41,0.4057971014492754,10.0
