,Year,Game_idx,Team1,cum_win,cum_lose,Wpct,rank
0,1997,21,LG,14,7,0.6666666666666666,1.0
1,1997,21,OB,10,10,0.5,4.5
2,1997,21,롯데,9,12,0.42857142857142855,6.0
3,1997,21,삼성,10,10,0.5,4.5
4,1997,21,쌍방울,12,9,0.5714285714285714,2.5
5,1997,21,한화,7,13,0.35,8.0
6,1997,21,해태,12,9,0.5714285714285714,2.5
7,1997,21,현대,8,12,0.4,7.0
