,Year,Game_idx,Team1,cum_win,cum_lose,Wpct,rank
0,1990,98,LG,55,43,0.5612244897959183,3.0
1,1990,98,OB,30,64,0.3191489361702128,7.0
2,1990,98,롯데,37,57,0.39361702127659576,6.0
3,1990,98,빙그레,59,37,0.6145833333333334,1.0
4,1990,98,삼성,55,41,0.5729166666666666,2.0
5,1990,98,태평양,46,49,0.4842105263157895,5.0
6,1990,98,해태,51,44,0.5368421052631579,4.0
