,Year,Game_idx,Team1,cum_win,cum_lose,Wpct,rank
0,2011,11,KIA,6,5,0.5454545454545454,4.5
1,2011,11,LG,7,4,0.6363636363636364,2.0
2,2011,11,SK,9,2,0.8181818181818182,1.0
3,2011,11,넥센,4,7,0.3636363636363637,6.0
4,2011,11,두산,6,4,0.6,3.0
5,2011,11,롯데,3,7,0.3,7.0
6,2011,11,삼성,6,5,0.5454545454545454,4.5
7,2011,11,한화,2,9,0.18181818181818185,8.0
