,Year,Game_idx,Team1,cum_win,cum_lose,Wpct,rank
0,2013,30,KIA,17,12,0.5862068965517241,4.0
1,2013,30,LG,14,16,0.4666666666666667,7.0
2,2013,30,NC,8,21,0.27586206896551724,8.5
3,2013,30,SK,14,15,0.4827586206896552,5.5
4,2013,30,넥센,20,10,0.6666666666666666,1.5
5,2013,30,두산,18,11,0.6206896551724138,3.0
6,2013,30,롯데,14,15,0.4827586206896552,5.5
7,2013,30,삼성,20,10,0.6666666666666666,1.5
8,2013,30,한화,8,21,0.27586206896551724,8.5
