,Year,Game_idx,Team1,cum_win,cum_lose,Wpct,rank
0,2013,106,KIA,46,58,0.4423076923076923,7.0
1,2013,106,LG,62,44,0.5849056603773585,2.0
2,2013,106,NC,43,59,0.4215686274509804,8.0
3,2013,106,SK,54,50,0.5192307692307693,5.0
4,2013,106,넥센,57,47,0.5480769230769231,4.0
5,2013,106,두산,58,46,0.5576923076923077,3.0
6,2013,106,롯데,53,50,0.5145631067961165,6.0
7,2013,106,삼성,61,43,0.5865384615384616,1.0
8,2013,106,한화,32,73,0.3047619047619048,9.0
