,Year,Game_idx,Team1,cum_win,cum_lose,Wpct,rank
0,2007,69,KIA,26,42,0.38235294117647056,8.0
1,2007,69,LG,34,32,0.5151515151515151,4.0
2,2007,69,SK,39,25,0.609375,1.0
3,2007,69,두산,37,31,0.5441176470588235,2.0
4,2007,69,롯데,31,36,0.4626865671641791,7.0
5,2007,69,삼성,33,33,0.5,5.0
6,2007,69,한화,36,31,0.5373134328358209,3.0
7,2007,69,현대,32,37,0.463768115942029,6.0
