,Year,Game_idx,Team1,cum_win,cum_lose,Wpct,rank
0,1992,120,LG,51,66,0.4358974358974359,6.5
1,1992,120,OB,53,63,0.456896551724138,5.0
2,1992,120,롯데,68,52,0.5666666666666667,3.0
3,1992,120,빙그레,75,43,0.6355932203389829,1.0
4,1992,120,삼성,63,55,0.5338983050847458,4.0
5,1992,120,쌍방울,41,78,0.3445378151260504,8.0
6,1992,120,태평양,51,66,0.4358974358974359,6.5
7,1992,120,해태,71,48,0.5966386554621849,2.0
