,Year,Game_idx,Team1,cum_win,cum_lose,Wpct,rank
0,2011,64,KIA,37,27,0.578125,3.0
1,2011,64,LG,35,29,0.546875,4.0
2,2011,64,SK,38,26,0.59375,1.0
3,2011,64,넥센,23,41,0.359375,8.0
4,2011,64,두산,27,35,0.4354838709677419,7.0
5,2011,64,롯데,28,33,0.459016393442623,5.0
6,2011,64,삼성,36,26,0.5806451612903226,2.0
7,2011,64,한화,28,35,0.4444444444444444,6.0
