,Year,Game_idx,Team1,cum_win,cum_lose,Wpct,rank
0,1993,83,LG,50,32,0.6097560975609756,2.0
1,1993,83,OB,41,37,0.5256410256410257,4.0
2,1993,83,롯데,39,44,0.4698795180722892,5.0
3,1993,83,빙그레,35,46,0.4320987654320987,6.0
4,1993,83,삼성,43,36,0.5443037974683544,3.0
5,1993,83,쌍방울,33,46,0.4177215189873418,7.0
6,1993,83,태평양,26,50,0.34210526315789475,8.0
7,1993,83,해태,53,29,0.6463414634146342,1.0
