,Year,Game_idx,Team1,cum_win,cum_lose,Wpct,rank
0,1993,76,LG,45,30,0.6,2.0
1,1993,76,OB,36,35,0.5070422535211268,4.0
2,1993,76,롯데,37,39,0.4868421052631579,5.0
3,1993,76,빙그레,33,41,0.4459459459459459,6.0
4,1993,76,삼성,39,33,0.5416666666666666,3.0
5,1993,76,쌍방울,30,42,0.4166666666666667,7.0
6,1993,76,태평양,24,45,0.3478260869565217,8.0
7,1993,76,해태,49,26,0.6533333333333333,1.0
