,Year,Game_idx,Team1,cum_win,cum_lose,Wpct,rank
0,1995,86,LG,53,32,0.6235294117647059,1.0
1,1995,86,OB,47,34,0.5802469135802469,2.0
2,1995,86,롯데,43,39,0.5243902439024389,3.0
3,1995,86,삼성,40,41,0.4938271604938271,5.0
4,1995,86,쌍방울,31,54,0.3647058823529412,8.0
5,1995,86,태평양,34,49,0.40963855421686746,7.0
6,1995,86,한화,41,45,0.4767441860465117,6.0
7,1995,86,해태,43,42,0.5058823529411764,4.0
