,Year,Game_idx,Team1,cum_win,cum_lose,Wpct,rank
0,2011,98,KIA,56,42,0.5714285714285714,2.0
1,2011,98,LG,48,50,0.4897959183673469,5.0
2,2011,98,SK,54,44,0.5510204081632653,3.0
3,2011,98,넥센,40,58,0.4081632653061225,8.0
4,2011,98,두산,42,54,0.4375,6.0
5,2011,98,롯데,49,46,0.5157894736842106,4.0
6,2011,98,삼성,59,37,0.6145833333333334,1.0
7,2011,98,한화,42,55,0.4329896907216495,7.0
