,Year,Game_idx,Team1,cum_win,cum_lose,Wpct,rank
0,2004,128,KIA,65,58,0.5284552845528455,3.0
1,2004,128,LG,58,66,0.4677419354838709,6.0
2,2004,128,SK,60,60,0.5,5.0
3,2004,128,두산,67,60,0.5275590551181102,4.0
4,2004,128,롯데,47,70,0.4017094017094017,8.0
5,2004,128,삼성,69,51,0.575,2.0
6,2004,128,한화,51,71,0.4180327868852459,7.0
7,2004,128,현대,71,52,0.5772357723577236,1.0
