,Year,Game_idx,Team1,cum_win,cum_lose,Wpct,rank
0,2003,43,KIA,23,19,0.5476190476190477,4.0
1,2003,43,LG,21,20,0.5121951219512195,5.0
2,2003,43,SK,27,15,0.6428571428571429,1.0
3,2003,43,두산,10,33,0.2325581395348837,8.0
4,2003,43,롯데,13,28,0.3170731707317073,7.0
5,2003,43,삼성,26,15,0.6341463414634146,2.0
6,2003,43,한화,19,21,0.475,6.0
7,2003,43,현대,25,17,0.5952380952380952,3.0
