,Year,Game_idx,Team1,cum_win,cum_lose,Wpct,rank
0,1993,35,LG,21,14,0.6,2.0
1,1993,35,OB,17,16,0.5151515151515151,5.0
2,1993,35,롯데,19,16,0.5428571428571428,3.5
3,1993,35,빙그레,19,16,0.5428571428571428,3.5
4,1993,35,삼성,17,17,0.5,6.0
5,1993,35,쌍방울,11,23,0.3235294117647059,7.0
6,1993,35,태평양,10,22,0.3125,8.0
7,1993,35,해태,23,11,0.6764705882352942,1.0
