,Year,Game_idx,Team1,cum_win,cum_lose,Wpct,rank
0,2000,68,LG,37,29,0.5606060606060606,3.0
1,2000,68,SK,20,47,0.29850746268656714,8.0
2,2000,68,두산,43,25,0.6323529411764706,2.0
3,2000,68,롯데,34,33,0.5074626865671642,5.0
4,2000,68,삼성,34,32,0.5151515151515151,4.0
5,2000,68,한화,26,39,0.4,7.0
6,2000,68,해태,28,38,0.42424242424242425,6.0
7,2000,68,현대,46,22,0.6764705882352942,1.0
