,Year,Game_idx,Team1,cum_win,cum_lose,Wpct,rank
0,2001,88,KIA,38,45,0.4578313253012048,4.0
1,2001,88,LG,36,46,0.4390243902439024,6.0
2,2001,88,SK,38,49,0.4367816091954023,7.0
3,2001,88,두산,43,40,0.5180722891566265,3.0
4,2001,88,롯데,35,49,0.4166666666666667,8.0
5,2001,88,삼성,56,32,0.6363636363636364,1.0
6,2001,88,한화,37,47,0.4404761904761905,5.0
7,2001,88,현대,54,31,0.6352941176470588,2.0
