,Year,Game_idx,Team1,cum_win,cum_lose,Wpct,rank
0,1991,79,LG,41,37,0.5256410256410257,4.0
1,1991,79,OB,26,51,0.3376623376623377,8.0
2,1991,79,롯데,39,39,0.5,5.0
3,1991,79,빙그레,42,34,0.5526315789473685,3.0
4,1991,79,삼성,44,35,0.5569620253164557,2.0
5,1991,79,쌍방울,30,47,0.3896103896103896,7.0
6,1991,79,태평양,38,40,0.4871794871794872,6.0
7,1991,79,해태,50,27,0.6493506493506493,1.0
