,Year,Game_idx,Team1,cum_win,cum_lose,Wpct,rank
0,1994,30,LG,20,10,0.6666666666666666,1.0
1,1994,30,OB,14,16,0.4666666666666667,4.5
2,1994,30,롯데,12,16,0.42857142857142855,7.0
3,1994,30,삼성,15,14,0.5172413793103449,3.0
4,1994,30,쌍방울,12,17,0.4137931034482759,8.0
5,1994,30,태평양,16,12,0.5714285714285714,2.0
6,1994,30,한화,14,16,0.4666666666666667,4.5
7,1994,30,해태,13,15,0.4642857142857143,6.0
