,Year,Game_idx,Team1,cum_win,cum_lose,Wpct,rank
0,2005,92,KIA,37,54,0.4065934065934066,8.0
1,2005,92,LG,40,51,0.4395604395604396,7.0
2,2005,92,SK,46,41,0.5287356321839081,4.0
3,2005,92,두산,49,41,0.5444444444444444,2.0
4,2005,92,롯데,43,49,0.4673913043478261,5.0
5,2005,92,삼성,55,35,0.6111111111111112,1.0
6,2005,92,한화,49,42,0.5384615384615384,3.0
7,2005,92,현대,41,49,0.4555555555555556,6.0
