,Year,Game_idx,Team1,cum_win,cum_lose,Wpct,rank
0,1994,116,LG,74,42,0.6379310344827587,1.0
1,1994,116,OB,50,65,0.43478260869565216,7.0
2,1994,116,롯데,51,62,0.4513274336283186,6.0
3,1994,116,삼성,55,59,0.4824561403508772,5.0
4,1994,116,쌍방울,41,70,0.36936936936936937,8.0
5,1994,116,태평양,64,49,0.5663716814159292,2.0
6,1994,116,한화,59,55,0.5175438596491229,4.0
7,1994,116,해태,60,54,0.5263157894736842,3.0
