,Year,Game_idx,Team1,cum_win,cum_lose,Wpct,rank
0,1990,71,LG,39,32,0.5492957746478874,3.0
1,1990,71,OB,21,48,0.3043478260869565,7.0
2,1990,71,롯데,29,40,0.42028985507246375,6.0
3,1990,71,빙그레,42,28,0.6,1.0
4,1990,71,삼성,38,31,0.5507246376811594,2.0
5,1990,71,태평양,34,35,0.4927536231884058,5.0
6,1990,71,해태,35,33,0.5147058823529411,4.0
