,Year,Game_idx,Team1,cum_win,cum_lose,Wpct,rank
0,1992,9,LG,3,6,0.3333333333333333,7.0
1,1992,9,OB,2,7,0.2222222222222222,8.0
2,1992,9,롯데,4,5,0.4444444444444444,5.5
3,1992,9,빙그레,7,2,0.7777777777777778,1.0
4,1992,9,삼성,5,4,0.5555555555555556,3.5
5,1992,9,쌍방울,4,5,0.4444444444444444,5.5
6,1992,9,태평양,6,2,0.75,2.0
7,1992,9,해태,5,4,0.5555555555555556,3.5
