,Year,Game_idx,Team1,cum_win,cum_lose,Wpct,rank
0,1996,103,LG,44,54,0.4489795918367347,7.0
1,1996,103,OB,39,59,0.3979591836734694,8.0
2,1996,103,롯데,44,53,0.4536082474226804,6.0
3,1996,103,삼성,45,53,0.4591836734693878,5.0
4,1996,103,쌍방울,54,47,0.5346534653465347,4.0
5,1996,103,한화,55,47,0.5392156862745098,3.0
6,1996,103,해태,61,40,0.6039603960396039,1.0
7,1996,103,현대,54,44,0.5510204081632653,2.0
