,Year,Game_idx,Team1,cum_win,cum_lose,Wpct,rank
0,2009,113,KIA,68,41,0.6238532110091743,1.0
1,2009,113,LG,49,61,0.44545454545454544,7.0
2,2009,113,SK,61,47,0.5648148148148148,2.0
3,2009,113,두산,61,50,0.5495495495495496,3.0
4,2009,113,롯데,56,57,0.4955752212389381,4.5
5,2009,113,삼성,56,57,0.4955752212389381,4.5
6,2009,113,한화,37,73,0.3363636363636364,8.0
7,2009,113,히어로즈,54,58,0.4821428571428572,6.0
