,Year,Game_idx,Team1,cum_win,cum_lose,Wpct,rank
0,2010,127,KIA,57,70,0.4488188976377953,6.0
1,2010,127,LG,56,67,0.4552845528455284,5.0
2,2010,127,SK,80,45,0.64,1.0
3,2010,127,넥센,50,74,0.4032258064516129,7.0
4,2010,127,두산,70,54,0.5645161290322581,3.0
5,2010,127,롯데,64,60,0.5161290322580645,4.0
6,2010,127,삼성,77,49,0.6111111111111112,2.0
7,2010,127,한화,45,80,0.36,8.0
