,Year,Game_idx,Team1,cum_win,cum_lose,Wpct,rank
0,2015,90,KIA,43,47,0.4777777777777778,7.0
1,2015,90,LG,40,49,0.44943820224719105,9.0
2,2015,90,NC,49,39,0.5568181818181818,3.0
3,2015,90,SK,44,44,0.5,6.0
4,2015,90,kt,29,61,0.32222222222222224,10.0
5,2015,90,넥센,49,40,0.5505617977528089,4.0
6,2015,90,두산,51,39,0.5666666666666667,2.0
7,2015,90,롯데,41,49,0.4555555555555556,8.0
8,2015,90,삼성,53,37,0.5888888888888889,1.0
9,2015,90,한화,47,43,0.5222222222222223,5.0
