,Year,Game_idx,Team1,cum_win,cum_lose,Wpct,rank
0,2003,29,KIA,16,12,0.5714285714285714,4.0
1,2003,29,LG,15,12,0.5555555555555556,5.0
2,2003,29,SK,17,11,0.6071428571428571,3.0
3,2003,29,두산,6,23,0.20689655172413796,8.0
4,2003,29,롯데,7,20,0.25925925925925924,7.0
5,2003,29,삼성,21,7,0.75,1.0
6,2003,29,한화,10,17,0.3703703703703704,6.0
7,2003,29,현대,20,8,0.7142857142857143,2.0
