,Year,Game_idx,Team1,cum_win,cum_lose,Wpct,rank
0,2015,91,KIA,44,47,0.4835164835164835,7.0
1,2015,91,LG,40,50,0.4444444444444444,9.0
2,2015,91,NC,49,40,0.5505617977528089,4.0
3,2015,91,SK,44,45,0.4943820224719101,6.0
4,2015,91,kt,29,62,0.31868131868131866,10.0
5,2015,91,넥센,50,40,0.5555555555555556,3.0
6,2015,91,두산,51,40,0.5604395604395604,2.0
7,2015,91,롯데,42,49,0.4615384615384616,8.0
8,2015,91,삼성,54,37,0.5934065934065934,1.0
9,2015,91,한화,47,44,0.5164835164835165,5.0
