,Year,Game_idx,Team1,cum_win,cum_lose,Wpct,rank
0,1998,63,LG,31,31,0.5,3.0
1,1998,63,OB,28,34,0.4516129032258064,6.0
2,1998,63,롯데,24,36,0.4,8.0
3,1998,63,삼성,35,27,0.5645161290322581,2.0
4,1998,63,쌍방울,30,33,0.4761904761904762,4.0
5,1998,63,한화,29,32,0.4754098360655738,5.0
6,1998,63,해태,27,36,0.42857142857142855,7.0
7,1998,63,현대,45,18,0.7142857142857143,1.0
