,Year,Game_idx,Team1,cum_win,cum_lose,Wpct,rank
0,1991,100,LG,47,52,0.4747474747474748,5.0
1,1991,100,OB,36,62,0.3673469387755102,8.0
2,1991,100,롯데,48,50,0.4897959183673469,4.0
3,1991,100,빙그레,56,40,0.5833333333333334,3.0
4,1991,100,삼성,58,41,0.5858585858585859,2.0
5,1991,100,쌍방울,41,56,0.42268041237113396,7.0
6,1991,100,태평양,45,54,0.4545454545454545,6.0
7,1991,100,해태,60,36,0.625,1.0
