,Year,Game_idx,Team1,cum_win,cum_lose,Wpct,rank
0,2007,74,KIA,27,46,0.3698630136986301,8.0
1,2007,74,LG,36,34,0.5142857142857142,4.0
2,2007,74,SK,43,26,0.6231884057971014,1.0
3,2007,74,두산,38,34,0.5277777777777778,3.0
4,2007,74,롯데,33,39,0.4583333333333333,7.0
5,2007,74,삼성,35,36,0.4929577464788733,5.0
6,2007,74,한화,39,33,0.5416666666666666,2.0
7,2007,74,현대,34,40,0.4594594594594595,6.0
