,Year,Game_idx,Team1,cum_win,cum_lose,Wpct,rank
0,1993,106,LG,59,45,0.5673076923076923,3.0
1,1993,106,OB,54,47,0.5346534653465347,4.0
2,1993,106,롯데,51,55,0.4811320754716981,5.0
3,1993,106,빙그레,47,55,0.4607843137254902,6.0
4,1993,106,삼성,60,41,0.594059405940594,2.0
5,1993,106,쌍방울,37,64,0.3663366336633663,7.0
6,1993,106,태평양,30,67,0.30927835051546393,8.0
7,1993,106,해태,71,34,0.6761904761904762,1.0
