,Year,Game_idx,Team1,cum_win,cum_lose,Wpct,rank
0,2016,45,KIA,21,24,0.4666666666666667,7.5
1,2016,45,LG,22,22,0.5,5.0
2,2016,45,NC,26,18,0.5909090909090909,2.0
3,2016,45,SK,24,21,0.5333333333333333,3.0
4,2016,45,kt,18,25,0.4186046511627907,9.0
5,2016,45,넥센,23,21,0.5227272727272727,4.0
6,2016,45,두산,32,12,0.7272727272727273,1.0
7,2016,45,롯데,22,23,0.4888888888888889,6.0
8,2016,45,삼성,21,24,0.4666666666666667,7.5
9,2016,45,한화,13,31,0.2954545454545455,10.0
