,Year,Game_idx,Team1,cum_win,cum_lose,Wpct,rank
0,2006,19,KIA,9,9,0.5,5.0
1,2006,19,LG,7,12,0.3684210526315789,7.5
2,2006,19,SK,12,7,0.631578947368421,1.0
3,2006,19,두산,8,9,0.4705882352941176,6.0
4,2006,19,롯데,7,12,0.3684210526315789,7.5
5,2006,19,삼성,11,7,0.6111111111111112,2.0
6,2006,19,한화,10,9,0.5263157894736842,3.5
7,2006,19,현대,10,9,0.5263157894736842,3.5
