,Year,Game_idx,Team1,cum_win,cum_lose,Wpct,rank
0,2002,60,KIA,37,20,0.6491228070175439,1.0
1,2002,60,LG,29,28,0.5087719298245614,5.0
2,2002,60,SK,26,32,0.4482758620689655,6.0
3,2002,60,두산,34,25,0.576271186440678,3.0
4,2002,60,롯데,17,42,0.288135593220339,8.0
5,2002,60,삼성,37,23,0.6166666666666667,2.0
6,2002,60,한화,23,35,0.3965517241379311,7.0
7,2002,60,현대,29,27,0.5178571428571429,4.0
