,Year,Game_idx,Team1,cum_win,cum_lose,Wpct,rank
0,1992,17,LG,5,11,0.3125,7.5
1,1992,17,OB,5,11,0.3125,7.5
2,1992,17,롯데,7,10,0.4117647058823529,6.0
3,1992,17,빙그레,14,2,0.875,1.0
4,1992,17,삼성,7,9,0.4375,5.0
5,1992,17,쌍방울,8,8,0.5,4.0
6,1992,17,태평양,9,5,0.6428571428571429,2.0
7,1992,17,해태,9,8,0.5294117647058824,3.0
