,Year,Game_idx,Team1,cum_win,cum_lose,Wpct,rank
0,2006,26,KIA,13,12,0.52,5.0
1,2006,26,LG,10,15,0.4,7.0
2,2006,26,SK,15,11,0.5769230769230769,4.0
3,2006,26,두산,10,14,0.4166666666666667,6.0
4,2006,26,롯데,8,18,0.3076923076923077,8.0
5,2006,26,삼성,15,10,0.6,2.5
6,2006,26,한화,15,10,0.6,2.5
7,2006,26,현대,16,10,0.6153846153846154,1.0
