,Year,Game_idx,Team1,cum_win,cum_lose,Wpct,rank
0,2016,79,KIA,36,42,0.4615384615384616,6.0
1,2016,79,LG,34,44,0.4358974358974359,7.0
2,2016,79,NC,48,29,0.6233766233766234,2.0
3,2016,79,SK,40,39,0.5063291139240507,4.0
4,2016,79,kt,32,45,0.4155844155844156,10.0
5,2016,79,넥센,43,35,0.5512820512820513,3.0
6,2016,79,두산,54,24,0.6923076923076923,1.0
7,2016,79,롯데,37,42,0.4683544303797468,5.0
8,2016,79,삼성,33,45,0.4230769230769231,8.0
9,2016,79,한화,32,44,0.42105263157894735,9.0
