,Year,Game_idx,Team1,cum_win,cum_lose,Wpct,rank
0,2005,45,KIA,17,27,0.3863636363636364,7.0
1,2005,45,LG,20,25,0.4444444444444444,5.0
2,2005,45,SK,16,27,0.372093023255814,8.0
3,2005,45,두산,29,15,0.6590909090909091,2.0
4,2005,45,롯데,25,20,0.5555555555555556,3.0
5,2005,45,삼성,31,14,0.6888888888888889,1.0
6,2005,45,한화,19,25,0.4318181818181818,6.0
7,2005,45,현대,20,24,0.4545454545454545,4.0
