,Year,Game_idx,Team1,cum_win,cum_lose,Wpct,rank
0,1999,63,LG,34,29,0.5396825396825397,3.0
1,1999,63,두산,35,25,0.5833333333333334,2.0
2,1999,63,롯데,37,22,0.6271186440677966,1.0
3,1999,63,삼성,32,29,0.5245901639344263,5.0
4,1999,63,쌍방울,14,45,0.23728813559322035,8.0
5,1999,63,한화,28,33,0.459016393442623,7.0
6,1999,63,해태,30,32,0.4838709677419355,6.0
7,1999,63,현대,31,27,0.5344827586206896,4.0
