,Year,Game_idx,Team1,cum_win,cum_lose,Wpct,rank
0,1990,54,LG,28,26,0.5185185185185185,4.0
1,1990,54,OB,19,34,0.3584905660377358,7.0
2,1990,54,롯데,26,27,0.490566037735849,6.0
3,1990,54,빙그레,30,24,0.5555555555555556,1.0
4,1990,54,삼성,29,25,0.5370370370370371,2.0
5,1990,54,태평양,27,26,0.5094339622641509,5.0
6,1990,54,해태,28,25,0.5283018867924528,3.0
