,Year,Game_idx,Team1,cum_win,cum_lose,Wpct,rank
0,1998,50,LG,25,25,0.5,3.0
1,1998,50,OB,23,27,0.46,5.5
2,1998,50,롯데,18,30,0.375,8.0
3,1998,50,삼성,27,22,0.5510204081632653,2.0
4,1998,50,쌍방울,23,27,0.46,5.5
5,1998,50,한화,23,25,0.4791666666666667,4.0
6,1998,50,해태,21,29,0.42,7.0
7,1998,50,현대,36,14,0.72,1.0
