,Year,Game_idx,Team1,cum_win,cum_lose,Wpct,rank
0,1999,9,LG,5,4,0.5555555555555556,3.5
1,1999,9,두산,4,5,0.4444444444444444,5.5
2,1999,9,롯데,6,3,0.6666666666666666,2.0
3,1999,9,삼성,3,6,0.3333333333333333,7.0
4,1999,9,쌍방울,2,7,0.2222222222222222,8.0
5,1999,9,한화,7,2,0.7777777777777778,1.0
6,1999,9,해태,5,4,0.5555555555555556,3.5
7,1999,9,현대,4,5,0.4444444444444444,5.5
