,Year,Game_idx,Team1,cum_win,cum_lose,Wpct,rank
0,2012,3,KIA,1,2,0.3333333333333333,5.5
1,2012,3,LG,2,1,0.6666666666666666,3.5
2,2012,3,SK,3,0,1.0,1.5
3,2012,3,넥센,1,2,0.3333333333333333,5.5
4,2012,3,두산,2,1,0.6666666666666666,3.5
5,2012,3,롯데,3,0,1.0,1.5
6,2012,3,삼성,0,3,0.0,7.5
7,2012,3,한화,0,3,0.0,7.5
