,Year,Game_idx,Team1,cum_win,cum_lose,Wpct,rank
0,2013,108,KIA,46,60,0.4339622641509434,7.0
1,2013,108,LG,63,45,0.5833333333333334,2.0
2,2013,108,NC,45,59,0.4326923076923077,8.0
3,2013,108,SK,55,51,0.5188679245283019,5.0
4,2013,108,넥센,58,48,0.5471698113207547,4.0
5,2013,108,두산,60,46,0.5660377358490566,3.0
6,2013,108,롯데,53,52,0.5047619047619047,6.0
7,2013,108,삼성,62,44,0.5849056603773585,1.0
8,2013,108,한화,34,73,0.3177570093457944,9.0
