,Year,Game_idx,Team1,cum_win,cum_lose,Wpct,rank
0,2013,16,KIA,11,4,0.7333333333333333,1.0
1,2013,16,LG,10,6,0.625,3.0
2,2013,16,NC,3,13,0.1875,8.5
3,2013,16,SK,7,9,0.4375,7.0
4,2013,16,넥센,10,6,0.625,3.0
5,2013,16,두산,9,6,0.6,5.0
6,2013,16,롯데,7,8,0.4666666666666667,6.0
7,2013,16,삼성,10,6,0.625,3.0
8,2013,16,한화,3,13,0.1875,8.5
