,Year,Game_idx,Team1,cum_win,cum_lose,Wpct,rank
0,2014,103,KIA,45,58,0.4368932038834951,7.5
1,2014,103,LG,47,55,0.4607843137254902,4.0
2,2014,103,NC,59,44,0.5728155339805825,3.0
3,2014,103,SK,45,58,0.4368932038834951,7.5
4,2014,103,넥센,62,40,0.6078431372549019,2.0
5,2014,103,두산,47,56,0.4563106796116505,5.0
6,2014,103,롯데,45,56,0.4455445544554456,6.0
7,2014,103,삼성,67,34,0.6633663366336634,1.0
8,2014,103,한화,43,59,0.4215686274509804,9.0
