,Year,Game_idx,Team1,cum_win,cum_lose,Wpct,rank
0,1996,39,LG,16,22,0.42105263157894735,8.0
1,1996,39,OB,19,19,0.5,4.0
2,1996,39,롯데,17,21,0.4473684210526316,7.0
3,1996,39,삼성,20,17,0.5405405405405406,2.0
4,1996,39,쌍방울,20,18,0.5263157894736842,3.0
5,1996,39,한화,19,20,0.4871794871794872,5.5
6,1996,39,해태,19,20,0.4871794871794872,5.5
7,1996,39,현대,23,15,0.6052631578947368,1.0
