,Year,Game_idx,Team1,cum_win,cum_lose,Wpct,rank
0,2007,37,KIA,16,21,0.4324324324324325,7.0
1,2007,37,LG,19,17,0.5277777777777778,3.0
2,2007,37,SK,22,13,0.6285714285714286,1.0
3,2007,37,두산,17,19,0.4722222222222222,5.5
4,2007,37,롯데,17,19,0.4722222222222222,5.5
5,2007,37,삼성,17,17,0.5,4.0
6,2007,37,한화,20,16,0.5555555555555556,2.0
7,2007,37,현대,15,22,0.40540540540540543,8.0
