,Year,Game_idx,Team1,cum_win,cum_lose,Wpct,rank
0,2009,98,KIA,57,37,0.6063829787234043,1.0
1,2009,98,LG,41,54,0.43157894736842106,7.0
2,2009,98,SK,54,39,0.5806451612903226,2.0
3,2009,98,두산,55,41,0.5729166666666666,3.0
4,2009,98,롯데,51,47,0.5204081632653061,4.0
5,2009,98,삼성,50,48,0.5102040816326531,5.0
6,2009,98,한화,31,64,0.3263157894736842,8.0
7,2009,98,히어로즈,46,51,0.4742268041237113,6.0
