,Year,Game_idx,Team1,cum_win,cum_lose,Wpct,rank
0,2008,120,KIA,54,66,0.45,6.0
1,2008,120,LG,42,78,0.35,8.0
2,2008,120,SK,80,40,0.6666666666666666,1.0
3,2008,120,두산,69,51,0.575,2.0
4,2008,120,롯데,66,54,0.55,3.0
5,2008,120,삼성,63,57,0.525,4.0
6,2008,120,한화,60,60,0.5,5.0
7,2008,120,히어로즈,47,73,0.39166666666666666,7.0
