,Year,Game_idx,Team1,cum_win,cum_lose,Wpct,rank
0,1999,75,LG,38,37,0.5066666666666667,5.0
1,1999,75,두산,40,31,0.5633802816901409,2.0
2,1999,75,롯데,45,26,0.6338028169014085,1.0
3,1999,75,삼성,40,33,0.547945205479452,3.0
4,1999,75,쌍방울,16,54,0.22857142857142854,8.0
5,1999,75,한화,36,37,0.4931506849315068,6.0
6,1999,75,해태,34,39,0.4657534246575342,7.0
7,1999,75,현대,38,32,0.5428571428571428,4.0
