,Year,Game_idx,Team1,cum_win,cum_lose,Wpct,rank
0,2011,109,KIA,60,49,0.5504587155963303,2.0
1,2011,109,LG,52,56,0.4814814814814815,5.0
2,2011,109,SK,57,51,0.5277777777777778,4.0
3,2011,109,넥센,43,65,0.39814814814814814,8.0
4,2011,109,두산,49,58,0.4579439252336449,6.0
5,2011,109,롯데,57,49,0.5377358490566038,3.0
6,2011,109,삼성,64,43,0.5981308411214953,1.0
7,2011,109,한화,47,60,0.4392523364485981,7.0
