,Year,Game_idx,Team1,cum_win,cum_lose,Wpct,rank
0,2004,50,KIA,23,24,0.4893617021276596,5.5
1,2004,50,LG,24,24,0.5,3.0
2,2004,50,SK,22,24,0.4782608695652174,7.0
3,2004,50,두산,24,25,0.4897959183673469,4.0
4,2004,50,롯데,20,25,0.4444444444444444,8.0
5,2004,50,삼성,24,22,0.5217391304347826,2.0
6,2004,50,한화,23,24,0.4893617021276596,5.5
7,2004,50,현대,28,20,0.5833333333333334,1.0
