,Year,Game_idx,Team1,cum_win,cum_lose,Wpct,rank
0,1996,85,LG,36,44,0.45,7.0
1,1996,85,OB,37,46,0.4457831325301205,8.0
2,1996,85,롯데,39,42,0.4814814814814815,5.0
3,1996,85,삼성,38,44,0.4634146341463415,6.0
4,1996,85,쌍방울,43,40,0.5180722891566265,4.0
5,1996,85,한화,45,40,0.5294117647058824,3.0
6,1996,85,해태,48,36,0.5714285714285714,1.0
7,1996,85,현대,45,35,0.5625,2.0
