,Year,Game_idx,Team1,cum_win,cum_lose,Wpct,rank
0,1998,88,LG,42,45,0.4827586206896552,4.0
1,1998,88,OB,39,48,0.4482758620689655,6.0
2,1998,88,롯데,36,49,0.4235294117647059,7.0
3,1998,88,삼성,47,39,0.5465116279069767,2.0
4,1998,88,쌍방울,42,46,0.4772727272727273,5.0
5,1998,88,한화,41,43,0.4880952380952381,3.0
6,1998,88,해태,37,51,0.4204545454545455,8.0
7,1998,88,현대,57,31,0.6477272727272727,1.0
