,Year,Game_idx,Team1,cum_win,cum_lose,Wpct,rank
0,2012,77,KIA,37,36,0.5068493150684932,5.0
1,2012,77,LG,34,41,0.4533333333333333,7.0
2,2012,77,SK,38,38,0.5,6.0
3,2012,77,넥센,39,36,0.52,4.0
4,2012,77,두산,40,36,0.5263157894736842,3.0
5,2012,77,롯데,40,33,0.547945205479452,2.0
6,2012,77,삼성,44,31,0.5866666666666667,1.0
7,2012,77,한화,28,47,0.37333333333333335,8.0
