,Year,Game_idx,Team1,cum_win,cum_lose,Wpct,rank
0,2010,18,KIA,8,10,0.4444444444444444,5.0
1,2010,18,LG,9,8,0.5294117647058824,4.0
2,2010,18,SK,13,5,0.7222222222222222,1.0
3,2010,18,넥센,6,12,0.3333333333333333,8.0
4,2010,18,두산,12,5,0.7058823529411765,2.0
5,2010,18,롯데,7,11,0.3888888888888889,6.5
6,2010,18,삼성,10,8,0.5555555555555556,3.0
7,2010,18,한화,7,11,0.3888888888888889,6.5
