,Year,Game_idx,Team1,cum_win,cum_lose,Wpct,rank
0,1990,93,LG,52,41,0.5591397849462365,3.0
1,1990,93,OB,28,61,0.3146067415730337,7.0
2,1990,93,롯데,36,54,0.4,6.0
3,1990,93,빙그레,56,35,0.6153846153846154,1.0
4,1990,93,삼성,52,39,0.5714285714285714,2.0
5,1990,93,태평양,44,46,0.4888888888888889,5.0
6,1990,93,해태,48,42,0.5333333333333333,4.0
