,Year,Game_idx,Team1,cum_win,cum_lose,Wpct,rank
0,2004,92,KIA,43,45,0.4886363636363637,5.0
1,2004,92,LG,40,50,0.4444444444444444,7.0
2,2004,92,SK,42,43,0.4941176470588236,4.0
3,2004,92,두산,50,41,0.5494505494505495,3.0
4,2004,92,롯데,32,50,0.3902439024390244,8.0
5,2004,92,삼성,49,37,0.5697674418604651,2.0
6,2004,92,한화,42,45,0.4827586206896552,6.0
7,2004,92,현대,50,37,0.5747126436781609,1.0
