,Year,Game_idx,Team1,cum_win,cum_lose,Wpct,rank
0,2011,82,KIA,49,33,0.5975609756097561,1.0
1,2011,82,LG,41,41,0.5,4.0
2,2011,82,SK,45,37,0.5487804878048781,3.0
3,2011,82,넥센,31,51,0.3780487804878049,8.0
4,2011,82,두산,35,45,0.4375,7.0
5,2011,82,롯데,38,41,0.4810126582278481,5.0
6,2011,82,삼성,47,33,0.5875,2.0
7,2011,82,한화,36,45,0.4444444444444444,6.0
