,Year,Game_idx,Team1,cum_win,cum_lose,Wpct,rank
0,2009,17,KIA,6,10,0.375,7.0
1,2009,17,LG,7,9,0.4375,5.0
2,2009,17,SK,11,4,0.7333333333333333,1.0
3,2009,17,두산,10,6,0.625,2.0
4,2009,17,롯데,6,11,0.35294117647058826,8.0
5,2009,17,삼성,10,7,0.5882352941176471,3.0
6,2009,17,한화,8,8,0.5,4.0
7,2009,17,히어로즈,7,10,0.4117647058823529,6.0
