,Year,Game_idx,Team1,cum_win,cum_lose,Wpct,rank
0,1994,82,LG,53,29,0.6463414634146342,1.0
1,1994,82,OB,36,45,0.4444444444444444,7.0
2,1994,82,롯데,36,43,0.4556962025316456,6.0
3,1994,82,삼성,40,41,0.4938271604938271,5.0
4,1994,82,쌍방울,28,52,0.35,8.0
5,1994,82,태평양,44,36,0.55,3.0
6,1994,82,한화,45,36,0.5555555555555556,2.0
7,1994,82,해태,43,37,0.5375,4.0
