,Year,Game_idx,Team1,cum_win,cum_lose,Wpct,rank
0,2001,12,KIA,6,6,0.5,4.5
1,2001,12,LG,3,9,0.25,8.0
2,2001,12,SK,6,6,0.5,4.5
3,2001,12,두산,8,4,0.6666666666666666,2.0
4,2001,12,롯데,5,7,0.4166666666666667,6.0
5,2001,12,삼성,8,4,0.6666666666666666,2.0
6,2001,12,한화,8,4,0.6666666666666666,2.0
7,2001,12,현대,4,8,0.3333333333333333,7.0
