,Year,Game_idx,Team1,cum_win,cum_lose,Wpct,rank
0,2013,29,KIA,17,11,0.6071428571428571,3.5
1,2013,29,LG,13,16,0.4482758620689655,7.0
2,2013,29,NC,7,21,0.25,9.0
3,2013,29,SK,14,14,0.5,5.0
4,2013,29,넥센,19,10,0.6551724137931034,1.5
5,2013,29,두산,17,11,0.6071428571428571,3.5
6,2013,29,롯데,13,15,0.4642857142857143,6.0
7,2013,29,삼성,19,10,0.6551724137931034,1.5
8,2013,29,한화,8,20,0.2857142857142857,8.0
