,Year,Game_idx,Team1,cum_win,cum_lose,Wpct,rank
0,1995,32,LG,18,14,0.5625,2.0
1,1995,32,OB,19,12,0.6129032258064516,1.0
2,1995,32,롯데,17,15,0.53125,3.0
3,1995,32,삼성,15,15,0.5,4.5
4,1995,32,쌍방울,14,18,0.4375,6.5
5,1995,32,태평양,13,18,0.41935483870967744,8.0
6,1995,32,한화,16,16,0.5,4.5
7,1995,32,해태,14,18,0.4375,6.5
