,Year,Game_idx,Team1,cum_win,cum_lose,Wpct,rank
0,2000,12,LG,6,6,0.5,4.0
1,2000,12,SK,3,9,0.25,8.0
2,2000,12,두산,9,3,0.75,2.0
3,2000,12,롯데,4,8,0.3333333333333333,6.0
4,2000,12,삼성,10,2,0.8333333333333334,1.0
5,2000,12,한화,4,8,0.3333333333333333,6.0
6,2000,12,해태,4,8,0.3333333333333333,6.0
7,2000,12,현대,8,4,0.6666666666666666,3.0
