,Year,Game_idx,Team1,cum_win,cum_lose,Wpct,rank
0,2012,52,KIA,23,27,0.46,7.0
1,2012,52,LG,27,24,0.5294117647058824,3.5
2,2012,52,SK,29,22,0.5686274509803921,1.0
3,2012,52,넥센,27,24,0.5294117647058824,3.5
4,2012,52,두산,25,26,0.4901960784313725,5.5
5,2012,52,롯데,27,23,0.54,2.0
6,2012,52,삼성,25,26,0.4901960784313725,5.5
7,2012,52,한화,20,31,0.392156862745098,8.0
