,Year,Game_idx,Team1,cum_win,cum_lose,Wpct,rank
0,2000,3,LG,3,0,1.0,2.0
1,2000,3,SK,1,2,0.3333333333333333,5.0
2,2000,3,두산,3,0,1.0,2.0
3,2000,3,롯데,0,3,0.0,7.0
4,2000,3,삼성,2,1,0.6666666666666666,4.0
5,2000,3,한화,0,3,0.0,7.0
6,2000,3,해태,0,3,0.0,7.0
7,2000,3,현대,3,0,1.0,2.0
