,Year,Game_idx,Team1,cum_win,cum_lose,Wpct,rank
0,2007,107,KIA,42,64,0.3962264150943397,8.0
1,2007,107,LG,52,50,0.5098039215686274,5.0
2,2007,107,SK,62,40,0.6078431372549019,1.0
3,2007,107,두산,57,48,0.5428571428571428,2.0
4,2007,107,롯데,49,55,0.4711538461538462,6.0
5,2007,107,삼성,55,49,0.5288461538461539,4.0
6,2007,107,한화,56,49,0.5333333333333333,3.0
7,2007,107,현대,46,60,0.4339622641509434,7.0
