,Year,Game_idx,Team1,cum_win,cum_lose,Wpct,rank
0,2006,66,KIA,29,34,0.4603174603174603,6.0
1,2006,66,LG,25,39,0.390625,8.0
2,2006,66,SK,30,35,0.4615384615384616,5.0
3,2006,66,두산,34,30,0.53125,4.0
4,2006,66,롯데,28,37,0.4307692307692308,7.0
5,2006,66,삼성,40,23,0.6349206349206349,1.0
6,2006,66,한화,35,30,0.5384615384615384,2.5
7,2006,66,현대,35,30,0.5384615384615384,2.5
