,Year,Game_idx,Team1,cum_win,cum_lose,Wpct,rank
0,2001,29,KIA,14,14,0.5,6.0
1,2001,29,LG,9,19,0.32142857142857145,8.0
2,2001,29,SK,15,14,0.5172413793103449,4.5
3,2001,29,두산,17,10,0.6296296296296297,1.0
4,2001,29,롯데,10,18,0.35714285714285715,7.0
5,2001,29,삼성,17,12,0.5862068965517241,2.5
6,2001,29,한화,17,12,0.5862068965517241,2.5
7,2001,29,현대,15,14,0.5172413793103449,4.5
