,Year,Game_idx,Team1,cum_win,cum_lose,Wpct,rank
0,2000,24,LG,11,13,0.4583333333333333,4.5
1,2000,24,SK,5,19,0.20833333333333331,8.0
2,2000,24,두산,17,7,0.7083333333333334,2.0
3,2000,24,롯데,11,13,0.4583333333333333,4.5
4,2000,24,삼성,14,10,0.5833333333333334,3.0
5,2000,24,한화,9,15,0.375,7.0
6,2000,24,해태,10,14,0.4166666666666667,6.0
7,2000,24,현대,19,5,0.7916666666666666,1.0
