,Year,Game_idx,Team1,cum_win,cum_lose,Wpct,rank
0,1993,60,LG,35,24,0.5932203389830508,2.0
1,1993,60,OB,26,31,0.456140350877193,5.0
2,1993,60,롯데,30,30,0.5,4.0
3,1993,60,빙그레,25,34,0.42372881355932196,6.0
4,1993,60,삼성,31,27,0.5344827586206896,3.0
5,1993,60,쌍방울,21,35,0.375,8.0
6,1993,60,태평양,21,33,0.3888888888888889,7.0
7,1993,60,해태,41,18,0.6949152542372882,1.0
