,Year,Game_idx,Team1,cum_win,cum_lose,Wpct,rank
0,2006,109,KIA,53,53,0.5,5.0
1,2006,109,LG,41,64,0.3904761904761905,8.0
2,2006,109,SK,53,55,0.4907407407407408,6.0
3,2006,109,두산,54,53,0.5046728971962616,4.0
4,2006,109,롯데,45,62,0.4205607476635514,7.0
5,2006,109,삼성,63,43,0.5943396226415094,1.0
6,2006,109,한화,58,49,0.5420560747663551,3.0
7,2006,109,현대,61,47,0.5648148148148148,2.0
