,Year,Game_idx,Team1,cum_win,cum_lose,Wpct,rank
0,2000,66,LG,36,28,0.5625,3.0
1,2000,66,SK,19,46,0.2923076923076923,8.0
2,2000,66,두산,41,25,0.6212121212121212,2.0
3,2000,66,롯데,33,32,0.5076923076923077,4.5
4,2000,66,삼성,33,32,0.5076923076923077,4.5
5,2000,66,한화,24,39,0.3809523809523809,7.0
6,2000,66,해태,28,36,0.4375,6.0
7,2000,66,현대,44,22,0.6666666666666666,1.0
