,Year,Game_idx,Team1,cum_win,cum_lose,Wpct,rank
0,2005,18,KIA,7,11,0.3888888888888889,8.0
1,2005,18,LG,8,10,0.4444444444444444,6.0
2,2005,18,SK,8,9,0.4705882352941176,5.0
3,2005,18,두산,11,7,0.6111111111111112,1.5
4,2005,18,롯데,9,9,0.5,3.5
5,2005,18,삼성,11,7,0.6111111111111112,1.5
6,2005,18,한화,9,9,0.5,3.5
7,2005,18,현대,7,10,0.4117647058823529,7.0
