,Year,Game_idx,Team1,cum_win,cum_lose,Wpct,rank
0,1997,122,LG,70,50,0.5833333333333334,2.0
1,1997,122,OB,55,62,0.4700854700854701,5.0
2,1997,122,롯데,47,74,0.3884297520661157,8.0
3,1997,122,삼성,64,51,0.5565217391304348,4.0
4,1997,122,쌍방울,68,52,0.5666666666666667,3.0
5,1997,122,한화,51,69,0.425,6.0
6,1997,122,해태,72,49,0.5950413223140496,1.0
7,1997,122,현대,50,68,0.42372881355932196,7.0
