,Year,Game_idx,Team1,cum_win,cum_lose,Wpct,rank
0,2000,61,LG,33,27,0.55,3.0
1,2000,61,SK,18,42,0.3,8.0
2,2000,61,두산,36,25,0.5901639344262295,2.0
3,2000,61,롯데,29,31,0.4833333333333333,5.0
4,2000,61,삼성,31,29,0.5166666666666667,4.0
5,2000,61,한화,23,35,0.3965517241379311,7.0
6,2000,61,해태,27,33,0.45,6.0
7,2000,61,현대,43,18,0.7049180327868853,1.0
