,Year,Game_idx,Team1,cum_win,cum_lose,Wpct,rank
0,1996,82,LG,35,42,0.4545454545454545,7.0
1,1996,82,OB,35,45,0.4375,8.0
2,1996,82,롯데,37,41,0.4743589743589744,5.0
3,1996,82,삼성,37,42,0.4683544303797468,6.0
4,1996,82,쌍방울,41,39,0.5125,4.0
5,1996,82,한화,44,38,0.5365853658536586,3.0
6,1996,82,해태,45,36,0.5555555555555556,2.0
7,1996,82,현대,44,33,0.5714285714285714,1.0
