,Year,Game_idx,Team1,cum_win,cum_lose,Wpct,rank
0,2016,41,KIA,20,21,0.4878048780487805,6.5
1,2016,41,LG,21,20,0.5121951219512195,5.0
2,2016,41,NC,23,17,0.575,2.0
3,2016,41,SK,22,19,0.5365853658536586,3.0
4,2016,41,kt,17,22,0.4358974358974359,9.0
5,2016,41,넥센,21,19,0.525,4.0
6,2016,41,두산,29,11,0.725,1.0
7,2016,41,롯데,19,22,0.4634146341463415,8.0
8,2016,41,삼성,20,21,0.4878048780487805,6.5
9,2016,41,한화,11,29,0.275,10.0
