,Year,Game_idx,Team1,cum_win,cum_lose,Wpct,rank
0,1997,98,LG,56,40,0.5833333333333334,2.0
1,1997,98,OB,45,48,0.4838709677419355,5.0
2,1997,98,롯데,39,58,0.4020618556701031,8.0
3,1997,98,삼성,51,41,0.5543478260869565,4.0
4,1997,98,쌍방울,54,43,0.5567010309278351,3.0
5,1997,98,한화,39,57,0.40625,7.0
6,1997,98,해태,59,38,0.6082474226804123,1.0
7,1997,98,현대,41,53,0.4361702127659575,6.0
