,Year,Game_idx,Team1,cum_win,cum_lose,Wpct,rank
0,2001,133,KIA,60,68,0.46875,5.0
1,2001,133,LG,58,67,0.46399999999999997,6.0
2,2001,133,SK,60,71,0.4580152671755725,7.0
3,2001,133,두산,65,63,0.5078125,3.0
4,2001,133,롯데,59,70,0.4573643410852713,8.0
5,2001,133,삼성,81,52,0.6090225563909775,1.0
6,2001,133,한화,61,68,0.4728682170542636,4.0
7,2001,133,현대,72,57,0.5581395348837209,2.0
