,Year,Game_idx,Team1,cum_win,cum_lose,Wpct,rank
0,2002,124,KIA,75,45,0.625,2.0
1,2002,124,LG,62,56,0.5254237288135594,4.0
2,2002,124,SK,56,65,0.4628099173553719,7.0
3,2002,124,두산,62,60,0.5081967213114754,5.0
4,2002,124,롯데,30,93,0.24390243902439024,8.0
5,2002,124,삼성,77,43,0.6416666666666667,1.0
6,2002,124,한화,56,63,0.4705882352941176,6.0
7,2002,124,현대,65,54,0.5462184873949579,3.0
