,Year,Game_idx,Team1,cum_win,cum_lose,Wpct,rank
0,2010,14,KIA,6,8,0.42857142857142855,4.0
1,2010,14,LG,5,8,0.38461538461538464,5.0
2,2010,14,SK,9,5,0.6428571428571429,3.0
3,2010,14,넥센,5,9,0.35714285714285715,7.0
4,2010,14,두산,10,3,0.7692307692307693,1.0
5,2010,14,롯데,5,9,0.35714285714285715,7.0
6,2010,14,삼성,10,4,0.7142857142857143,2.0
7,2010,14,한화,5,9,0.35714285714285715,7.0
