,Year,Game_idx,Team1,cum_win,cum_lose,Wpct,rank
0,2003,36,KIA,20,15,0.5714285714285714,4.0
1,2003,36,LG,18,16,0.5294117647058824,5.0
2,2003,36,SK,21,14,0.6,3.0
3,2003,36,두산,8,28,0.2222222222222222,8.0
4,2003,36,롯데,11,23,0.3235294117647059,7.0
5,2003,36,삼성,24,10,0.7058823529411765,1.0
6,2003,36,한화,15,19,0.4411764705882353,6.0
7,2003,36,현대,23,12,0.6571428571428571,2.0
