,Year,Game_idx,Team1,cum_win,cum_lose,Wpct,rank
0,1999,110,LG,55,55,0.5,6.0
1,1999,110,두산,61,44,0.580952380952381,2.0
2,1999,110,롯데,62,43,0.5904761904761905,1.0
3,1999,110,삼성,60,48,0.5555555555555556,3.0
4,1999,110,쌍방울,26,79,0.24761904761904766,8.0
5,1999,110,한화,57,51,0.5277777777777778,5.0
6,1999,110,해태,52,56,0.4814814814814815,7.0
7,1999,110,현대,56,49,0.5333333333333333,4.0
