,Year,Game_idx,Team1,cum_win,cum_lose,Wpct,rank
0,2007,81,KIA,31,49,0.3875,8.0
1,2007,81,LG,39,38,0.5064935064935064,4.0
2,2007,81,SK,46,30,0.6052631578947368,1.0
3,2007,81,두산,44,35,0.5569620253164557,2.0
4,2007,81,롯데,35,43,0.4487179487179487,7.0
5,2007,81,삼성,39,39,0.5,5.0
6,2007,81,한화,42,37,0.5316455696202531,3.0
7,2007,81,현대,38,43,0.4691358024691358,6.0
