,Year,Game_idx,Team1,cum_win,cum_lose,Wpct,rank
0,2010,55,KIA,28,27,0.509090909090909,4.0
1,2010,55,LG,24,30,0.4444444444444444,6.0
2,2010,55,SK,37,18,0.6727272727272727,1.0
3,2010,55,넥센,21,34,0.3818181818181817,8.0
4,2010,55,두산,31,23,0.5740740740740741,2.0
5,2010,55,롯데,25,30,0.4545454545454545,5.0
6,2010,55,삼성,29,26,0.5272727272727272,3.0
7,2010,55,한화,23,32,0.41818181818181815,7.0
