,Year,Game_idx,Team1,cum_win,cum_lose,Wpct,rank
0,2002,7,KIA,4,2,0.6666666666666666,2.0
1,2002,7,LG,2,5,0.2857142857142857,8.0
2,2002,7,SK,2,4,0.3333333333333333,7.0
3,2002,7,두산,3,4,0.42857142857142855,5.5
4,2002,7,롯데,3,4,0.42857142857142855,5.5
5,2002,7,삼성,4,3,0.5714285714285714,4.0
6,2002,7,한화,4,2,0.6666666666666666,2.0
7,2002,7,현대,4,2,0.6666666666666666,2.0
