,Year,Game_idx,Team1,cum_win,cum_lose,Wpct,rank
0,1989,69,MBC,29,37,0.4393939393939394,6.0
1,1989,69,OB,31,37,0.4558823529411765,5.0
2,1989,69,롯데,27,40,0.4029850746268657,7.0
3,1989,69,빙그레,41,25,0.6212121212121212,1.0
4,1989,69,삼성,34,32,0.5151515151515151,3.0
5,1989,69,태평양,33,32,0.5076923076923077,4.0
6,1989,69,해태,38,28,0.5757575757575758,2.0
