,Year,Game_idx,Team1,cum_win,cum_lose,Wpct,rank
0,1989,82,MBC,32,46,0.41025641025641024,6.0
1,1989,82,OB,39,41,0.4875,5.0
2,1989,82,롯데,32,47,0.4050632911392405,7.0
3,1989,82,빙그레,46,33,0.5822784810126582,2.0
4,1989,82,삼성,39,38,0.5064935064935064,4.0
5,1989,82,태평양,40,38,0.5128205128205128,3.0
6,1989,82,해태,48,31,0.6075949367088608,1.0
