,Year,Game_idx,Team1,cum_win,cum_lose,Wpct,rank
0,2014,78,KIA,37,41,0.4743589743589744,6.0
1,2014,78,LG,33,44,0.42857142857142855,7.0
2,2014,78,NC,46,32,0.5897435897435898,3.0
3,2014,78,SK,32,46,0.41025641025641024,8.0
4,2014,78,넥센,46,31,0.5974025974025974,2.0
5,2014,78,두산,38,40,0.4871794871794872,5.0
6,2014,78,롯데,40,37,0.5194805194805194,4.0
7,2014,78,삼성,49,27,0.6447368421052632,1.0
8,2014,78,한화,29,48,0.37662337662337664,9.0
