,Year,Game_idx,Team1,cum_win,cum_lose,Wpct,rank
0,2016,11,KIA,5,6,0.4545454545454545,8.0
1,2016,11,LG,6,5,0.5454545454545454,4.5
2,2016,11,NC,5,6,0.4545454545454545,8.0
3,2016,11,SK,6,5,0.5454545454545454,4.5
4,2016,11,kt,6,5,0.5454545454545454,4.5
5,2016,11,넥센,6,4,0.6,2.0
6,2016,11,두산,7,3,0.7,1.0
7,2016,11,롯데,5,6,0.4545454545454545,8.0
8,2016,11,삼성,6,5,0.5454545454545454,4.5
9,2016,11,한화,2,9,0.18181818181818185,10.0
