,Year,Game_idx,Team1,cum_win,cum_lose,Wpct,rank
0,2014,97,KIA,44,53,0.4536082474226804,6.5
1,2014,97,LG,44,52,0.4583333333333333,5.0
2,2014,97,NC,54,43,0.5567010309278351,3.0
3,2014,97,SK,42,55,0.4329896907216495,8.0
4,2014,97,넥센,57,39,0.59375,2.0
5,2014,97,두산,44,53,0.4536082474226804,6.5
6,2014,97,롯데,45,51,0.46875,4.0
7,2014,97,삼성,65,30,0.6842105263157895,1.0
8,2014,97,한화,38,58,0.3958333333333333,9.0
