,Year,Game_idx,Team1,cum_win,cum_lose,Wpct,rank
0,2009,8,KIA,2,5,0.2857142857142857,8.0
1,2009,8,LG,3,5,0.375,6.5
2,2009,8,SK,5,2,0.7142857142857143,1.5
3,2009,8,두산,5,2,0.7142857142857143,1.5
4,2009,8,롯데,3,5,0.375,6.5
5,2009,8,삼성,4,4,0.5,4.5
6,2009,8,한화,4,3,0.5714285714285714,3.0
7,2009,8,히어로즈,4,4,0.5,4.5
