,Year,Game_idx,Team1,cum_win,cum_lose,Wpct,rank
0,1989,60,MBC,24,33,0.42105263157894735,6.0
1,1989,60,OB,26,33,0.4406779661016949,5.0
2,1989,60,롯데,20,38,0.3448275862068966,7.0
3,1989,60,빙그레,35,22,0.6140350877192983,1.0
4,1989,60,삼성,31,26,0.543859649122807,3.0
5,1989,60,태평양,28,29,0.4912280701754386,4.0
6,1989,60,해태,35,23,0.603448275862069,2.0
