,Year,Game_idx,Team1,cum_win,cum_lose,Wpct,rank
0,2015,70,KIA,35,35,0.5,7.0
1,2015,70,LG,30,39,0.43478260869565216,9.0
2,2015,70,NC,41,28,0.5942028985507246,1.0
3,2015,70,SK,35,34,0.5072463768115942,6.0
4,2015,70,kt,20,50,0.2857142857142857,10.0
5,2015,70,넥센,38,31,0.5507246376811594,4.0
6,2015,70,두산,40,30,0.5714285714285714,3.0
7,2015,70,롯데,33,37,0.4714285714285714,8.0
8,2015,70,삼성,41,29,0.5857142857142857,2.0
9,2015,70,한화,36,34,0.5142857142857142,5.0
