,Year,Game_idx,Team1,cum_win,cum_lose,Wpct,rank
0,2009,53,KIA,27,23,0.54,3.0
1,2009,53,LG,22,28,0.44,5.0
2,2009,53,SK,32,17,0.6530612244897959,1.0
3,2009,53,두산,32,19,0.6274509803921569,2.0
4,2009,53,롯데,20,33,0.37735849056603776,8.0
5,2009,53,삼성,26,27,0.490566037735849,4.0
6,2009,53,한화,21,29,0.42,7.0
7,2009,53,히어로즈,22,30,0.4230769230769231,6.0
