,Year,Game_idx,Team1,cum_win,cum_lose,Wpct,rank
0,2009,102,KIA,60,38,0.6122448979591837,1.0
1,2009,102,LG,43,56,0.4343434343434344,7.0
2,2009,102,SK,55,42,0.5670103092783505,3.0
3,2009,102,두산,58,42,0.58,2.0
4,2009,102,롯데,53,49,0.5196078431372549,4.0
5,2009,102,삼성,52,50,0.5098039215686274,5.0
6,2009,102,한화,31,68,0.31313131313131315,8.0
7,2009,102,히어로즈,49,52,0.4851485148514851,6.0
