,Year,Game_idx,Team1,cum_win,cum_lose,Wpct,rank
0,2012,87,KIA,42,41,0.5060240963855421,4.0
1,2012,87,LG,37,47,0.4404761904761905,7.0
2,2012,87,SK,43,42,0.5058823529411764,5.0
3,2012,87,넥센,42,43,0.4941176470588236,6.0
4,2012,87,두산,46,40,0.5348837209302325,2.0
5,2012,87,롯데,43,40,0.5180722891566265,3.0
6,2012,87,삼성,50,35,0.5882352941176471,1.0
7,2012,87,한화,34,51,0.4,8.0
