,Year,Game_idx,Team1,cum_win,cum_lose,Wpct,rank
0,1990,86,LG,48,38,0.5581395348837209,3.0
1,1990,86,OB,25,57,0.3048780487804878,7.0
2,1990,86,롯데,33,50,0.3975903614457832,6.0
3,1990,86,빙그레,51,33,0.6071428571428571,1.0
4,1990,86,삼성,50,34,0.5952380952380952,2.0
5,1990,86,태평양,41,43,0.4880952380952381,5.0
6,1990,86,해태,44,39,0.5301204819277109,4.0
