,Year,Game_idx,Team1,cum_win,cum_lose,Wpct,rank
0,1991,94,LG,45,48,0.4838709677419355,4.0
1,1991,94,OB,32,60,0.3478260869565217,8.0
2,1991,94,롯데,44,48,0.4782608695652174,5.0
3,1991,94,빙그레,53,37,0.5888888888888889,3.0
4,1991,94,삼성,55,38,0.5913978494623656,2.0
5,1991,94,쌍방울,38,53,0.4175824175824176,7.0
6,1991,94,태평양,43,50,0.4623655913978494,6.0
7,1991,94,해태,57,34,0.6263736263736264,1.0
