,Year,Game_idx,Team1,cum_win,cum_lose,Wpct,rank
0,1993,79,LG,48,30,0.6153846153846154,2.0
1,1993,79,OB,37,37,0.5,4.0
2,1993,79,롯데,38,41,0.4810126582278481,5.0
3,1993,79,빙그레,33,44,0.42857142857142855,6.0
4,1993,79,삼성,39,36,0.52,3.0
5,1993,79,쌍방울,32,43,0.4266666666666667,7.0
6,1993,79,태평양,25,47,0.3472222222222222,8.0
7,1993,79,해태,50,28,0.6410256410256411,1.0
