,Year,Game_idx,Team1,cum_win,cum_lose,Wpct,rank
0,1991,78,LG,41,36,0.5324675324675324,4.0
1,1991,78,OB,25,51,0.32894736842105265,8.0
2,1991,78,롯데,39,38,0.5064935064935064,5.0
3,1991,78,빙그레,41,34,0.5466666666666666,3.0
4,1991,78,삼성,43,35,0.5512820512820513,2.0
5,1991,78,쌍방울,30,46,0.3947368421052632,7.0
6,1991,78,태평양,37,40,0.4805194805194805,6.0
7,1991,78,해태,49,27,0.6447368421052632,1.0
