,Year,Game_idx,Team1,cum_win,cum_lose,Wpct,rank
0,2016,13,KIA,6,7,0.4615384615384616,7.5
1,2016,13,LG,7,6,0.5384615384615384,3.5
2,2016,13,NC,6,7,0.4615384615384616,7.5
3,2016,13,SK,8,5,0.6153846153846154,2.0
4,2016,13,kt,7,6,0.5384615384615384,3.5
5,2016,13,넥센,6,6,0.5,5.0
6,2016,13,두산,9,3,0.75,1.0
7,2016,13,롯데,6,7,0.4615384615384616,7.5
8,2016,13,삼성,6,7,0.4615384615384616,7.5
9,2016,13,한화,2,11,0.15384615384615385,10.0
