,Year,Game_idx,Team1,cum_win,cum_lose,Wpct,rank
0,1997,79,LG,45,32,0.5844155844155844,2.0
1,1997,79,OB,39,36,0.52,5.0
2,1997,79,롯데,31,47,0.3974358974358974,7.0
3,1997,79,삼성,42,32,0.5675675675675675,3.0
4,1997,79,쌍방울,43,35,0.5512820512820513,4.0
5,1997,79,한화,31,46,0.4025974025974026,6.0
6,1997,79,해태,47,31,0.6025641025641025,1.0
7,1997,79,현대,29,46,0.38666666666666666,8.0
