,Year,Game_idx,Team1,cum_win,cum_lose,Wpct,rank
0,2001,102,KIA,44,53,0.4536082474226804,4.0
1,2001,102,LG,41,54,0.43157894736842106,7.0
2,2001,102,SK,43,57,0.43,8.0
3,2001,102,두산,50,47,0.5154639175257731,3.0
4,2001,102,롯데,43,55,0.4387755102040816,6.0
5,2001,102,삼성,67,35,0.6568627450980392,1.0
6,2001,102,한화,44,54,0.4489795918367347,5.0
7,2001,102,현대,60,39,0.6060606060606061,2.0
