,Year,Game_idx,Team1,cum_win,cum_lose,Wpct,rank
0,1991,34,LG,20,13,0.6060606060606061,2.0
1,1991,34,OB,14,20,0.4117647058823529,7.0
2,1991,34,롯데,15,19,0.4411764705882353,6.0
3,1991,34,빙그레,18,15,0.5454545454545454,3.0
4,1991,34,삼성,18,16,0.5294117647058824,4.0
5,1991,34,쌍방울,11,23,0.3235294117647059,8.0
6,1991,34,태평양,16,18,0.4705882352941176,5.0
7,1991,34,해태,23,11,0.6764705882352942,1.0
