,Year,Game_idx,Team1,cum_win,cum_lose,Wpct,rank
0,2004,9,KIA,3,6,0.3333333333333333,7.5
1,2004,9,LG,4,4,0.5,4.5
2,2004,9,SK,5,4,0.5555555555555556,3.0
3,2004,9,두산,3,6,0.3333333333333333,7.5
4,2004,9,롯데,4,4,0.5,4.5
5,2004,9,삼성,5,3,0.625,2.0
6,2004,9,한화,3,5,0.375,6.0
7,2004,9,현대,7,2,0.7777777777777778,1.0
