,Year,Game_idx,Team1,cum_win,cum_lose,Wpct,rank
0,2008,106,KIA,51,55,0.4811320754716981,6.0
1,2008,106,LG,37,69,0.3490566037735849,8.0
2,2008,106,SK,70,36,0.660377358490566,1.0
3,2008,106,두산,60,46,0.5660377358490566,2.0
4,2008,106,롯데,59,47,0.5566037735849056,3.0
5,2008,106,삼성,54,52,0.5094339622641509,5.0
6,2008,106,한화,56,50,0.5283018867924528,4.0
7,2008,106,히어로즈,41,65,0.3867924528301887,7.0
