,Year,Game_idx,Team1,cum_win,cum_lose,Wpct,rank
0,2006,75,KIA,36,36,0.5,5.0
1,2006,75,LG,28,44,0.3888888888888889,8.0
2,2006,75,SK,33,41,0.4459459459459459,6.0
3,2006,75,두산,37,36,0.5068493150684932,4.0
4,2006,75,롯데,31,42,0.4246575342465753,7.0
5,2006,75,삼성,46,26,0.6388888888888888,1.0
6,2006,75,한화,40,33,0.547945205479452,2.0
7,2006,75,현대,40,34,0.5405405405405406,3.0
