,Year,Game_idx,Team1,cum_win,cum_lose,Wpct,rank
0,1998,47,LG,24,23,0.5106382978723404,4.0
1,1998,47,OB,22,25,0.4680851063829787,5.0
2,1998,47,롯데,18,27,0.4,8.0
3,1998,47,삼성,25,22,0.5319148936170213,2.0
4,1998,47,쌍방울,20,27,0.425531914893617,7.0
5,1998,47,한화,23,22,0.5111111111111111,3.0
6,1998,47,해태,21,26,0.44680851063829785,6.0
7,1998,47,현대,34,13,0.7234042553191491,1.0
