,Year,Game_idx,Team1,cum_win,cum_lose,Wpct,rank
0,1989,30,MBC,12,17,0.4137931034482759,5.0
1,1989,30,OB,10,20,0.3333333333333333,7.0
2,1989,30,롯데,11,18,0.3793103448275862,6.0
3,1989,30,빙그레,18,10,0.6428571428571429,1.0
4,1989,30,삼성,18,11,0.6206896551724138,2.0
5,1989,30,태평양,15,13,0.5357142857142857,4.0
6,1989,30,해태,16,13,0.5517241379310345,3.0
