,Year,Game_idx,Team1,cum_win,cum_lose,Wpct,rank
0,1989,42,MBC,20,20,0.5,4.0
1,1989,42,OB,17,24,0.4146341463414634,6.0
2,1989,42,롯데,14,27,0.3414634146341464,7.0
3,1989,42,빙그레,24,16,0.6,2.5
4,1989,42,삼성,25,16,0.6097560975609756,1.0
5,1989,42,태평양,19,20,0.4871794871794872,5.0
6,1989,42,해태,24,16,0.6,2.5
