,Year,Game_idx,Team1,cum_win,cum_lose,Wpct,rank
0,1994,126,LG,81,45,0.6428571428571429,1.0
1,1994,126,OB,53,72,0.424,7.0
2,1994,126,롯데,56,67,0.4552845528455284,6.0
3,1994,126,삼성,60,64,0.4838709677419355,5.0
4,1994,126,쌍방울,47,74,0.3884297520661157,8.0
5,1994,126,태평양,68,55,0.5528455284552846,2.0
6,1994,126,한화,65,59,0.5241935483870968,3.5
7,1994,126,해태,65,59,0.5241935483870968,3.5
