,Year,Game_idx,Team1,cum_win,cum_lose,Wpct,rank
0,2002,27,KIA,16,9,0.64,1.0
1,2002,27,LG,13,14,0.4814814814814815,6.0
2,2002,27,SK,10,16,0.38461538461538464,7.0
3,2002,27,두산,13,13,0.5,5.0
4,2002,27,롯데,9,17,0.3461538461538461,8.0
5,2002,27,삼성,16,11,0.5925925925925926,2.0
6,2002,27,한화,13,12,0.52,4.0
7,2002,27,현대,13,11,0.5416666666666666,3.0
