,Year,Game_idx,Team1,cum_win,cum_lose,Wpct,rank
0,1991,69,LG,36,32,0.5294117647058824,4.0
1,1991,69,OB,23,46,0.3333333333333333,8.0
2,1991,69,롯데,35,33,0.5147058823529411,5.0
3,1991,69,빙그레,35,31,0.5303030303030303,3.0
4,1991,69,삼성,37,32,0.5362318840579711,2.0
5,1991,69,쌍방울,27,41,0.3970588235294117,7.0
6,1991,69,태평양,34,35,0.4927536231884058,6.0
7,1991,69,해태,45,22,0.6716417910447762,1.0
