,Year,Game_idx,Team1,cum_win,cum_lose,Wpct,rank
0,1989,24,MBC,8,15,0.3478260869565217,7.0
1,1989,24,OB,9,15,0.375,6.0
2,1989,24,롯데,9,14,0.39130434782608703,5.0
3,1989,24,빙그레,14,8,0.6363636363636364,1.0
4,1989,24,삼성,14,9,0.6086956521739131,2.0
5,1989,24,태평양,13,10,0.5652173913043478,3.0
6,1989,24,해태,13,11,0.5416666666666666,4.0
