,Year,Game_idx,Team1,cum_win,cum_lose,Wpct,rank
0,2003,77,KIA,39,36,0.52,4.0
1,2003,77,LG,38,37,0.5066666666666667,5.0
2,2003,77,SK,47,29,0.618421052631579,3.0
3,2003,77,두산,24,53,0.3116883116883117,7.0
4,2003,77,롯데,22,52,0.2972972972972973,8.0
5,2003,77,삼성,50,25,0.6666666666666666,1.0
6,2003,77,한화,36,38,0.4864864864864865,6.0
7,2003,77,현대,48,28,0.631578947368421,2.0
