,Year,Game_idx,Team1,cum_win,cum_lose,Wpct,rank
0,1999,100,LG,50,50,0.5,6.0
1,1999,100,두산,53,42,0.5578947368421052,2.0
2,1999,100,롯데,56,39,0.5894736842105263,1.0
3,1999,100,삼성,54,44,0.5510204081632653,3.0
4,1999,100,쌍방울,23,72,0.24210526315789474,8.0
5,1999,100,한화,50,48,0.5102040816326531,5.0
6,1999,100,해태,47,51,0.4795918367346938,7.0
7,1999,100,현대,52,43,0.5473684210526316,4.0
