,Year,Game_idx,Team1,cum_win,cum_lose,Wpct,rank
0,1991,119,LG,52,66,0.4406779661016949,5.0
1,1991,119,OB,45,72,0.38461538461538464,8.0
2,1991,119,롯데,57,59,0.4913793103448276,4.0
3,1991,119,빙그레,69,45,0.6052631578947368,2.0
4,1991,119,삼성,67,51,0.5677966101694916,3.0
5,1991,119,쌍방울,50,66,0.4310344827586207,7.0
6,1991,119,태평양,51,66,0.4358974358974359,6.0
7,1991,119,해태,75,39,0.6578947368421053,1.0
