,Year,Game_idx,Team1,cum_win,cum_lose,Wpct,rank
0,2005,59,KIA,23,35,0.3965517241379311,8.0
1,2005,59,LG,25,34,0.42372881355932196,6.0
2,2005,59,SK,24,33,0.42105263157894735,7.0
3,2005,59,두산,37,21,0.6379310344827587,2.0
4,2005,59,롯데,28,31,0.4745762711864407,4.0
5,2005,59,삼성,39,20,0.6610169491525424,1.0
6,2005,59,한화,30,28,0.5172413793103449,3.0
7,2005,59,현대,26,32,0.4482758620689655,5.0
