,Year,Game_idx,Team1,cum_win,cum_lose,Wpct,rank
0,2008,43,KIA,18,25,0.4186046511627907,7.0
1,2008,43,LG,15,28,0.3488372093023256,8.0
2,2008,43,SK,30,13,0.6976744186046512,1.0
3,2008,43,두산,25,18,0.5813953488372093,2.0
4,2008,43,롯데,23,20,0.5348837209302325,3.5
5,2008,43,삼성,21,22,0.4883720930232558,5.0
6,2008,43,한화,23,20,0.5348837209302325,3.5
7,2008,43,히어로즈,19,24,0.4418604651162791,6.0
