,Year,Game_idx,Team1,cum_win,cum_lose,Wpct,rank
0,1989,39,MBC,17,20,0.4594594594594595,5.0
1,1989,39,OB,16,22,0.42105263157894735,6.0
2,1989,39,롯데,13,25,0.34210526315789475,7.0
3,1989,39,빙그레,23,14,0.6216216216216216,1.0
4,1989,39,삼성,22,16,0.5789473684210527,3.0
5,1989,39,태평양,18,18,0.5,4.0
6,1989,39,해태,22,15,0.5945945945945946,2.0
