,Year,Game_idx,Team1,cum_win,cum_lose,Wpct,rank
0,2002,102,KIA,60,39,0.6060606060606061,1.0
1,2002,102,LG,52,45,0.5360824742268041,4.0
2,2002,102,SK,47,52,0.4747474747474748,6.0
3,2002,102,두산,53,47,0.53,5.0
4,2002,102,롯데,26,75,0.25742574257425743,8.0
5,2002,102,삼성,58,40,0.5918367346938775,2.0
6,2002,102,한화,46,53,0.4646464646464646,7.0
7,2002,102,현대,54,43,0.5567010309278351,3.0
