,Year,Game_idx,Team1,cum_win,cum_lose,Wpct,rank
0,2015,75,KIA,36,39,0.48,7.0
1,2015,75,LG,34,40,0.4594594594594595,9.0
2,2015,75,NC,42,32,0.5675675675675675,2.0
3,2015,75,SK,37,37,0.5,6.0
4,2015,75,kt,21,54,0.28,10.0
5,2015,75,넥센,41,33,0.5540540540540541,4.0
6,2015,75,두산,42,33,0.56,3.0
7,2015,75,롯데,35,40,0.4666666666666667,8.0
8,2015,75,삼성,44,31,0.5866666666666667,1.0
9,2015,75,한화,39,36,0.52,5.0
