,Year,Game_idx,Team1,cum_win,cum_lose,Wpct,rank
0,2012,119,KIA,54,59,0.4778761061946903,5.0
1,2012,119,LG,51,64,0.4434782608695652,7.0
2,2012,119,SK,63,53,0.5431034482758621,3.0
3,2012,119,넥센,55,62,0.4700854700854701,6.0
4,2012,119,두산,61,55,0.5258620689655172,4.0
5,2012,119,롯데,62,51,0.5486725663716814,2.0
6,2012,119,삼성,69,48,0.5897435897435898,1.0
7,2012,119,한화,48,69,0.41025641025641024,8.0
