,Year,Game_idx,Team1,cum_win,cum_lose,Wpct,rank
0,1995,81,LG,50,30,0.625,1.0
1,1995,81,OB,44,32,0.5789473684210527,2.0
2,1995,81,롯데,40,37,0.5194805194805194,3.0
3,1995,81,삼성,38,38,0.5,5.5
4,1995,81,쌍방울,29,51,0.3625,8.0
5,1995,81,태평양,33,45,0.4230769230769231,7.0
6,1995,81,한화,41,40,0.5061728395061729,4.0
7,1995,81,해태,40,40,0.5,5.5
