,Year,Game_idx,Team1,cum_win,cum_lose,Wpct,rank
0,1999,101,LG,51,50,0.504950495049505,6.0
1,1999,101,두산,54,42,0.5625,2.0
2,1999,101,롯데,57,39,0.59375,1.0
3,1999,101,삼성,55,44,0.5555555555555556,3.0
4,1999,101,쌍방울,23,73,0.2395833333333333,8.0
5,1999,101,한화,51,48,0.5151515151515151,5.0
6,1999,101,해태,48,51,0.4848484848484849,7.0
7,1999,101,현대,53,43,0.5520833333333334,4.0
