,Year,Game_idx,Team1,cum_win,cum_lose,Wpct,rank
0,2005,96,KIA,37,58,0.3894736842105263,8.0
1,2005,96,LG,42,53,0.4421052631578947,7.0
2,2005,96,SK,50,41,0.5494505494505495,3.0
3,2005,96,두산,53,41,0.5638297872340425,2.0
4,2005,96,롯데,44,51,0.4631578947368421,5.0
5,2005,96,삼성,55,39,0.5851063829787234,1.0
6,2005,96,한화,50,45,0.5263157894736842,4.0
7,2005,96,현대,43,50,0.4623655913978494,6.0
