,Year,Game_idx,Team1,cum_win,cum_lose,Wpct,rank
0,1991,13,LG,9,4,0.6923076923076923,2.0
1,1991,13,OB,7,6,0.5384615384615384,3.5
2,1991,13,롯데,5,8,0.38461538461538464,6.0
3,1991,13,빙그레,4,9,0.3076923076923077,7.0
4,1991,13,삼성,7,6,0.5384615384615384,3.5
5,1991,13,쌍방울,3,10,0.2307692307692308,8.0
6,1991,13,태평양,6,7,0.4615384615384616,5.0
7,1991,13,해태,10,3,0.7692307692307693,1.0
