,Year,Game_idx,Team1,cum_win,cum_lose,Wpct,rank
0,2013,86,KIA,40,44,0.4761904761904762,6.0
1,2013,86,LG,51,35,0.5930232558139535,2.0
2,2013,86,NC,34,49,0.40963855421686746,8.0
3,2013,86,SK,39,45,0.4642857142857143,7.0
4,2013,86,넥센,47,38,0.5529411764705883,3.0
5,2013,86,두산,46,38,0.5476190476190477,4.0
6,2013,86,롯데,45,39,0.5357142857142857,5.0
7,2013,86,삼성,53,31,0.6309523809523809,1.0
8,2013,86,한화,25,60,0.29411764705882354,9.0
