,Year,Game_idx,Team1,cum_win,cum_lose,Wpct,rank
0,2013,55,KIA,29,25,0.5370370370370371,5.0
1,2013,55,LG,30,25,0.5454545454545454,4.0
2,2013,55,NC,20,33,0.37735849056603776,8.0
3,2013,55,SK,24,30,0.4444444444444444,7.0
4,2013,55,넥센,32,22,0.5925925925925926,2.0
5,2013,55,두산,26,28,0.4814814814814815,6.0
6,2013,55,롯데,29,24,0.5471698113207547,3.0
7,2013,55,삼성,33,20,0.6226415094339622,1.0
8,2013,55,한화,17,37,0.3148148148148148,9.0
