,Year,Game_idx,Team1,cum_win,cum_lose,Wpct,rank
0,2015,72,KIA,36,36,0.5,6.0
1,2015,72,LG,32,39,0.4507042253521127,9.0
2,2015,72,NC,41,30,0.5774647887323944,2.0
3,2015,72,SK,35,36,0.4929577464788733,7.0
4,2015,72,kt,20,52,0.2777777777777778,10.0
5,2015,72,넥센,39,32,0.5492957746478874,4.0
6,2015,72,두산,41,31,0.5694444444444444,3.0
7,2015,72,롯데,34,38,0.4722222222222222,8.0
8,2015,72,삼성,42,30,0.5833333333333334,1.0
9,2015,72,한화,37,35,0.5138888888888888,5.0
