,Year,Game_idx,Team1,cum_win,cum_lose,Wpct,rank
0,2008,66,KIA,30,36,0.4545454545454545,6.0
1,2008,66,LG,24,42,0.3636363636363637,8.0
2,2008,66,SK,46,20,0.696969696969697,1.0
3,2008,66,두산,38,28,0.5757575757575758,2.0
4,2008,66,롯데,37,29,0.5606060606060606,3.0
5,2008,66,삼성,33,33,0.5,5.0
6,2008,66,한화,35,31,0.5303030303030303,4.0
7,2008,66,히어로즈,25,41,0.3787878787878788,7.0
