,Year,Game_idx,Team1,cum_win,cum_lose,Wpct,rank
0,2002,48,KIA,29,17,0.6304347826086957,1.0
1,2002,48,LG,20,27,0.425531914893617,7.0
2,2002,48,SK,23,24,0.4893617021276596,4.0
3,2002,48,두산,25,22,0.5319148936170213,3.0
4,2002,48,롯데,17,30,0.3617021276595745,8.0
5,2002,48,삼성,30,18,0.625,2.0
6,2002,48,한화,22,24,0.4782608695652174,5.0
7,2002,48,현대,21,23,0.4772727272727273,6.0
