,Year,Game_idx,Team1,cum_win,cum_lose,Wpct,rank
0,2006,94,KIA,46,45,0.5054945054945055,4.0
1,2006,94,LG,37,53,0.4111111111111111,8.0
2,2006,94,SK,45,48,0.4838709677419355,5.0
3,2006,94,두산,44,48,0.4782608695652174,6.0
4,2006,94,롯데,38,54,0.4130434782608696,7.0
5,2006,94,삼성,57,34,0.6263736263736264,1.0
6,2006,94,한화,50,42,0.5434782608695652,2.0
7,2006,94,현대,50,43,0.5376344086021505,3.0
