,Year,Game_idx,Team1,cum_win,cum_lose,Wpct,rank
0,1989,13,MBC,5,7,0.4166666666666667,6.0
1,1989,13,OB,4,9,0.3076923076923077,7.0
2,1989,13,롯데,7,6,0.5384615384615384,4.5
3,1989,13,빙그레,7,5,0.5833333333333334,2.0
4,1989,13,삼성,7,5,0.5833333333333334,2.0
5,1989,13,태평양,7,5,0.5833333333333334,2.0
6,1989,13,해태,7,6,0.5384615384615384,4.5
