,Year,Game_idx,Team1,cum_win,cum_lose,Wpct,rank
0,2004,53,KIA,25,25,0.5,4.0
1,2004,53,LG,25,26,0.4901960784313725,6.0
2,2004,53,SK,24,25,0.4897959183673469,7.0
3,2004,53,두산,26,26,0.5,4.0
4,2004,53,롯데,20,28,0.4166666666666667,8.0
5,2004,53,삼성,25,24,0.5102040816326531,2.0
6,2004,53,한화,25,25,0.5,4.0
7,2004,53,현대,31,20,0.6078431372549019,1.0
