,Year,Game_idx,Team1,cum_win,cum_lose,Wpct,rank
0,1990,52,LG,26,26,0.5,4.0
1,1990,52,OB,18,33,0.35294117647058826,7.0
2,1990,52,롯데,25,26,0.4901960784313725,5.5
3,1990,52,빙그레,30,22,0.5769230769230769,1.0
4,1990,52,삼성,28,24,0.5384615384615384,2.0
5,1990,52,태평양,25,26,0.4901960784313725,5.5
6,1990,52,해태,27,24,0.5294117647058824,3.0
