,Year,Game_idx,Team1,cum_win,cum_lose,Wpct,rank
0,2016,124,KIA,60,63,0.4878048780487805,4.0
1,2016,124,LG,59,64,0.4796747967479675,5.0
2,2016,124,NC,71,51,0.5819672131147541,2.0
3,2016,124,SK,59,65,0.4758064516129033,6.0
4,2016,124,kt,47,75,0.38524590163934425,10.0
5,2016,124,넥센,69,54,0.5609756097560976,3.0
6,2016,124,두산,79,44,0.6422764227642277,1.0
7,2016,124,롯데,56,68,0.4516129032258064,8.0
8,2016,124,삼성,55,68,0.4471544715447153,9.0
9,2016,124,한화,55,66,0.4545454545454545,7.0
