,Year,Game_idx,Team1,cum_win,cum_lose,Wpct,rank
0,2009,16,KIA,6,9,0.4,7.0
1,2009,16,LG,7,8,0.4666666666666667,5.0
2,2009,16,SK,10,4,0.7142857142857143,1.0
3,2009,16,두산,9,6,0.6,2.0
4,2009,16,롯데,6,10,0.375,8.0
5,2009,16,삼성,9,7,0.5625,3.0
6,2009,16,한화,8,7,0.5333333333333333,4.0
7,2009,16,히어로즈,7,9,0.4375,6.0
