,Year,Game_idx,Team1,cum_win,cum_lose,Wpct,rank
0,2002,26,KIA,16,8,0.6666666666666666,1.0
1,2002,26,LG,13,13,0.5,4.5
2,2002,26,SK,10,15,0.4,7.0
3,2002,26,두산,12,13,0.48,6.0
4,2002,26,롯데,8,17,0.32,8.0
5,2002,26,삼성,15,11,0.5769230769230769,2.0
6,2002,26,한화,12,12,0.5,4.5
7,2002,26,현대,13,10,0.5652173913043478,3.0
