,Year,Game_idx,Team1,cum_win,cum_lose,Wpct,rank
0,1991,103,LG,48,54,0.4705882352941176,5.0
1,1991,103,OB,38,63,0.3762376237623761,8.0
2,1991,103,롯데,49,51,0.49,4.0
3,1991,103,빙그레,58,41,0.5858585858585859,3.0
4,1991,103,삼성,60,42,0.5882352941176471,2.0
5,1991,103,쌍방울,44,56,0.44,7.0
6,1991,103,태평양,47,55,0.4607843137254902,6.0
7,1991,103,해태,61,37,0.6224489795918368,1.0
