,Year,Game_idx,Team1,cum_win,cum_lose,Wpct,rank
0,1990,15,LG,6,9,0.4,6.5
1,1990,15,OB,6,8,0.42857142857142855,5.0
2,1990,15,롯데,8,7,0.5333333333333333,2.5
3,1990,15,빙그레,9,6,0.6,1.0
4,1990,15,삼성,6,9,0.4,6.5
5,1990,15,태평양,8,7,0.5333333333333333,2.5
6,1990,15,해태,7,7,0.5,4.0
