,Year,Game_idx,Team1,cum_win,cum_lose,Wpct,rank
0,1990,7,LG,5,2,0.7142857142857143,2.0
1,1990,7,OB,3,4,0.42857142857142855,5.0
2,1990,7,롯데,3,4,0.42857142857142855,5.0
3,1990,7,빙그레,5,2,0.7142857142857143,2.0
4,1990,7,삼성,5,2,0.7142857142857143,2.0
5,1990,7,태평양,3,4,0.42857142857142855,5.0
6,1990,7,해태,2,4,0.3333333333333333,7.0
