,Year,Game_idx,Team1,cum_win,cum_lose,Wpct,rank
0,2016,69,KIA,31,37,0.4558823529411765,5.5
1,2016,69,LG,31,37,0.4558823529411765,5.5
2,2016,69,NC,42,25,0.6268656716417911,2.0
3,2016,69,SK,34,35,0.4927536231884058,4.0
4,2016,69,kt,29,38,0.4328358208955224,9.0
5,2016,69,넥센,36,32,0.5294117647058824,3.0
6,2016,69,두산,48,20,0.7058823529411765,1.0
7,2016,69,롯데,31,38,0.4492753623188406,7.0
8,2016,69,삼성,30,39,0.43478260869565216,8.0
9,2016,69,한화,27,40,0.4029850746268657,10.0
