,Year,Game_idx,Team1,cum_win,cum_lose,Wpct,rank
0,1992,125,LG,53,69,0.4344262295081967,7.0
1,1992,125,OB,56,65,0.4628099173553719,5.0
2,1992,125,롯데,71,54,0.568,3.0
3,1992,125,빙그레,80,43,0.6504065040650406,1.0
4,1992,125,삼성,66,57,0.5365853658536586,4.0
5,1992,125,쌍방울,41,83,0.33064516129032256,8.0
6,1992,125,태평양,55,67,0.4508196721311475,6.0
7,1992,125,해태,71,53,0.5725806451612904,2.0
