,Year,Game_idx,Team1,cum_win,cum_lose,Wpct,rank
0,1991,30,LG,17,12,0.5862068965517241,2.0
1,1991,30,OB,13,17,0.43333333333333335,7.0
2,1991,30,롯데,14,16,0.4666666666666667,6.0
3,1991,30,빙그레,16,13,0.5517241379310345,3.0
4,1991,30,삼성,16,14,0.5333333333333333,4.0
5,1991,30,쌍방울,9,21,0.3,8.0
6,1991,30,태평양,15,15,0.5,5.0
7,1991,30,해태,20,10,0.6666666666666666,1.0
