,Year,Game_idx,Team1,cum_win,cum_lose,Wpct,rank
0,2012,30,KIA,12,16,0.42857142857142855,7.0
1,2012,30,LG,15,15,0.5,4.5
2,2012,30,SK,17,12,0.5862068965517241,1.0
3,2012,30,넥센,15,14,0.5172413793103449,3.0
4,2012,30,두산,16,13,0.5517241379310345,2.0
5,2012,30,롯데,14,14,0.5,4.5
6,2012,30,삼성,14,15,0.4827586206896552,6.0
7,2012,30,한화,11,19,0.36666666666666653,8.0
