,Year,Game_idx,Team1,cum_win,cum_lose,Wpct,rank
0,2007,25,KIA,12,13,0.48,4.5
1,2007,25,LG,11,14,0.44,7.5
2,2007,25,SK,15,8,0.6521739130434783,1.0
3,2007,25,두산,11,14,0.44,7.5
4,2007,25,롯데,13,12,0.52,3.0
5,2007,25,삼성,11,13,0.4583333333333333,6.0
6,2007,25,한화,13,11,0.5416666666666666,2.0
7,2007,25,현대,12,13,0.48,4.5
