,Year,Game_idx,Team1,cum_win,cum_lose,Wpct,rank
0,1998,9,LG,4,5,0.4444444444444444,5.5
1,1998,9,OB,3,6,0.3333333333333333,7.0
2,1998,9,롯데,5,4,0.5555555555555556,3.5
3,1998,9,삼성,5,4,0.5555555555555556,3.5
4,1998,9,쌍방울,4,5,0.4444444444444444,5.5
5,1998,9,한화,6,3,0.6666666666666666,1.5
6,1998,9,해태,2,7,0.2222222222222222,8.0
7,1998,9,현대,6,3,0.6666666666666666,1.5
