,Year,Game_idx,Team1,cum_win,cum_lose,Wpct,rank
0,1989,57,MBC,24,30,0.4444444444444444,5.0
1,1989,57,OB,24,32,0.42857142857142855,6.0
2,1989,57,롯데,19,36,0.34545454545454546,7.0
3,1989,57,빙그레,32,22,0.5925925925925926,2.0
4,1989,57,삼성,31,24,0.5636363636363636,3.0
5,1989,57,태평양,26,28,0.4814814814814815,4.0
6,1989,57,해태,34,21,0.6181818181818182,1.0
