,Year,Game_idx,Team1,cum_win,cum_lose,Wpct,rank
0,2004,97,KIA,45,48,0.4838709677419355,6.0
1,2004,97,LG,44,50,0.4680851063829787,7.0
2,2004,97,SK,44,46,0.4888888888888889,5.0
3,2004,97,두산,51,45,0.53125,3.0
4,2004,97,롯데,35,52,0.4022988505747127,8.0
5,2004,97,삼성,53,38,0.5824175824175825,1.0
6,2004,97,한화,45,47,0.4891304347826087,4.0
7,2004,97,현대,52,40,0.5652173913043478,2.0
