,Year,Game_idx,Team1,cum_win,cum_lose,Wpct,rank
0,2002,108,KIA,63,41,0.6057692307692307,1.0
1,2002,108,LG,56,47,0.5436893203883495,4.0
2,2002,108,SK,50,55,0.4761904761904762,6.0
3,2002,108,두산,54,52,0.5094339622641509,5.0
4,2002,108,롯데,27,80,0.2523364485981308,8.0
5,2002,108,삼성,62,42,0.5961538461538461,2.0
6,2002,108,한화,49,54,0.4757281553398058,7.0
7,2002,108,현대,57,46,0.5533980582524272,3.0
