,Year,Game_idx,Team1,cum_win,cum_lose,Wpct,rank
0,1994,92,LG,57,35,0.6195652173913043,1.0
1,1994,92,OB,42,49,0.4615384615384616,6.0
2,1994,92,롯데,39,50,0.4382022471910113,7.0
3,1994,92,삼성,46,45,0.5054945054945055,5.0
4,1994,92,쌍방울,31,58,0.34831460674157305,8.0
5,1994,92,태평양,48,41,0.5393258426966292,3.0
6,1994,92,한화,51,40,0.5604395604395604,2.0
7,1994,92,해태,47,43,0.5222222222222223,4.0
