,Year,Game_idx,Team1,cum_win,cum_lose,Wpct,rank
0,2016,100,KIA,49,50,0.494949494949495,4.0
1,2016,100,LG,47,52,0.4747474747474748,6.0
2,2016,100,NC,59,39,0.6020408163265306,2.0
3,2016,100,SK,49,51,0.49,5.0
4,2016,100,kt,38,60,0.3877551020408163,10.0
5,2016,100,넥센,55,44,0.5555555555555556,3.0
6,2016,100,두산,61,38,0.6161616161616161,1.0
7,2016,100,롯데,47,53,0.47,7.0
8,2016,100,삼성,43,56,0.4343434343434344,9.0
9,2016,100,한화,45,52,0.4639175257731959,8.0
