,Year,Game_idx,Team1,cum_win,cum_lose,Wpct,rank
0,2004,119,KIA,59,56,0.5130434782608696,4.0
1,2004,119,LG,55,60,0.4782608695652174,6.0
2,2004,119,SK,56,55,0.5045045045045045,5.0
3,2004,119,두산,63,55,0.5338983050847458,3.0
4,2004,119,롯데,42,66,0.3888888888888889,8.0
5,2004,119,삼성,65,47,0.5803571428571429,1.0
6,2004,119,한화,48,65,0.4247787610619469,7.0
7,2004,119,현대,66,48,0.5789473684210527,2.0
