,Year,Game_idx,Team1,cum_win,cum_lose,Wpct,rank
0,1992,103,LG,39,61,0.39,7.0
1,1992,103,OB,47,53,0.47,5.0
2,1992,103,롯데,61,42,0.5922330097087378,3.0
3,1992,103,빙그레,62,39,0.6138613861386139,1.0
4,1992,103,삼성,53,48,0.5247524752475248,4.0
5,1992,103,쌍방울,36,66,0.35294117647058826,8.0
6,1992,103,태평양,44,56,0.44,6.0
7,1992,103,해태,62,41,0.6019417475728155,2.0
