,Year,Game_idx,Team1,cum_win,cum_lose,Wpct,rank
0,2004,21,KIA,10,11,0.4761904761904762,5.0
1,2004,21,LG,12,8,0.6,2.0
2,2004,21,SK,9,12,0.42857142857142855,7.0
3,2004,21,두산,10,10,0.5,3.5
4,2004,21,롯데,7,13,0.35,8.0
5,2004,21,삼성,9,10,0.4736842105263158,6.0
6,2004,21,한화,10,10,0.5,3.5
7,2004,21,현대,14,7,0.6666666666666666,1.0
