,Year,Game_idx,Team1,cum_win,cum_lose,Wpct,rank
0,1996,77,LG,35,38,0.4794520547945205,5.0
1,1996,77,OB,34,41,0.4533333333333333,7.0
2,1996,77,롯데,33,40,0.4520547945205479,8.0
3,1996,77,삼성,35,39,0.472972972972973,6.0
4,1996,77,쌍방울,38,37,0.5066666666666667,4.0
5,1996,77,한화,41,36,0.5324675324675324,3.0
6,1996,77,해태,42,34,0.5526315789473685,2.0
7,1996,77,현대,42,31,0.5753424657534246,1.0
