,Year,Game_idx,Team1,cum_win,cum_lose,Wpct,rank
0,1999,61,LG,33,28,0.5409836065573771,4.0
1,1999,61,두산,34,24,0.5862068965517241,2.0
2,1999,61,롯데,36,21,0.631578947368421,1.0
3,1999,61,삼성,32,27,0.5423728813559322,3.0
4,1999,61,쌍방울,14,44,0.2413793103448276,8.0
5,1999,61,한화,26,33,0.4406779661016949,7.0
6,1999,61,해태,28,32,0.4666666666666667,6.0
7,1999,61,현대,30,26,0.5357142857142857,5.0
