,Year,Game_idx,Team1,cum_win,cum_lose,Wpct,rank
0,1992,116,LG,48,65,0.4247787610619469,6.5
1,1992,116,OB,50,62,0.44642857142857145,5.0
2,1992,116,롯데,65,51,0.5603448275862069,3.0
3,1992,116,빙그레,73,41,0.6403508771929824,1.0
4,1992,116,삼성,60,54,0.5263157894736842,4.0
5,1992,116,쌍방울,39,76,0.3391304347826087,8.0
6,1992,116,태평양,48,65,0.4247787610619469,6.5
7,1992,116,해태,69,46,0.6,2.0
