,Year,Game_idx,Team1,cum_win,cum_lose,Wpct,rank
0,1994,65,LG,42,23,0.6461538461538462,1.0
1,1994,65,OB,30,34,0.46875,6.0
2,1994,65,롯데,28,34,0.4516129032258064,7.0
3,1994,65,삼성,33,31,0.515625,5.0
4,1994,65,쌍방울,18,45,0.2857142857142857,8.0
5,1994,65,태평양,35,28,0.5555555555555556,2.0
6,1994,65,한화,35,29,0.546875,3.0
7,1994,65,해태,34,29,0.5396825396825397,4.0
