,Year,Game_idx,Team1,cum_win,cum_lose,Wpct,rank
0,1996,60,LG,26,32,0.4482758620689655,7.0
1,1996,60,OB,28,30,0.4827586206896552,6.0
2,1996,60,롯데,26,33,0.4406779661016949,8.0
3,1996,60,삼성,29,29,0.5,4.0
4,1996,60,쌍방울,29,30,0.4915254237288136,5.0
5,1996,60,한화,32,28,0.5333333333333333,2.0
6,1996,60,해태,31,29,0.5166666666666667,3.0
7,1996,60,현대,34,24,0.5862068965517241,1.0
