,Year,Game_idx,Team1,cum_win,cum_lose,Wpct,rank
0,1997,67,LG,41,24,0.6307692307692307,1.0
1,1997,67,OB,36,28,0.5625,4.0
2,1997,67,롯데,24,42,0.3636363636363637,8.0
3,1997,67,삼성,37,26,0.5873015873015873,3.0
4,1997,67,쌍방울,33,33,0.5,5.0
5,1997,67,한화,26,39,0.4,6.0
6,1997,67,해태,40,26,0.6060606060606061,2.0
7,1997,67,현대,24,40,0.375,7.0
