,Year,Game_idx,Team1,cum_win,cum_lose,Wpct,rank
0,2011,76,KIA,45,31,0.5921052631578947,2.0
1,2011,76,LG,40,36,0.5263157894736842,4.0
2,2011,76,SK,42,34,0.5526315789473685,3.0
3,2011,76,넥센,29,47,0.3815789473684211,8.0
4,2011,76,두산,33,41,0.4459459459459459,6.0
5,2011,76,롯데,34,39,0.4657534246575342,5.0
6,2011,76,삼성,44,30,0.5945945945945946,1.0
7,2011,76,한화,33,42,0.44,7.0
