,Year,Game_idx,Team1,cum_win,cum_lose,Wpct,rank
0,2014,95,KIA,42,53,0.4421052631578947,7.0
1,2014,95,LG,44,50,0.4680851063829787,4.5
2,2014,95,NC,53,42,0.5578947368421052,3.0
3,2014,95,SK,41,54,0.43157894736842106,8.0
4,2014,95,넥센,56,38,0.5957446808510638,2.0
5,2014,95,두산,44,51,0.4631578947368421,6.0
6,2014,95,롯데,44,50,0.4680851063829787,4.5
7,2014,95,삼성,63,30,0.6774193548387096,1.0
8,2014,95,한화,38,56,0.40425531914893614,9.0
