,Year,Game_idx,Team1,cum_win,cum_lose,Wpct,rank
0,2007,82,KIA,31,50,0.382716049382716,8.0
1,2007,82,LG,39,39,0.5,4.0
2,2007,82,SK,47,30,0.6103896103896104,1.0
3,2007,82,두산,44,36,0.55,2.0
4,2007,82,롯데,35,44,0.4430379746835443,7.0
5,2007,82,삼성,39,40,0.4936708860759494,5.0
6,2007,82,한화,43,37,0.5375,3.0
7,2007,82,현대,39,43,0.475609756097561,6.0
