,Year,Game_idx,Team1,cum_win,cum_lose,Wpct,rank
0,2006,63,KIA,28,32,0.4666666666666667,6.0
1,2006,63,LG,23,38,0.3770491803278688,8.0
2,2006,63,SK,29,33,0.4677419354838709,5.0
3,2006,63,두산,33,28,0.5409836065573771,3.0
4,2006,63,롯데,26,36,0.41935483870967744,7.0
5,2006,63,삼성,38,22,0.6333333333333333,1.0
6,2006,63,한화,34,28,0.5483870967741935,2.0
7,2006,63,현대,34,29,0.5396825396825397,4.0
