,Year,Game_idx,Team1,cum_win,cum_lose,Wpct,rank
0,2012,60,KIA,25,31,0.44642857142857145,7.0
1,2012,60,LG,30,28,0.5172413793103449,4.0
2,2012,60,SK,34,25,0.576271186440678,1.0
3,2012,60,넥센,30,28,0.5172413793103449,4.0
4,2012,60,두산,30,29,0.5084745762711864,6.0
5,2012,60,롯데,30,27,0.5263157894736842,2.0
6,2012,60,삼성,30,28,0.5172413793103449,4.0
7,2012,60,한화,23,36,0.3898305084745763,8.0
