,Year,Game_idx,Team1,cum_win,cum_lose,Wpct,rank
0,2007,71,KIA,26,44,0.37142857142857133,8.0
1,2007,71,LG,35,33,0.5147058823529411,4.0
2,2007,71,SK,41,25,0.6212121212121212,1.0
3,2007,71,두산,37,32,0.5362318840579711,2.5
4,2007,71,롯데,33,36,0.4782608695652174,6.0
5,2007,71,삼성,33,35,0.4852941176470588,5.0
6,2007,71,한화,37,32,0.5362318840579711,2.5
7,2007,71,현대,33,38,0.4647887323943662,7.0
