,Year,Game_idx,Team1,cum_win,cum_lose,Wpct,rank
0,2007,84,KIA,33,50,0.3975903614457832,8.0
1,2007,84,LG,40,39,0.5063291139240507,4.0
2,2007,84,SK,48,31,0.6075949367088608,1.0
3,2007,84,두산,45,37,0.5487804878048781,2.0
4,2007,84,롯데,37,44,0.4567901234567901,7.0
5,2007,84,삼성,41,40,0.5061728395061729,5.0
6,2007,84,한화,43,39,0.5243902439024389,3.0
7,2007,84,현대,39,44,0.4698795180722892,6.0
