,Year,Game_idx,Team1,cum_win,cum_lose,Wpct,rank
0,2003,105,KIA,59,42,0.5841584158415841,3.0
1,2003,105,LG,50,53,0.4854368932038835,5.0
2,2003,105,SK,54,49,0.5242718446601942,4.0
3,2003,105,두산,42,61,0.4077669902912621,7.0
4,2003,105,롯데,29,73,0.2843137254901961,8.0
5,2003,105,삼성,63,40,0.6116504854368932,2.0
6,2003,105,한화,48,53,0.4752475247524752,6.0
7,2003,105,현대,65,38,0.6310679611650486,1.0
