,Year,Game_idx,Team1,cum_win,cum_lose,Wpct,rank
0,1990,103,LG,58,45,0.5631067961165048,3.0
1,1990,103,OB,31,68,0.31313131313131315,7.0
2,1990,103,롯데,38,61,0.3838383838383838,6.0
3,1990,103,빙그레,62,39,0.6138613861386139,1.0
4,1990,103,삼성,58,43,0.5742574257425742,2.0
5,1990,103,태평양,48,52,0.48,5.0
6,1990,103,해태,55,45,0.55,4.0
