,Year,Game_idx,Team1,cum_win,cum_lose,Wpct,rank
0,2006,110,KIA,53,54,0.4953271028037383,5.0
1,2006,110,LG,42,64,0.3962264150943397,8.0
2,2006,110,SK,53,56,0.4862385321100918,6.0
3,2006,110,두산,54,54,0.5,4.0
4,2006,110,롯데,45,63,0.4166666666666667,7.0
5,2006,110,삼성,63,44,0.5887850467289719,1.0
6,2006,110,한화,58,50,0.5370370370370371,3.0
7,2006,110,현대,61,48,0.5596330275229358,2.0
