,Year,Game_idx,Team1,cum_win,cum_lose,Wpct,rank
0,2002,119,KIA,70,45,0.6086956521739131,2.0
1,2002,119,LG,59,54,0.5221238938053098,4.0
2,2002,119,SK,55,61,0.4741379310344828,7.0
3,2002,119,두산,59,58,0.5042735042735043,5.0
4,2002,119,롯데,30,88,0.2542372881355932,8.0
5,2002,119,삼성,72,43,0.6260869565217392,1.0
6,2002,119,한화,55,59,0.4824561403508772,6.0
7,2002,119,현대,63,51,0.5526315789473685,3.0
