,Year,Game_idx,Team1,cum_win,cum_lose,Wpct,rank
0,2016,114,KIA,55,58,0.4867256637168141,5.5
1,2016,114,LG,55,58,0.4867256637168141,5.5
2,2016,114,NC,67,45,0.5982142857142857,2.0
3,2016,114,SK,56,58,0.4912280701754386,4.0
4,2016,114,kt,44,68,0.3928571428571429,10.0
5,2016,114,넥센,64,49,0.5663716814159292,3.0
6,2016,114,두산,72,41,0.6371681415929203,1.0
7,2016,114,롯데,51,63,0.4473684210526316,8.0
8,2016,114,삼성,50,63,0.4424778761061947,9.0
9,2016,114,한화,50,61,0.4504504504504505,7.0
