,Year,Game_idx,Team1,cum_win,cum_lose,Wpct,rank
0,2005,124,KIA,48,75,0.3902439024390244,8.0
1,2005,124,LG,53,70,0.43089430894308944,7.0
2,2005,124,SK,69,49,0.5847457627118644,2.0
3,2005,124,두산,70,51,0.5785123966942148,3.0
4,2005,124,롯데,57,66,0.4634146341463415,5.0
5,2005,124,삼성,73,47,0.6083333333333333,1.0
6,2005,124,한화,64,59,0.5203252032520326,4.0
7,2005,124,현대,53,68,0.4380165289256198,6.0
