,Year,Game_idx,Team1,cum_win,cum_lose,Wpct,rank
0,2011,25,KIA,11,14,0.44,6.0
1,2011,25,LG,14,11,0.56,3.0
2,2011,25,SK,19,6,0.76,1.0
3,2011,25,넥센,12,13,0.48,5.0
4,2011,25,두산,14,10,0.5833333333333334,2.0
5,2011,25,롯데,9,14,0.39130434782608703,7.0
6,2011,25,삼성,13,12,0.52,4.0
7,2011,25,한화,7,17,0.2916666666666667,8.0
