,Year,Game_idx,Team1,cum_win,cum_lose,Wpct,rank
0,1996,11,LG,5,6,0.4545454545454545,5.5
1,1996,11,OB,7,4,0.6363636363636364,2.0
2,1996,11,롯데,5,6,0.4545454545454545,5.5
3,1996,11,삼성,6,5,0.5454545454545454,3.5
4,1996,11,쌍방울,8,3,0.7272727272727273,1.0
5,1996,11,한화,4,7,0.3636363636363637,7.0
6,1996,11,해태,3,8,0.2727272727272727,8.0
7,1996,11,현대,6,5,0.5454545454545454,3.5
