,Year,Game_idx,Team1,cum_win,cum_lose,Wpct,rank
0,1996,109,LG,45,59,0.4326923076923077,7.0
1,1996,109,OB,42,61,0.4077669902912621,8.0
2,1996,109,롯데,46,57,0.4466019417475728,6.0
3,1996,109,삼성,48,56,0.4615384615384616,5.0
4,1996,109,쌍방울,59,48,0.5514018691588785,2.0
5,1996,109,한화,59,49,0.5462962962962963,3.0
6,1996,109,해태,64,43,0.5981308411214953,1.0
7,1996,109,현대,56,48,0.5384615384615384,4.0
