,Year,Game_idx,Team1,cum_win,cum_lose,Wpct,rank
0,2008,84,KIA,39,45,0.4642857142857143,6.0
1,2008,84,LG,28,56,0.3333333333333333,8.0
2,2008,84,SK,55,29,0.6547619047619048,1.0
3,2008,84,두산,51,33,0.6071428571428571,2.0
4,2008,84,롯데,42,42,0.5,4.0
5,2008,84,삼성,40,44,0.4761904761904762,5.0
6,2008,84,한화,45,39,0.5357142857142857,3.0
7,2008,84,히어로즈,36,48,0.42857142857142855,7.0
