,Year,Game_idx,Team1,cum_win,cum_lose,Wpct,rank
0,2014,109,KIA,47,62,0.4311926605504587,8.0
1,2014,109,LG,51,56,0.4766355140186916,4.0
2,2014,109,NC,60,48,0.5555555555555556,3.0
3,2014,109,SK,48,60,0.4444444444444444,7.0
4,2014,109,넥센,65,43,0.6018518518518519,2.0
5,2014,109,두산,49,59,0.4537037037037037,6.0
6,2014,109,롯데,49,58,0.4579439252336449,5.0
7,2014,109,삼성,69,37,0.6509433962264151,1.0
8,2014,109,한화,45,62,0.4205607476635514,9.0
