,Year,Game_idx,Team1,cum_win,cum_lose,Wpct,rank
0,2005,86,KIA,34,51,0.4,8.0
1,2005,86,LG,39,46,0.4588235294117647,6.0
2,2005,86,SK,42,39,0.5185185185185185,4.0
3,2005,86,두산,48,36,0.5714285714285714,2.0
4,2005,86,롯데,40,46,0.4651162790697674,5.0
5,2005,86,삼성,51,33,0.6071428571428571,1.0
6,2005,86,한화,46,39,0.5411764705882353,3.0
7,2005,86,현대,37,47,0.4404761904761905,7.0
