,Year,Game_idx,Team1,cum_win,cum_lose,Wpct,rank
0,1994,35,LG,24,11,0.6857142857142857,1.0
1,1994,35,OB,15,20,0.42857142857142855,6.0
2,1994,35,롯데,14,19,0.42424242424242425,7.0
3,1994,35,삼성,17,17,0.5,4.0
4,1994,35,쌍방울,13,21,0.38235294117647056,8.0
5,1994,35,태평양,19,14,0.5757575757575758,2.0
6,1994,35,한화,16,19,0.4571428571428571,5.0
7,1994,35,해태,18,15,0.5454545454545454,3.0
