,Year,Game_idx,Team1,cum_win,cum_lose,Wpct,rank
0,1993,54,LG,32,21,0.6037735849056604,2.0
1,1993,54,OB,23,28,0.4509803921568628,6.0
2,1993,54,롯데,28,26,0.5185185185185185,4.0
3,1993,54,빙그레,25,29,0.462962962962963,5.0
4,1993,54,삼성,27,25,0.5192307692307693,3.0
5,1993,54,쌍방울,20,31,0.392156862745098,7.0
6,1993,54,태평양,18,31,0.3673469387755102,8.0
7,1993,54,해태,37,16,0.6981132075471698,1.0
