,Year,Game_idx,Team1,cum_win,cum_lose,Wpct,rank
0,2004,44,KIA,21,20,0.5121951219512195,2.0
1,2004,44,LG,21,21,0.5,3.0
2,2004,44,SK,19,21,0.475,6.0
3,2004,44,두산,21,22,0.4883720930232558,4.0
4,2004,44,롯데,18,22,0.45,8.0
5,2004,44,삼성,20,21,0.4878048780487805,5.0
6,2004,44,한화,19,22,0.4634146341463415,7.0
7,2004,44,현대,26,16,0.6190476190476191,1.0
