,Year,Game_idx,Team1,cum_win,cum_lose,Wpct,rank
0,1990,111,LG,65,46,0.5855855855855856,2.0
1,1990,111,OB,34,73,0.3177570093457944,7.0
2,1990,111,롯데,40,67,0.37383177570093457,6.0
3,1990,111,빙그레,64,45,0.5871559633027523,1.0
4,1990,111,삼성,62,47,0.5688073394495413,4.0
5,1990,111,태평양,52,56,0.4814814814814815,5.0
6,1990,111,해태,62,46,0.5740740740740741,3.0
