,Year,Game_idx,Team1,cum_win,cum_lose,Wpct,rank
0,2014,19,KIA,8,11,0.42105263157894735,7.0
1,2014,19,LG,4,14,0.2222222222222222,9.0
2,2014,19,NC,12,7,0.631578947368421,2.5
3,2014,19,SK,12,7,0.631578947368421,2.5
4,2014,19,넥센,13,6,0.6842105263157895,1.0
5,2014,19,두산,10,9,0.5263157894736842,4.5
6,2014,19,롯데,9,9,0.5,6.0
7,2014,19,삼성,10,9,0.5263157894736842,4.5
8,2014,19,한화,7,12,0.3684210526315789,8.0
