,Year,Game_idx,Team1,cum_win,cum_lose,Wpct,rank
0,2008,45,KIA,18,27,0.4,7.0
1,2008,45,LG,17,28,0.37777777777777777,8.0
2,2008,45,SK,31,14,0.6888888888888889,1.0
3,2008,45,두산,27,18,0.6,2.0
4,2008,45,롯데,25,20,0.5555555555555556,3.0
5,2008,45,삼성,22,23,0.4888888888888889,5.0
6,2008,45,한화,24,21,0.5333333333333333,4.0
7,2008,45,히어로즈,19,26,0.4222222222222222,6.0
