,Year,Game_idx,Team1,cum_win,cum_lose,Wpct,rank
0,1991,116,LG,52,63,0.4521739130434783,5.0
1,1991,116,OB,44,70,0.3859649122807017,8.0
2,1991,116,롯데,57,56,0.5044247787610621,4.0
3,1991,116,빙그레,68,43,0.6126126126126126,2.0
4,1991,116,삼성,65,50,0.5652173913043478,3.0
5,1991,116,쌍방울,48,65,0.4247787610619469,7.0
6,1991,116,태평양,50,64,0.43859649122807015,6.0
7,1991,116,해태,72,39,0.6486486486486487,1.0
