,Year,Game_idx,Team1,cum_win,cum_lose,Wpct,rank
0,1989,89,MBC,32,53,0.3764705882352941,7.0
1,1989,89,OB,42,45,0.4827586206896552,5.0
2,1989,89,롯데,36,50,0.4186046511627907,6.0
3,1989,89,빙그레,52,34,0.6046511627906976,1.0
4,1989,89,삼성,42,42,0.5,3.0
5,1989,89,태평양,42,43,0.4941176470588236,4.0
6,1989,89,해태,51,35,0.5930232558139535,2.0
