,Year,Game_idx,Team1,cum_win,cum_lose,Wpct,rank
0,1992,38,LG,11,25,0.3055555555555556,8.0
1,1992,38,OB,16,20,0.4444444444444444,5.0
2,1992,38,롯데,19,19,0.5,3.0
3,1992,38,빙그레,30,7,0.8108108108108109,1.0
4,1992,38,삼성,18,19,0.4864864864864865,4.0
5,1992,38,쌍방울,13,24,0.35135135135135137,7.0
6,1992,38,태평양,14,21,0.4,6.0
7,1992,38,해태,26,12,0.6842105263157895,2.0
