,Year,Game_idx,Team1,cum_win,cum_lose,Wpct,rank
0,2014,17,KIA,7,10,0.4117647058823529,7.0
1,2014,17,LG,4,12,0.25,9.0
2,2014,17,NC,11,6,0.6470588235294118,2.5
3,2014,17,SK,11,6,0.6470588235294118,2.5
4,2014,17,넥센,12,5,0.7058823529411765,1.0
5,2014,17,두산,9,8,0.5294117647058824,4.0
6,2014,17,롯데,8,8,0.5,5.0
7,2014,17,삼성,8,9,0.4705882352941176,6.0
8,2014,17,한화,6,11,0.35294117647058826,8.0
