,Year,Game_idx,Team1,cum_win,cum_lose,Wpct,rank
0,2001,109,KIA,46,58,0.4423076923076923,6.0
1,2001,109,LG,45,57,0.4411764705882353,7.0
2,2001,109,SK,47,60,0.4392523364485981,8.0
3,2001,109,두산,55,49,0.5288461538461539,3.0
4,2001,109,롯데,47,58,0.4476190476190477,5.0
5,2001,109,삼성,70,39,0.6422018348623854,1.0
6,2001,109,한화,48,57,0.4571428571428571,4.0
7,2001,109,현대,63,43,0.5943396226415094,2.0
