,Year,Game_idx,Team1,cum_win,cum_lose,Wpct,rank
0,2010,125,KIA,56,69,0.44799999999999995,5.0
1,2010,125,LG,54,67,0.4462809917355372,6.0
2,2010,125,SK,78,45,0.6341463414634146,1.0
3,2010,125,넥센,50,72,0.4098360655737705,7.0
4,2010,125,두산,69,53,0.5655737704918032,3.0
5,2010,125,롯데,63,59,0.5163934426229508,4.0
6,2010,125,삼성,76,48,0.6129032258064516,2.0
7,2010,125,한화,45,78,0.36585365853658536,8.0
