,Year,Game_idx,Team1,cum_win,cum_lose,Wpct,rank
0,2002,96,KIA,57,36,0.6129032258064516,1.0
1,2002,96,LG,51,41,0.5543478260869565,3.0
2,2002,96,SK,43,50,0.4623655913978494,6.0
3,2002,96,두산,49,45,0.5212765957446809,5.0
4,2002,96,롯데,25,70,0.2631578947368421,8.0
5,2002,96,삼성,55,38,0.5913978494623656,2.0
6,2002,96,한화,42,51,0.4516129032258064,7.0
7,2002,96,현대,48,43,0.5274725274725275,4.0
