,Year,Game_idx,Team1,cum_win,cum_lose,Wpct,rank
0,2002,28,KIA,17,9,0.6538461538461539,1.0
1,2002,28,LG,13,15,0.4642857142857143,6.0
2,2002,28,SK,10,17,0.3703703703703704,7.5
3,2002,28,두산,13,14,0.4814814814814815,5.0
4,2002,28,롯데,10,17,0.3703703703703704,7.5
5,2002,28,삼성,17,11,0.6071428571428571,2.0
6,2002,28,한화,13,13,0.5,4.0
7,2002,28,현대,14,11,0.56,3.0
