,Year,Game_idx,Team1,cum_win,cum_lose,Wpct,rank
0,1998,98,LG,49,48,0.5051546391752577,3.0
1,1998,98,OB,43,53,0.4479166666666667,8.0
2,1998,98,롯데,43,52,0.4526315789473685,6.0
3,1998,98,삼성,53,43,0.5520833333333334,2.0
4,1998,98,쌍방울,44,53,0.4536082474226804,5.0
5,1998,98,한화,45,49,0.4787234042553192,4.0
6,1998,98,해태,44,54,0.4489795918367347,7.0
7,1998,98,현대,63,35,0.6428571428571429,1.0
