,Year,Game_idx,Team1,cum_win,cum_lose,Wpct,rank
0,1991,93,LG,45,47,0.4891304347826087,4.0
1,1991,93,OB,32,59,0.3516483516483517,8.0
2,1991,93,롯데,44,47,0.4835164835164835,5.0
3,1991,93,빙그레,53,36,0.5955056179775281,2.0
4,1991,93,삼성,54,38,0.5869565217391305,3.0
5,1991,93,쌍방울,38,52,0.4222222222222222,7.0
6,1991,93,태평양,43,49,0.4673913043478261,6.0
7,1991,93,해태,57,33,0.6333333333333333,1.0
