,Year,Game_idx,Team1,cum_win,cum_lose,Wpct,rank
0,2003,70,KIA,36,32,0.5294117647058824,4.0
1,2003,70,LG,35,33,0.5147058823529411,5.0
2,2003,70,SK,44,25,0.6376811594202898,2.0
3,2003,70,두산,22,48,0.3142857142857143,7.0
4,2003,70,롯데,20,48,0.29411764705882354,8.0
5,2003,70,삼성,45,23,0.6617647058823529,1.0
6,2003,70,한화,31,36,0.4626865671641791,6.0
7,2003,70,현대,42,27,0.6086956521739131,3.0
