,Year,Game_idx,Team1,cum_win,cum_lose,Wpct,rank
0,2013,81,KIA,39,40,0.4936708860759494,6.0
1,2013,81,LG,48,33,0.5925925925925926,2.0
2,2013,81,NC,30,48,0.38461538461538464,8.0
3,2013,81,SK,36,44,0.45,7.0
4,2013,81,넥센,44,36,0.55,3.0
5,2013,81,두산,43,36,0.5443037974683544,4.0
6,2013,81,롯데,42,37,0.5316455696202531,5.0
7,2013,81,삼성,50,29,0.6329113924050633,1.0
8,2013,81,한화,23,57,0.2875,9.0
