,Year,Game_idx,Team1,cum_win,cum_lose,Wpct,rank
0,2013,51,KIA,25,25,0.5,5.5
1,2013,51,LG,27,24,0.5294117647058824,3.0
2,2013,51,NC,19,30,0.3877551020408163,8.0
3,2013,51,SK,23,27,0.46,7.0
4,2013,51,넥센,32,18,0.64,1.5
5,2013,51,두산,25,25,0.5,5.5
6,2013,51,롯데,25,24,0.5102040816326531,4.0
7,2013,51,삼성,32,18,0.64,1.5
8,2013,51,한화,16,34,0.32,9.0
