,Year,Game_idx,Team1,cum_win,cum_lose,Wpct,rank
0,1998,117,LG,57,59,0.4913793103448276,3.0
1,1998,117,OB,53,62,0.4608695652173913,6.0
2,1998,117,롯데,49,64,0.4336283185840708,8.0
3,1998,117,삼성,63,52,0.5478260869565217,2.0
4,1998,117,쌍방울,52,63,0.4521739130434783,7.0
5,1998,117,한화,54,59,0.4778761061946903,4.0
6,1998,117,해태,55,61,0.4741379310344828,5.0
7,1998,117,현대,78,39,0.6666666666666666,1.0
