,Year,Game_idx,Team1,cum_win,cum_lose,Wpct,rank
0,2001,42,KIA,22,19,0.5365853658536586,4.0
1,2001,42,LG,12,29,0.2926829268292683,8.0
2,2001,42,SK,20,21,0.4878048780487805,6.0
3,2001,42,두산,22,18,0.55,3.0
4,2001,42,롯데,18,23,0.4390243902439024,7.0
5,2001,42,삼성,24,18,0.5714285714285714,2.0
6,2001,42,한화,21,21,0.5,5.0
7,2001,42,현대,26,16,0.6190476190476191,1.0
