,Year,Game_idx,Team1,cum_win,cum_lose,Wpct,rank
0,2013,47,KIA,24,22,0.5217391304347826,3.5
1,2013,47,LG,24,23,0.5106382978723404,6.0
2,2013,47,NC,17,28,0.37777777777777777,8.0
3,2013,47,SK,21,25,0.4565217391304348,7.0
4,2013,47,넥센,30,16,0.6521739130434783,1.0
5,2013,47,두산,24,22,0.5217391304347826,3.5
6,2013,47,롯데,23,22,0.5111111111111111,5.0
7,2013,47,삼성,29,17,0.6304347826086957,2.0
8,2013,47,한화,14,32,0.3043478260869565,9.0
