,Year,Game_idx,Team1,cum_win,cum_lose,Wpct,rank
0,2010,33,KIA,17,16,0.5151515151515151,4.0
1,2010,33,LG,14,18,0.4375,5.0
2,2010,33,SK,25,8,0.7575757575757576,1.0
3,2010,33,넥센,13,20,0.3939393939393939,7.0
4,2010,33,두산,20,12,0.625,2.0
5,2010,33,롯데,14,19,0.42424242424242425,6.0
6,2010,33,삼성,19,14,0.5757575757575758,3.0
7,2010,33,한화,9,24,0.2727272727272727,8.0
