,Year,Game_idx,Team1,cum_win,cum_lose,Wpct,rank
0,2013,18,KIA,12,5,0.7058823529411765,1.0
1,2013,18,LG,10,8,0.5555555555555556,5.0
2,2013,18,NC,3,14,0.17647058823529413,9.0
3,2013,18,SK,7,11,0.3888888888888889,7.0
4,2013,18,넥센,12,6,0.6666666666666666,2.5
5,2013,18,두산,11,6,0.6470588235294118,4.0
6,2013,18,롯데,8,9,0.4705882352941176,6.0
7,2013,18,삼성,12,6,0.6666666666666666,2.5
8,2013,18,한화,4,14,0.2222222222222222,8.0
