,Year,Game_idx,Team1,cum_win,cum_lose,Wpct,rank
0,1989,105,MBC,39,62,0.38613861386138615,7.0
1,1989,105,OB,48,55,0.4660194174757282,5.0
2,1989,105,롯데,43,58,0.4257425742574257,6.0
3,1989,105,빙그레,63,39,0.6176470588235294,1.0
4,1989,105,삼성,50,50,0.5,4.0
5,1989,105,태평양,51,50,0.504950495049505,3.0
6,1989,105,해태,58,44,0.5686274509803921,2.0
