,Year,Game_idx,Team1,cum_win,cum_lose,Wpct,rank
0,1989,84,MBC,32,48,0.4,7.0
1,1989,84,OB,40,42,0.4878048780487805,5.0
2,1989,84,롯데,34,47,0.41975308641975306,6.0
3,1989,84,빙그레,48,33,0.5925925925925926,2.0
4,1989,84,삼성,39,40,0.4936708860759494,4.0
5,1989,84,태평양,40,40,0.5,3.0
6,1989,84,해태,49,32,0.6049382716049383,1.0
