,Year,Game_idx,Team1,cum_win,cum_lose,Wpct,rank
0,1990,53,LG,27,26,0.5094339622641509,4.0
1,1990,53,OB,19,33,0.36538461538461536,7.0
2,1990,53,롯데,26,26,0.5,5.5
3,1990,53,빙그레,30,23,0.5660377358490566,1.0
4,1990,53,삼성,28,25,0.5283018867924528,3.0
5,1990,53,태평양,26,26,0.5,5.5
6,1990,53,해태,28,24,0.5384615384615384,2.0
