,Year,Game_idx,Team1,cum_win,cum_lose,Wpct,rank
0,2012,20,KIA,8,10,0.4444444444444444,6.0
1,2012,20,LG,10,10,0.5,5.0
2,2012,20,SK,11,8,0.5789473684210527,3.0
3,2012,20,넥센,10,9,0.5263157894736842,4.0
4,2012,20,두산,12,7,0.631578947368421,1.5
5,2012,20,롯데,12,7,0.631578947368421,1.5
6,2012,20,삼성,8,12,0.4,7.0
7,2012,20,한화,6,14,0.3,8.0
