,Year,Game_idx,Team1,cum_win,cum_lose,Wpct,rank
0,2007,14,KIA,6,8,0.42857142857142855,6.0
1,2007,14,LG,8,6,0.5714285714285714,3.5
2,2007,14,SK,9,3,0.75,1.0
3,2007,14,두산,4,10,0.2857142857142857,8.0
4,2007,14,롯데,8,6,0.5714285714285714,3.5
5,2007,14,삼성,8,5,0.6153846153846154,2.0
6,2007,14,한화,6,7,0.4615384615384616,5.0
7,2007,14,현대,5,9,0.35714285714285715,7.0
