,Year,Game_idx,Team1,cum_win,cum_lose,Wpct,rank
0,2012,97,KIA,45,48,0.4838709677419355,6.0
1,2012,97,LG,41,53,0.4361702127659575,7.0
2,2012,97,SK,49,46,0.5157894736842106,4.0
3,2012,97,넥센,47,48,0.4947368421052632,5.0
4,2012,97,두산,53,43,0.5520833333333334,2.0
5,2012,97,롯데,50,43,0.5376344086021505,3.0
6,2012,97,삼성,55,40,0.5789473684210527,1.0
7,2012,97,한화,37,58,0.3894736842105263,8.0
