,Year,Game_idx,Team1,cum_win,cum_lose,Wpct,rank
0,2005,85,KIA,34,50,0.4047619047619048,8.0
1,2005,85,LG,39,45,0.4642857142857143,5.0
2,2005,85,SK,41,39,0.5125,4.0
3,2005,85,두산,47,36,0.5662650602409639,2.0
4,2005,85,롯데,39,46,0.4588235294117647,6.0
5,2005,85,삼성,50,33,0.6024096385542169,1.0
6,2005,85,한화,45,39,0.5357142857142857,3.0
7,2005,85,현대,37,46,0.4457831325301205,7.0
