,Year,Game_idx,Team1,cum_win,cum_lose,Wpct,rank
0,2000,131,LG,66,62,0.515625,4.0
1,2000,131,SK,44,84,0.34375,8.0
2,2000,131,두산,75,56,0.5725190839694656,2.0
3,2000,131,롯데,64,63,0.5039370078740157,5.0
4,2000,131,삼성,69,57,0.5476190476190477,3.0
5,2000,131,한화,48,78,0.3809523809523809,7.0
6,2000,131,해태,55,72,0.4330708661417323,6.0
7,2000,131,현대,90,39,0.6976744186046512,1.0
