,Year,Game_idx,Team1,cum_win,cum_lose,Wpct,rank
0,1989,45,MBC,20,23,0.4651162790697674,5.0
1,1989,45,OB,18,26,0.4090909090909091,6.0
2,1989,45,롯데,15,29,0.3409090909090909,7.0
3,1989,45,빙그레,26,17,0.6046511627906976,2.5
4,1989,45,삼성,27,17,0.6136363636363636,1.0
5,1989,45,태평양,20,22,0.4761904761904762,4.0
6,1989,45,해태,26,17,0.6046511627906976,2.5
