,Year,Game_idx,Team1,cum_win,cum_lose,Wpct,rank
0,1994,68,LG,43,25,0.6323529411764706,1.0
1,1994,68,OB,30,37,0.4477611940298508,7.0
2,1994,68,롯데,30,35,0.4615384615384616,6.0
3,1994,68,삼성,33,34,0.4925373134328358,5.0
4,1994,68,쌍방울,20,46,0.30303030303030304,8.0
5,1994,68,태평양,36,30,0.5454545454545454,3.0
6,1994,68,한화,37,30,0.5522388059701493,2.0
7,1994,68,해태,34,32,0.5151515151515151,4.0
