,Year,Game_idx,Team1,cum_win,cum_lose,Wpct,rank
0,1989,107,MBC,40,63,0.3883495145631068,7.0
1,1989,107,OB,49,55,0.4711538461538462,5.0
2,1989,107,롯데,44,59,0.4271844660194175,6.0
3,1989,107,빙그레,65,39,0.625,1.0
4,1989,107,삼성,51,51,0.5,4.0
5,1989,107,태평양,52,51,0.5048543689320388,3.0
6,1989,107,해태,60,44,0.5769230769230769,2.0
