,Year,Game_idx,Team1,cum_win,cum_lose,Wpct,rank
0,2001,24,KIA,10,13,0.43478260869565216,6.0
1,2001,24,LG,7,17,0.2916666666666667,8.0
2,2001,24,SK,13,11,0.5416666666666666,4.5
3,2001,24,두산,14,9,0.6086956521739131,2.0
4,2001,24,롯데,8,16,0.3333333333333333,7.0
5,2001,24,삼성,15,9,0.625,1.0
6,2001,24,한화,14,10,0.5833333333333334,3.0
7,2001,24,현대,13,11,0.5416666666666666,4.5
