,Year,Game_idx,Team1,cum_win,cum_lose,Wpct,rank
0,1995,54,LG,33,20,0.6226415094339622,2.0
1,1995,54,OB,33,18,0.6470588235294118,1.0
2,1995,54,롯데,27,25,0.5192307692307693,3.0
3,1995,54,삼성,24,26,0.48,5.0
4,1995,54,쌍방울,22,31,0.4150943396226415,7.0
5,1995,54,태평양,20,31,0.392156862745098,8.0
6,1995,54,한화,26,28,0.4814814814814815,4.0
7,1995,54,해태,24,30,0.4444444444444444,6.0
