,Year,Game_idx,Team1,cum_win,cum_lose,Wpct,rank
0,2003,32,KIA,17,14,0.5483870967741935,4.0
1,2003,32,LG,16,14,0.5333333333333333,5.0
2,2003,32,SK,18,13,0.5806451612903226,3.0
3,2003,32,두산,6,26,0.1875,8.0
4,2003,32,롯데,9,21,0.3,7.0
5,2003,32,삼성,22,9,0.7096774193548387,1.5
6,2003,32,한화,12,18,0.4,6.0
7,2003,32,현대,22,9,0.7096774193548387,1.5
