,Year,Game_idx,Team1,cum_win,cum_lose,Wpct,rank
0,1989,109,MBC,41,64,0.3904761904761905,7.0
1,1989,109,OB,51,55,0.4811320754716981,5.0
2,1989,109,롯데,44,61,0.4190476190476191,6.0
3,1989,109,빙그레,66,40,0.6226415094339622,1.0
4,1989,109,삼성,51,53,0.4903846153846154,4.0
5,1989,109,태평양,54,51,0.5142857142857142,3.0
6,1989,109,해태,61,44,0.580952380952381,2.0
