,Year,Game_idx,Team1,cum_win,cum_lose,Wpct,rank
0,1990,66,LG,38,28,0.5757575757575758,2.0
1,1990,66,OB,20,44,0.3125,7.0
2,1990,66,롯데,29,35,0.453125,6.0
3,1990,66,빙그레,39,27,0.5909090909090909,1.0
4,1990,66,삼성,36,29,0.5538461538461539,3.0
5,1990,66,태평양,31,33,0.484375,5.0
6,1990,66,해태,33,31,0.515625,4.0
