,Year,Game_idx,Team1,cum_win,cum_lose,Wpct,rank
0,2006,53,KIA,27,24,0.5294117647058824,4.5
1,2006,53,LG,20,32,0.38461538461538464,8.0
2,2006,53,SK,25,28,0.4716981132075472,6.0
3,2006,53,두산,27,24,0.5294117647058824,4.5
4,2006,53,롯데,21,32,0.3962264150943397,7.0
5,2006,53,삼성,31,20,0.6078431372549019,1.0
6,2006,53,한화,29,23,0.5576923076923077,3.0
7,2006,53,현대,31,22,0.5849056603773585,2.0
