,Year,Game_idx,Team1,cum_win,cum_lose,Wpct,rank
0,1999,88,LG,44,44,0.5,5.5
1,1999,88,두산,47,36,0.5662650602409639,2.0
2,1999,88,롯데,53,30,0.6385542168674698,1.0
3,1999,88,삼성,46,40,0.5348837209302325,4.0
4,1999,88,쌍방울,18,65,0.21686746987951808,8.0
5,1999,88,한화,43,43,0.5,5.5
6,1999,88,해태,42,44,0.4883720930232558,7.0
7,1999,88,현대,46,37,0.5542168674698795,3.0
