,Year,Game_idx,Team1,cum_win,cum_lose,Wpct,rank
0,2003,31,KIA,17,13,0.5666666666666667,4.0
1,2003,31,LG,16,13,0.5517241379310345,5.0
2,2003,31,SK,18,12,0.6,3.0
3,2003,31,두산,6,25,0.1935483870967742,8.0
4,2003,31,롯데,8,21,0.27586206896551724,7.0
5,2003,31,삼성,22,8,0.7333333333333333,1.0
6,2003,31,한화,11,18,0.3793103448275862,6.0
7,2003,31,현대,21,9,0.7,2.0
