,Year,Game_idx,Team1,cum_win,cum_lose,Wpct,rank
0,1990,90,LG,50,40,0.5555555555555556,3.0
1,1990,90,OB,28,58,0.32558139534883723,7.0
2,1990,90,롯데,35,52,0.4022988505747127,6.0
3,1990,90,빙그레,54,34,0.6136363636363636,1.0
4,1990,90,삼성,52,36,0.5909090909090909,2.0
5,1990,90,태평양,43,44,0.4942528735632184,5.0
6,1990,90,해태,47,40,0.5402298850574713,4.0
