,Year,Game_idx,Team1,cum_win,cum_lose,Wpct,rank
0,2013,57,KIA,31,25,0.5535714285714286,4.0
1,2013,57,LG,32,25,0.5614035087719298,3.0
2,2013,57,NC,20,34,0.3703703703703704,8.0
3,2013,57,SK,25,31,0.44642857142857145,7.0
4,2013,57,넥센,32,24,0.5714285714285714,2.0
5,2013,57,두산,27,29,0.4821428571428572,6.0
6,2013,57,롯데,30,25,0.5454545454545454,5.0
7,2013,57,삼성,34,21,0.6181818181818182,1.0
8,2013,57,한화,17,39,0.3035714285714285,9.0
