,Year,Game_idx,Team1,cum_win,cum_lose,Wpct,rank
0,2001,40,KIA,20,19,0.5128205128205128,4.0
1,2001,40,LG,11,28,0.28205128205128205,8.0
2,2001,40,SK,18,21,0.4615384615384616,6.5
3,2001,40,두산,22,16,0.5789473684210527,3.0
4,2001,40,롯데,18,21,0.4615384615384616,6.5
5,2001,40,삼성,24,16,0.6,1.5
6,2001,40,한화,20,20,0.5,5.0
7,2001,40,현대,24,16,0.6,1.5
