,Year,Game_idx,Team1,cum_win,cum_lose,Wpct,rank
0,2015,139,KIA,66,73,0.4748201438848921,6.0
1,2015,139,LG,62,75,0.4525547445255474,9.0
2,2015,139,NC,81,56,0.5912408759124088,2.0
3,2015,139,SK,66,71,0.4817518248175183,5.0
4,2015,139,kt,51,88,0.3669064748201439,10.0
5,2015,139,넥센,76,62,0.5507246376811594,3.0
6,2015,139,두산,76,63,0.5467625899280576,4.0
7,2015,139,롯데,65,73,0.4710144927536232,7.0
8,2015,139,삼성,85,54,0.6115107913669064,1.0
9,2015,139,한화,65,74,0.4676258992805755,8.0
