,Year,Game_idx,Team1,cum_win,cum_lose,Wpct,rank
0,1994,112,LG,71,41,0.6339285714285714,1.0
1,1994,112,OB,49,62,0.44144144144144143,6.0
2,1994,112,롯데,47,62,0.4311926605504587,7.0
3,1994,112,삼성,54,56,0.4909090909090909,5.0
4,1994,112,쌍방울,38,69,0.35514018691588783,8.0
5,1994,112,태평양,62,47,0.5688073394495413,2.0
6,1994,112,한화,58,52,0.5272727272727272,3.5
7,1994,112,해태,58,52,0.5272727272727272,3.5
