,Year,Game_idx,Team1,cum_win,cum_lose,Wpct,rank
0,2005,79,KIA,32,46,0.41025641025641024,8.0
1,2005,79,LG,37,41,0.4743589743589744,5.0
2,2005,79,SK,37,37,0.5,4.0
3,2005,79,두산,44,33,0.5714285714285714,2.0
4,2005,79,롯데,36,43,0.4556962025316456,6.0
5,2005,79,삼성,46,31,0.5974025974025974,1.0
6,2005,79,한화,41,37,0.5256410256410257,3.0
7,2005,79,현대,35,42,0.4545454545454545,7.0
