,Year,Game_idx,Team1,cum_win,cum_lose,Wpct,rank
0,2012,86,KIA,41,41,0.5,5.0
1,2012,86,LG,37,46,0.4457831325301205,7.0
2,2012,86,SK,42,42,0.5,5.0
3,2012,86,넥센,42,42,0.5,5.0
4,2012,86,두산,45,40,0.5294117647058824,2.0
5,2012,86,롯데,43,39,0.5243902439024389,3.0
6,2012,86,삼성,50,34,0.5952380952380952,1.0
7,2012,86,한화,33,51,0.3928571428571429,8.0
