,Year,Game_idx,Team1,cum_win,cum_lose,Wpct,rank
0,1999,122,LG,59,63,0.4836065573770492,6.0
1,1999,122,두산,68,49,0.5811965811965812,1.5
2,1999,122,롯데,68,49,0.5811965811965812,1.5
3,1999,122,삼성,66,54,0.55,3.0
4,1999,122,쌍방울,27,90,0.2307692307692308,8.0
5,1999,122,한화,64,56,0.5333333333333333,4.0
6,1999,122,해태,58,62,0.4833333333333333,7.0
7,1999,122,현대,62,55,0.5299145299145299,5.0
