,Year,Game_idx,Team1,cum_win,cum_lose,Wpct,rank
0,1996,44,LG,19,23,0.4523809523809524,7.0
1,1996,44,OB,20,23,0.4651162790697674,6.0
2,1996,44,롯데,19,24,0.4418604651162791,8.0
3,1996,44,삼성,22,20,0.5238095238095238,2.0
4,1996,44,쌍방울,21,22,0.4883720930232558,4.0
5,1996,44,한화,23,21,0.5227272727272727,3.0
6,1996,44,해태,21,23,0.4772727272727273,5.0
7,1996,44,현대,27,16,0.627906976744186,1.0
