,Year,Game_idx,Team1,cum_win,cum_lose,Wpct,rank
0,2004,14,KIA,6,8,0.42857142857142855,5.0
1,2004,14,LG,8,5,0.6153846153846154,2.0
2,2004,14,SK,7,7,0.5,3.5
3,2004,14,두산,5,8,0.38461538461538464,7.0
4,2004,14,롯데,5,8,0.38461538461538464,7.0
5,2004,14,삼성,6,6,0.5,3.5
6,2004,14,한화,5,8,0.38461538461538464,7.0
7,2004,14,현대,11,3,0.7857142857142857,1.0
