,Year,Game_idx,Team1,cum_win,cum_lose,Wpct,rank
0,1999,90,LG,46,44,0.5111111111111111,6.0
1,1999,90,두산,49,36,0.5764705882352941,2.0
2,1999,90,롯데,54,31,0.6352941176470588,1.0
3,1999,90,삼성,48,40,0.5454545454545454,4.0
4,1999,90,쌍방울,18,67,0.21176470588235294,8.0
5,1999,90,한화,45,43,0.5113636363636364,5.0
6,1999,90,해태,42,46,0.4772727272727273,7.0
7,1999,90,현대,48,37,0.5647058823529412,3.0
