,Year,Game_idx,Team1,cum_win,cum_lose,Wpct,rank
0,1991,74,LG,39,34,0.5342465753424658,4.0
1,1991,74,OB,24,49,0.3287671232876712,8.0
2,1991,74,롯데,37,36,0.5068493150684932,5.0
3,1991,74,빙그레,39,32,0.5492957746478874,3.0
4,1991,74,삼성,41,33,0.5540540540540541,2.0
5,1991,74,쌍방울,28,44,0.3888888888888889,7.0
6,1991,74,태평양,35,39,0.472972972972973,6.0
7,1991,74,해태,47,25,0.6527777777777778,1.0
