,Year,Game_idx,Team1,cum_win,cum_lose,Wpct,rank
0,2000,100,LG,49,48,0.5051546391752577,5.0
1,2000,100,SK,27,71,0.2755102040816326,8.0
2,2000,100,두산,58,42,0.58,2.0
3,2000,100,롯데,52,46,0.5306122448979592,4.0
4,2000,100,삼성,55,41,0.5729166666666666,3.0
5,2000,100,한화,38,58,0.3958333333333333,7.0
6,2000,100,해태,43,55,0.4387755102040816,6.0
7,2000,100,현대,68,31,0.6868686868686869,1.0
