,Year,Game_idx,Team1,cum_win,cum_lose,Wpct,rank
0,2000,77,LG,40,35,0.5333333333333333,4.0
1,2000,77,SK,20,55,0.26666666666666666,8.0
2,2000,77,두산,48,29,0.6233766233766234,2.0
3,2000,77,롯데,38,38,0.5,5.0
4,2000,77,삼성,42,32,0.5675675675675675,3.0
5,2000,77,한화,32,42,0.4324324324324325,7.0
6,2000,77,해태,33,42,0.44,6.0
7,2000,77,현대,49,27,0.6447368421052632,1.0
