,Year,Game_idx,Team1,cum_win,cum_lose,Wpct,rank
0,1990,27,LG,10,17,0.3703703703703704,6.0
1,1990,27,OB,8,18,0.3076923076923077,7.0
2,1990,27,롯데,17,10,0.6296296296296297,1.0
3,1990,27,빙그레,16,11,0.5925925925925926,2.5
4,1990,27,삼성,14,13,0.5185185185185185,4.0
5,1990,27,태평양,16,11,0.5925925925925926,2.5
6,1990,27,해태,13,13,0.5,5.0
