,Year,Game_idx,Team1,cum_win,cum_lose,Wpct,rank
0,1993,96,LG,58,36,0.6170212765957447,2.0
1,1993,96,OB,49,42,0.5384615384615384,4.0
2,1993,96,롯데,45,51,0.46875,5.0
3,1993,96,빙그레,40,53,0.4301075268817205,6.0
4,1993,96,삼성,52,39,0.5714285714285714,3.0
5,1993,96,쌍방울,35,56,0.38461538461538464,7.0
6,1993,96,태평양,28,59,0.3218390804597701,8.0
7,1993,96,해태,62,33,0.6526315789473685,1.0
