,Year,Game_idx,Team1,cum_win,cum_lose,Wpct,rank
0,2007,39,KIA,17,22,0.4358974358974359,7.5
1,2007,39,LG,19,18,0.5135135135135135,3.0
2,2007,39,SK,22,14,0.6111111111111112,1.0
3,2007,39,두산,18,20,0.4736842105263158,6.0
4,2007,39,롯데,19,19,0.5,4.5
5,2007,39,삼성,18,18,0.5,4.5
6,2007,39,한화,21,17,0.5526315789473685,2.0
7,2007,39,현대,17,22,0.4358974358974359,7.5
