,Year,Game_idx,Team1,cum_win,cum_lose,Wpct,rank
0,2015,3,KIA,3,0,1.0,2.0
1,2015,3,LG,0,3,0.0,9.5
2,2015,3,NC,1,2,0.3333333333333333,6.5
3,2015,3,SK,1,2,0.3333333333333333,6.5
4,2015,3,kt,0,3,0.0,9.5
5,2015,3,넥센,1,2,0.3333333333333333,6.5
6,2015,3,두산,3,0,1.0,2.0
7,2015,3,롯데,3,0,1.0,2.0
8,2015,3,삼성,2,1,0.6666666666666666,4.0
9,2015,3,한화,1,2,0.3333333333333333,6.5
