,Year,Game_idx,Team1,cum_win,cum_lose,Wpct,rank
0,1996,46,LG,21,23,0.4772727272727273,6.0
1,1996,46,OB,20,24,0.4545454545454545,7.0
2,1996,46,롯데,19,26,0.4222222222222222,8.0
3,1996,46,삼성,23,21,0.5227272727272727,2.0
4,1996,46,쌍방울,22,23,0.4888888888888889,4.0
5,1996,46,한화,24,22,0.5217391304347826,3.0
6,1996,46,해태,22,24,0.4782608695652174,5.0
7,1996,46,현대,28,16,0.6363636363636364,1.0
