,Year,Game_idx,Team1,cum_win,cum_lose,Wpct,rank
0,2000,88,LG,42,43,0.4941176470588236,5.0
1,2000,88,SK,22,64,0.2558139534883721,8.0
2,2000,88,두산,54,34,0.6136363636363636,2.0
3,2000,88,롯데,45,42,0.5172413793103449,4.0
4,2000,88,삼성,49,36,0.5764705882352941,3.0
5,2000,88,한화,34,50,0.4047619047619048,7.0
6,2000,88,해태,39,47,0.4534883720930232,6.0
7,2000,88,현대,57,30,0.6551724137931034,1.0
