,Year,Game_idx,Team1,cum_win,cum_lose,Wpct,rank
0,2011,44,KIA,23,21,0.5227272727272727,4.0
1,2011,44,LG,26,18,0.5909090909090909,2.0
2,2011,44,SK,28,16,0.6363636363636364,1.0
3,2011,44,넥센,16,28,0.3636363636363637,8.0
4,2011,44,두산,18,24,0.42857142857142855,6.0
5,2011,44,롯데,20,21,0.4878048780487805,5.0
6,2011,44,삼성,23,19,0.5476190476190477,3.0
7,2011,44,한화,17,26,0.3953488372093023,7.0
