,Year,Game_idx,Team1,cum_win,cum_lose,Wpct,rank
0,2015,51,KIA,25,26,0.4901960784313725,8.0
1,2015,51,LG,21,29,0.42,9.0
2,2015,51,NC,30,20,0.6,2.0
3,2015,51,SK,26,24,0.52,6.0
4,2015,51,kt,10,41,0.19607843137254904,10.0
5,2015,51,넥센,27,23,0.54,4.0
6,2015,51,두산,29,22,0.5686274509803921,3.0
7,2015,51,롯데,27,24,0.5294117647058824,5.0
8,2015,51,삼성,31,20,0.6078431372549019,1.0
9,2015,51,한화,26,25,0.5098039215686274,7.0
