,Year,Game_idx,Team1,cum_win,cum_lose,Wpct,rank
0,1992,33,LG,9,22,0.2903225806451613,8.0
1,1992,33,OB,15,16,0.4838709677419355,4.0
2,1992,33,롯데,18,15,0.5454545454545454,3.0
3,1992,33,빙그레,25,7,0.78125,1.0
4,1992,33,삼성,15,17,0.46875,5.0
5,1992,33,쌍방울,12,20,0.375,7.0
6,1992,33,태평양,14,16,0.4666666666666667,6.0
7,1992,33,해태,22,11,0.6666666666666666,2.0
