,Year,Game_idx,Team1,cum_win,cum_lose,Wpct,rank
0,2006,107,KIA,53,51,0.5096153846153846,4.0
1,2006,107,LG,41,62,0.3980582524271845,8.0
2,2006,107,SK,52,54,0.490566037735849,6.0
3,2006,107,두산,52,53,0.4952380952380953,5.0
4,2006,107,롯데,44,61,0.4190476190476191,7.0
5,2006,107,삼성,63,41,0.6057692307692307,1.0
6,2006,107,한화,57,48,0.5428571428571428,3.0
7,2006,107,현대,59,47,0.5566037735849056,2.0
