,Year,Game_idx,Team1,cum_win,cum_lose,Wpct,rank
0,2004,87,KIA,41,42,0.4939759036144578,5.0
1,2004,87,LG,38,47,0.4470588235294118,7.0
2,2004,87,SK,41,39,0.5125,4.0
3,2004,87,두산,46,40,0.5348837209302325,3.0
4,2004,87,롯데,30,47,0.3896103896103896,8.0
5,2004,87,삼성,46,35,0.5679012345679012,2.0
6,2004,87,한화,38,44,0.4634146341463415,6.0
7,2004,87,현대,47,35,0.573170731707317,1.0
