,Year,Game_idx,Team1,cum_win,cum_lose,Wpct,rank
0,2008,102,KIA,50,52,0.4901960784313725,6.0
1,2008,102,LG,35,67,0.3431372549019608,8.0
2,2008,102,SK,68,34,0.6666666666666666,1.0
3,2008,102,두산,57,45,0.5588235294117647,2.0
4,2008,102,롯데,55,47,0.5392156862745098,4.0
5,2008,102,삼성,53,49,0.5196078431372549,5.0
6,2008,102,한화,56,46,0.5490196078431373,3.0
7,2008,102,히어로즈,40,62,0.392156862745098,7.0
