,Year,Game_idx,Team1,cum_win,cum_lose,Wpct,rank
0,2010,68,KIA,34,34,0.5,4.0
1,2010,68,LG,31,36,0.4626865671641791,6.0
2,2010,68,SK,46,22,0.6764705882352942,1.0
3,2010,68,넥센,27,40,0.4029850746268657,7.0
4,2010,68,두산,38,29,0.5671641791044776,2.0
5,2010,68,롯데,31,35,0.4696969696969697,5.0
6,2010,68,삼성,34,33,0.5074626865671642,3.0
7,2010,68,한화,27,41,0.3970588235294117,8.0
