,Year,Game_idx,Team1,cum_win,cum_lose,Wpct,rank
0,1995,64,LG,38,25,0.6031746031746031,2.0
1,1995,64,OB,38,23,0.6229508196721312,1.0
2,1995,64,롯데,32,30,0.5161290322580645,4.0
3,1995,64,삼성,28,32,0.4666666666666667,5.0
4,1995,64,쌍방울,25,38,0.3968253968253968,7.0
5,1995,64,태평양,24,37,0.3934426229508197,8.0
6,1995,64,한화,34,30,0.53125,3.0
7,1995,64,해태,29,35,0.453125,6.0
