,Year,Game_idx,Team1,cum_win,cum_lose,Wpct,rank
0,2006,103,KIA,50,50,0.5,4.0
1,2006,103,LG,39,60,0.3939393939393939,8.0
2,2006,103,SK,49,53,0.4803921568627451,6.0
3,2006,103,두산,50,51,0.4950495049504951,5.0
4,2006,103,롯데,44,57,0.4356435643564357,7.0
5,2006,103,삼성,62,38,0.62,1.0
6,2006,103,한화,55,46,0.5445544554455446,3.0
7,2006,103,현대,57,45,0.5588235294117647,2.0
