,Year,Game_idx,Team1,cum_win,cum_lose,Wpct,rank
0,1996,110,LG,46,59,0.4380952380952381,7.0
1,1996,110,OB,42,62,0.40384615384615385,8.0
2,1996,110,롯데,47,57,0.4519230769230769,6.0
3,1996,110,삼성,49,56,0.4666666666666667,5.0
4,1996,110,쌍방울,59,49,0.5462962962962963,3.0
5,1996,110,한화,60,49,0.5504587155963303,2.0
6,1996,110,해태,65,43,0.6018518518518519,1.0
7,1996,110,현대,56,49,0.5333333333333333,4.0
