,Year,Game_idx,Team1,cum_win,cum_lose,Wpct,rank
0,1992,81,LG,31,48,0.3924050632911392,7.0
1,1992,81,OB,37,42,0.4683544303797468,6.0
2,1992,81,롯데,46,35,0.5679012345679012,3.0
3,1992,81,빙그레,50,30,0.625,1.0
4,1992,81,삼성,43,37,0.5375,4.0
5,1992,81,쌍방울,27,53,0.3375,8.0
6,1992,81,태평양,37,41,0.4743589743589744,5.0
7,1992,81,해태,50,31,0.6172839506172839,2.0
