,Year,Game_idx,Team1,cum_win,cum_lose,Wpct,rank
0,2000,23,LG,10,13,0.43478260869565216,5.5
1,2000,23,SK,5,18,0.21739130434782608,8.0
2,2000,23,두산,16,7,0.6956521739130435,2.0
3,2000,23,롯데,11,12,0.4782608695652174,4.0
4,2000,23,삼성,14,9,0.6086956521739131,3.0
5,2000,23,한화,8,15,0.3478260869565217,7.0
6,2000,23,해태,10,13,0.43478260869565216,5.5
7,2000,23,현대,18,5,0.7826086956521741,1.0
