,Year,Game_idx,Team1,cum_win,cum_lose,Wpct,rank
0,2016,33,KIA,16,17,0.4848484848484849,6.0
1,2016,33,LG,16,17,0.4848484848484849,6.0
2,2016,33,NC,19,14,0.5757575757575758,2.5
3,2016,33,SK,19,14,0.5757575757575758,2.5
4,2016,33,kt,15,18,0.4545454545454545,8.5
5,2016,33,넥센,18,14,0.5625,4.0
6,2016,33,두산,21,11,0.65625,1.0
7,2016,33,롯데,15,18,0.4545454545454545,8.5
8,2016,33,삼성,16,17,0.4848484848484849,6.0
9,2016,33,한화,9,24,0.2727272727272727,10.0
