,Year,Game_idx,Team1,cum_win,cum_lose,Wpct,rank
0,2016,80,KIA,37,42,0.4683544303797468,5.0
1,2016,80,LG,34,45,0.4303797468354431,7.0
2,2016,80,NC,49,29,0.6282051282051282,2.0
3,2016,80,SK,41,39,0.5125,4.0
4,2016,80,kt,32,46,0.41025641025641024,10.0
5,2016,80,넥센,43,36,0.5443037974683544,3.0
6,2016,80,두산,54,25,0.6835443037974683,1.0
7,2016,80,롯데,37,43,0.4625,6.0
8,2016,80,삼성,33,46,0.4177215189873418,9.0
9,2016,80,한화,33,44,0.42857142857142855,8.0
