,Year,Game_idx,Team1,cum_win,cum_lose,Wpct,rank
0,2008,110,KIA,51,59,0.4636363636363636,6.0
1,2008,110,LG,38,72,0.34545454545454546,8.0
2,2008,110,SK,73,37,0.6636363636363637,1.0
3,2008,110,두산,63,47,0.5727272727272728,2.0
4,2008,110,롯데,62,48,0.5636363636363636,3.0
5,2008,110,삼성,56,54,0.509090909090909,5.0
6,2008,110,한화,57,53,0.5181818181818182,4.0
7,2008,110,히어로즈,42,68,0.3818181818181817,7.0
