,Year,Game_idx,Team1,cum_win,cum_lose,Wpct,rank
0,1993,107,LG,59,46,0.5619047619047619,3.0
1,1993,107,OB,54,48,0.5294117647058824,4.0
2,1993,107,롯데,52,55,0.485981308411215,5.0
3,1993,107,빙그레,48,55,0.4660194174757282,6.0
4,1993,107,삼성,60,42,0.5882352941176471,2.0
5,1993,107,쌍방울,37,65,0.3627450980392157,7.0
6,1993,107,태평양,30,68,0.30612244897959184,8.0
7,1993,107,해태,71,35,0.6698113207547169,1.0
