,Year,Game_idx,Team1,cum_win,cum_lose,Wpct,rank
0,2011,118,KIA,64,54,0.5423728813559322,4.0
1,2011,118,LG,55,62,0.4700854700854701,5.0
2,2011,118,SK,63,53,0.5431034482758621,3.0
3,2011,118,넥센,46,70,0.3965517241379311,8.0
4,2011,118,두산,53,63,0.456896551724138,6.0
5,2011,118,롯데,62,51,0.5486725663716814,2.0
6,2011,118,삼성,70,46,0.603448275862069,1.0
7,2011,118,한화,52,64,0.4482758620689655,7.0
