,Year,Game_idx,Team1,cum_win,cum_lose,Wpct,rank
0,2011,83,KIA,49,34,0.5903614457831325,2.0
1,2011,83,LG,41,42,0.4939759036144578,4.0
2,2011,83,SK,46,37,0.5542168674698795,3.0
3,2011,83,넥센,31,52,0.3734939759036144,8.0
4,2011,83,두산,35,46,0.4320987654320987,7.0
5,2011,83,롯데,38,42,0.475,5.0
6,2011,83,삼성,48,33,0.5925925925925926,1.0
7,2011,83,한화,36,46,0.4390243902439024,6.0
