,Year,Game_idx,Team1,cum_win,cum_lose,Wpct,rank
0,2005,63,KIA,25,37,0.4032258064516129,8.0
1,2005,63,LG,26,37,0.4126984126984127,7.0
2,2005,63,SK,27,33,0.45,6.0
3,2005,63,두산,39,23,0.6290322580645161,2.0
4,2005,63,롯데,29,34,0.4603174603174603,5.0
5,2005,63,삼성,40,22,0.6451612903225806,1.0
6,2005,63,한화,31,31,0.5,3.0
7,2005,63,현대,29,33,0.4677419354838709,4.0
