,Year,Game_idx,Team1,cum_win,cum_lose,Wpct,rank
0,2015,144,KIA,67,77,0.4652777777777778,7.0
1,2015,144,LG,64,78,0.4507042253521127,9.0
2,2015,144,NC,84,57,0.5957446808510638,2.0
3,2015,144,SK,69,73,0.4859154929577465,5.0
4,2015,144,kt,52,91,0.3636363636363637,10.0
5,2015,144,넥센,78,65,0.5454545454545454,4.0
6,2015,144,두산,79,65,0.5486111111111112,3.0
7,2015,144,롯데,66,77,0.4615384615384616,8.0
8,2015,144,삼성,88,56,0.6111111111111112,1.0
9,2015,144,한화,68,76,0.4722222222222222,6.0
