,Year,Game_idx,Team1,cum_win,cum_lose,Wpct,rank
0,2015,58,KIA,29,29,0.5,7.5
1,2015,58,LG,25,32,0.43859649122807015,9.0
2,2015,58,NC,34,23,0.5964912280701754,2.0
3,2015,58,SK,29,28,0.5087719298245614,6.0
4,2015,58,kt,13,45,0.2241379310344828,10.0
5,2015,58,넥센,32,25,0.5614035087719298,4.0
6,2015,58,두산,33,25,0.5689655172413793,3.0
7,2015,58,롯데,29,29,0.5,7.5
8,2015,58,삼성,35,23,0.603448275862069,1.0
9,2015,58,한화,30,28,0.5172413793103449,5.0
