,Year,Game_idx,Team1,cum_win,cum_lose,Wpct,rank
0,2015,110,KIA,55,55,0.5,5.0
1,2015,110,LG,47,62,0.4311926605504587,9.0
2,2015,110,NC,64,44,0.5925925925925926,2.0
3,2015,110,SK,50,58,0.462962962962963,8.0
4,2015,110,kt,38,72,0.34545454545454546,10.0
5,2015,110,넥센,59,50,0.5412844036697247,4.0
6,2015,110,두산,61,49,0.5545454545454546,3.0
7,2015,110,롯데,51,59,0.4636363636363636,7.0
8,2015,110,삼성,68,42,0.6181818181818182,1.0
9,2015,110,한화,53,57,0.4818181818181818,6.0
