,Year,Game_idx,Team1,cum_win,cum_lose,Wpct,rank
0,2005,19,KIA,8,11,0.42105263157894735,8.0
1,2005,19,LG,9,10,0.4736842105263158,5.0
2,2005,19,SK,8,10,0.4444444444444444,6.5
3,2005,19,두산,11,8,0.5789473684210527,1.5
4,2005,19,롯데,10,9,0.5263157894736842,3.5
5,2005,19,삼성,11,8,0.5789473684210527,1.5
6,2005,19,한화,10,9,0.5263157894736842,3.5
7,2005,19,현대,8,10,0.4444444444444444,6.5
