,Year,Game_idx,Team1,cum_win,cum_lose,Wpct,rank
0,2012,89,KIA,44,41,0.5176470588235295,3.5
1,2012,89,LG,38,48,0.4418604651162791,7.0
2,2012,89,SK,44,43,0.5057471264367817,5.0
3,2012,89,넥센,43,44,0.4942528735632184,6.0
4,2012,89,두산,48,40,0.5454545454545454,2.0
5,2012,89,롯데,44,41,0.5176470588235295,3.5
6,2012,89,삼성,51,36,0.5862068965517241,1.0
7,2012,89,한화,36,51,0.4137931034482759,8.0
