,Year,Game_idx,Team1,cum_win,cum_lose,Wpct,rank
0,2006,69,KIA,32,34,0.4848484848484849,5.0
1,2006,69,LG,26,40,0.3939393939393939,8.0
2,2006,69,SK,31,37,0.4558823529411765,6.0
3,2006,69,두산,36,31,0.5373134328358209,3.5
4,2006,69,롯데,29,39,0.4264705882352941,7.0
5,2006,69,삼성,43,23,0.6515151515151515,1.0
6,2006,69,한화,36,31,0.5373134328358209,3.5
7,2006,69,현대,37,31,0.5441176470588235,2.0
