,Year,Game_idx,Team1,cum_win,cum_lose,Wpct,rank
0,2012,14,KIA,5,9,0.35714285714285715,7.0
1,2012,14,LG,8,6,0.5714285714285714,4.0
2,2012,14,SK,8,6,0.5714285714285714,4.0
3,2012,14,넥센,8,6,0.5714285714285714,4.0
4,2012,14,두산,9,4,0.6923076923076923,1.0
5,2012,14,롯데,8,5,0.6153846153846154,2.0
6,2012,14,삼성,6,8,0.42857142857142855,6.0
7,2012,14,한화,4,10,0.2857142857142857,8.0
