,Year,Game_idx,Team1,cum_win,cum_lose,Wpct,rank
0,2003,28,KIA,16,11,0.5925925925925926,4.0
1,2003,28,LG,14,12,0.5384615384615384,5.0
2,2003,28,SK,17,10,0.6296296296296297,3.0
3,2003,28,두산,6,22,0.21428571428571427,8.0
4,2003,28,롯데,7,19,0.2692307692307692,7.0
5,2003,28,삼성,20,7,0.7407407407407407,1.0
6,2003,28,한화,10,16,0.38461538461538464,6.0
7,2003,28,현대,19,8,0.7037037037037037,2.0
