,Year,Game_idx,Team1,cum_win,cum_lose,Wpct,rank
0,2012,105,KIA,50,51,0.4950495049504951,5.0
1,2012,105,LG,44,58,0.4313725490196079,7.0
2,2012,105,SK,56,47,0.5436893203883495,3.0
3,2012,105,넥센,50,53,0.4854368932038835,6.0
4,2012,105,두산,55,49,0.5288461538461539,4.0
5,2012,105,롯데,55,46,0.5445544554455446,2.0
6,2012,105,삼성,61,42,0.5922330097087378,1.0
7,2012,105,한화,39,64,0.3786407766990291,8.0
