,Year,Game_idx,Team1,cum_win,cum_lose,Wpct,rank
0,1998,116,LG,56,59,0.4869565217391305,3.0
1,1998,116,OB,53,61,0.4649122807017544,6.0
2,1998,116,롯데,48,64,0.42857142857142855,8.0
3,1998,116,삼성,62,52,0.543859649122807,2.0
4,1998,116,쌍방울,52,62,0.456140350877193,7.0
5,1998,116,한화,53,59,0.4732142857142857,5.0
6,1998,116,해태,55,60,0.4782608695652174,4.0
7,1998,116,현대,78,38,0.6724137931034483,1.0
