,Year,Game_idx,Team1,cum_win,cum_lose,Wpct,rank
0,2002,59,KIA,36,20,0.6428571428571429,1.0
1,2002,59,LG,29,27,0.5178571428571429,4.0
2,2002,59,SK,26,31,0.456140350877193,6.0
3,2002,59,두산,33,25,0.5689655172413793,3.0
4,2002,59,롯데,17,41,0.29310344827586204,8.0
5,2002,59,삼성,37,22,0.6271186440677966,2.0
6,2002,59,한화,23,34,0.4035087719298245,7.0
7,2002,59,현대,28,27,0.509090909090909,5.0
