,Year,Game_idx,Team1,cum_win,cum_lose,Wpct,rank
0,1992,34,LG,9,23,0.28125,8.0
1,1992,34,OB,15,17,0.46875,5.0
2,1992,34,롯데,18,16,0.5294117647058824,3.0
3,1992,34,빙그레,26,7,0.7878787878787878,1.0
4,1992,34,삼성,16,17,0.4848484848484849,4.0
5,1992,34,쌍방울,12,21,0.3636363636363637,7.0
6,1992,34,태평양,14,17,0.4516129032258064,6.0
7,1992,34,해태,22,12,0.6470588235294118,2.0
