,Year,Game_idx,Team1,cum_win,cum_lose,Wpct,rank
0,2006,39,KIA,19,19,0.5,5.0
1,2006,39,LG,14,24,0.3684210526315789,7.0
2,2006,39,SK,20,19,0.5128205128205128,4.0
3,2006,39,두산,15,22,0.40540540540540543,6.0
4,2006,39,롯데,12,27,0.3076923076923077,8.0
5,2006,39,삼성,23,15,0.6052631578947368,3.0
6,2006,39,한화,24,14,0.631578947368421,2.0
7,2006,39,현대,25,14,0.6410256410256411,1.0
