,Year,Game_idx,Team1,cum_win,cum_lose,Wpct,rank
0,2002,39,KIA,22,15,0.5945945945945946,2.0
1,2002,39,LG,17,22,0.4358974358974359,7.0
2,2002,39,SK,17,21,0.4473684210526316,5.0
3,2002,39,두산,20,18,0.5263157894736842,3.0
4,2002,39,롯데,15,23,0.3947368421052632,8.0
5,2002,39,삼성,24,15,0.6153846153846154,1.0
6,2002,39,한화,18,19,0.4864864864864865,4.0
7,2002,39,현대,16,20,0.4444444444444444,6.0
