,Year,Game_idx,Team1,cum_win,cum_lose,Wpct,rank
0,2014,86,KIA,39,47,0.4534883720930232,6.5
1,2014,86,LG,39,46,0.4588235294117647,5.0
2,2014,86,NC,50,36,0.5813953488372093,3.0
3,2014,86,SK,36,50,0.4186046511627907,8.0
4,2014,86,넥센,51,34,0.6,2.0
5,2014,86,두산,39,47,0.4534883720930232,6.5
6,2014,86,롯데,41,44,0.4823529411764706,4.0
7,2014,86,삼성,56,28,0.6666666666666666,1.0
8,2014,86,한화,32,53,0.3764705882352941,9.0
