,Year,Game_idx,Team1,cum_win,cum_lose,Wpct,rank
0,2013,23,KIA,15,7,0.6818181818181818,2.0
1,2013,23,LG,12,11,0.5217391304347826,5.0
2,2013,23,NC,5,17,0.2272727272727273,8.5
3,2013,23,SK,10,12,0.4545454545454545,7.0
4,2013,23,넥센,16,7,0.6956521739130435,1.0
5,2013,23,두산,14,8,0.6363636363636364,3.0
6,2013,23,롯데,11,11,0.5,6.0
7,2013,23,삼성,13,10,0.5652173913043478,4.0
8,2013,23,한화,5,17,0.2272727272727273,8.5
