,Year,Game_idx,Team1,cum_win,cum_lose,Wpct,rank
0,2015,118,KIA,57,61,0.4830508474576271,5.5
1,2015,118,LG,52,65,0.4444444444444444,9.0
2,2015,118,NC,68,48,0.5862068965517241,2.0
3,2015,118,SK,53,63,0.456896551724138,8.0
4,2015,118,kt,43,75,0.3644067796610169,10.0
5,2015,118,넥센,63,54,0.5384615384615384,4.0
6,2015,118,두산,67,51,0.5677966101694916,3.0
7,2015,118,롯데,54,64,0.4576271186440678,7.0
8,2015,118,삼성,72,46,0.6101694915254238,1.0
9,2015,118,한화,57,61,0.4830508474576271,5.5
