,Year,Game_idx,Team1,cum_win,cum_lose,Wpct,rank
0,2001,98,KIA,43,50,0.4623655913978494,5.0
1,2001,98,LG,39,52,0.42857142857142855,7.0
2,2001,98,SK,42,54,0.4375,6.0
3,2001,98,두산,48,45,0.5161290322580645,3.0
4,2001,98,롯데,40,54,0.425531914893617,8.0
5,2001,98,삼성,63,35,0.6428571428571429,1.0
6,2001,98,한화,44,50,0.4680851063829787,4.0
7,2001,98,현대,58,37,0.6105263157894737,2.0
