,Year,Game_idx,Team1,cum_win,cum_lose,Wpct,rank
0,2010,60,KIA,30,30,0.5,3.5
1,2010,60,LG,28,31,0.4745762711864407,6.0
2,2010,60,SK,40,20,0.6666666666666666,1.0
3,2010,60,넥센,23,36,0.3898305084745763,8.0
4,2010,60,두산,33,26,0.559322033898305,2.0
5,2010,60,롯데,29,30,0.4915254237288136,5.0
6,2010,60,삼성,30,30,0.5,3.5
7,2010,60,한화,24,36,0.4,7.0
