,Year,Game_idx,Team1,cum_win,cum_lose,Wpct,rank
0,1994,121,LG,77,44,0.6363636363636364,1.0
1,1994,121,OB,50,70,0.4166666666666667,7.0
2,1994,121,롯데,54,64,0.4576271186440678,6.0
3,1994,121,삼성,58,61,0.4873949579831933,5.0
4,1994,121,쌍방울,44,72,0.3793103448275862,8.0
5,1994,121,태평양,67,51,0.5677966101694916,2.0
6,1994,121,한화,62,57,0.5210084033613446,3.5
7,1994,121,해태,62,57,0.5210084033613446,3.5
