,Year,Game_idx,Team1,cum_win,cum_lose,Wpct,rank
0,1996,114,LG,47,62,0.4311926605504587,7.0
1,1996,114,OB,44,64,0.4074074074074074,8.0
2,1996,114,롯데,50,58,0.462962962962963,6.0
3,1996,114,삼성,51,58,0.4678899082568808,5.0
4,1996,114,쌍방울,61,51,0.5446428571428571,2.0
5,1996,114,한화,61,52,0.5398230088495575,3.0
6,1996,114,해태,66,46,0.5892857142857143,1.0
7,1996,114,현대,58,51,0.5321100917431193,4.0
