,Year,Game_idx,Team1,cum_win,cum_lose,Wpct,rank
0,2002,41,KIA,24,15,0.6153846153846154,2.0
1,2002,41,LG,17,24,0.4146341463414634,7.0
2,2002,41,SK,19,21,0.475,5.0
3,2002,41,두산,21,19,0.525,3.0
4,2002,41,롯데,15,25,0.375,8.0
5,2002,41,삼성,26,15,0.6341463414634146,1.0
6,2002,41,한화,19,20,0.4871794871794872,4.0
7,2002,41,현대,18,20,0.4736842105263158,6.0
