,Year,Game_idx,Team1,cum_win,cum_lose,Wpct,rank
0,2015,41,KIA,20,21,0.4878048780487805,7.5
1,2015,41,LG,17,23,0.425,9.0
2,2015,41,NC,22,18,0.55,5.0
3,2015,41,SK,24,17,0.5853658536585366,3.0
4,2015,41,kt,8,33,0.1951219512195122,10.0
5,2015,41,넥센,23,18,0.5609756097560976,4.0
6,2015,41,두산,25,16,0.6097560975609756,1.5
7,2015,41,롯데,21,20,0.5121951219512195,6.0
8,2015,41,삼성,25,16,0.6097560975609756,1.5
9,2015,41,한화,20,21,0.4878048780487805,7.5
