,Year,Game_idx,Team1,cum_win,cum_lose,Wpct,rank
0,2015,115,KIA,56,59,0.4869565217391305,5.5
1,2015,115,LG,51,63,0.4473684210526316,9.0
2,2015,115,NC,67,46,0.5929203539823009,2.0
3,2015,115,SK,53,60,0.4690265486725664,8.0
4,2015,115,kt,40,75,0.3478260869565217,10.0
5,2015,115,넥센,60,54,0.5263157894736842,4.0
6,2015,115,두산,65,50,0.5652173913043478,3.0
7,2015,115,롯데,54,61,0.4695652173913044,7.0
8,2015,115,삼성,70,45,0.6086956521739131,1.0
9,2015,115,한화,56,59,0.4869565217391305,5.5
