,Year,Game_idx,Team1,cum_win,cum_lose,Wpct,rank
0,2009,52,KIA,27,22,0.5510204081632653,3.0
1,2009,52,LG,22,27,0.4489795918367347,5.0
2,2009,52,SK,32,16,0.6666666666666666,1.0
3,2009,52,두산,31,19,0.62,2.0
4,2009,52,롯데,20,32,0.38461538461538464,8.0
5,2009,52,삼성,26,26,0.5,4.0
6,2009,52,한화,21,28,0.42857142857142855,6.0
7,2009,52,히어로즈,21,30,0.4117647058823529,7.0
