,Year,Game_idx,Team1,cum_win,cum_lose,Wpct,rank
0,1993,61,LG,35,25,0.5833333333333334,2.0
1,1993,61,OB,26,31,0.456140350877193,5.0
2,1993,61,롯데,31,30,0.5081967213114754,4.0
3,1993,61,빙그레,26,34,0.43333333333333335,6.0
4,1993,61,삼성,32,27,0.5423728813559322,3.0
5,1993,61,쌍방울,22,35,0.3859649122807017,7.0
6,1993,61,태평양,21,34,0.3818181818181817,8.0
7,1993,61,해태,42,18,0.7,1.0
