,Year,Game_idx,Team1,cum_win,cum_lose,Wpct,rank
0,2004,31,KIA,15,14,0.5172413793103449,3.0
1,2004,31,LG,16,14,0.5333333333333333,2.0
2,2004,31,SK,14,14,0.5,4.0
3,2004,31,두산,14,16,0.4666666666666667,7.0
4,2004,31,롯데,10,17,0.3703703703703704,8.0
5,2004,31,삼성,14,15,0.4827586206896552,5.5
6,2004,31,한화,14,15,0.4827586206896552,5.5
7,2004,31,현대,19,11,0.6333333333333333,1.0
