,Year,Game_idx,Team1,cum_win,cum_lose,Wpct,rank
0,2015,61,KIA,31,30,0.5081967213114754,6.0
1,2015,61,LG,26,34,0.43333333333333335,9.0
2,2015,61,NC,35,25,0.5833333333333334,2.0
3,2015,61,SK,30,30,0.5,7.0
4,2015,61,kt,16,45,0.26229508196721313,10.0
5,2015,61,넥센,33,27,0.55,4.0
6,2015,61,두산,35,26,0.5737704918032787,3.0
7,2015,61,롯데,29,32,0.4754098360655738,8.0
8,2015,61,삼성,36,25,0.5901639344262295,1.0
9,2015,61,한화,32,29,0.5245901639344263,5.0
