,Year,Game_idx,Team1,cum_win,cum_lose,Wpct,rank
0,2004,132,KIA,67,60,0.5275590551181102,3.0
1,2004,132,LG,59,69,0.4609375,6.0
2,2004,132,SK,61,63,0.4919354838709678,5.0
3,2004,132,두산,69,62,0.5267175572519084,4.0
4,2004,132,롯데,49,72,0.4049586776859504,8.0
5,2004,132,삼성,73,51,0.5887096774193549,1.0
6,2004,132,한화,52,74,0.4126984126984127,7.0
7,2004,132,현대,74,53,0.5826771653543307,2.0
