,Year,Game_idx,Team1,cum_win,cum_lose,Wpct,rank
0,2009,127,KIA,75,48,0.6097560975609756,2.0
1,2009,127,LG,52,71,0.4227642276422765,7.0
2,2009,127,SK,74,47,0.6115702479338843,1.0
3,2009,127,두산,70,55,0.56,3.0
4,2009,127,롯데,62,65,0.4881889763779528,4.5
5,2009,127,삼성,62,65,0.4881889763779528,4.5
6,2009,127,한화,43,81,0.3467741935483871,8.0
7,2009,127,히어로즈,58,68,0.4603174603174603,6.0
