,Year,Game_idx,Team1,cum_win,cum_lose,Wpct,rank
0,1993,119,LG,65,51,0.5603448275862069,3.0
1,1993,119,OB,61,53,0.5350877192982456,4.0
2,1993,119,롯데,57,61,0.4830508474576271,6.0
3,1993,119,빙그레,57,58,0.4956521739130435,5.0
4,1993,119,삼성,69,45,0.6052631578947368,2.0
5,1993,119,쌍방울,40,74,0.3508771929824561,7.0
6,1993,119,태평양,33,76,0.3027522935779817,8.0
7,1993,119,해태,76,40,0.6551724137931034,1.0
