,Year,Game_idx,Team1,cum_win,cum_lose,Wpct,rank
0,2002,125,KIA,75,46,0.6198347107438017,2.0
1,2002,125,LG,63,56,0.5294117647058824,4.0
2,2002,125,SK,57,65,0.4672131147540984,6.0
3,2002,125,두산,63,60,0.5121951219512195,5.0
4,2002,125,롯데,31,93,0.25,8.0
5,2002,125,삼성,77,44,0.6363636363636364,1.0
6,2002,125,한화,56,64,0.4666666666666667,7.0
7,2002,125,현대,66,54,0.55,3.0
