,Year,Game_idx,Team1,cum_win,cum_lose,Wpct,rank
0,2007,123,KIA,50,72,0.4098360655737705,8.0
1,2007,123,LG,57,60,0.4871794871794872,5.0
2,2007,123,SK,71,47,0.6016949152542372,1.0
3,2007,123,두산,68,53,0.5619834710743802,2.0
4,2007,123,롯데,53,67,0.44166666666666665,7.0
5,2007,123,삼성,61,58,0.5126050420168067,4.0
6,2007,123,한화,66,55,0.5454545454545454,3.0
7,2007,123,현대,54,68,0.4426229508196721,6.0
