,Year,Game_idx,Team1,cum_win,cum_lose,Wpct,rank
0,2007,3,KIA,2,1,0.6666666666666666,2.5
1,2007,3,LG,1,2,0.3333333333333333,6.5
2,2007,3,SK,1,1,0.5,4.5
3,2007,3,두산,1,2,0.3333333333333333,6.5
4,2007,3,롯데,3,0,1.0,1.0
5,2007,3,삼성,2,1,0.6666666666666666,2.5
6,2007,3,한화,1,1,0.5,4.5
7,2007,3,현대,0,3,0.0,8.0
