,Year,Game_idx,Team1,cum_win,cum_lose,Wpct,rank
0,2014,87,KIA,40,47,0.4597701149425287,6.5
1,2014,87,LG,40,46,0.4651162790697674,5.0
2,2014,87,NC,51,36,0.5862068965517241,3.0
3,2014,87,SK,36,51,0.4137931034482759,8.0
4,2014,87,넥센,52,34,0.6046511627906976,2.0
5,2014,87,두산,40,47,0.4597701149425287,6.5
6,2014,87,롯데,42,44,0.4883720930232558,4.0
7,2014,87,삼성,57,28,0.6705882352941176,1.0
8,2014,87,한화,33,53,0.38372093023255816,9.0
