,Year,Game_idx,Team1,cum_win,cum_lose,Wpct,rank
0,1992,84,LG,32,50,0.3902439024390244,7.0
1,1992,84,OB,38,44,0.4634146341463415,5.0
2,1992,84,롯데,47,37,0.5595238095238095,3.0
3,1992,84,빙그레,52,31,0.6265060240963856,1.0
4,1992,84,삼성,44,39,0.5301204819277109,4.0
5,1992,84,쌍방울,29,54,0.3493975903614458,8.0
6,1992,84,태평양,37,44,0.4567901234567901,6.0
7,1992,84,해태,51,33,0.6071428571428571,2.0
