,Year,Game_idx,Team1,cum_win,cum_lose,Wpct,rank
0,2003,102,KIA,56,42,0.5714285714285714,3.0
1,2003,102,LG,49,51,0.49,5.0
2,2003,102,SK,53,47,0.53,4.0
3,2003,102,두산,41,59,0.41,7.0
4,2003,102,롯데,28,71,0.2828282828282828,8.0
5,2003,102,삼성,62,38,0.62,2.0
6,2003,102,한화,46,53,0.4646464646464646,6.0
7,2003,102,현대,63,37,0.63,1.0
