,Year,Game_idx,Team1,cum_win,cum_lose,Wpct,rank
0,2006,27,KIA,13,13,0.5,5.0
1,2006,27,LG,10,16,0.38461538461538464,7.0
2,2006,27,SK,15,12,0.5555555555555556,4.0
3,2006,27,두산,10,15,0.4,6.0
4,2006,27,롯데,8,19,0.2962962962962963,8.0
5,2006,27,삼성,15,11,0.5769230769230769,3.0
6,2006,27,한화,16,10,0.6153846153846154,2.0
7,2006,27,현대,17,10,0.6296296296296297,1.0
