,Year,Game_idx,Team1,cum_win,cum_lose,Wpct,rank
0,1995,12,LG,8,4,0.6666666666666666,2.0
1,1995,12,OB,8,4,0.6666666666666666,2.0
2,1995,12,롯데,5,7,0.4166666666666667,6.0
3,1995,12,삼성,3,9,0.25,8.0
4,1995,12,쌍방울,8,4,0.6666666666666666,2.0
5,1995,12,태평양,5,7,0.4166666666666667,6.0
6,1995,12,한화,6,6,0.5,4.0
7,1995,12,해태,5,7,0.4166666666666667,6.0
