,Year,Game_idx,Team1,cum_win,cum_lose,Wpct,rank
0,1998,23,LG,11,12,0.4782608695652174,3.5
1,1998,23,OB,10,13,0.43478260869565216,6.0
2,1998,23,롯데,9,12,0.42857142857142855,7.0
3,1998,23,삼성,14,9,0.6086956521739131,2.0
4,1998,23,쌍방울,11,12,0.4782608695652174,3.5
5,1998,23,한화,10,11,0.4761904761904762,5.0
6,1998,23,해태,9,14,0.39130434782608703,8.0
7,1998,23,현대,17,6,0.7391304347826086,1.0
