,Year,Game_idx,Team1,cum_win,cum_lose,Wpct,rank
0,1995,40,LG,24,16,0.6,1.0
1,1995,40,OB,23,16,0.5897435897435898,2.0
2,1995,40,롯데,22,18,0.55,3.0
3,1995,40,삼성,19,19,0.5,4.5
4,1995,40,쌍방울,16,24,0.4,7.0
5,1995,40,태평양,15,24,0.38461538461538464,8.0
6,1995,40,한화,19,21,0.475,6.0
7,1995,40,해태,20,20,0.5,4.5
