,Year,Game_idx,Team1,cum_win,cum_lose,Wpct,rank
0,1991,89,LG,44,44,0.5,4.0
1,1991,89,OB,30,57,0.3448275862068966,8.0
2,1991,89,롯데,42,45,0.4827586206896552,6.0
3,1991,89,빙그레,50,36,0.5813953488372093,2.0
4,1991,89,삼성,50,38,0.5681818181818182,3.0
5,1991,89,쌍방울,36,51,0.4137931034482759,7.0
6,1991,89,태평양,43,45,0.4886363636363637,5.0
7,1991,89,해태,56,31,0.6436781609195402,1.0
