,Year,Game_idx,Team1,cum_win,cum_lose,Wpct,rank
0,1997,69,LG,41,26,0.6119402985074627,2.0
1,1997,69,OB,37,29,0.5606060606060606,4.0
2,1997,69,롯데,24,44,0.35294117647058826,8.0
3,1997,69,삼성,38,26,0.59375,3.0
4,1997,69,쌍방울,35,33,0.5147058823529411,5.0
5,1997,69,한화,28,39,0.41791044776119396,6.0
6,1997,69,해태,42,26,0.6176470588235294,1.0
7,1997,69,현대,25,41,0.3787878787878788,7.0
