,Year,Game_idx,Team1,cum_win,cum_lose,Wpct,rank
0,1994,11,LG,8,3,0.7272727272727273,2.0
1,1994,11,OB,5,6,0.4545454545454545,4.5
2,1994,11,롯데,5,6,0.4545454545454545,4.5
3,1994,11,삼성,5,5,0.5,3.0
4,1994,11,쌍방울,4,7,0.3636363636363637,6.5
5,1994,11,태평양,9,2,0.8181818181818182,1.0
6,1994,11,한화,4,7,0.3636363636363637,6.5
7,1994,11,해태,3,7,0.3,8.0
