,Year,Game_idx,Team1,cum_win,cum_lose,Wpct,rank
0,1997,68,LG,41,25,0.6212121212121212,1.0
1,1997,68,OB,37,28,0.5692307692307692,4.0
2,1997,68,롯데,24,43,0.3582089552238806,8.0
3,1997,68,삼성,37,26,0.5873015873015873,3.0
4,1997,68,쌍방울,34,33,0.5074626865671642,5.0
5,1997,68,한화,27,39,0.4090909090909091,6.0
6,1997,68,해태,41,26,0.6119402985074627,2.0
7,1997,68,현대,25,40,0.38461538461538464,7.0
