,Year,Game_idx,Team1,cum_win,cum_lose,Wpct,rank
0,2007,33,KIA,14,19,0.42424242424242425,8.0
1,2007,33,LG,17,15,0.53125,3.0
2,2007,33,SK,19,12,0.6129032258064516,1.0
3,2007,33,두산,15,17,0.46875,5.0
4,2007,33,롯데,17,15,0.53125,3.0
5,2007,33,삼성,14,17,0.4516129032258064,7.0
6,2007,33,한화,17,15,0.53125,3.0
7,2007,33,현대,15,18,0.4545454545454545,6.0
