,Year,Game_idx,Team1,cum_win,cum_lose,Wpct,rank
0,1996,40,LG,16,22,0.42105263157894735,8.0
1,1996,40,OB,19,20,0.4871794871794872,5.0
2,1996,40,롯데,17,22,0.4358974358974359,7.0
3,1996,40,삼성,21,17,0.5526315789473685,2.0
4,1996,40,쌍방울,20,19,0.5128205128205128,3.0
5,1996,40,한화,20,20,0.5,4.0
6,1996,40,해태,19,21,0.475,6.0
7,1996,40,현대,24,15,0.6153846153846154,1.0
