,Year,Game_idx,Team1,cum_win,cum_lose,Wpct,rank
0,1989,70,MBC,29,38,0.4328358208955224,6.0
1,1989,70,OB,31,38,0.4492753623188406,5.0
2,1989,70,롯데,27,41,0.3970588235294117,7.0
3,1989,70,빙그레,41,26,0.6119402985074627,1.0
4,1989,70,삼성,35,32,0.5223880597014925,3.0
5,1989,70,태평양,34,32,0.5151515151515151,4.0
6,1989,70,해태,39,28,0.582089552238806,2.0
