,Year,Game_idx,Team1,cum_win,cum_lose,Wpct,rank
0,2008,21,KIA,6,15,0.2857142857142857,8.0
1,2008,21,LG,9,12,0.42857142857142855,7.0
2,2008,21,SK,16,5,0.7619047619047619,1.0
3,2008,21,두산,10,11,0.4761904761904762,4.5
4,2008,21,롯데,13,8,0.6190476190476191,2.0
5,2008,21,삼성,10,11,0.4761904761904762,4.5
6,2008,21,한화,10,11,0.4761904761904762,4.5
7,2008,21,히어로즈,10,11,0.4761904761904762,4.5
