,Year,Game_idx,Team1,cum_win,cum_lose,Wpct,rank
0,2013,87,KIA,41,44,0.4823529411764706,6.0
1,2013,87,LG,52,35,0.5977011494252874,2.0
2,2013,87,NC,34,50,0.4047619047619048,8.0
3,2013,87,SK,40,45,0.4705882352941176,7.0
4,2013,87,넥센,47,39,0.5465116279069767,4.0
5,2013,87,두산,47,38,0.5529411764705883,3.0
6,2013,87,롯데,45,40,0.5294117647058824,5.0
7,2013,87,삼성,53,32,0.6235294117647059,1.0
8,2013,87,한화,26,60,0.3023255813953488,9.0
