,Year,Game_idx,Team1,cum_win,cum_lose,Wpct,rank
0,1996,78,LG,35,39,0.472972972972973,6.0
1,1996,78,OB,34,42,0.4473684210526316,8.0
2,1996,78,롯데,34,40,0.4594594594594595,7.0
3,1996,78,삼성,36,39,0.48,5.0
4,1996,78,쌍방울,39,37,0.5131578947368421,4.0
5,1996,78,한화,42,36,0.5384615384615384,3.0
6,1996,78,해태,42,35,0.5454545454545454,2.0
7,1996,78,현대,43,31,0.581081081081081,1.0
