,Year,Game_idx,Team1,cum_win,cum_lose,Wpct,rank
0,2012,67,KIA,31,32,0.492063492063492,6.0
1,2012,67,LG,31,34,0.476923076923077,7.0
2,2012,67,SK,35,31,0.5303030303030303,3.0
3,2012,67,넥센,33,32,0.5076923076923077,5.0
4,2012,67,두산,34,32,0.5151515151515151,4.0
5,2012,67,롯데,36,28,0.5625,1.0
6,2012,67,삼성,35,30,0.5384615384615384,2.0
7,2012,67,한화,25,41,0.3787878787878788,8.0
