,Year,Game_idx,Team1,cum_win,cum_lose,Wpct,rank
0,2002,104,KIA,62,39,0.6138613861386139,1.0
1,2002,104,LG,53,46,0.5353535353535354,4.0
2,2002,104,SK,49,52,0.4851485148514851,6.0
3,2002,104,두산,53,49,0.5196078431372549,5.0
4,2002,104,롯데,26,77,0.2524271844660194,8.0
5,2002,104,삼성,59,41,0.59,2.0
6,2002,104,한화,47,53,0.47,7.0
7,2002,104,현대,55,44,0.5555555555555556,3.0
