,Year,Game_idx,Team1,cum_win,cum_lose,Wpct,rank
0,1989,35,MBC,16,17,0.4848484848484849,5.0
1,1989,35,OB,12,22,0.35294117647058826,6.5
2,1989,35,롯데,12,22,0.35294117647058826,6.5
3,1989,35,빙그레,21,12,0.6363636363636364,1.0
4,1989,35,삼성,19,15,0.5588235294117647,3.0
5,1989,35,태평양,17,16,0.5151515151515151,4.0
6,1989,35,해태,20,14,0.5882352941176471,2.0
