,Year,Game_idx,Team1,cum_win,cum_lose,Wpct,rank
0,2014,68,KIA,31,37,0.4558823529411765,6.0
1,2014,68,LG,26,41,0.3880597014925373,8.0
2,2014,68,NC,40,28,0.5882352941176471,2.0
3,2014,68,SK,29,39,0.4264705882352941,7.0
4,2014,68,넥센,38,29,0.5671641791044776,3.0
5,2014,68,두산,33,35,0.4852941176470588,5.0
6,2014,68,롯데,35,32,0.5223880597014925,4.0
7,2014,68,삼성,44,22,0.6666666666666666,1.0
8,2014,68,한화,23,44,0.34328358208955223,9.0
