,Year,Game_idx,Team1,cum_win,cum_lose,Wpct,rank
0,1989,108,MBC,40,64,0.38461538461538464,7.0
1,1989,108,OB,50,55,0.4761904761904762,5.0
2,1989,108,롯데,44,60,0.4230769230769231,6.0
3,1989,108,빙그레,66,39,0.6285714285714286,1.0
4,1989,108,삼성,51,52,0.4951456310679612,4.0
5,1989,108,태평양,53,51,0.5096153846153846,3.0
6,1989,108,해태,61,44,0.580952380952381,2.0
