,Year,Game_idx,Team1,cum_win,cum_lose,Wpct,rank
0,2008,17,KIA,4,13,0.2352941176470588,8.0
1,2008,17,LG,7,10,0.4117647058823529,6.0
2,2008,17,SK,13,4,0.7647058823529411,1.0
3,2008,17,두산,7,10,0.4117647058823529,6.0
4,2008,17,롯데,12,5,0.7058823529411765,2.0
5,2008,17,삼성,10,7,0.5882352941176471,3.0
6,2008,17,한화,7,10,0.4117647058823529,6.0
7,2008,17,히어로즈,8,9,0.4705882352941176,4.0
