,Year,Game_idx,Team1,cum_win,cum_lose,Wpct,rank
0,1992,52,LG,18,32,0.36,7.0
1,1992,52,OB,24,26,0.48,5.0
2,1992,52,롯데,28,24,0.5384615384615384,3.0
3,1992,52,빙그레,35,16,0.6862745098039216,1.0
4,1992,52,삼성,27,24,0.5294117647058824,4.0
5,1992,52,쌍방울,16,35,0.3137254901960784,8.0
6,1992,52,태평양,19,30,0.3877551020408163,6.0
7,1992,52,해태,34,18,0.6538461538461539,2.0
