,Year,Game_idx,Team1,cum_win,cum_lose,Wpct,rank
0,2003,54,KIA,29,24,0.5471698113207547,4.0
1,2003,54,LG,26,26,0.5,5.0
2,2003,54,SK,34,19,0.6415094339622641,1.0
3,2003,54,두산,14,40,0.25925925925925924,8.0
4,2003,54,롯데,18,34,0.3461538461538461,7.0
5,2003,54,삼성,32,20,0.6153846153846154,2.0
6,2003,54,한화,25,26,0.4901960784313725,6.0
7,2003,54,현대,32,21,0.6037735849056604,3.0
