,Year,Game_idx,Team1,cum_win,cum_lose,Wpct,rank
0,1999,113,LG,56,57,0.4955752212389381,6.0
1,1999,113,두산,62,46,0.5740740740740741,2.0
2,1999,113,롯데,63,45,0.5833333333333334,1.0
3,1999,113,삼성,61,50,0.5495495495495496,3.0
4,1999,113,쌍방울,27,81,0.25,8.0
5,1999,113,한화,58,53,0.5225225225225225,5.0
6,1999,113,해태,53,58,0.4774774774774775,7.0
7,1999,113,현대,58,50,0.5370370370370371,4.0
