,Year,Game_idx,Team1,cum_win,cum_lose,Wpct,rank
0,1991,22,LG,13,8,0.6190476190476191,2.0
1,1991,22,OB,12,10,0.5454545454545454,4.0
2,1991,22,롯데,8,14,0.3636363636363637,7.0
3,1991,22,빙그레,11,10,0.5238095238095238,5.0
4,1991,22,삼성,14,8,0.6363636363636364,1.0
5,1991,22,쌍방울,6,16,0.2727272727272727,8.0
6,1991,22,태평양,11,11,0.5,6.0
7,1991,22,해태,13,9,0.5909090909090909,3.0
