,Year,Game_idx,Team1,cum_win,cum_lose,Wpct,rank
0,1989,21,MBC,7,13,0.35,6.0
1,1989,21,OB,7,14,0.3333333333333333,7.0
2,1989,21,롯데,9,11,0.45,5.0
3,1989,21,빙그레,12,7,0.631578947368421,2.0
4,1989,21,삼성,13,7,0.65,1.0
5,1989,21,태평양,10,10,0.5,4.0
6,1989,21,해태,13,8,0.6190476190476191,3.0
