,Year,Game_idx,Team1,cum_win,cum_lose,Wpct,rank
0,1996,49,LG,22,25,0.4680851063829787,6.5
1,1996,49,OB,22,25,0.4680851063829787,6.5
2,1996,49,롯데,21,27,0.4375,8.0
3,1996,49,삼성,24,23,0.5106382978723404,3.0
4,1996,49,쌍방울,23,25,0.4791666666666667,4.0
5,1996,49,한화,26,23,0.5306122448979592,2.0
6,1996,49,해태,23,26,0.4693877551020408,5.0
7,1996,49,현대,30,17,0.6382978723404256,1.0
