,Year,Game_idx,Team1,cum_win,cum_lose,Wpct,rank
0,2001,130,KIA,58,67,0.46399999999999997,5.0
1,2001,130,LG,55,67,0.4508196721311475,8.0
2,2001,130,SK,58,70,0.453125,7.0
3,2001,130,두산,65,60,0.52,3.0
4,2001,130,롯데,58,68,0.4603174603174603,6.0
5,2001,130,삼성,79,51,0.6076923076923076,1.0
6,2001,130,한화,60,66,0.4761904761904762,4.0
7,2001,130,현대,71,55,0.5634920634920635,2.0
