,Year,Game_idx,Team1,cum_win,cum_lose,Wpct,rank
0,2011,120,KIA,64,56,0.5333333333333333,4.0
1,2011,120,LG,55,64,0.4621848739495799,5.0
2,2011,120,SK,64,54,0.5423728813559322,3.0
3,2011,120,넥센,47,71,0.3983050847457627,8.0
4,2011,120,두산,54,64,0.4576271186440678,6.0
5,2011,120,롯데,63,52,0.5478260869565217,2.0
6,2011,120,삼성,71,47,0.6016949152542372,1.0
7,2011,120,한화,53,65,0.4491525423728814,7.0
