,Year,Game_idx,Team1,cum_win,cum_lose,Wpct,rank
0,1990,28,LG,11,17,0.3928571428571429,6.0
1,1990,28,OB,9,18,0.3333333333333333,7.0
2,1990,28,롯데,17,11,0.6071428571428571,1.0
3,1990,28,빙그레,16,12,0.5714285714285714,2.5
4,1990,28,삼성,14,14,0.5,5.0
5,1990,28,태평양,16,12,0.5714285714285714,2.5
6,1990,28,해태,14,13,0.5185185185185185,4.0
