,Year,Game_idx,Team1,cum_win,cum_lose,Wpct,rank
0,1995,93,LG,57,35,0.6195652173913043,1.0
1,1995,93,OB,51,37,0.5795454545454546,2.0
2,1995,93,롯데,48,40,0.5454545454545454,3.0
3,1995,93,삼성,43,45,0.4886363636363637,5.0
4,1995,93,쌍방울,32,59,0.3516483516483517,8.0
5,1995,93,태평양,39,51,0.43333333333333335,7.0
6,1995,93,한화,44,49,0.4731182795698925,6.0
7,1995,93,해태,48,43,0.5274725274725275,4.0
