,Year,Game_idx,Team1,cum_win,cum_lose,Wpct,rank
0,1989,22,MBC,7,14,0.3333333333333333,6.0
1,1989,22,OB,7,15,0.3181818181818182,7.0
2,1989,22,롯데,9,12,0.42857142857142855,5.0
3,1989,22,빙그레,13,7,0.65,1.0
4,1989,22,삼성,13,8,0.6190476190476191,2.0
5,1989,22,태평양,11,10,0.5238095238095238,4.0
6,1989,22,해태,13,9,0.5909090909090909,3.0
