,Year,Game_idx,Team1,cum_win,cum_lose,Wpct,rank
0,1993,124,LG,66,55,0.5454545454545454,3.0
1,1993,124,OB,64,55,0.5378151260504201,4.0
2,1993,124,롯데,61,62,0.4959349593495935,5.0
3,1993,124,빙그레,59,61,0.4916666666666666,6.0
4,1993,124,삼성,71,48,0.5966386554621849,2.0
5,1993,124,쌍방울,42,77,0.35294117647058826,7.0
6,1993,124,태평양,34,80,0.2982456140350877,8.0
7,1993,124,해태,80,41,0.6611570247933884,1.0
