,Year,Game_idx,Team1,cum_win,cum_lose,Wpct,rank
0,1989,67,MBC,28,36,0.4375,6.0
1,1989,67,OB,30,36,0.4545454545454545,5.0
2,1989,67,롯데,25,40,0.38461538461538464,7.0
3,1989,67,빙그레,39,25,0.609375,1.0
4,1989,67,삼성,33,31,0.515625,3.0
5,1989,67,태평양,32,31,0.5079365079365079,4.0
6,1989,67,해태,37,27,0.578125,2.0
