,Year,Game_idx,Team1,cum_win,cum_lose,Wpct,rank
0,2013,11,KIA,8,3,0.7272727272727273,1.0
1,2013,11,LG,7,4,0.6363636363636364,3.0
2,2013,11,NC,3,8,0.2727272727272727,8.0
3,2013,11,SK,5,6,0.4545454545454545,7.0
4,2013,11,넥센,7,4,0.6363636363636364,3.0
5,2013,11,두산,6,4,0.6,5.0
6,2013,11,롯데,5,5,0.5,6.0
7,2013,11,삼성,7,4,0.6363636363636364,3.0
8,2013,11,한화,0,11,0.0,9.0
