,Year,Game_idx,Team1,cum_win,cum_lose,Wpct,rank
0,2005,32,KIA,11,21,0.34375,8.0
1,2005,32,LG,14,18,0.4375,4.0
2,2005,32,SK,13,17,0.43333333333333335,5.0
3,2005,32,두산,21,10,0.6774193548387096,2.0
4,2005,32,롯데,19,13,0.59375,3.0
5,2005,32,삼성,22,10,0.6875,1.0
6,2005,32,한화,13,19,0.40625,7.0
7,2005,32,현대,13,18,0.41935483870967744,6.0
