,Year,Game_idx,Team1,cum_win,cum_lose,Wpct,rank
0,2007,89,KIA,34,54,0.3863636363636364,8.0
1,2007,89,LG,42,42,0.5,5.0
2,2007,89,SK,51,33,0.6071428571428571,1.0
3,2007,89,두산,46,41,0.5287356321839081,2.0
4,2007,89,롯데,39,47,0.4534883720930232,7.0
5,2007,89,삼성,44,42,0.5116279069767442,4.0
6,2007,89,한화,45,42,0.5172413793103449,3.0
7,2007,89,현대,42,46,0.4772727272727273,6.0
