,Year,Game_idx,Team1,cum_win,cum_lose,Wpct,rank
0,1993,48,LG,28,20,0.5833333333333334,2.0
1,1993,48,OB,20,25,0.4444444444444444,6.0
2,1993,48,롯데,25,23,0.5208333333333334,3.0
3,1993,48,빙그레,23,25,0.4791666666666667,5.0
4,1993,48,삼성,23,23,0.5,4.0
5,1993,48,쌍방울,18,28,0.39130434782608703,7.0
6,1993,48,태평양,13,30,0.3023255813953488,8.0
7,1993,48,해태,33,14,0.7021276595744681,1.0
