,Year,Game_idx,Team1,cum_win,cum_lose,Wpct,rank
0,2010,98,KIA,43,55,0.4387755102040816,5.0
1,2010,98,LG,42,55,0.4329896907216495,6.0
2,2010,98,SK,65,33,0.6632653061224489,1.0
3,2010,98,넥센,37,58,0.3894736842105263,8.0
4,2010,98,두산,56,40,0.5833333333333334,3.0
5,2010,98,롯데,47,48,0.4947368421052632,4.0
6,2010,98,삼성,59,38,0.6082474226804123,2.0
7,2010,98,한화,39,59,0.3979591836734694,7.0
