,Year,Game_idx,Team1,cum_win,cum_lose,Wpct,rank
0,2011,6,KIA,2,4,0.3333333333333333,6.5
1,2011,6,LG,4,2,0.6666666666666666,2.5
2,2011,6,SK,5,1,0.8333333333333334,1.0
3,2011,6,넥센,3,3,0.5,4.0
4,2011,6,두산,4,2,0.6666666666666666,2.5
5,2011,6,롯데,2,4,0.3333333333333333,6.5
6,2011,6,삼성,2,4,0.3333333333333333,6.5
7,2011,6,한화,2,4,0.3333333333333333,6.5
