,Year,Game_idx,Team1,cum_win,cum_lose,Wpct,rank
0,2000,92,LG,44,45,0.4943820224719101,5.0
1,2000,92,SK,24,66,0.26666666666666666,8.0
2,2000,92,두산,55,37,0.5978260869565217,2.0
3,2000,92,롯데,48,43,0.5274725274725275,4.0
4,2000,92,삼성,51,37,0.5795454545454546,3.0
5,2000,92,한화,36,52,0.4090909090909091,7.0
6,2000,92,해태,39,51,0.43333333333333335,6.0
7,2000,92,현대,61,30,0.6703296703296703,1.0
