,Year,Game_idx,Team1,cum_win,cum_lose,Wpct,rank
0,2009,104,KIA,61,39,0.61,1.0
1,2009,104,LG,44,57,0.4356435643564357,7.0
2,2009,104,SK,56,43,0.5656565656565656,3.0
3,2009,104,두산,58,44,0.5686274509803921,2.0
4,2009,104,롯데,53,51,0.5096153846153846,4.0
5,2009,104,삼성,52,52,0.5,5.0
6,2009,104,한화,32,69,0.31683168316831684,8.0
7,2009,104,히어로즈,50,53,0.4854368932038835,6.0
