,Year,Game_idx,Team1,cum_win,cum_lose,Wpct,rank
0,1996,125,LG,49,71,0.4083333333333333,7.0
1,1996,125,OB,47,72,0.3949579831932773,8.0
2,1996,125,롯데,56,63,0.4705882352941176,5.0
3,1996,125,삼성,54,66,0.45,6.0
4,1996,125,쌍방울,70,53,0.5691056910569106,2.0
5,1996,125,한화,70,54,0.5645161290322581,3.0
6,1996,125,해태,72,51,0.5853658536585366,1.0
7,1996,125,현대,67,53,0.5583333333333333,4.0
