,Year,Game_idx,Team1,cum_win,cum_lose,Wpct,rank
0,2007,57,KIA,23,33,0.4107142857142857,8.0
1,2007,57,LG,28,27,0.509090909090909,4.0
2,2007,57,SK,29,23,0.5576923076923077,1.0
3,2007,57,두산,31,25,0.5535714285714286,2.0
4,2007,57,롯데,25,30,0.4545454545454545,7.0
5,2007,57,삼성,26,28,0.4814814814814815,6.0
6,2007,57,한화,29,26,0.5272727272727272,3.0
7,2007,57,현대,29,28,0.5087719298245614,5.0
