,Year,Game_idx,Team1,cum_win,cum_lose,Wpct,rank
0,2004,107,KIA,50,53,0.4854368932038835,5.0
1,2004,107,LG,49,54,0.4757281553398058,6.0
2,2004,107,SK,50,50,0.5,4.0
3,2004,107,두산,55,51,0.5188679245283019,3.0
4,2004,107,롯데,37,59,0.3854166666666667,8.0
5,2004,107,삼성,60,41,0.594059405940594,1.0
6,2004,107,한화,46,55,0.4554455445544554,7.0
7,2004,107,현대,60,42,0.5882352941176471,2.0
