,Year,Game_idx,Team1,cum_win,cum_lose,Wpct,rank
0,2002,129,KIA,77,48,0.616,2.0
1,2002,129,LG,64,59,0.5203252032520326,4.0
2,2002,129,SK,58,68,0.4603174603174603,6.0
3,2002,129,두산,64,63,0.5039370078740157,5.0
4,2002,129,롯데,34,94,0.265625,8.0
5,2002,129,삼성,79,46,0.632,1.0
6,2002,129,한화,57,67,0.4596774193548387,7.0
7,2002,129,현대,68,56,0.5483870967741935,3.0
