,Year,Game_idx,Team1,cum_win,cum_lose,Wpct,rank
0,1997,95,LG,53,40,0.5698924731182796,2.0
1,1997,95,OB,45,46,0.4945054945054945,5.0
2,1997,95,롯데,37,57,0.39361702127659576,8.0
3,1997,95,삼성,50,39,0.5617977528089888,4.0
4,1997,95,쌍방울,53,41,0.5638297872340425,3.0
5,1997,95,한화,37,56,0.3978494623655914,7.0
6,1997,95,해태,58,36,0.6170212765957447,1.0
7,1997,95,현대,40,51,0.4395604395604396,6.0
