,Year,Game_idx,Team1,cum_win,cum_lose,Wpct,rank
0,2008,90,KIA,43,47,0.4777777777777778,5.0
1,2008,90,LG,31,59,0.34444444444444444,8.0
2,2008,90,SK,59,31,0.6555555555555556,1.0
3,2008,90,두산,51,39,0.5666666666666667,2.0
4,2008,90,롯데,44,46,0.4888888888888889,4.0
5,2008,90,삼성,42,48,0.4666666666666667,6.0
6,2008,90,한화,50,40,0.5555555555555556,3.0
7,2008,90,히어로즈,38,52,0.4222222222222222,7.0
