,Year,Game_idx,Team1,cum_win,cum_lose,Wpct,rank
0,1995,125,LG,73,48,0.6033057851239669,2.0
1,1995,125,OB,73,47,0.6083333333333333,1.0
2,1995,125,롯데,67,53,0.5583333333333333,3.0
3,1995,125,삼성,60,59,0.5042016806722689,5.0
4,1995,125,쌍방울,44,78,0.3606557377049181,8.0
5,1995,125,태평양,48,72,0.4,7.0
6,1995,125,한화,55,70,0.44,6.0
7,1995,125,해태,63,58,0.5206611570247934,4.0
