,Year,Game_idx,Team1,cum_win,cum_lose,Wpct,rank
0,2000,117,LG,58,56,0.5087719298245614,4.0
1,2000,117,SK,35,79,0.30701754385964913,8.0
2,2000,117,두산,68,49,0.5811965811965812,2.0
3,2000,117,롯데,57,56,0.5044247787610621,5.0
4,2000,117,삼성,64,48,0.5714285714285714,3.0
5,2000,117,한화,45,67,0.4017857142857143,7.0
6,2000,117,해태,49,64,0.4336283185840708,6.0
7,2000,117,현대,81,34,0.7043478260869566,1.0
