,Year,Game_idx,Team1,cum_win,cum_lose,Wpct,rank
0,1994,72,LG,45,27,0.625,1.0
1,1994,72,OB,32,39,0.4507042253521127,7.0
2,1994,72,롯데,33,36,0.4782608695652174,6.0
3,1994,72,삼성,34,37,0.4788732394366197,5.0
4,1994,72,쌍방울,22,48,0.3142857142857143,8.0
5,1994,72,태평양,39,31,0.5571428571428572,2.0
6,1994,72,한화,39,32,0.5492957746478874,3.0
7,1994,72,해태,38,32,0.5428571428571428,4.0
