,Year,Game_idx,Team1,cum_win,cum_lose,Wpct,rank
0,2013,6,KIA,5,1,0.8333333333333334,1.5
1,2013,6,LG,4,2,0.6666666666666666,4.0
2,2013,6,NC,0,6,0.0,8.5
3,2013,6,SK,3,3,0.5,6.5
4,2013,6,넥센,4,2,0.6666666666666666,4.0
5,2013,6,두산,3,3,0.5,6.5
6,2013,6,롯데,5,1,0.8333333333333334,1.5
7,2013,6,삼성,4,2,0.6666666666666666,4.0
8,2013,6,한화,0,6,0.0,8.5
