,Year,Game_idx,Team1,cum_win,cum_lose,Wpct,rank
0,2004,69,KIA,31,34,0.476923076923077,5.5
1,2004,69,LG,31,36,0.4626865671641791,7.0
2,2004,69,SK,30,32,0.4838709677419355,4.0
3,2004,69,두산,38,30,0.5588235294117647,2.0
4,2004,69,롯데,23,37,0.38333333333333336,8.0
5,2004,69,삼성,35,28,0.5555555555555556,3.0
6,2004,69,한화,31,34,0.476923076923077,5.5
7,2004,69,현대,37,27,0.578125,1.0
