,Year,Game_idx,Team1,cum_win,cum_lose,Wpct,rank
0,1989,25,MBC,9,15,0.375,6.0
1,1989,25,OB,9,16,0.36,7.0
2,1989,25,롯데,10,14,0.4166666666666667,5.0
3,1989,25,빙그레,15,8,0.6521739130434783,1.0
4,1989,25,삼성,14,10,0.5833333333333334,2.5
5,1989,25,태평양,14,10,0.5833333333333334,2.5
6,1989,25,해태,14,11,0.56,4.0
