,Year,Game_idx,Team1,cum_win,cum_lose,Wpct,rank
0,2015,83,KIA,39,44,0.4698795180722892,7.0
1,2015,83,LG,37,45,0.451219512195122,8.0
2,2015,83,NC,46,35,0.5679012345679012,3.0
3,2015,83,SK,42,39,0.5185185185185185,6.0
4,2015,83,kt,27,56,0.3253012048192771,10.0
5,2015,83,넥센,45,37,0.5487804878048781,4.0
6,2015,83,두산,48,35,0.5783132530120482,2.0
7,2015,83,롯데,37,46,0.4457831325301205,9.0
8,2015,83,삼성,49,34,0.5903614457831325,1.0
9,2015,83,한화,44,39,0.5301204819277109,5.0
