,Year,Game_idx,Team1,cum_win,cum_lose,Wpct,rank
0,2004,108,KIA,51,53,0.4903846153846154,5.0
1,2004,108,LG,50,54,0.4807692307692308,6.0
2,2004,108,SK,50,51,0.4950495049504951,4.0
3,2004,108,두산,56,51,0.5233644859813084,3.0
4,2004,108,롯데,38,59,0.3917525773195876,8.0
5,2004,108,삼성,60,42,0.5882352941176471,1.0
6,2004,108,한화,46,56,0.4509803921568628,7.0
7,2004,108,현대,60,43,0.5825242718446602,2.0
