,Year,Game_idx,Team1,cum_win,cum_lose,Wpct,rank
0,2009,97,KIA,56,37,0.6021505376344086,1.0
1,2009,97,LG,41,53,0.4361702127659575,7.0
2,2009,97,SK,53,39,0.5760869565217391,3.0
3,2009,97,두산,55,40,0.5789473684210527,2.0
4,2009,97,롯데,51,46,0.5257731958762887,4.0
5,2009,97,삼성,49,48,0.5051546391752577,5.0
6,2009,97,한화,31,63,0.3297872340425532,8.0
7,2009,97,히어로즈,46,50,0.4791666666666667,6.0
