,Year,Game_idx,Team1,cum_win,cum_lose,Wpct,rank
0,2014,98,KIA,44,54,0.4489795918367347,7.0
1,2014,98,LG,44,53,0.4536082474226804,6.0
2,2014,98,NC,54,44,0.5510204081632653,3.0
3,2014,98,SK,43,55,0.4387755102040816,8.0
4,2014,98,넥센,58,39,0.5979381443298969,2.0
5,2014,98,두산,45,53,0.4591836734693878,5.0
6,2014,98,롯데,45,52,0.4639175257731959,4.0
7,2014,98,삼성,65,31,0.6770833333333334,1.0
8,2014,98,한화,39,58,0.4020618556701031,9.0
