,Year,Game_idx,Team1,cum_win,cum_lose,Wpct,rank
0,2011,73,KIA,42,31,0.5753424657534246,2.0
1,2011,73,LG,38,35,0.5205479452054794,4.0
2,2011,73,SK,40,33,0.547945205479452,3.0
3,2011,73,넥센,26,47,0.3561643835616438,8.0
4,2011,73,두산,33,38,0.4647887323943662,5.0
5,2011,73,롯데,32,38,0.4571428571428571,6.0
6,2011,73,삼성,43,28,0.6056338028169014,1.0
7,2011,73,한화,32,40,0.4444444444444444,7.0
