,Year,Game_idx,Team1,cum_win,cum_lose,Wpct,rank
0,2013,85,KIA,40,43,0.4819277108433735,6.0
1,2013,85,LG,50,35,0.5882352941176471,2.0
2,2013,85,NC,33,49,0.4024390243902439,8.0
3,2013,85,SK,39,45,0.4642857142857143,7.0
4,2013,85,넥센,47,37,0.5595238095238095,3.0
5,2013,85,두산,46,37,0.5542168674698795,4.0
6,2013,85,롯데,44,39,0.5301204819277109,5.0
7,2013,85,삼성,52,31,0.6265060240963856,1.0
8,2013,85,한화,25,59,0.2976190476190476,9.0
