,Year,Game_idx,Team1,cum_win,cum_lose,Wpct,rank
0,1997,103,LG,58,43,0.5742574257425742,2.0
1,1997,103,OB,46,52,0.4693877551020408,5.0
2,1997,103,롯데,41,61,0.4019607843137255,8.0
3,1997,103,삼성,55,42,0.5670103092783505,3.0
4,1997,103,쌍방울,57,45,0.5588235294117647,4.0
5,1997,103,한화,42,59,0.4158415841584158,7.0
6,1997,103,해태,61,41,0.5980392156862745,1.0
7,1997,103,현대,43,56,0.4343434343434344,6.0
