,Year,Game_idx,Team1,cum_win,cum_lose,Wpct,rank
0,1994,101,LG,63,38,0.6237623762376238,1.0
1,1994,101,OB,46,54,0.46,6.0
2,1994,101,롯데,44,54,0.4489795918367347,7.0
3,1994,101,삼성,51,49,0.51,4.0
4,1994,101,쌍방울,34,64,0.3469387755102041,8.0
5,1994,101,태평양,54,44,0.5510204081632653,2.0
6,1994,101,한화,54,46,0.54,3.0
7,1994,101,해태,50,49,0.5050505050505051,5.0
