,Year,Game_idx,Team1,cum_win,cum_lose,Wpct,rank
0,1996,105,LG,44,56,0.44,7.0
1,1996,105,OB,40,59,0.404040404040404,8.0
2,1996,105,롯데,46,53,0.4646464646464646,6.0
3,1996,105,삼성,47,53,0.47,5.0
4,1996,105,쌍방울,56,47,0.5436893203883495,2.0
5,1996,105,한화,56,48,0.5384615384615384,4.0
6,1996,105,해태,63,40,0.6116504854368932,1.0
7,1996,105,현대,54,46,0.54,3.0
