,Year,Game_idx,Team1,cum_win,cum_lose,Wpct,rank
0,2005,100,KIA,40,59,0.404040404040404,8.0
1,2005,100,LG,42,57,0.42424242424242425,7.0
2,2005,100,SK,54,41,0.5684210526315789,2.0
3,2005,100,두산,55,43,0.5612244897959183,3.0
4,2005,100,롯데,46,53,0.4646464646464646,5.0
5,2005,100,삼성,59,39,0.6020408163265306,1.0
6,2005,100,한화,54,45,0.5454545454545454,4.0
7,2005,100,현대,44,53,0.4536082474226804,6.0
