,Year,Game_idx,Team1,cum_win,cum_lose,Wpct,rank
0,2009,9,KIA,3,5,0.375,7.0
1,2009,9,LG,4,5,0.4444444444444444,5.5
2,2009,9,SK,5,3,0.625,2.0
3,2009,9,두산,5,3,0.625,2.0
4,2009,9,롯데,3,6,0.3333333333333333,8.0
5,2009,9,삼성,4,5,0.4444444444444444,5.5
6,2009,9,한화,5,3,0.625,2.0
7,2009,9,히어로즈,5,4,0.5555555555555556,4.0
