,Year,Game_idx,Team1,cum_win,cum_lose,Wpct,rank
0,2015,52,KIA,25,27,0.4807692307692308,8.0
1,2015,52,LG,21,30,0.4117647058823529,9.0
2,2015,52,NC,30,21,0.5882352941176471,2.0
3,2015,52,SK,26,25,0.5098039215686274,6.0
4,2015,52,kt,10,42,0.19230769230769232,10.0
5,2015,52,넥센,28,23,0.5490196078431373,4.0
6,2015,52,두산,29,23,0.5576923076923077,3.0
7,2015,52,롯데,28,24,0.5384615384615384,5.0
8,2015,52,삼성,32,20,0.6153846153846154,1.0
9,2015,52,한화,26,26,0.5,7.0
