,Year,Game_idx,Team1,cum_win,cum_lose,Wpct,rank
0,2008,24,KIA,7,17,0.2916666666666667,8.0
1,2008,24,LG,10,14,0.4166666666666667,6.5
2,2008,24,SK,19,5,0.7916666666666666,1.0
3,2008,24,두산,10,14,0.4166666666666667,6.5
4,2008,24,롯데,14,10,0.5833333333333334,2.0
5,2008,24,삼성,12,12,0.5,3.5
6,2008,24,한화,12,12,0.5,3.5
7,2008,24,히어로즈,11,13,0.4583333333333333,5.0
