,Year,Game_idx,Team1,cum_win,cum_lose,Wpct,rank
0,2016,139,KIA,67,71,0.4855072463768116,5.0
1,2016,139,LG,69,68,0.5036496350364964,4.0
2,2016,139,NC,81,55,0.5955882352941176,2.0
3,2016,139,SK,65,74,0.4676258992805755,6.0
4,2016,139,kt,51,86,0.3722627737226277,10.0
5,2016,139,넥센,75,63,0.5434782608695652,3.0
6,2016,139,두산,90,48,0.6521739130434783,1.0
7,2016,139,롯데,64,75,0.46043165467625896,7.0
8,2016,139,삼성,63,75,0.4565217391304348,8.0
9,2016,139,한화,62,74,0.4558823529411765,9.0
