,Year,Game_idx,Team1,cum_win,cum_lose,Wpct,rank
0,1991,90,LG,44,45,0.4943820224719101,4.0
1,1991,90,OB,30,58,0.3409090909090909,8.0
2,1991,90,롯데,42,46,0.4772727272727273,6.0
3,1991,90,빙그레,51,36,0.5862068965517241,2.0
4,1991,90,삼성,51,38,0.5730337078651685,3.0
5,1991,90,쌍방울,37,51,0.4204545454545455,7.0
6,1991,90,태평양,43,46,0.4831460674157304,5.0
7,1991,90,해태,56,31,0.6436781609195402,1.0
