,Year,Game_idx,Team1,cum_win,cum_lose,Wpct,rank
0,2015,123,KIA,58,65,0.4715447154471545,7.0
1,2015,123,LG,53,69,0.4344262295081967,9.0
2,2015,123,NC,71,50,0.5867768595041323,2.0
3,2015,123,SK,56,65,0.4628099173553719,8.0
4,2015,123,kt,45,78,0.36585365853658536,10.0
5,2015,123,넥센,68,54,0.5573770491803278,3.0
6,2015,123,두산,68,55,0.5528455284552846,4.0
7,2015,123,롯데,59,64,0.4796747967479675,5.5
8,2015,123,삼성,75,48,0.6097560975609756,1.0
9,2015,123,한화,59,64,0.4796747967479675,5.5
