,Year,Game_idx,Team1,cum_win,cum_lose,Wpct,rank
0,1994,6,LG,4,2,0.6666666666666666,2.5
1,1994,6,OB,3,3,0.5,5.0
2,1994,6,롯데,2,4,0.3333333333333333,7.0
3,1994,6,삼성,4,2,0.6666666666666666,2.5
4,1994,6,쌍방울,2,4,0.3333333333333333,7.0
5,1994,6,태평양,4,2,0.6666666666666666,2.5
6,1994,6,한화,4,2,0.6666666666666666,2.5
7,1994,6,해태,2,4,0.3333333333333333,7.0
