,Year,Game_idx,Team1,cum_win,cum_lose,Wpct,rank
0,2000,38,LG,20,18,0.5263157894736842,4.0
1,2000,38,SK,11,27,0.2894736842105263,8.0
2,2000,38,두산,25,13,0.6578947368421053,2.0
3,2000,38,롯데,16,22,0.42105263157894735,6.0
4,2000,38,삼성,23,15,0.6052631578947368,3.0
5,2000,38,한화,16,21,0.4324324324324325,5.0
6,2000,38,해태,13,24,0.35135135135135137,7.0
7,2000,38,현대,28,10,0.7368421052631579,1.0
