,Year,Game_idx,Team1,cum_win,cum_lose,Wpct,rank
0,1990,44,LG,22,22,0.5,5.0
1,1990,44,OB,14,29,0.32558139534883723,7.0
2,1990,44,롯데,23,21,0.5227272727272727,3.0
3,1990,44,빙그레,26,18,0.5909090909090909,1.0
4,1990,44,삼성,24,20,0.5454545454545454,2.0
5,1990,44,태평양,21,23,0.4772727272727273,6.0
6,1990,44,해태,22,21,0.5116279069767442,4.0
