,Year,Game_idx,Team1,cum_win,cum_lose,Wpct,rank
0,2007,26,KIA,12,14,0.4615384615384616,6.0
1,2007,26,LG,12,14,0.4615384615384616,6.0
2,2007,26,SK,15,9,0.625,1.0
3,2007,26,두산,12,14,0.4615384615384616,6.0
4,2007,26,롯데,14,12,0.5384615384615384,3.0
5,2007,26,삼성,11,14,0.44,8.0
6,2007,26,한화,14,11,0.56,2.0
7,2007,26,현대,13,13,0.5,4.0
