,Year,Game_idx,Team1,cum_win,cum_lose,Wpct,rank
0,2016,72,KIA,33,38,0.4647887323943662,5.0
1,2016,72,LG,32,39,0.4507042253521127,7.0
2,2016,72,NC,45,25,0.6428571428571429,2.0
3,2016,72,SK,36,36,0.5,4.0
4,2016,72,kt,29,41,0.4142857142857143,9.0
5,2016,72,넥센,37,34,0.5211267605633803,3.0
6,2016,72,두산,50,21,0.7042253521126759,1.0
7,2016,72,롯데,33,39,0.4583333333333333,6.0
8,2016,72,삼성,31,41,0.4305555555555556,8.0
9,2016,72,한화,28,42,0.4,10.0
