,Year,Game_idx,Team1,cum_win,cum_lose,Wpct,rank
0,2007,38,KIA,17,21,0.4473684210526316,7.0
1,2007,38,LG,19,17,0.5277777777777778,3.0
2,2007,38,SK,22,13,0.6285714285714286,1.0
3,2007,38,두산,18,19,0.4864864864864865,4.5
4,2007,38,롯데,18,19,0.4864864864864865,4.5
5,2007,38,삼성,17,18,0.4857142857142857,6.0
6,2007,38,한화,21,16,0.5675675675675675,2.0
7,2007,38,현대,16,22,0.42105263157894735,8.0
