,Year,Game_idx,Team1,cum_win,cum_lose,Wpct,rank
0,2007,96,KIA,39,56,0.4105263157894737,8.0
1,2007,96,LG,45,46,0.4945054945054945,5.0
2,2007,96,SK,55,36,0.6043956043956044,1.0
3,2007,96,두산,51,43,0.5425531914893617,2.0
4,2007,96,롯데,42,51,0.4516129032258064,6.0
5,2007,96,삼성,49,44,0.5268817204301075,3.0
6,2007,96,한화,49,45,0.5212765957446809,4.0
7,2007,96,현대,42,53,0.4421052631578947,7.0
