,Year,Game_idx,Team1,cum_win,cum_lose,Wpct,rank
0,2003,83,KIA,43,38,0.5308641975308642,4.0
1,2003,83,LG,41,40,0.5061728395061729,5.0
2,2003,83,SK,49,32,0.6049382716049383,3.0
3,2003,83,두산,29,54,0.3493975903614458,7.0
4,2003,83,롯데,22,58,0.275,8.0
5,2003,83,삼성,52,29,0.6419753086419753,1.5
6,2003,83,한화,37,43,0.4625,6.0
7,2003,83,현대,52,29,0.6419753086419753,1.5
