,Year,Game_idx,Team1,cum_win,cum_lose,Wpct,rank
0,1994,18,LG,12,6,0.6666666666666666,1.0
1,1994,18,OB,9,9,0.5,4.0
2,1994,18,롯데,7,9,0.4375,6.0
3,1994,18,삼성,10,7,0.5882352941176471,3.0
4,1994,18,쌍방울,8,9,0.4705882352941176,5.0
5,1994,18,태평양,10,6,0.625,2.0
6,1994,18,한화,6,12,0.3333333333333333,8.0
7,1994,18,해태,6,10,0.375,7.0
