,Year,Game_idx,Team1,cum_win,cum_lose,Wpct,rank
0,2013,104,KIA,46,56,0.4509803921568628,7.0
1,2013,104,LG,61,43,0.5865384615384616,2.0
2,2013,104,NC,43,57,0.43,8.0
3,2013,104,SK,52,50,0.5098039215686274,6.0
4,2013,104,넥센,56,46,0.5490196078431373,3.5
5,2013,104,두산,56,46,0.5490196078431373,3.5
6,2013,104,롯데,52,49,0.5148514851485149,5.0
7,2013,104,삼성,61,41,0.5980392156862745,1.0
8,2013,104,한화,31,72,0.3009708737864077,9.0
