,Year,Game_idx,Team1,cum_win,cum_lose,Wpct,rank
0,2013,71,KIA,36,33,0.5217391304347826,6.0
1,2013,71,LG,40,31,0.5633802816901409,3.0
2,2013,71,NC,25,43,0.36764705882352944,8.0
3,2013,71,SK,32,38,0.4571428571428571,7.0
4,2013,71,넥센,41,29,0.5857142857142857,2.0
5,2013,71,두산,37,32,0.5362318840579711,4.5
6,2013,71,롯데,37,32,0.5362318840579711,4.5
7,2013,71,삼성,41,28,0.5942028985507246,1.0
8,2013,71,한화,21,49,0.3,9.0
