,Year,Game_idx,Team1,cum_win,cum_lose,Wpct,rank
0,2013,100,KIA,44,54,0.4489795918367347,7.0
1,2013,100,LG,59,41,0.59,2.0
2,2013,100,NC,41,55,0.4270833333333333,8.0
3,2013,100,SK,50,48,0.5102040816326531,6.0
4,2013,100,넥센,53,45,0.5408163265306123,4.0
5,2013,100,두산,54,44,0.5510204081632653,3.0
6,2013,100,롯데,50,47,0.5154639175257731,5.0
7,2013,100,삼성,59,39,0.6020408163265306,1.0
8,2013,100,한화,30,69,0.30303030303030304,9.0
