,Year,Game_idx,Team1,cum_win,cum_lose,Wpct,rank
0,2008,88,KIA,41,47,0.4659090909090909,5.0
1,2008,88,LG,31,57,0.3522727272727273,8.0
2,2008,88,SK,58,30,0.6590909090909091,1.0
3,2008,88,두산,51,37,0.5795454545454546,2.0
4,2008,88,롯데,43,45,0.4886363636363637,4.0
5,2008,88,삼성,40,48,0.4545454545454545,6.0
6,2008,88,한화,48,40,0.5454545454545454,3.0
7,2008,88,히어로즈,37,51,0.4204545454545455,7.0
