,Year,Game_idx,Team1,cum_win,cum_lose,Wpct,rank
0,1992,62,LG,22,38,0.36666666666666653,7.0
1,1992,62,OB,31,29,0.5166666666666667,5.0
2,1992,62,롯데,36,26,0.5806451612903226,3.0
3,1992,62,빙그레,40,21,0.6557377049180327,1.0
4,1992,62,삼성,32,29,0.5245901639344263,4.0
5,1992,62,쌍방울,20,41,0.3278688524590164,8.0
6,1992,62,태평양,26,33,0.4406779661016949,6.0
7,1992,62,해태,39,23,0.6290322580645161,2.0
