,Year,Game_idx,Team1,cum_win,cum_lose,Wpct,rank
0,1997,74,LG,42,30,0.5833333333333334,2.0
1,1997,74,OB,38,32,0.5428571428571428,4.0
2,1997,74,롯데,28,45,0.3835616438356164,8.0
3,1997,74,삼성,40,29,0.5797101449275363,3.0
4,1997,74,쌍방울,39,34,0.5342465753424658,5.0
5,1997,74,한화,31,41,0.4305555555555556,6.0
6,1997,74,해태,45,28,0.6164383561643836,1.0
7,1997,74,현대,27,43,0.3857142857142857,7.0
