,Year,Game_idx,Team1,cum_win,cum_lose,Wpct,rank
0,2007,47,KIA,19,27,0.4130434782608696,8.0
1,2007,47,LG,22,23,0.4888888888888889,5.5
2,2007,47,SK,23,20,0.5348837209302325,3.0
3,2007,47,두산,25,21,0.5434782608695652,1.5
4,2007,47,롯데,22,23,0.4888888888888889,5.5
5,2007,47,삼성,23,21,0.5227272727272727,4.0
6,2007,47,한화,25,21,0.5434782608695652,1.5
7,2007,47,현대,22,25,0.4680851063829787,7.0
