,Year,Game_idx,Team1,cum_win,cum_lose,Wpct,rank
0,2012,51,KIA,22,27,0.4489795918367347,7.0
1,2012,51,LG,27,23,0.54,2.0
2,2012,51,SK,29,21,0.58,1.0
3,2012,51,넥센,26,24,0.52,4.0
4,2012,51,두산,24,26,0.48,6.0
5,2012,51,롯데,26,23,0.5306122448979592,3.0
6,2012,51,삼성,25,25,0.5,5.0
7,2012,51,한화,19,31,0.38,8.0
