,Year,Game_idx,Team1,cum_win,cum_lose,Wpct,rank
0,2008,68,KIA,31,37,0.4558823529411765,6.0
1,2008,68,LG,24,44,0.35294117647058826,8.0
2,2008,68,SK,48,20,0.7058823529411765,1.0
3,2008,68,두산,40,28,0.5882352941176471,2.0
4,2008,68,롯데,37,31,0.5441176470588235,3.5
5,2008,68,삼성,33,35,0.4852941176470588,5.0
6,2008,68,한화,37,31,0.5441176470588235,3.5
7,2008,68,히어로즈,27,41,0.3970588235294117,7.0
