,Year,Game_idx,Team1,cum_win,cum_lose,Wpct,rank
0,2015,129,KIA,62,67,0.4806201550387597,6.0
1,2015,129,LG,55,72,0.4330708661417323,9.0
2,2015,129,NC,75,52,0.5905511811023622,2.0
3,2015,129,SK,60,67,0.4724409448818898,7.0
4,2015,129,kt,48,81,0.372093023255814,10.0
5,2015,129,넥센,72,56,0.5625,3.0
6,2015,129,두산,70,59,0.5426356589147286,4.0
7,2015,129,롯데,62,66,0.484375,5.0
8,2015,129,삼성,79,50,0.6124031007751938,1.0
9,2015,129,한화,60,69,0.4651162790697674,8.0
