,Year,Game_idx,Team1,cum_win,cum_lose,Wpct,rank
0,1996,99,LG,41,53,0.4361702127659575,7.0
1,1996,99,OB,38,57,0.4,8.0
2,1996,99,롯데,43,51,0.4574468085106383,6.0
3,1996,99,삼성,45,49,0.4787234042553192,5.0
4,1996,99,쌍방울,50,47,0.5154639175257731,4.0
5,1996,99,한화,53,45,0.5408163265306123,3.0
6,1996,99,해태,59,39,0.6020408163265306,1.0
7,1996,99,현대,53,41,0.5638297872340425,2.0
