,Year,Game_idx,Team1,cum_win,cum_lose,Wpct,rank
0,1990,42,LG,20,22,0.4761904761904762,6.0
1,1990,42,OB,14,27,0.3414634146341464,7.0
2,1990,42,롯데,22,20,0.5238095238095238,3.0
3,1990,42,빙그레,25,17,0.5952380952380952,1.0
4,1990,42,삼성,23,19,0.5476190476190477,2.0
5,1990,42,태평양,21,21,0.5,5.0
6,1990,42,해태,21,20,0.5121951219512195,4.0
