,Year,Game_idx,Team1,cum_win,cum_lose,Wpct,rank
0,2005,30,KIA,10,20,0.3333333333333333,8.0
1,2005,30,LG,12,18,0.4,7.0
2,2005,30,SK,12,16,0.42857142857142855,5.0
3,2005,30,두산,20,9,0.6896551724137931,2.0
4,2005,30,롯데,18,12,0.6,3.0
5,2005,30,삼성,21,9,0.7,1.0
6,2005,30,한화,13,17,0.43333333333333335,4.0
7,2005,30,현대,12,17,0.4137931034482759,6.0
