,Year,Game_idx,Team1,cum_win,cum_lose,Wpct,rank
0,1996,28,LG,10,17,0.3703703703703704,8.0
1,1996,28,OB,16,12,0.5714285714285714,2.0
2,1996,28,롯데,13,14,0.4814814814814815,5.0
3,1996,28,삼성,14,13,0.5185185185185185,4.0
4,1996,28,쌍방울,15,13,0.5357142857142857,3.0
5,1996,28,한화,12,16,0.42857142857142855,6.5
6,1996,28,해태,12,16,0.42857142857142855,6.5
7,1996,28,현대,18,9,0.6666666666666666,1.0
