,Year,Game_idx,Team1,cum_win,cum_lose,Wpct,rank
0,2012,27,KIA,11,14,0.44,7.0
1,2012,27,LG,14,13,0.5185185185185185,4.0
2,2012,27,SK,15,11,0.5769230769230769,1.5
3,2012,27,넥센,13,13,0.5,5.0
4,2012,27,두산,15,11,0.5769230769230769,1.5
5,2012,27,롯데,14,11,0.56,3.0
6,2012,27,삼성,12,14,0.4615384615384616,6.0
7,2012,27,한화,10,17,0.3703703703703704,8.0
