,Year,Game_idx,Team1,cum_win,cum_lose,Wpct,rank
0,2016,42,KIA,20,22,0.4761904761904762,6.5
1,2016,42,LG,21,21,0.5,5.0
2,2016,42,NC,23,18,0.5609756097560976,2.0
3,2016,42,SK,23,19,0.5476190476190477,3.0
4,2016,42,kt,18,22,0.45,9.0
5,2016,42,넥센,21,20,0.5121951219512195,4.0
6,2016,42,두산,29,12,0.7073170731707317,1.0
7,2016,42,롯데,19,23,0.4523809523809524,8.0
8,2016,42,삼성,20,22,0.4761904761904762,6.5
9,2016,42,한화,11,30,0.2682926829268293,10.0
