,Year,Game_idx,Team1,cum_win,cum_lose,Wpct,rank
0,1996,98,LG,41,52,0.4408602150537633,7.0
1,1996,98,OB,38,56,0.40425531914893614,8.0
2,1996,98,롯데,43,50,0.4623655913978494,6.0
3,1996,98,삼성,44,49,0.4731182795698925,5.0
4,1996,98,쌍방울,49,47,0.5104166666666666,4.0
5,1996,98,한화,52,45,0.5360824742268041,3.0
6,1996,98,해태,58,39,0.5979381443298969,1.0
7,1996,98,현대,53,40,0.5698924731182796,2.0
