,Year,Game_idx,Team1,cum_win,cum_lose,Wpct,rank
0,2005,13,KIA,4,9,0.3076923076923077,8.0
1,2005,13,LG,6,7,0.4615384615384616,5.0
2,2005,13,SK,7,5,0.5833333333333334,3.0
3,2005,13,두산,9,4,0.6923076923076923,1.5
4,2005,13,롯데,6,7,0.4615384615384616,5.0
5,2005,13,삼성,9,4,0.6923076923076923,1.5
6,2005,13,한화,6,7,0.4615384615384616,5.0
7,2005,13,현대,5,7,0.4166666666666667,7.0
