,Year,Game_idx,Team1,cum_win,cum_lose,Wpct,rank
0,2015,29,KIA,13,16,0.4482758620689655,8.5
1,2015,29,LG,13,16,0.4482758620689655,8.5
2,2015,29,NC,15,14,0.5172413793103449,6.5
3,2015,29,SK,17,12,0.5862068965517241,3.5
4,2015,29,kt,3,26,0.10344827586206896,10.0
5,2015,29,넥센,17,12,0.5862068965517241,3.5
6,2015,29,두산,18,11,0.6206896551724138,2.0
7,2015,29,롯데,15,14,0.5172413793103449,6.5
8,2015,29,삼성,19,10,0.6551724137931034,1.0
9,2015,29,한화,16,13,0.5517241379310345,5.0
