,Year,Game_idx,Team1,cum_win,cum_lose,Wpct,rank
0,1998,109,LG,54,54,0.5,3.0
1,1998,109,OB,49,58,0.4579439252336449,6.0
2,1998,109,롯데,47,59,0.4433962264150944,8.0
3,1998,109,삼성,59,48,0.5514018691588785,2.0
4,1998,109,쌍방울,48,59,0.4485981308411215,7.0
5,1998,109,한화,50,55,0.4761904761904762,4.0
6,1998,109,해태,50,58,0.462962962962963,5.0
7,1998,109,현대,72,37,0.6605504587155964,1.0
