,Year,Game_idx,Team1,cum_win,cum_lose,Wpct,rank
0,1990,30,LG,12,18,0.4,6.0
1,1990,30,OB,11,18,0.3793103448275862,7.0
2,1990,30,롯데,17,13,0.5666666666666667,2.0
3,1990,30,빙그레,18,12,0.6,1.0
4,1990,30,삼성,14,16,0.4666666666666667,5.0
5,1990,30,태평양,16,14,0.5333333333333333,4.0
6,1990,30,해태,16,13,0.5517241379310345,3.0
