,Year,Game_idx,Team1,cum_win,cum_lose,Wpct,rank
0,2004,96,KIA,45,47,0.4891304347826087,5.0
1,2004,96,LG,43,50,0.4623655913978494,7.0
2,2004,96,SK,43,46,0.4831460674157304,6.0
3,2004,96,두산,51,44,0.5368421052631579,3.0
4,2004,96,롯데,34,52,0.3953488372093023,8.0
5,2004,96,삼성,52,38,0.5777777777777777,1.0
6,2004,96,한화,45,46,0.4945054945054945,4.0
7,2004,96,현대,52,39,0.5714285714285714,2.0
