,Year,Game_idx,Team1,cum_win,cum_lose,Wpct,rank
0,1998,24,LG,11,13,0.4583333333333333,5.5
1,1998,24,OB,11,13,0.4583333333333333,5.5
2,1998,24,롯데,9,13,0.4090909090909091,7.0
3,1998,24,삼성,14,10,0.5833333333333334,2.0
4,1998,24,쌍방울,12,12,0.5,3.5
5,1998,24,한화,11,11,0.5,3.5
6,1998,24,해태,9,15,0.375,8.0
7,1998,24,현대,18,6,0.75,1.0
