,Year,Game_idx,Team1,cum_win,cum_lose,Wpct,rank
0,2002,6,KIA,4,1,0.8,1.5
1,2002,6,LG,2,4,0.3333333333333333,6.5
2,2002,6,SK,1,4,0.2,8.0
3,2002,6,두산,2,4,0.3333333333333333,6.5
4,2002,6,롯데,3,3,0.5,4.5
5,2002,6,삼성,3,3,0.5,4.5
6,2002,6,한화,4,1,0.8,1.5
7,2002,6,현대,3,2,0.6,3.0
