,Year,Game_idx,Team1,cum_win,cum_lose,Wpct,rank
0,1992,63,LG,22,39,0.3606557377049181,7.0
1,1992,63,OB,31,30,0.5081967213114754,5.0
2,1992,63,롯데,36,27,0.5714285714285714,3.0
3,1992,63,빙그레,41,21,0.6612903225806451,1.0
4,1992,63,삼성,32,30,0.5161290322580645,4.0
5,1992,63,쌍방울,21,41,0.3387096774193548,8.0
6,1992,63,태평양,27,33,0.45,6.0
7,1992,63,해태,39,24,0.6190476190476191,2.0
