,Year,Game_idx,Team1,cum_win,cum_lose,Wpct,rank
0,2007,19,KIA,9,10,0.4736842105263158,5.0
1,2007,19,LG,10,9,0.5263157894736842,3.5
2,2007,19,SK,11,6,0.6470588235294118,1.0
3,2007,19,두산,7,12,0.3684210526315789,8.0
4,2007,19,롯데,10,9,0.5263157894736842,3.5
5,2007,19,삼성,10,8,0.5555555555555556,2.0
6,2007,19,한화,8,10,0.4444444444444444,6.0
7,2007,19,현대,8,11,0.42105263157894735,7.0
