,Year,Game_idx,Team1,cum_win,cum_lose,Wpct,rank
0,2001,19,KIA,8,10,0.4444444444444444,6.0
1,2001,19,LG,6,13,0.3157894736842105,7.5
2,2001,19,SK,12,7,0.631578947368421,2.5
3,2001,19,두산,12,6,0.6666666666666666,1.0
4,2001,19,롯데,6,13,0.3157894736842105,7.5
5,2001,19,삼성,12,7,0.631578947368421,2.5
6,2001,19,한화,10,9,0.5263157894736842,4.0
7,2001,19,현대,9,10,0.4736842105263158,5.0
