,Year,Game_idx,Team1,cum_win,cum_lose,Wpct,rank
0,1991,123,LG,52,70,0.4262295081967213,7.0
1,1991,123,OB,48,73,0.39669421487603307,8.0
2,1991,123,롯데,59,61,0.4916666666666666,4.0
3,1991,123,빙그레,71,47,0.6016949152542372,2.0
4,1991,123,삼성,68,54,0.5573770491803278,3.0
5,1991,123,쌍방울,52,68,0.43333333333333335,6.0
6,1991,123,태평양,53,68,0.4380165289256198,5.0
7,1991,123,해태,77,41,0.652542372881356,1.0
