,Year,Game_idx,Team1,cum_win,cum_lose,Wpct,rank
0,2008,87,KIA,41,46,0.4712643678160919,5.0
1,2008,87,LG,30,57,0.3448275862068966,8.0
2,2008,87,SK,57,30,0.6551724137931034,1.0
3,2008,87,두산,51,36,0.5862068965517241,2.0
4,2008,87,롯데,43,44,0.4942528735632184,4.0
5,2008,87,삼성,40,47,0.4597701149425287,6.0
6,2008,87,한화,47,40,0.5402298850574713,3.0
7,2008,87,히어로즈,36,51,0.4137931034482759,7.0
