,Year,Game_idx,Team1,cum_win,cum_lose,Wpct,rank
0,1995,89,LG,55,33,0.625,1.0
1,1995,89,OB,48,36,0.5714285714285714,2.0
2,1995,89,롯데,46,39,0.5411764705882353,3.0
3,1995,89,삼성,42,42,0.5,5.0
4,1995,89,쌍방울,31,57,0.3522727272727273,8.0
5,1995,89,태평양,37,49,0.4302325581395349,7.0
6,1995,89,한화,43,46,0.4831460674157304,6.0
7,1995,89,해태,45,43,0.5113636363636364,4.0
