,Year,Game_idx,Team1,cum_win,cum_lose,Wpct,rank
0,2005,25,KIA,9,16,0.36,8.0
1,2005,25,LG,10,15,0.4,7.0
2,2005,25,SK,11,12,0.4782608695652174,4.0
3,2005,25,두산,16,8,0.6666666666666666,2.0
4,2005,25,롯데,15,10,0.6,3.0
5,2005,25,삼성,17,8,0.68,1.0
6,2005,25,한화,11,14,0.44,5.0
7,2005,25,현대,10,14,0.4166666666666667,6.0
