,Year,Game_idx,Team1,cum_win,cum_lose,Wpct,rank
0,1992,40,LG,13,25,0.34210526315789475,7.0
1,1992,40,OB,18,20,0.4736842105263158,5.0
2,1992,40,롯데,20,20,0.5,4.0
3,1992,40,빙그레,32,7,0.8205128205128205,1.0
4,1992,40,삼성,20,19,0.5128205128205128,3.0
5,1992,40,쌍방울,13,26,0.3333333333333333,8.0
6,1992,40,태평양,14,23,0.3783783783783784,6.0
7,1992,40,해태,27,13,0.675,2.0
