,Year,Game_idx,Team1,cum_win,cum_lose,Wpct,rank
0,1992,19,LG,6,12,0.3333333333333333,8.0
1,1992,19,OB,7,11,0.3888888888888889,7.0
2,1992,19,롯데,8,11,0.42105263157894735,6.0
3,1992,19,빙그레,15,3,0.8333333333333334,1.0
4,1992,19,삼성,8,10,0.4444444444444444,4.5
5,1992,19,쌍방울,8,10,0.4444444444444444,4.5
6,1992,19,태평양,9,7,0.5625,3.0
7,1992,19,해태,11,8,0.5789473684210527,2.0
