,Year,Game_idx,Team1,cum_win,cum_lose,Wpct,rank
0,1998,33,LG,16,17,0.4848484848484849,3.5
1,1998,33,OB,15,18,0.4545454545454545,5.0
2,1998,33,롯데,13,18,0.41935483870967744,8.0
3,1998,33,삼성,18,15,0.5454545454545454,2.0
4,1998,33,쌍방울,16,17,0.4848484848484849,3.5
5,1998,33,한화,14,17,0.4516129032258064,6.0
6,1998,33,해태,14,19,0.42424242424242425,7.0
7,1998,33,현대,24,9,0.7272727272727273,1.0
