,Year,Game_idx,Team1,cum_win,cum_lose,Wpct,rank
0,1996,47,LG,22,23,0.4888888888888889,5.0
1,1996,47,OB,21,24,0.4666666666666667,7.0
2,1996,47,롯데,19,27,0.4130434782608696,8.0
3,1996,47,삼성,24,21,0.5333333333333333,2.0
4,1996,47,쌍방울,23,23,0.5,4.0
5,1996,47,한화,24,23,0.5106382978723404,3.0
6,1996,47,해태,22,25,0.4680851063829787,6.0
7,1996,47,현대,28,17,0.6222222222222222,1.0
