,Year,Game_idx,Team1,cum_win,cum_lose,Wpct,rank
0,2011,78,KIA,46,32,0.5897435897435898,2.0
1,2011,78,LG,40,38,0.5128205128205128,4.0
2,2011,78,SK,43,35,0.5512820512820513,3.0
3,2011,78,넥센,30,48,0.38461538461538464,8.0
4,2011,78,두산,34,42,0.4473684210526316,6.0
5,2011,78,롯데,36,39,0.48,5.0
6,2011,78,삼성,45,31,0.5921052631578947,1.0
7,2011,78,한화,34,43,0.4415584415584416,7.0
