,Year,Game_idx,Team1,cum_win,cum_lose,Wpct,rank
0,2015,45,KIA,23,22,0.5111111111111111,7.0
1,2015,45,LG,19,25,0.4318181818181818,9.0
2,2015,45,NC,26,18,0.5909090909090909,2.0
3,2015,45,SK,25,20,0.5555555555555556,4.0
4,2015,45,kt,8,37,0.17777777777777778,10.0
5,2015,45,넥센,24,21,0.5333333333333333,5.0
6,2015,45,두산,26,19,0.5777777777777777,3.0
7,2015,45,롯데,23,22,0.5111111111111111,7.0
8,2015,45,삼성,27,18,0.6,1.0
9,2015,45,한화,23,22,0.5111111111111111,7.0
