,Year,Game_idx,Team1,cum_win,cum_lose,Wpct,rank
0,2014,47,KIA,20,27,0.425531914893617,7.0
1,2014,47,LG,16,30,0.3478260869565217,9.0
2,2014,47,NC,28,19,0.5957446808510638,2.5
3,2014,47,SK,21,26,0.44680851063829785,6.0
4,2014,47,넥센,26,21,0.5531914893617021,4.0
5,2014,47,두산,28,19,0.5957446808510638,2.5
6,2014,47,롯데,22,24,0.4782608695652174,5.0
7,2014,47,삼성,32,14,0.6956521739130435,1.0
8,2014,47,한화,17,29,0.3695652173913043,8.0
