,Year,Game_idx,Team1,cum_win,cum_lose,Wpct,rank
0,2010,87,KIA,36,51,0.4137931034482759,6.0
1,2010,87,LG,40,46,0.4651162790697674,5.0
2,2010,87,SK,60,27,0.6896551724137931,1.0
3,2010,87,넥센,33,52,0.3882352941176471,7.0
4,2010,87,두산,50,36,0.5813953488372093,2.5
5,2010,87,롯데,41,43,0.4880952380952381,4.0
6,2010,87,삼성,50,36,0.5813953488372093,2.5
7,2010,87,한화,33,54,0.3793103448275862,8.0
