,Year,Game_idx,Team1,cum_win,cum_lose,Wpct,rank
0,2003,87,KIA,45,40,0.5294117647058824,4.0
1,2003,87,LG,44,41,0.5176470588235295,5.0
2,2003,87,SK,50,35,0.5882352941176471,3.0
3,2003,87,두산,31,56,0.3563218390804598,7.0
4,2003,87,롯데,22,62,0.2619047619047619,8.0
5,2003,87,삼성,54,31,0.6352941176470588,2.0
6,2003,87,한화,40,44,0.4761904761904762,6.0
7,2003,87,현대,56,29,0.6588235294117647,1.0
