,Year,Game_idx,Team1,cum_win,cum_lose,Wpct,rank
0,2010,6,KIA,3,3,0.5,4.5
1,2010,6,LG,2,4,0.3333333333333333,6.5
2,2010,6,SK,4,2,0.6666666666666666,2.5
3,2010,6,넥센,4,2,0.6666666666666666,2.5
4,2010,6,두산,5,1,0.8333333333333334,1.0
5,2010,6,롯데,1,5,0.16666666666666666,8.0
6,2010,6,삼성,3,3,0.5,4.5
7,2010,6,한화,2,4,0.3333333333333333,6.5
