,Year,Game_idx,Team1,cum_win,cum_lose,Wpct,rank
0,1996,12,LG,5,7,0.4166666666666667,6.0
1,1996,12,OB,7,5,0.5833333333333334,3.0
2,1996,12,롯데,6,6,0.5,5.0
3,1996,12,삼성,7,5,0.5833333333333334,3.0
4,1996,12,쌍방울,9,3,0.75,1.0
5,1996,12,한화,4,8,0.3333333333333333,7.0
6,1996,12,해태,3,9,0.25,8.0
7,1996,12,현대,7,5,0.5833333333333334,3.0
