,Year,Game_idx,Team1,cum_win,cum_lose,Wpct,rank
0,2016,64,KIA,27,36,0.42857142857142855,8.0
1,2016,64,LG,29,34,0.4603174603174603,5.0
2,2016,64,NC,41,21,0.6612903225806451,2.0
3,2016,64,SK,31,33,0.484375,4.0
4,2016,64,kt,26,36,0.41935483870967744,9.0
5,2016,64,넥센,33,30,0.5238095238095238,3.0
6,2016,64,두산,45,18,0.7142857142857143,1.0
7,2016,64,롯데,28,36,0.4375,7.0
8,2016,64,삼성,29,35,0.453125,6.0
9,2016,64,한화,25,38,0.3968253968253968,10.0
