,Year,Game_idx,Team1,cum_win,cum_lose,Wpct,rank
0,2010,80,KIA,34,46,0.425,6.0
1,2010,80,LG,36,43,0.4556962025316456,5.0
2,2010,80,SK,55,25,0.6875,1.0
3,2010,80,넥센,32,47,0.4050632911392405,7.0
4,2010,80,두산,46,33,0.5822784810126582,2.0
5,2010,80,롯데,38,40,0.4871794871794872,4.0
6,2010,80,삼성,45,34,0.569620253164557,3.0
7,2010,80,한화,30,50,0.375,8.0
