,Year,Game_idx,Team1,cum_win,cum_lose,Wpct,rank
0,2009,111,KIA,67,40,0.6261682242990654,1.0
1,2009,111,LG,48,60,0.4444444444444444,7.0
2,2009,111,SK,61,45,0.5754716981132075,2.0
3,2009,111,두산,61,48,0.5596330275229358,3.0
4,2009,111,롯데,56,55,0.5045045045045045,4.0
5,2009,111,삼성,55,56,0.4954954954954955,5.0
6,2009,111,한화,35,73,0.3240740740740741,8.0
7,2009,111,히어로즈,53,57,0.4818181818181818,6.0
