,Year,Game_idx,Team1,cum_win,cum_lose,Wpct,rank
0,2007,27,KIA,12,15,0.4444444444444444,7.0
1,2007,27,LG,13,14,0.4814814814814815,5.5
2,2007,27,SK,16,9,0.64,1.0
3,2007,27,두산,13,14,0.4814814814814815,5.5
4,2007,27,롯데,14,13,0.5185185185185185,3.5
5,2007,27,삼성,11,14,0.44,8.0
6,2007,27,한화,14,12,0.5384615384615384,2.0
7,2007,27,현대,14,13,0.5185185185185185,3.5
