,Year,Game_idx,Team1,cum_win,cum_lose,Wpct,rank
0,1993,84,LG,50,33,0.6024096385542169,2.0
1,1993,84,OB,41,38,0.5189873417721519,4.0
2,1993,84,롯데,39,45,0.4642857142857143,5.0
3,1993,84,빙그레,35,47,0.4268292682926829,6.0
4,1993,84,삼성,44,36,0.55,3.0
5,1993,84,쌍방울,33,47,0.4125,7.0
6,1993,84,태평양,27,50,0.35064935064935066,8.0
7,1993,84,해태,54,29,0.6506024096385542,1.0
