,Year,Game_idx,Team1,cum_win,cum_lose,Wpct,rank
0,1990,34,LG,13,21,0.38235294117647056,7.0
1,1990,34,OB,14,19,0.42424242424242425,6.0
2,1990,34,롯데,19,15,0.5588235294117647,2.0
3,1990,34,빙그레,20,14,0.5882352941176471,1.0
4,1990,34,삼성,16,18,0.4705882352941176,5.0
5,1990,34,태평양,18,16,0.5294117647058824,4.0
6,1990,34,해태,18,15,0.5454545454545454,3.0
