,Year,Game_idx,Team1,cum_win,cum_lose,Wpct,rank
0,1998,67,LG,33,33,0.5,3.0
1,1998,67,OB,30,36,0.4545454545454545,6.0
2,1998,67,롯데,25,39,0.390625,8.0
3,1998,67,삼성,36,30,0.5454545454545454,2.0
4,1998,67,쌍방울,33,34,0.4925373134328358,4.0
5,1998,67,한화,31,34,0.476923076923077,5.0
6,1998,67,해태,29,38,0.4328358208955224,7.0
7,1998,67,현대,46,21,0.6865671641791045,1.0
