,Year,Game_idx,Team1,cum_win,cum_lose,Wpct,rank
0,1992,119,LG,50,66,0.4310344827586207,6.5
1,1992,119,OB,52,63,0.4521739130434783,5.0
2,1992,119,롯데,67,52,0.5630252100840336,3.0
3,1992,119,빙그레,75,42,0.6410256410256411,1.0
4,1992,119,삼성,63,54,0.5384615384615384,4.0
5,1992,119,쌍방울,41,77,0.3474576271186441,8.0
6,1992,119,태평양,50,66,0.4310344827586207,6.5
7,1992,119,해태,70,48,0.5932203389830508,2.0
