,Year,Game_idx,Team1,cum_win,cum_lose,Wpct,rank
0,2007,86,KIA,34,51,0.4,8.0
1,2007,86,LG,42,39,0.5185185185185185,3.0
2,2007,86,SK,49,32,0.6049382716049383,1.0
3,2007,86,두산,45,39,0.5357142857142857,2.0
4,2007,86,롯데,39,44,0.4698795180722892,6.0
5,2007,86,삼성,43,40,0.5180722891566265,4.0
6,2007,86,한화,43,41,0.5119047619047619,5.0
7,2007,86,현대,39,46,0.4588235294117647,7.0
