,Year,Game_idx,Team1,cum_win,cum_lose,Wpct,rank
0,1997,89,LG,51,36,0.5862068965517241,2.0
1,1997,89,OB,43,42,0.5058823529411764,5.0
2,1997,89,롯데,35,53,0.3977272727272727,7.0
3,1997,89,삼성,46,38,0.5476190476190477,3.0
4,1997,89,쌍방울,48,40,0.5454545454545454,4.0
5,1997,89,한화,33,54,0.3793103448275862,8.0
6,1997,89,해태,54,34,0.6136363636363636,1.0
7,1997,89,현대,35,50,0.4117647058823529,6.0
