,Year,Game_idx,Team1,cum_win,cum_lose,Wpct,rank
0,1993,99,LG,58,39,0.5979381443298969,2.0
1,1993,99,OB,51,43,0.5425531914893617,4.0
2,1993,99,롯데,48,51,0.4848484848484849,5.0
3,1993,99,빙그레,42,54,0.4375,6.0
4,1993,99,삼성,54,40,0.5744680851063829,3.0
5,1993,99,쌍방울,36,58,0.3829787234042553,7.0
6,1993,99,태평양,28,62,0.3111111111111111,8.0
7,1993,99,해태,64,34,0.6530612244897959,1.0
