,Year,Game_idx,Team1,cum_win,cum_lose,Wpct,rank
0,2004,34,KIA,17,15,0.53125,3.5
1,2004,34,LG,16,17,0.4848484848484849,5.0
2,2004,34,SK,17,14,0.5483870967741935,2.0
3,2004,34,두산,15,18,0.4545454545454545,6.0
4,2004,34,롯데,12,18,0.4,8.0
5,2004,34,삼성,14,18,0.4375,7.0
6,2004,34,한화,17,15,0.53125,3.5
7,2004,34,현대,20,13,0.6060606060606061,1.0
