,Year,Game_idx,Team1,cum_win,cum_lose,Wpct,rank
0,2009,86,KIA,46,36,0.5609756097560976,2.0
1,2009,86,LG,38,45,0.4578313253012048,7.0
2,2009,86,SK,48,33,0.5925925925925926,1.0
3,2009,86,두산,47,37,0.5595238095238095,3.0
4,2009,86,롯데,44,42,0.5116279069767442,4.5
5,2009,86,삼성,44,42,0.5116279069767442,4.5
6,2009,86,한화,29,54,0.3493975903614458,8.0
7,2009,86,히어로즈,39,46,0.4588235294117647,6.0
