,Year,Game_idx,Team1,cum_win,cum_lose,Wpct,rank
0,2012,113,KIA,52,57,0.4770642201834863,5.0
1,2012,113,LG,48,61,0.44036697247706413,7.0
2,2012,113,SK,58,52,0.5272727272727272,3.0
3,2012,113,넥센,52,59,0.4684684684684685,6.0
4,2012,113,두산,58,53,0.5225225225225225,4.0
5,2012,113,롯데,60,48,0.5555555555555556,2.0
6,2012,113,삼성,66,45,0.5945945945945946,1.0
7,2012,113,한화,44,67,0.3963963963963964,8.0
