,Year,Game_idx,Team1,cum_win,cum_lose,Wpct,rank
0,2012,96,KIA,45,47,0.4891304347826087,6.0
1,2012,96,LG,40,53,0.4301075268817205,7.0
2,2012,96,SK,48,46,0.5106382978723404,4.0
3,2012,96,넥센,46,48,0.4893617021276596,5.0
4,2012,96,두산,52,43,0.5473684210526316,2.0
5,2012,96,롯데,50,42,0.5434782608695652,3.0
6,2012,96,삼성,54,40,0.5744680851063829,1.0
7,2012,96,한화,37,57,0.39361702127659576,8.0
