,Year,Game_idx,Team1,cum_win,cum_lose,Wpct,rank
0,2003,78,KIA,40,36,0.5263157894736842,4.0
1,2003,78,LG,38,38,0.5,5.0
2,2003,78,SK,48,29,0.6233766233766234,3.0
3,2003,78,두산,25,53,0.3205128205128205,7.0
4,2003,78,롯데,22,53,0.2933333333333333,8.0
5,2003,78,삼성,50,26,0.6578947368421053,1.0
6,2003,78,한화,37,38,0.4933333333333334,6.0
7,2003,78,현대,48,28,0.631578947368421,2.0
