,Year,Game_idx,Team1,cum_win,cum_lose,Wpct,rank
0,2013,94,KIA,42,50,0.4565217391304348,7.0
1,2013,94,LG,57,37,0.6063829787234043,2.0
2,2013,94,NC,38,53,0.4175824175824176,8.0
3,2013,94,SK,45,47,0.4891304347826087,6.0
4,2013,94,넥센,49,43,0.532608695652174,4.0
5,2013,94,두산,52,40,0.5652173913043478,3.0
6,2013,94,롯데,47,45,0.5108695652173914,5.0
7,2013,94,삼성,56,36,0.6086956521739131,1.0
8,2013,94,한화,28,65,0.3010752688172043,9.0
