,Year,Game_idx,Team1,cum_win,cum_lose,Wpct,rank
0,1991,83,LG,41,41,0.5,4.0
1,1991,83,OB,27,54,0.3333333333333333,8.0
2,1991,83,롯데,40,42,0.4878048780487805,5.5
3,1991,83,빙그레,45,35,0.5625,3.0
4,1991,83,삼성,48,35,0.5783132530120482,2.0
5,1991,83,쌍방울,32,49,0.3950617283950617,7.0
6,1991,83,태평양,40,42,0.4878048780487805,5.5
7,1991,83,해태,53,28,0.654320987654321,1.0
