,Year,Game_idx,Team1,cum_win,cum_lose,Wpct,rank
0,1994,111,LG,71,40,0.6396396396396397,1.0
1,1994,111,OB,49,61,0.44545454545454544,6.0
2,1994,111,롯데,47,61,0.4351851851851852,7.0
3,1994,111,삼성,54,55,0.4954128440366973,5.0
4,1994,111,쌍방울,37,69,0.3490566037735849,8.0
5,1994,111,태평양,61,47,0.5648148148148148,2.0
6,1994,111,한화,57,52,0.5229357798165137,3.5
7,1994,111,해태,57,52,0.5229357798165137,3.5
