,Year,Game_idx,Team1,cum_win,cum_lose,Wpct,rank
0,2015,64,KIA,32,32,0.5,7.0
1,2015,64,LG,27,36,0.42857142857142855,9.0
2,2015,64,NC,36,27,0.5714285714285714,3.0
3,2015,64,SK,32,31,0.5079365079365079,6.0
4,2015,64,kt,17,47,0.265625,10.0
5,2015,64,넥센,35,28,0.5555555555555556,4.0
6,2015,64,두산,37,27,0.578125,1.5
7,2015,64,롯데,30,34,0.46875,8.0
8,2015,64,삼성,37,27,0.578125,1.5
9,2015,64,한화,35,29,0.546875,5.0
