,Year,Game_idx,Team1,cum_win,cum_lose,Wpct,rank
0,2014,25,KIA,11,14,0.44,7.0
1,2014,25,LG,7,17,0.2916666666666667,9.0
2,2014,25,NC,15,10,0.6,2.0
3,2014,25,SK,14,11,0.56,3.5
4,2014,25,넥센,16,9,0.64,1.0
5,2014,25,두산,13,12,0.52,6.0
6,2014,25,롯데,13,11,0.5416666666666666,5.0
7,2014,25,삼성,14,11,0.56,3.5
8,2014,25,한화,10,15,0.4,8.0
