,Year,Game_idx,Team1,cum_win,cum_lose,Wpct,rank
0,2009,14,KIA,6,7,0.4615384615384616,6.0
1,2009,14,LG,6,7,0.4615384615384616,6.0
2,2009,14,SK,8,4,0.6666666666666666,1.0
3,2009,14,두산,7,6,0.5384615384615384,3.0
4,2009,14,롯데,6,8,0.42857142857142855,8.0
5,2009,14,삼성,8,6,0.5714285714285714,2.0
6,2009,14,한화,6,7,0.4615384615384616,6.0
7,2009,14,히어로즈,7,7,0.5,4.0
