,Year,Game_idx,Team1,cum_win,cum_lose,Wpct,rank
0,1993,117,LG,64,50,0.5614035087719298,3.0
1,1993,117,OB,59,53,0.5267857142857143,4.0
2,1993,117,롯데,56,60,0.4827586206896552,6.0
3,1993,117,빙그레,56,57,0.4955752212389381,5.0
4,1993,117,삼성,68,44,0.6071428571428571,2.0
5,1993,117,쌍방울,39,73,0.3482142857142857,7.0
6,1993,117,태평양,33,74,0.308411214953271,8.0
7,1993,117,해태,76,39,0.6608695652173913,1.0
