,Year,Game_idx,Team1,cum_win,cum_lose,Wpct,rank
0,2004,6,KIA,2,4,0.3333333333333333,7.5
1,2004,6,LG,2,3,0.4,6.0
2,2004,6,SK,3,3,0.5,4.0
3,2004,6,두산,2,4,0.3333333333333333,7.5
4,2004,6,롯데,4,1,0.8,1.0
5,2004,6,삼성,3,3,0.5,4.0
6,2004,6,한화,3,3,0.5,4.0
7,2004,6,현대,4,2,0.6666666666666666,2.0
