,Year,Game_idx,Team1,cum_win,cum_lose,Wpct,rank
0,1997,18,LG,13,5,0.7222222222222222,1.0
1,1997,18,OB,9,8,0.5294117647058824,4.0
2,1997,18,롯데,7,11,0.3888888888888889,7.0
3,1997,18,삼성,7,10,0.4117647058823529,5.5
4,1997,18,쌍방울,10,8,0.5555555555555556,3.0
5,1997,18,한화,7,10,0.4117647058823529,5.5
6,1997,18,해태,11,7,0.6111111111111112,2.0
7,1997,18,현대,6,11,0.35294117647058826,8.0
