,Year,Game_idx,Team1,cum_win,cum_lose,Wpct,rank
0,1998,44,LG,21,23,0.4772727272727273,4.5
1,1998,44,OB,21,23,0.4772727272727273,4.5
2,1998,44,롯데,18,24,0.42857142857142855,8.0
3,1998,44,삼성,24,20,0.5454545454545454,2.0
4,1998,44,쌍방울,19,25,0.4318181818181818,6.5
5,1998,44,한화,21,21,0.5,3.0
6,1998,44,해태,19,25,0.4318181818181818,6.5
7,1998,44,현대,31,13,0.7045454545454546,1.0
