,Year,Game_idx,Team1,cum_win,cum_lose,Wpct,rank
0,1990,10,LG,6,4,0.6,2.0
1,1990,10,OB,4,5,0.4444444444444444,6.5
2,1990,10,롯데,5,5,0.5,4.0
3,1990,10,빙그레,7,3,0.7,1.0
4,1990,10,삼성,5,5,0.5,4.0
5,1990,10,태평양,5,5,0.5,4.0
6,1990,10,해태,4,5,0.4444444444444444,6.5
