,Year,Game_idx,Team1,cum_win,cum_lose,Wpct,rank
0,2007,78,KIA,29,48,0.37662337662337664,8.0
1,2007,78,LG,37,37,0.5,4.0
2,2007,78,SK,46,27,0.6301369863013698,1.0
3,2007,78,두산,41,35,0.5394736842105263,2.5
4,2007,78,롯데,34,41,0.4533333333333333,7.0
5,2007,78,삼성,36,39,0.48,5.0
6,2007,78,한화,41,35,0.5394736842105263,2.5
7,2007,78,현대,37,41,0.4743589743589744,6.0
