,Year,Game_idx,Team1,cum_win,cum_lose,Wpct,rank
0,2006,106,KIA,52,51,0.5048543689320388,4.0
1,2006,106,LG,40,62,0.392156862745098,8.0
2,2006,106,SK,51,54,0.4857142857142857,6.0
3,2006,106,두산,52,52,0.5,5.0
4,2006,106,롯데,44,60,0.4230769230769231,7.0
5,2006,106,삼성,63,40,0.6116504854368932,1.0
6,2006,106,한화,56,48,0.5384615384615384,3.0
7,2006,106,현대,58,47,0.5523809523809524,2.0
