,Year,Game_idx,Team1,cum_win,cum_lose,Wpct,rank
0,2006,121,KIA,60,58,0.5084745762711864,4.0
1,2006,121,LG,47,70,0.4017094017094017,8.0
2,2006,121,SK,57,63,0.475,6.0
3,2006,121,두산,59,59,0.5,5.0
4,2006,121,롯데,49,69,0.4152542372881356,7.0
5,2006,121,삼성,69,49,0.5847457627118644,1.0
6,2006,121,한화,64,55,0.5378151260504201,3.0
7,2006,121,현대,69,51,0.575,2.0
