,Year,Game_idx,Team1,cum_win,cum_lose,Wpct,rank
0,2007,50,KIA,19,30,0.3877551020408163,8.0
1,2007,50,LG,24,24,0.5,5.0
2,2007,50,SK,26,20,0.5652173913043478,1.0
3,2007,50,두산,27,22,0.5510204081632653,2.0
4,2007,50,롯데,23,25,0.4791666666666667,6.0
5,2007,50,삼성,24,23,0.5106382978723404,4.0
6,2007,50,한화,26,23,0.5306122448979592,3.0
7,2007,50,현대,23,27,0.46,7.0
