,Year,Game_idx,Team1,cum_win,cum_lose,Wpct,rank
0,1991,104,LG,48,55,0.4660194174757282,5.0
1,1991,104,OB,38,64,0.3725490196078432,8.0
2,1991,104,롯데,49,52,0.4851485148514851,4.0
3,1991,104,빙그레,58,42,0.58,3.0
4,1991,104,삼성,61,42,0.5922330097087378,2.0
5,1991,104,쌍방울,45,56,0.4455445544554456,7.0
6,1991,104,태평양,47,55,0.4607843137254902,6.0
7,1991,104,해태,62,37,0.6262626262626263,1.0
