,Year,Game_idx,Team1,cum_win,cum_lose,Wpct,rank
0,2009,75,KIA,39,32,0.5492957746478874,3.0
1,2009,75,LG,33,39,0.4583333333333333,7.0
2,2009,75,SK,44,26,0.6285714285714286,1.0
3,2009,75,두산,41,32,0.5616438356164384,2.0
4,2009,75,롯데,36,39,0.48,5.0
5,2009,75,삼성,35,40,0.4666666666666667,6.0
6,2009,75,한화,25,47,0.3472222222222222,8.0
7,2009,75,히어로즈,36,38,0.4864864864864865,4.0
