,Year,Game_idx,Team1,cum_win,cum_lose,Wpct,rank
0,2014,51,KIA,21,30,0.4117647058823529,7.0
1,2014,51,LG,17,33,0.34,9.0
2,2014,51,NC,31,20,0.6078431372549019,2.0
3,2014,51,SK,24,27,0.4705882352941176,6.0
4,2014,51,넥센,27,24,0.5294117647058824,4.0
5,2014,51,두산,28,23,0.5490196078431373,3.0
6,2014,51,롯데,25,25,0.5,5.0
7,2014,51,삼성,34,16,0.68,1.0
8,2014,51,한화,18,32,0.36,8.0
