,Year,Game_idx,Team1,cum_win,cum_lose,Wpct,rank
0,2013,13,KIA,9,4,0.6923076923076923,1.5
1,2013,13,LG,9,4,0.6923076923076923,1.5
2,2013,13,NC,3,10,0.2307692307692308,8.0
3,2013,13,SK,6,7,0.4615384615384616,6.0
4,2013,13,넥센,7,6,0.5384615384615384,5.0
5,2013,13,두산,8,4,0.6666666666666666,3.0
6,2013,13,롯데,5,7,0.4166666666666667,7.0
7,2013,13,삼성,8,5,0.6153846153846154,4.0
8,2013,13,한화,0,13,0.0,9.0
