,Year,Game_idx,Team1,cum_win,cum_lose,Wpct,rank
0,1995,76,LG,46,29,0.6133333333333333,1.0
1,1995,76,OB,42,29,0.5915492957746479,2.0
2,1995,76,롯데,39,34,0.5342465753424658,3.0
3,1995,76,삼성,35,37,0.4861111111111111,6.0
4,1995,76,쌍방울,27,48,0.36,8.0
5,1995,76,태평양,32,41,0.4383561643835616,7.0
6,1995,76,한화,38,38,0.5,4.0
7,1995,76,해태,37,38,0.4933333333333334,5.0
