,Year,Game_idx,Team1,cum_win,cum_lose,Wpct,rank
0,2011,87,KIA,52,35,0.5977011494252874,2.0
1,2011,87,LG,43,44,0.4942528735632184,5.0
2,2011,87,SK,49,38,0.5632183908045977,3.0
3,2011,87,넥센,34,53,0.3908045977011495,8.0
4,2011,87,두산,37,48,0.4352941176470588,6.0
5,2011,87,롯데,42,42,0.5,4.0
6,2011,87,삼성,51,34,0.6,1.0
7,2011,87,한화,37,49,0.4302325581395349,7.0
