,Year,Game_idx,Team1,cum_win,cum_lose,Wpct,rank
0,2014,30,KIA,14,16,0.4666666666666667,7.0
1,2014,30,LG,9,20,0.3103448275862069,9.0
2,2014,30,NC,18,12,0.6,1.5
3,2014,30,SK,15,15,0.5,5.5
4,2014,30,넥센,18,12,0.6,1.5
5,2014,30,두산,15,15,0.5,5.5
6,2014,30,롯데,16,13,0.5517241379310345,4.0
7,2014,30,삼성,17,13,0.5666666666666667,3.0
8,2014,30,한화,11,19,0.36666666666666653,8.0
