,Year,Game_idx,Team1,cum_win,cum_lose,Wpct,rank
0,1991,58,LG,29,28,0.5087719298245614,5.0
1,1991,58,OB,20,38,0.3448275862068966,8.0
2,1991,58,롯데,30,27,0.5263157894736842,4.0
3,1991,58,빙그레,30,26,0.5357142857142857,2.0
4,1991,58,삼성,31,27,0.5344827586206896,3.0
5,1991,58,쌍방울,23,35,0.3965517241379311,7.0
6,1991,58,태평양,28,30,0.4827586206896552,6.0
7,1991,58,해태,39,19,0.6724137931034483,1.0
