,Year,Game_idx,Team1,cum_win,cum_lose,Wpct,rank
0,2016,128,KIA,62,65,0.4881889763779528,5.5
1,2016,128,LG,62,65,0.4881889763779528,5.5
2,2016,128,NC,73,53,0.5793650793650794,2.0
3,2016,128,SK,63,65,0.4921875,4.0
4,2016,128,kt,48,78,0.3809523809523809,10.0
5,2016,128,넥센,70,57,0.5511811023622047,3.0
6,2016,128,두산,81,46,0.6377952755905512,1.0
7,2016,128,롯데,58,70,0.453125,9.0
8,2016,128,삼성,58,69,0.4566929133858268,8.0
9,2016,128,한화,59,66,0.47200000000000003,7.0
