,Year,Game_idx,Team1,cum_win,cum_lose,Wpct,rank
0,2014,56,KIA,24,32,0.42857142857142855,7.0
1,2014,56,LG,20,35,0.3636363636363637,8.5
2,2014,56,NC,34,22,0.6071428571428571,2.0
3,2014,56,SK,26,30,0.4642857142857143,6.0
4,2014,56,넥센,29,26,0.5272727272727272,4.5
5,2014,56,두산,30,26,0.5357142857142857,3.0
6,2014,56,롯데,29,26,0.5272727272727272,4.5
7,2014,56,삼성,36,18,0.6666666666666666,1.0
8,2014,56,한화,20,35,0.3636363636363637,8.5
