,Year,Game_idx,Team1,cum_win,cum_lose,Wpct,rank
0,2008,37,KIA,14,23,0.3783783783783784,7.0
1,2008,37,LG,12,25,0.32432432432432434,8.0
2,2008,37,SK,27,10,0.7297297297297297,1.0
3,2008,37,두산,21,16,0.5675675675675675,2.5
4,2008,37,롯데,19,18,0.5135135135135135,4.0
5,2008,37,삼성,18,19,0.4864864864864865,5.0
6,2008,37,한화,21,16,0.5675675675675675,2.5
7,2008,37,히어로즈,15,22,0.40540540540540543,6.0
