,Year,Game_idx,Team1,cum_win,cum_lose,Wpct,rank
0,1997,33,LG,22,11,0.6666666666666666,1.5
1,1997,33,OB,15,16,0.4838709677419355,5.0
2,1997,33,롯데,13,20,0.3939393939393939,7.0
3,1997,33,삼성,17,14,0.5483870967741935,3.0
4,1997,33,쌍방울,17,16,0.5151515151515151,4.0
5,1997,33,한화,10,21,0.3225806451612903,8.0
6,1997,33,해태,22,11,0.6666666666666666,1.5
7,1997,33,현대,13,18,0.41935483870967744,6.0
