,Year,Game_idx,Team1,cum_win,cum_lose,Wpct,rank
0,1994,37,LG,25,12,0.6756756756756757,1.0
1,1994,37,OB,16,21,0.4324324324324325,6.0
2,1994,37,롯데,15,20,0.42857142857142855,7.0
3,1994,37,삼성,17,19,0.4722222222222222,4.0
4,1994,37,쌍방울,13,23,0.3611111111111111,8.0
5,1994,37,태평양,20,15,0.5714285714285714,2.5
6,1994,37,한화,17,20,0.4594594594594595,5.0
7,1994,37,해태,20,15,0.5714285714285714,2.5
