,Year,Game_idx,Team1,cum_win,cum_lose,Wpct,rank
0,2005,57,KIA,22,34,0.3928571428571429,8.0
1,2005,57,LG,24,33,0.42105263157894735,7.0
2,2005,57,SK,24,31,0.4363636363636363,6.0
3,2005,57,두산,35,21,0.625,2.0
4,2005,57,롯데,28,29,0.4912280701754386,4.0
5,2005,57,삼성,38,19,0.6666666666666666,1.0
6,2005,57,한화,30,26,0.5357142857142857,3.0
7,2005,57,현대,26,30,0.4642857142857143,5.0
