,Year,Game_idx,Team1,cum_win,cum_lose,Wpct,rank
0,2005,4,KIA,3,1,0.75,2.0
1,2005,4,LG,1,3,0.25,7.5
2,2005,4,SK,1,2,0.3333333333333333,5.5
3,2005,4,두산,3,1,0.75,2.0
4,2005,4,롯데,1,3,0.25,7.5
5,2005,4,삼성,3,1,0.75,2.0
6,2005,4,한화,2,2,0.5,4.0
7,2005,4,현대,1,2,0.3333333333333333,5.5
