,Year,Game_idx,Team1,cum_win,cum_lose,Wpct,rank
0,1999,20,LG,13,7,0.65,1.0
1,1999,20,두산,10,9,0.5263157894736842,3.5
2,1999,20,롯데,12,7,0.631578947368421,2.0
3,1999,20,삼성,10,9,0.5263157894736842,3.5
4,1999,20,쌍방울,5,14,0.2631578947368421,8.0
5,1999,20,한화,10,10,0.5,5.5
6,1999,20,해태,10,10,0.5,5.5
7,1999,20,현대,8,12,0.4,7.0
