,Year,Game_idx,Team1,cum_win,cum_lose,Wpct,rank
0,1989,73,MBC,29,41,0.4142857142857143,6.0
1,1989,73,OB,33,39,0.4583333333333333,5.0
2,1989,73,롯데,29,42,0.4084507042253521,7.0
3,1989,73,빙그레,43,27,0.6142857142857143,1.0
4,1989,73,삼성,37,33,0.5285714285714286,3.0
5,1989,73,태평양,36,33,0.5217391304347826,4.0
6,1989,73,해태,42,28,0.6,2.0
