,Year,Game_idx,Team1,cum_win,cum_lose,Wpct,rank
0,2012,33,KIA,13,18,0.41935483870967744,7.0
1,2012,33,LG,18,15,0.5454545454545454,3.0
2,2012,33,SK,19,13,0.59375,1.0
3,2012,33,넥센,18,14,0.5625,2.0
4,2012,33,두산,16,16,0.5,5.0
5,2012,33,롯데,16,15,0.5161290322580645,4.0
6,2012,33,삼성,15,17,0.46875,6.0
7,2012,33,한화,13,20,0.3939393939393939,8.0
