,Year,Game_idx,Team1,cum_win,cum_lose,Wpct,rank
0,1997,34,LG,22,12,0.6470588235294118,2.0
1,1997,34,OB,16,16,0.5,5.0
2,1997,34,롯데,13,21,0.38235294117647056,7.0
3,1997,34,삼성,18,14,0.5625,3.0
4,1997,34,쌍방울,18,16,0.5294117647058824,4.0
5,1997,34,한화,10,22,0.3125,8.0
6,1997,34,해태,23,11,0.6764705882352942,1.0
7,1997,34,현대,13,19,0.40625,6.0
