,Year,Game_idx,Team1,cum_win,cum_lose,Wpct,rank
0,2007,76,KIA,28,47,0.37333333333333335,8.0
1,2007,76,LG,37,35,0.5138888888888888,4.0
2,2007,76,SK,45,26,0.6338028169014085,1.0
3,2007,76,두산,40,34,0.5405405405405406,2.5
4,2007,76,롯데,34,39,0.4657534246575342,6.0
5,2007,76,삼성,36,37,0.4931506849315068,5.0
6,2007,76,한화,40,34,0.5405405405405406,2.5
7,2007,76,현대,35,41,0.4605263157894737,7.0
