,Year,Game_idx,Team1,cum_win,cum_lose,Wpct,rank
0,2012,98,KIA,46,48,0.4893617021276596,6.0
1,2012,98,LG,42,53,0.4421052631578947,7.0
2,2012,98,SK,50,46,0.5208333333333334,4.0
3,2012,98,넥센,47,49,0.4895833333333333,5.0
4,2012,98,두산,53,44,0.5463917525773195,2.0
5,2012,98,롯데,50,44,0.5319148936170213,3.0
6,2012,98,삼성,55,41,0.5729166666666666,1.0
7,2012,98,한화,38,58,0.3958333333333333,8.0
