,Year,Game_idx,Team1,cum_win,cum_lose,Wpct,rank
0,2015,87,KIA,41,46,0.4712643678160919,7.0
1,2015,87,LG,38,48,0.4418604651162791,9.0
2,2015,87,NC,49,36,0.5764705882352941,2.0
3,2015,87,SK,43,42,0.5058823529411764,6.0
4,2015,87,kt,28,59,0.3218390804597701,10.0
5,2015,87,넥센,47,39,0.5465116279069767,4.0
6,2015,87,두산,50,37,0.5747126436781609,3.0
7,2015,87,롯데,40,47,0.4597701149425287,8.0
8,2015,87,삼성,51,36,0.5862068965517241,1.0
9,2015,87,한화,45,42,0.5172413793103449,5.0
