,Year,Game_idx,Team1,cum_win,cum_lose,Wpct,rank
0,1990,23,LG,8,15,0.3478260869565217,7.0
1,1990,23,OB,8,14,0.3636363636363637,6.0
2,1990,23,롯데,14,9,0.6086956521739131,1.5
3,1990,23,빙그레,14,9,0.6086956521739131,1.5
4,1990,23,삼성,12,11,0.5217391304347826,3.5
5,1990,23,태평양,12,11,0.5217391304347826,3.5
6,1990,23,해태,11,11,0.5,5.0
