,Year,Game_idx,Team1,cum_win,cum_lose,Wpct,rank
0,1997,28,LG,18,10,0.6428571428571429,1.5
1,1997,28,OB,12,14,0.4615384615384616,5.0
2,1997,28,롯데,12,16,0.42857142857142855,7.0
3,1997,28,삼성,13,13,0.5,4.0
4,1997,28,쌍방울,16,12,0.5714285714285714,3.0
5,1997,28,한화,9,17,0.3461538461538461,8.0
6,1997,28,해태,18,10,0.6428571428571429,1.5
7,1997,28,현대,12,15,0.4444444444444444,6.0
