,Year,Game_idx,Team1,cum_win,cum_lose,Wpct,rank
0,2011,96,KIA,56,40,0.5833333333333334,2.0
1,2011,96,LG,46,50,0.4791666666666667,5.0
2,2011,96,SK,53,43,0.5520833333333334,3.0
3,2011,96,넥센,38,58,0.3958333333333333,8.0
4,2011,96,두산,42,52,0.44680851063829785,6.0
5,2011,96,롯데,47,46,0.5053763440860215,4.0
6,2011,96,삼성,57,37,0.6063829787234043,1.0
7,2011,96,한화,41,54,0.43157894736842106,7.0
