,Year,Game_idx,Team1,cum_win,cum_lose,Wpct,rank
0,2002,24,KIA,14,8,0.6363636363636364,1.0
1,2002,24,LG,12,12,0.5,4.5
2,2002,24,SK,9,14,0.39130434782608703,7.0
3,2002,24,두산,11,12,0.4782608695652174,6.0
4,2002,24,롯데,8,15,0.3478260869565217,8.0
5,2002,24,삼성,13,11,0.5416666666666666,3.0
6,2002,24,한화,11,11,0.5,4.5
7,2002,24,현대,13,8,0.6190476190476191,2.0
