,Year,Game_idx,Team1,cum_win,cum_lose,Wpct,rank
0,1992,59,LG,20,37,0.3508771929824561,7.0
1,1992,59,OB,28,29,0.4912280701754386,5.0
2,1992,59,롯데,34,25,0.576271186440678,3.0
3,1992,59,빙그레,37,21,0.6379310344827587,1.0
4,1992,59,삼성,30,28,0.5172413793103449,4.0
5,1992,59,쌍방울,19,39,0.3275862068965517,8.0
6,1992,59,태평양,25,31,0.44642857142857145,6.0
7,1992,59,해태,37,22,0.6271186440677966,2.0
