,Year,Game_idx,Team1,cum_win,cum_lose,Wpct,rank
0,2003,35,KIA,19,15,0.5588235294117647,4.0
1,2003,35,LG,18,15,0.5454545454545454,5.0
2,2003,35,SK,20,14,0.5882352941176471,3.0
3,2003,35,두산,8,27,0.22857142857142854,8.0
4,2003,35,롯데,10,23,0.30303030303030304,7.0
5,2003,35,삼성,23,10,0.696969696969697,1.0
6,2003,35,한화,15,18,0.4545454545454545,6.0
7,2003,35,현대,22,12,0.6470588235294118,2.0
