,Year,Game_idx,Team1,cum_win,cum_lose,Wpct,rank
0,1995,87,LG,54,32,0.627906976744186,1.0
1,1995,87,OB,47,35,0.573170731707317,2.0
2,1995,87,롯데,44,39,0.5301204819277109,3.0
3,1995,87,삼성,41,41,0.5,4.5
4,1995,87,쌍방울,31,55,0.36046511627906974,8.0
5,1995,87,태평양,35,49,0.4166666666666667,7.0
6,1995,87,한화,42,45,0.4827586206896552,6.0
7,1995,87,해태,43,43,0.5,4.5
