,Year,Game_idx,Team1,cum_win,cum_lose,Wpct,rank
0,2016,131,KIA,63,67,0.4846153846153846,6.0
1,2016,131,LG,64,66,0.4923076923076923,5.0
2,2016,131,NC,75,53,0.5859375,2.0
3,2016,131,SK,65,66,0.4961832061068702,4.0
4,2016,131,kt,48,81,0.372093023255814,10.0
5,2016,131,넥센,72,58,0.5538461538461539,3.0
6,2016,131,두산,84,46,0.6461538461538462,1.0
7,2016,131,롯데,60,71,0.4580152671755725,8.0
8,2016,131,삼성,59,71,0.4538461538461538,9.0
9,2016,131,한화,60,68,0.46875,7.0
