,Year,Game_idx,Team1,cum_win,cum_lose,Wpct,rank
0,2001,6,KIA,3,3,0.5,4.5
1,2001,6,LG,1,5,0.16666666666666666,8.0
2,2001,6,SK,2,4,0.3333333333333333,6.5
3,2001,6,두산,4,2,0.6666666666666666,2.5
4,2001,6,롯데,3,3,0.5,4.5
5,2001,6,삼성,5,1,0.8333333333333334,1.0
6,2001,6,한화,4,2,0.6666666666666666,2.5
7,2001,6,현대,2,4,0.3333333333333333,6.5
