,Year,Game_idx,Team1,cum_win,cum_lose,Wpct,rank
0,1990,74,LG,40,34,0.5405405405405406,3.0
1,1990,74,OB,22,50,0.3055555555555556,7.0
2,1990,74,롯데,30,42,0.4166666666666667,6.0
3,1990,74,빙그레,44,29,0.6027397260273972,1.0
4,1990,74,삼성,41,31,0.5694444444444444,2.0
5,1990,74,태평양,36,36,0.5,5.0
6,1990,74,해태,37,34,0.5211267605633803,4.0
