,Year,Game_idx,Team1,cum_win,cum_lose,Wpct,rank
0,2001,43,KIA,22,20,0.5238095238095238,4.0
1,2001,43,LG,13,29,0.30952380952380953,8.0
2,2001,43,SK,21,21,0.5,5.0
3,2001,43,두산,22,19,0.5365853658536586,3.0
4,2001,43,롯데,18,24,0.42857142857142855,7.0
5,2001,43,삼성,25,18,0.5813953488372093,2.0
6,2001,43,한화,21,22,0.4883720930232558,6.0
7,2001,43,현대,26,17,0.6046511627906976,1.0
