,Year,Game_idx,Team1,cum_win,cum_lose,Wpct,rank
0,2001,32,KIA,16,15,0.5161290322580645,5.5
1,2001,32,LG,9,22,0.2903225806451613,8.0
2,2001,32,SK,16,15,0.5161290322580645,5.5
3,2001,32,두산,18,12,0.6,1.0
4,2001,32,롯데,12,19,0.3870967741935484,7.0
5,2001,32,삼성,18,14,0.5625,3.0
6,2001,32,한화,18,14,0.5625,3.0
7,2001,32,현대,18,14,0.5625,3.0
