,Year,Game_idx,Team1,cum_win,cum_lose,Wpct,rank
0,2013,50,KIA,24,25,0.4897959183673469,6.0
1,2013,50,LG,26,24,0.52,4.0
2,2013,50,NC,19,29,0.3958333333333333,8.0
3,2013,50,SK,23,26,0.4693877551020408,7.0
4,2013,50,넥센,32,17,0.6530612244897959,1.0
5,2013,50,두산,25,24,0.5102040816326531,5.0
6,2013,50,롯데,25,23,0.5208333333333334,3.0
7,2013,50,삼성,31,18,0.6326530612244898,2.0
8,2013,50,한화,15,34,0.30612244897959184,9.0
