,Year,Game_idx,Team1,cum_win,cum_lose,Wpct,rank
0,2014,7,KIA,4,3,0.5714285714285714,3.0
1,2014,7,LG,3,3,0.5,5.5
2,2014,7,NC,4,3,0.5714285714285714,3.0
3,2014,7,SK,5,2,0.7142857142857143,1.0
4,2014,7,넥센,4,3,0.5714285714285714,3.0
5,2014,7,두산,2,5,0.2857142857142857,8.5
6,2014,7,롯데,3,3,0.5,5.5
7,2014,7,삼성,3,4,0.42857142857142855,7.0
8,2014,7,한화,2,5,0.2857142857142857,8.5
