,Year,Game_idx,Team1,cum_win,cum_lose,Wpct,rank
0,2016,62,KIA,25,36,0.4098360655737705,9.5
1,2016,62,LG,29,32,0.4754098360655738,4.0
2,2016,62,NC,41,20,0.6721311475409836,2.0
3,2016,62,SK,29,33,0.4677419354838709,5.0
4,2016,62,kt,26,34,0.43333333333333335,8.0
5,2016,62,넥센,32,29,0.5245901639344263,3.0
6,2016,62,두산,44,17,0.7213114754098361,1.0
7,2016,62,롯데,28,34,0.4516129032258064,6.5
8,2016,62,삼성,28,34,0.4516129032258064,6.5
9,2016,62,한화,25,36,0.4098360655737705,9.5
