,Year,Game_idx,Team1,cum_win,cum_lose,Wpct,rank
0,2014,39,KIA,17,22,0.4358974358974359,6.0
1,2014,39,LG,13,25,0.34210526315789475,9.0
2,2014,39,NC,23,16,0.5897435897435898,3.0
3,2014,39,SK,16,23,0.41025641025641024,7.0
4,2014,39,넥센,23,16,0.5897435897435898,3.0
5,2014,39,두산,23,16,0.5897435897435898,3.0
6,2014,39,롯데,20,18,0.5263157894736842,5.0
7,2014,39,삼성,25,13,0.6578947368421053,1.0
8,2014,39,한화,15,23,0.3947368421052632,8.0
