,Year,Game_idx,Team1,cum_win,cum_lose,Wpct,rank
0,1997,20,LG,13,7,0.65,1.0
1,1997,20,OB,10,9,0.5263157894736842,4.0
2,1997,20,롯데,9,11,0.45,6.0
3,1997,20,삼성,9,10,0.4736842105263158,5.0
4,1997,20,쌍방울,11,9,0.55,3.0
5,1997,20,한화,7,12,0.3684210526315789,7.5
6,1997,20,해태,12,8,0.6,2.0
7,1997,20,현대,7,12,0.3684210526315789,7.5
