,Year,Game_idx,Team1,cum_win,cum_lose,Wpct,rank
0,2006,10,KIA,5,4,0.5555555555555556,2.5
1,2006,10,LG,4,6,0.4,6.5
2,2006,10,SK,7,3,0.7,1.0
3,2006,10,두산,3,5,0.375,8.0
4,2006,10,롯데,4,6,0.4,6.5
5,2006,10,삼성,5,4,0.5555555555555556,2.5
6,2006,10,한화,5,5,0.5,4.5
7,2006,10,현대,5,5,0.5,4.5
