,Year,Game_idx,Team1,cum_win,cum_lose,Wpct,rank
0,2000,63,LG,34,27,0.5573770491803278,3.0
1,2000,63,SK,18,44,0.2903225806451613,8.0
2,2000,63,두산,38,25,0.6031746031746031,2.0
3,2000,63,롯데,31,31,0.5,5.0
4,2000,63,삼성,33,29,0.532258064516129,4.0
5,2000,63,한화,24,36,0.4,7.0
6,2000,63,해태,27,34,0.4426229508196721,6.0
7,2000,63,현대,43,20,0.6825396825396826,1.0
