,Year,Game_idx,Team1,cum_win,cum_lose,Wpct,rank
0,2004,49,KIA,23,23,0.5,4.0
1,2004,49,LG,24,23,0.5106382978723404,3.0
2,2004,49,SK,22,23,0.4888888888888889,5.0
3,2004,49,두산,23,25,0.4791666666666667,6.0
4,2004,49,롯데,20,24,0.4545454545454545,8.0
5,2004,49,삼성,23,22,0.5111111111111111,2.0
6,2004,49,한화,22,24,0.4782608695652174,7.0
7,2004,49,현대,28,19,0.5957446808510638,1.0
