,Year,Game_idx,Team1,cum_win,cum_lose,Wpct,rank
0,1996,100,LG,41,54,0.43157894736842106,7.0
1,1996,100,OB,38,58,0.3958333333333333,8.0
2,1996,100,롯데,43,52,0.4526315789473685,6.0
3,1996,100,삼성,45,50,0.4736842105263158,5.0
4,1996,100,쌍방울,51,47,0.5204081632653061,4.0
5,1996,100,한화,53,46,0.5353535353535354,3.0
6,1996,100,해태,60,39,0.6060606060606061,1.0
7,1996,100,현대,53,42,0.5578947368421052,2.0
