,Year,Game_idx,Team1,cum_win,cum_lose,Wpct,rank
0,2008,57,KIA,26,31,0.456140350877193,6.0
1,2008,57,LG,23,34,0.4035087719298245,7.0
2,2008,57,SK,39,18,0.6842105263157895,1.0
3,2008,57,두산,33,24,0.5789473684210527,2.0
4,2008,57,롯데,30,27,0.5263157894736842,3.5
5,2008,57,삼성,30,27,0.5263157894736842,3.5
6,2008,57,한화,28,29,0.4912280701754386,5.0
7,2008,57,히어로즈,21,36,0.3684210526315789,8.0
