,Year,Game_idx,Team1,cum_win,cum_lose,Wpct,rank
0,1999,11,LG,6,5,0.5454545454545454,4.0
1,1999,11,두산,5,5,0.5,5.0
2,1999,11,롯데,7,4,0.6363636363636364,2.0
3,1999,11,삼성,4,6,0.4,7.0
4,1999,11,쌍방울,2,9,0.18181818181818185,8.0
5,1999,11,한화,7,4,0.6363636363636364,2.0
6,1999,11,해태,7,4,0.6363636363636364,2.0
7,1999,11,현대,5,6,0.4545454545454545,6.0
