,Year,Game_idx,Team1,cum_win,cum_lose,Wpct,rank
0,1991,55,LG,27,27,0.5,5.5
1,1991,55,OB,20,35,0.3636363636363637,8.0
2,1991,55,롯데,27,27,0.5,5.5
3,1991,55,빙그레,29,24,0.5471698113207547,2.0
4,1991,55,삼성,29,26,0.5272727272727272,3.0
5,1991,55,쌍방울,22,33,0.4,7.0
6,1991,55,태평양,28,27,0.509090909090909,4.0
7,1991,55,해태,36,19,0.6545454545454545,1.0
