,Year,Game_idx,Team1,cum_win,cum_lose,Wpct,rank
0,2004,122,KIA,62,56,0.5254237288135594,4.0
1,2004,122,LG,55,63,0.4661016949152542,6.0
2,2004,122,SK,59,55,0.5175438596491229,5.0
3,2004,122,두산,64,57,0.5289256198347108,3.0
4,2004,122,롯데,44,67,0.3963963963963964,8.0
5,2004,122,삼성,67,48,0.5826086956521739,1.0
6,2004,122,한화,48,68,0.4137931034482759,7.0
7,2004,122,현대,68,49,0.5811965811965812,2.0
