,Year,Game_idx,Team1,cum_win,cum_lose,Wpct,rank
0,1993,17,LG,10,7,0.5882352941176471,3.5
1,1993,17,OB,6,11,0.35294117647058826,6.0
2,1993,17,롯데,9,8,0.5294117647058824,5.0
3,1993,17,빙그레,10,7,0.5882352941176471,3.5
4,1993,17,삼성,11,5,0.6875,2.0
5,1993,17,쌍방울,5,12,0.29411764705882354,8.0
6,1993,17,태평양,5,11,0.3125,7.0
7,1993,17,해태,13,4,0.7647058823529411,1.0
