,Year,Game_idx,Team1,cum_win,cum_lose,Wpct,rank
0,1998,29,LG,14,15,0.4827586206896552,3.5
1,1998,29,OB,13,16,0.4482758620689655,5.5
2,1998,29,롯데,11,16,0.4074074074074074,7.5
3,1998,29,삼성,17,12,0.5862068965517241,2.0
4,1998,29,쌍방울,14,15,0.4827586206896552,3.5
5,1998,29,한화,11,16,0.4074074074074074,7.5
6,1998,29,해태,13,16,0.4482758620689655,5.5
7,1998,29,현대,21,8,0.7241379310344828,1.0
