,Year,Game_idx,Team1,cum_win,cum_lose,Wpct,rank
0,2000,86,LG,41,42,0.4939759036144578,5.0
1,2000,86,SK,22,62,0.2619047619047619,8.0
2,2000,86,두산,53,33,0.6162790697674418,2.0
3,2000,86,롯데,43,42,0.5058823529411764,4.0
4,2000,86,삼성,49,34,0.5903614457831325,3.0
5,2000,86,한화,34,48,0.4146341463414634,7.0
6,2000,86,해태,37,47,0.4404761904761905,6.0
7,2000,86,현대,57,28,0.6705882352941176,1.0
