,Year,Game_idx,Team1,cum_win,cum_lose,Wpct,rank
0,1999,104,LG,51,53,0.4903846153846154,6.0
1,1999,104,두산,56,43,0.5656565656565656,2.0
2,1999,104,롯데,58,41,0.5858585858585859,1.0
3,1999,104,삼성,56,46,0.5490196078431373,3.0
4,1999,104,쌍방울,23,76,0.2323232323232323,8.0
5,1999,104,한화,53,49,0.5196078431372549,5.0
6,1999,104,해태,50,52,0.4901960784313725,7.0
7,1999,104,현대,53,46,0.5353535353535354,4.0
