,Year,Game_idx,Team1,cum_win,cum_lose,Wpct,rank
0,2001,115,KIA,51,59,0.4636363636363636,4.0
1,2001,115,LG,48,60,0.4444444444444444,7.0
2,2001,115,SK,49,64,0.4336283185840708,8.0
3,2001,115,두산,58,52,0.5272727272727272,3.0
4,2001,115,롯데,50,61,0.4504504504504505,6.0
5,2001,115,삼성,73,42,0.6347826086956522,1.0
6,2001,115,한화,51,60,0.4594594594594595,5.0
7,2001,115,현대,65,47,0.5803571428571429,2.0
