,Year,Game_idx,Team1,cum_win,cum_lose,Wpct,rank
0,1998,70,LG,34,35,0.4927536231884058,3.0
1,1998,70,OB,32,37,0.463768115942029,6.0
2,1998,70,롯데,27,40,0.4029850746268657,8.0
3,1998,70,삼성,38,31,0.5507246376811594,2.0
4,1998,70,쌍방울,33,37,0.4714285714285714,4.0
5,1998,70,한화,32,36,0.4705882352941176,5.0
6,1998,70,해태,31,39,0.4428571428571429,7.0
7,1998,70,현대,47,23,0.6714285714285714,1.0
