,Year,Game_idx,Team1,cum_win,cum_lose,Wpct,rank
0,2002,120,KIA,71,45,0.6120689655172413,2.0
1,2002,120,LG,59,55,0.5175438596491229,4.0
2,2002,120,SK,56,61,0.4786324786324786,6.0
3,2002,120,두산,60,58,0.5084745762711864,5.0
4,2002,120,롯데,30,89,0.25210084033613445,8.0
5,2002,120,삼성,73,43,0.6293103448275862,1.0
6,2002,120,한화,55,60,0.4782608695652174,7.0
7,2002,120,현대,63,52,0.5478260869565217,3.0
