,Year,Game_idx,Team1,cum_win,cum_lose,Wpct,rank
0,2015,15,KIA,8,7,0.5333333333333333,5.5
1,2015,15,LG,7,8,0.4666666666666667,7.5
2,2015,15,NC,8,7,0.5333333333333333,5.5
3,2015,15,SK,9,6,0.6,3.0
4,2015,15,kt,2,13,0.13333333333333333,10.0
5,2015,15,넥센,6,9,0.4,9.0
6,2015,15,두산,9,6,0.6,3.0
7,2015,15,롯데,9,6,0.6,3.0
8,2015,15,삼성,10,5,0.6666666666666666,1.0
9,2015,15,한화,7,8,0.4666666666666667,7.5
