,Year,Game_idx,Team1,cum_win,cum_lose,Wpct,rank
0,2012,99,KIA,47,48,0.4947368421052632,5.0
1,2012,99,LG,43,53,0.4479166666666667,7.0
2,2012,99,SK,51,46,0.5257731958762887,4.0
3,2012,99,넥센,47,50,0.4845360824742268,6.0
4,2012,99,두산,53,45,0.5408163265306123,2.0
5,2012,99,롯데,50,45,0.5263157894736842,3.0
6,2012,99,삼성,56,41,0.5773195876288659,1.0
7,2012,99,한화,38,59,0.3917525773195876,8.0
