,Year,Game_idx,Team1,cum_win,cum_lose,Wpct,rank
0,1991,112,LG,51,60,0.4594594594594595,5.0
1,1991,112,OB,41,69,0.3727272727272728,8.0
2,1991,112,롯데,53,56,0.4862385321100918,4.0
3,1991,112,빙그레,64,43,0.5981308411214953,2.0
4,1991,112,삼성,63,48,0.5675675675675675,3.0
5,1991,112,쌍방울,46,63,0.4220183486238532,7.0
6,1991,112,태평양,48,62,0.4363636363636363,6.0
7,1991,112,해태,68,39,0.6355140186915887,1.0
