,Year,Game_idx,Team1,cum_win,cum_lose,Wpct,rank
0,1999,114,LG,57,57,0.5,6.0
1,1999,114,두산,63,46,0.5779816513761468,1.5
2,1999,114,롯데,63,46,0.5779816513761468,1.5
3,1999,114,삼성,62,50,0.5535714285714286,3.0
4,1999,114,쌍방울,27,82,0.24770642201834864,8.0
5,1999,114,한화,59,53,0.5267857142857143,5.0
6,1999,114,해태,54,58,0.4821428571428572,7.0
7,1999,114,현대,58,51,0.5321100917431193,4.0
