,Year,Game_idx,Team1,cum_win,cum_lose,Wpct,rank
0,1993,82,LG,50,31,0.6172839506172839,2.0
1,1993,82,OB,40,37,0.5194805194805194,4.0
2,1993,82,롯데,39,43,0.475609756097561,5.0
3,1993,82,빙그레,35,45,0.4375,6.0
4,1993,82,삼성,42,36,0.5384615384615384,3.0
5,1993,82,쌍방울,33,45,0.4230769230769231,7.0
6,1993,82,태평양,25,50,0.3333333333333333,8.0
7,1993,82,해태,52,29,0.6419753086419753,1.0
