,Year,Game_idx,Team1,cum_win,cum_lose,Wpct,rank
0,1992,123,LG,53,67,0.44166666666666665,7.0
1,1992,123,OB,55,64,0.4621848739495799,5.0
2,1992,123,롯데,70,53,0.5691056910569106,3.0
3,1992,123,빙그레,78,43,0.6446280991735537,1.0
4,1992,123,삼성,65,56,0.5371900826446281,4.0
5,1992,123,쌍방울,41,81,0.3360655737704918,8.0
6,1992,123,태평양,54,66,0.45,6.0
7,1992,123,해태,71,51,0.5819672131147541,2.0
