,Year,Game_idx,Team1,cum_win,cum_lose,Wpct,rank
0,2011,24,KIA,11,13,0.4583333333333333,5.5
1,2011,24,LG,13,11,0.5416666666666666,3.5
2,2011,24,SK,18,6,0.75,1.0
3,2011,24,넥센,11,13,0.4583333333333333,5.5
4,2011,24,두산,14,9,0.6086956521739131,2.0
5,2011,24,롯데,8,14,0.3636363636363637,7.0
6,2011,24,삼성,13,11,0.5416666666666666,3.5
7,2011,24,한화,7,16,0.3043478260869565,8.0
