,Year,Game_idx,Team1,cum_win,cum_lose,Wpct,rank
0,2004,112,KIA,53,55,0.4907407407407408,5.0
1,2004,112,LG,51,57,0.4722222222222222,6.0
2,2004,112,SK,52,53,0.4952380952380953,4.0
3,2004,112,두산,59,52,0.5315315315315315,3.0
4,2004,112,롯데,40,61,0.3960396039603961,8.0
5,2004,112,삼성,63,43,0.5943396226415094,1.0
6,2004,112,한화,46,60,0.4339622641509434,7.0
7,2004,112,현대,62,45,0.5794392523364486,2.0
