,Year,Game_idx,Team1,cum_win,cum_lose,Wpct,rank
0,2002,128,KIA,77,47,0.6209677419354839,2.0
1,2002,128,LG,64,58,0.5245901639344263,4.0
2,2002,128,SK,57,68,0.456,7.0
3,2002,128,두산,64,62,0.5079365079365079,5.0
4,2002,128,롯데,33,94,0.2598425196850393,8.0
5,2002,128,삼성,79,45,0.6370967741935484,1.0
6,2002,128,한화,57,66,0.4634146341463415,6.0
7,2002,128,현대,68,55,0.5528455284552846,3.0
