,Year,Game_idx,Team1,cum_win,cum_lose,Wpct,rank
0,2008,123,KIA,55,68,0.4471544715447153,6.0
1,2008,123,LG,44,79,0.3577235772357724,8.0
2,2008,123,SK,82,41,0.6666666666666666,1.0
3,2008,123,두산,69,54,0.5609756097560976,2.0
4,2008,123,롯데,68,55,0.5528455284552846,3.0
5,2008,123,삼성,63,60,0.5121951219512195,4.0
6,2008,123,한화,62,61,0.5040650406504065,5.0
7,2008,123,히어로즈,48,75,0.3902439024390244,7.0
