,Year,Game_idx,Team1,cum_win,cum_lose,Wpct,rank
0,1993,115,LG,64,49,0.5663716814159292,3.0
1,1993,115,OB,59,51,0.5363636363636364,4.0
2,1993,115,롯데,56,58,0.4912280701754386,5.0
3,1993,115,빙그레,54,57,0.4864864864864865,6.0
4,1993,115,삼성,66,44,0.6,2.0
5,1993,115,쌍방울,39,71,0.3545454545454545,7.0
6,1993,115,태평양,32,73,0.3047619047619048,8.0
7,1993,115,해태,74,39,0.6548672566371682,1.0
