,Year,Game_idx,Team1,cum_win,cum_lose,Wpct,rank
0,1995,24,LG,13,11,0.5416666666666666,2.5
1,1995,24,OB,15,9,0.625,1.0
2,1995,24,롯데,11,13,0.4583333333333333,5.0
3,1995,24,삼성,10,14,0.4166666666666667,7.0
4,1995,24,쌍방울,9,15,0.375,8.0
5,1995,24,태평양,11,13,0.4583333333333333,5.0
6,1995,24,한화,13,11,0.5416666666666666,2.5
7,1995,24,해태,11,13,0.4583333333333333,5.0
