,Year,Game_idx,Team1,cum_win,cum_lose,Wpct,rank
0,2007,48,KIA,19,28,0.40425531914893614,8.0
1,2007,48,LG,23,23,0.5,5.5
2,2007,48,SK,24,20,0.5454545454545454,2.0
3,2007,48,두산,26,21,0.5531914893617021,1.0
4,2007,48,롯데,23,23,0.5,5.5
5,2007,48,삼성,24,21,0.5333333333333333,3.0
6,2007,48,한화,25,22,0.5319148936170213,4.0
7,2007,48,현대,22,26,0.4583333333333333,7.0
