,Year,Game_idx,Team1,cum_win,cum_lose,Wpct,rank
0,1992,126,LG,53,70,0.43089430894308944,7.0
1,1992,126,OB,56,66,0.459016393442623,5.0
2,1992,126,롯데,71,55,0.5634920634920635,3.0
3,1992,126,빙그레,81,43,0.6532258064516129,1.0
4,1992,126,삼성,67,57,0.5403225806451613,4.0
5,1992,126,쌍방울,41,84,0.32799999999999996,8.0
6,1992,126,태평양,56,67,0.4552845528455284,6.0
7,1992,126,해태,71,54,0.568,2.0
