,Year,Game_idx,Team1,cum_win,cum_lose,Wpct,rank
0,1995,36,LG,21,15,0.5833333333333334,2.0
1,1995,36,OB,21,14,0.6,1.0
2,1995,36,롯데,18,18,0.5,3.5
3,1995,36,삼성,16,18,0.4705882352941176,6.0
4,1995,36,쌍방울,15,21,0.4166666666666667,8.0
5,1995,36,태평양,15,20,0.42857142857142855,7.0
6,1995,36,한화,18,18,0.5,3.5
7,1995,36,해태,17,19,0.4722222222222222,5.0
