,Year,Game_idx,Team1,cum_win,cum_lose,Wpct,rank
0,2011,63,KIA,36,27,0.5714285714285714,3.0
1,2011,63,LG,34,29,0.5396825396825397,4.0
2,2011,63,SK,38,25,0.6031746031746031,1.0
3,2011,63,넥센,23,40,0.36507936507936506,8.0
4,2011,63,두산,26,35,0.4262295081967213,7.0
5,2011,63,롯데,28,32,0.4666666666666667,5.0
6,2011,63,삼성,35,26,0.5737704918032787,2.0
7,2011,63,한화,27,35,0.4354838709677419,6.0
