,Year,Game_idx,Team1,cum_win,cum_lose,Wpct,rank
0,1995,118,LG,69,45,0.6052631578947368,1.0
1,1995,118,OB,68,45,0.6017699115044248,2.0
2,1995,118,롯데,61,52,0.5398230088495575,3.0
3,1995,118,삼성,58,54,0.5178571428571429,4.0
4,1995,118,쌍방울,42,73,0.3652173913043478,8.0
5,1995,118,태평양,46,67,0.4070796460176992,7.0
6,1995,118,한화,52,66,0.4406779661016949,6.0
7,1995,118,해태,59,55,0.5175438596491229,5.0
