,Year,Game_idx,Team1,cum_win,cum_lose,Wpct,rank
0,2015,53,KIA,26,27,0.490566037735849,8.0
1,2015,53,LG,22,30,0.4230769230769231,9.0
2,2015,53,NC,30,22,0.5769230769230769,2.0
3,2015,53,SK,26,26,0.5,7.0
4,2015,53,kt,10,43,0.18867924528301888,10.0
5,2015,53,넥센,29,23,0.5576923076923077,4.0
6,2015,53,두산,30,23,0.5660377358490566,3.0
7,2015,53,롯데,28,25,0.5283018867924528,5.0
8,2015,53,삼성,33,20,0.6226415094339622,1.0
9,2015,53,한화,27,26,0.5094339622641509,6.0
