,Year,Game_idx,Team1,cum_win,cum_lose,Wpct,rank
0,1998,91,LG,45,45,0.5,3.0
1,1998,91,OB,40,50,0.4444444444444444,6.0
2,1998,91,롯데,38,50,0.4318181818181818,7.0
3,1998,91,삼성,49,40,0.5505617977528089,2.0
4,1998,91,쌍방울,43,47,0.4777777777777778,5.0
5,1998,91,한화,42,45,0.4827586206896552,4.0
6,1998,91,해태,39,52,0.42857142857142855,8.0
7,1998,91,현대,59,32,0.6483516483516484,1.0
