,Year,Game_idx,Team1,cum_win,cum_lose,Wpct,rank
0,1998,66,LG,33,32,0.5076923076923077,3.0
1,1998,66,OB,30,35,0.4615384615384616,6.0
2,1998,66,롯데,25,38,0.3968253968253968,8.0
3,1998,66,삼성,36,29,0.5538461538461539,2.0
4,1998,66,쌍방울,32,34,0.4848484848484849,4.0
5,1998,66,한화,31,33,0.484375,5.0
6,1998,66,해태,29,37,0.4393939393939394,7.0
7,1998,66,현대,46,20,0.696969696969697,1.0
