,Year,Game_idx,Team1,cum_win,cum_lose,Wpct,rank
0,1996,26,LG,10,15,0.4,7.0
1,1996,26,OB,15,11,0.5769230769230769,2.0
2,1996,26,롯데,12,13,0.48,5.0
3,1996,26,삼성,13,12,0.52,4.0
4,1996,26,쌍방울,14,12,0.5384615384615384,3.0
5,1996,26,한화,10,16,0.38461538461538464,8.0
6,1996,26,해태,11,15,0.4230769230769231,6.0
7,1996,26,현대,17,8,0.68,1.0
