,Year,Game_idx,Team1,cum_win,cum_lose,Wpct,rank
0,1993,39,LG,23,16,0.5897435897435898,2.0
1,1993,39,OB,18,19,0.4864864864864865,5.5
2,1993,39,롯데,20,19,0.5128205128205128,4.0
3,1993,39,빙그레,21,18,0.5384615384615384,3.0
4,1993,39,삼성,18,19,0.4864864864864865,5.5
5,1993,39,쌍방울,12,26,0.3157894736842105,7.0
6,1993,39,태평양,11,24,0.3142857142857143,8.0
7,1993,39,해태,27,11,0.7105263157894737,1.0
