,Year,Game_idx,Team1,cum_win,cum_lose,Wpct,rank
0,2005,68,KIA,29,38,0.4328358208955224,8.0
1,2005,68,LG,30,38,0.4411764705882353,7.0
2,2005,68,SK,30,34,0.46875,4.0
3,2005,68,두산,41,25,0.6212121212121212,2.0
4,2005,68,롯데,31,37,0.4558823529411765,6.0
5,2005,68,삼성,43,24,0.6417910447761194,1.0
6,2005,68,한화,33,34,0.4925373134328358,3.0
7,2005,68,현대,31,36,0.4626865671641791,5.0
