,Year,Game_idx,Team1,cum_win,cum_lose,Wpct,rank
0,2009,96,KIA,55,37,0.5978260869565217,1.0
1,2009,96,LG,41,52,0.4408602150537633,7.0
2,2009,96,SK,52,39,0.5714285714285714,3.0
3,2009,96,두산,54,40,0.5744680851063829,2.0
4,2009,96,롯데,50,46,0.5208333333333334,4.0
5,2009,96,삼성,48,48,0.5,5.0
6,2009,96,한화,31,62,0.3333333333333333,8.0
7,2009,96,히어로즈,45,50,0.4736842105263158,6.0
