,Year,Game_idx,Team1,cum_win,cum_lose,Wpct,rank
0,2011,93,KIA,54,39,0.5806451612903226,2.0
1,2011,93,LG,45,48,0.4838709677419355,5.0
2,2011,93,SK,52,41,0.5591397849462365,3.0
3,2011,93,넥센,36,57,0.3870967741935484,8.0
4,2011,93,두산,40,51,0.4395604395604396,6.0
5,2011,93,롯데,45,45,0.5,4.0
6,2011,93,삼성,56,35,0.6153846153846154,1.0
7,2011,93,한화,39,53,0.4239130434782609,7.0
