,Year,Game_idx,Team1,cum_win,cum_lose,Wpct,rank
0,2011,128,KIA,68,60,0.53125,4.0
1,2011,128,LG,58,69,0.4566929133858268,5.0
2,2011,128,SK,68,57,0.544,3.0
3,2011,128,넥센,50,76,0.3968253968253968,8.0
4,2011,128,두산,56,70,0.4444444444444444,7.0
5,2011,128,롯데,68,55,0.5528455284552846,2.0
6,2011,128,삼성,77,48,0.616,1.0
7,2011,128,한화,57,69,0.4523809523809524,6.0
