,Year,Game_idx,Team1,cum_win,cum_lose,Wpct,rank
0,2001,69,KIA,32,35,0.4776119402985074,4.0
1,2001,69,LG,28,38,0.42424242424242425,6.0
2,2001,69,SK,28,40,0.4117647058823529,7.0
3,2001,69,두산,34,32,0.5151515151515151,3.0
4,2001,69,롯데,27,39,0.4090909090909091,8.0
5,2001,69,삼성,44,25,0.6376811594202898,1.0
6,2001,69,한화,31,37,0.4558823529411765,5.0
7,2001,69,현대,43,25,0.6323529411764706,2.0
