,Year,Game_idx,Team1,cum_win,cum_lose,Wpct,rank
0,2016,8,KIA,4,4,0.5,6.0
1,2016,8,LG,4,4,0.5,6.0
2,2016,8,NC,4,4,0.5,6.0
3,2016,8,SK,4,4,0.5,6.0
4,2016,8,kt,4,4,0.5,6.0
5,2016,8,넥센,4,3,0.5714285714285714,1.5
6,2016,8,두산,4,3,0.5714285714285714,1.5
7,2016,8,롯데,4,4,0.5,6.0
8,2016,8,삼성,4,4,0.5,6.0
9,2016,8,한화,2,6,0.25,10.0
