,Year,Game_idx,Team1,cum_win,cum_lose,Wpct,rank
0,2004,25,KIA,12,13,0.48,5.0
1,2004,25,LG,14,10,0.5833333333333334,2.0
2,2004,25,SK,11,13,0.4583333333333333,6.5
3,2004,25,두산,12,12,0.5,4.0
4,2004,25,롯데,9,15,0.375,8.0
5,2004,25,삼성,12,11,0.5217391304347826,3.0
6,2004,25,한화,11,13,0.4583333333333333,6.5
7,2004,25,현대,15,9,0.625,1.0
