,Year,Game_idx,Team1,cum_win,cum_lose,Wpct,rank
0,2003,84,KIA,43,39,0.5243902439024389,4.0
1,2003,84,LG,42,40,0.5121951219512195,5.0
2,2003,84,SK,49,33,0.5975609756097561,3.0
3,2003,84,두산,30,54,0.35714285714285715,7.0
4,2003,84,롯데,22,59,0.2716049382716049,8.0
5,2003,84,삼성,52,30,0.6341463414634146,2.0
6,2003,84,한화,38,43,0.4691358024691358,6.0
7,2003,84,현대,53,29,0.6463414634146342,1.0
