,Year,Game_idx,Team1,cum_win,cum_lose,Wpct,rank
0,1999,68,LG,34,34,0.5,5.0
1,1999,68,두산,38,26,0.59375,2.0
2,1999,68,롯데,42,22,0.65625,1.0
3,1999,68,삼성,35,31,0.5303030303030303,4.0
4,1999,68,쌍방울,15,48,0.2380952380952381,8.0
5,1999,68,한화,30,36,0.4545454545454545,7.0
6,1999,68,해태,32,34,0.4848484848484849,6.0
7,1999,68,현대,34,29,0.5396825396825397,3.0
