,Year,Game_idx,Team1,cum_win,cum_lose,Wpct,rank
0,1992,99,LG,38,58,0.3958333333333333,7.0
1,1992,99,OB,44,52,0.4583333333333333,5.0
2,1992,99,롯데,57,42,0.5757575757575758,3.0
3,1992,99,빙그레,60,37,0.6185567010309279,1.0
4,1992,99,삼성,52,45,0.5360824742268041,4.0
5,1992,99,쌍방울,34,64,0.3469387755102041,8.0
6,1992,99,태평양,43,53,0.4479166666666667,6.0
7,1992,99,해태,60,39,0.6060606060606061,2.0
