,Year,Game_idx,Team1,cum_win,cum_lose,Wpct,rank
0,1991,31,LG,17,13,0.5666666666666667,2.5
1,1991,31,OB,13,18,0.41935483870967744,7.0
2,1991,31,롯데,14,17,0.4516129032258064,6.0
3,1991,31,빙그레,17,13,0.5666666666666667,2.5
4,1991,31,삼성,17,14,0.5483870967741935,4.0
5,1991,31,쌍방울,9,22,0.2903225806451613,8.0
6,1991,31,태평양,15,16,0.4838709677419355,5.0
7,1991,31,해태,21,10,0.6774193548387096,1.0
