,Year,Game_idx,Team1,cum_win,cum_lose,Wpct,rank
0,2012,57,KIA,24,29,0.4528301886792453,7.0
1,2012,57,LG,29,26,0.5272727272727272,2.5
2,2012,57,SK,32,24,0.5714285714285714,1.0
3,2012,57,넥센,29,26,0.5272727272727272,2.5
4,2012,57,두산,29,27,0.5178571428571429,5.5
5,2012,57,롯데,28,26,0.5185185185185185,4.0
6,2012,57,삼성,29,27,0.5178571428571429,5.5
7,2012,57,한화,20,36,0.35714285714285715,8.0
