,Year,Game_idx,Team1,cum_win,cum_lose,Wpct,rank
0,1990,120,LG,71,49,0.5916666666666667,1.0
1,1990,120,OB,35,80,0.3043478260869565,7.0
2,1990,120,롯데,44,71,0.3826086956521739,6.0
3,1990,120,빙그레,68,50,0.576271186440678,3.0
4,1990,120,삼성,66,52,0.559322033898305,4.0
5,1990,120,태평양,58,59,0.4957264957264957,5.0
6,1990,120,해태,68,49,0.5811965811965812,2.0
