,Year,Game_idx,Team1,cum_win,cum_lose,Wpct,rank
0,2003,80,KIA,41,37,0.5256410256410257,4.0
1,2003,80,LG,40,38,0.5128205128205128,5.0
2,2003,80,SK,48,31,0.6075949367088608,3.0
3,2003,80,두산,27,53,0.3375,7.0
4,2003,80,롯데,22,55,0.2857142857142857,8.0
5,2003,80,삼성,52,26,0.6666666666666666,1.0
6,2003,80,한화,37,40,0.4805194805194805,6.0
7,2003,80,현대,50,28,0.6410256410256411,2.0
