,Year,Game_idx,Team1,cum_win,cum_lose,Wpct,rank
0,1994,83,LG,53,30,0.6385542168674698,1.0
1,1994,83,OB,36,46,0.4390243902439024,7.0
2,1994,83,롯데,36,44,0.45,6.0
3,1994,83,삼성,41,41,0.5,5.0
4,1994,83,쌍방울,28,53,0.34567901234567894,8.0
5,1994,83,태평양,44,37,0.5432098765432098,3.0
6,1994,83,한화,46,36,0.5609756097560976,2.0
7,1994,83,해태,43,38,0.5308641975308642,4.0
