,Year,Game_idx,Team1,cum_win,cum_lose,Wpct,rank
0,1997,93,LG,52,39,0.5714285714285714,2.0
1,1997,93,OB,45,44,0.5056179775280899,5.0
2,1997,93,롯데,37,55,0.4021739130434783,7.0
3,1997,93,삼성,49,38,0.5632183908045977,3.0
4,1997,93,쌍방울,51,41,0.5543478260869565,4.0
5,1997,93,한화,36,55,0.3956043956043956,8.0
6,1997,93,해태,56,36,0.6086956521739131,1.0
7,1997,93,현대,38,51,0.42696629213483145,6.0
