,Year,Game_idx,Team1,cum_win,cum_lose,Wpct,rank
0,1997,41,LG,26,14,0.65,1.0
1,1997,41,OB,21,18,0.5384615384615384,4.0
2,1997,41,롯데,16,25,0.3902439024390244,7.0
3,1997,41,삼성,22,17,0.5641025641025641,3.0
4,1997,41,쌍방울,19,22,0.4634146341463415,5.0
5,1997,41,한화,12,27,0.3076923076923077,8.0
6,1997,41,해태,26,15,0.6341463414634146,2.0
7,1997,41,현대,17,22,0.4358974358974359,6.0
