,Year,Game_idx,Team1,cum_win,cum_lose,Wpct,rank
0,1997,66,LG,41,23,0.640625,1.0
1,1997,66,OB,36,27,0.5714285714285714,4.0
2,1997,66,롯데,23,42,0.3538461538461539,8.0
3,1997,66,삼성,36,26,0.5806451612903226,3.0
4,1997,66,쌍방울,33,32,0.5076923076923077,5.0
5,1997,66,한화,25,39,0.390625,6.0
6,1997,66,해태,39,26,0.6,2.0
7,1997,66,현대,24,39,0.3809523809523809,7.0
