,Year,Game_idx,Team1,cum_win,cum_lose,Wpct,rank
0,1994,38,LG,26,12,0.6842105263157895,1.0
1,1994,38,OB,17,21,0.4473684210526316,5.5
2,1994,38,롯데,16,20,0.4444444444444444,7.0
3,1994,38,삼성,17,20,0.4594594594594595,4.0
4,1994,38,쌍방울,14,23,0.3783783783783784,8.0
5,1994,38,태평양,20,16,0.5555555555555556,3.0
6,1994,38,한화,17,21,0.4473684210526316,5.5
7,1994,38,해태,21,15,0.5833333333333334,2.0
