,Year,Game_idx,Team1,cum_win,cum_lose,Wpct,rank
0,2013,113,KIA,48,63,0.4324324324324325,7.0
1,2013,113,LG,67,46,0.5929203539823009,1.0
2,2013,113,NC,46,63,0.4220183486238532,8.0
3,2013,113,SK,56,55,0.5045045045045045,6.0
4,2013,113,넥센,62,49,0.5585585585585585,4.0
5,2013,113,두산,63,48,0.5675675675675675,3.0
6,2013,113,롯데,55,54,0.5045871559633027,5.0
7,2013,113,삼성,64,47,0.5765765765765766,2.0
8,2013,113,한화,37,75,0.33035714285714285,9.0
