,Year,Game_idx,Team1,cum_win,cum_lose,Wpct,rank
0,1993,111,LG,61,48,0.5596330275229358,3.0
1,1993,111,OB,58,48,0.5471698113207547,4.0
2,1993,111,롯데,55,55,0.5,5.0
3,1993,111,빙그레,50,57,0.4672897196261682,6.0
4,1993,111,삼성,63,43,0.5943396226415094,2.0
5,1993,111,쌍방울,38,68,0.3584905660377358,7.0
6,1993,111,태평양,32,69,0.31683168316831684,8.0
7,1993,111,해태,71,38,0.6513761467889908,1.0
