,Year,Game_idx,Team1,cum_win,cum_lose,Wpct,rank
0,2007,73,KIA,26,46,0.3611111111111111,8.0
1,2007,73,LG,36,34,0.5142857142857142,4.0
2,2007,73,SK,42,26,0.6176470588235294,1.0
3,2007,73,두산,38,33,0.5352112676056338,3.0
4,2007,73,롯데,33,38,0.4647887323943662,7.0
5,2007,73,삼성,34,36,0.4857142857142857,5.0
6,2007,73,한화,39,32,0.5492957746478874,2.0
7,2007,73,현대,34,39,0.4657534246575342,6.0
