,Year,Game_idx,Team1,cum_win,cum_lose,Wpct,rank
0,1993,45,LG,27,18,0.6,2.0
1,1993,45,OB,20,22,0.4761904761904762,6.0
2,1993,45,롯데,23,22,0.5111111111111111,3.5
3,1993,45,빙그레,23,22,0.5111111111111111,3.5
4,1993,45,삼성,21,22,0.4883720930232558,5.0
5,1993,45,쌍방울,17,27,0.3863636363636364,7.0
6,1993,45,태평양,12,29,0.2926829268292683,8.0
7,1993,45,해태,32,12,0.7272727272727273,1.0
