,Year,Game_idx,Team1,cum_win,cum_lose,Wpct,rank
0,1989,119,MBC,49,66,0.4260869565217391,6.0
1,1989,119,OB,53,63,0.456896551724138,5.0
2,1989,119,롯데,47,67,0.412280701754386,7.0
3,1989,119,빙그레,71,45,0.6120689655172413,1.0
4,1989,119,삼성,57,57,0.5,4.0
5,1989,119,태평양,61,54,0.5304347826086957,3.0
6,1989,119,해태,65,50,0.5652173913043478,2.0
