,Year,Game_idx,Team1,cum_win,cum_lose,Wpct,rank
0,2007,125,KIA,51,73,0.4112903225806452,8.0
1,2007,125,LG,58,61,0.4873949579831933,5.0
2,2007,125,SK,72,48,0.6,1.0
3,2007,125,두산,70,53,0.5691056910569106,2.0
4,2007,125,롯데,54,68,0.4426229508196721,7.0
5,2007,125,삼성,62,59,0.5123966942148761,4.0
6,2007,125,한화,66,57,0.5365853658536586,3.0
7,2007,125,현대,55,69,0.4435483870967742,6.0
