,Year,Game_idx,Team1,cum_win,cum_lose,Wpct,rank
0,2001,35,KIA,17,17,0.5,6.0
1,2001,35,LG,9,25,0.2647058823529412,8.0
2,2001,35,SK,18,16,0.5294117647058824,5.0
3,2001,35,두산,20,13,0.6060606060606061,1.0
4,2001,35,롯데,13,21,0.38235294117647056,7.0
5,2001,35,삼성,21,14,0.6,2.0
6,2001,35,한화,19,16,0.5428571428571428,4.0
7,2001,35,현대,20,15,0.5714285714285714,3.0
