,Year,Game_idx,Team1,cum_win,cum_lose,Wpct,rank
0,2016,107,KIA,52,54,0.490566037735849,5.0
1,2016,107,LG,50,56,0.4716981132075472,6.0
2,2016,107,NC,63,42,0.6,2.0
3,2016,107,SK,53,54,0.4953271028037383,4.0
4,2016,107,kt,41,64,0.3904761904761905,10.0
5,2016,107,넥센,59,47,0.5566037735849056,3.0
6,2016,107,두산,67,39,0.6320754716981132,1.0
7,2016,107,롯데,48,59,0.4485981308411215,8.0
8,2016,107,삼성,47,59,0.4433962264150944,9.0
9,2016,107,한화,47,57,0.4519230769230769,7.0
