,Year,Game_idx,Team1,cum_win,cum_lose,Wpct,rank
0,2013,52,KIA,26,25,0.5098039215686274,5.0
1,2013,52,LG,28,24,0.5384615384615384,3.0
2,2013,52,NC,19,31,0.38,8.0
3,2013,52,SK,23,28,0.4509803921568628,7.0
4,2013,52,넥센,32,19,0.6274509803921569,2.0
5,2013,52,두산,25,26,0.4901960784313725,6.0
6,2013,52,롯데,26,24,0.52,4.0
7,2013,52,삼성,33,18,0.6470588235294118,1.0
8,2013,52,한화,16,35,0.3137254901960784,9.0
