,Year,Game_idx,Team1,cum_win,cum_lose,Wpct,rank
0,1998,73,LG,35,37,0.4861111111111111,3.0
1,1998,73,OB,33,39,0.4583333333333333,6.0
2,1998,73,롯데,29,41,0.4142857142857143,8.0
3,1998,73,삼성,40,32,0.5555555555555556,2.0
4,1998,73,쌍방울,35,38,0.4794520547945205,4.0
5,1998,73,한화,34,37,0.4788732394366197,5.0
6,1998,73,해태,32,41,0.4383561643835616,7.0
7,1998,73,현대,48,25,0.6575342465753424,1.0
