,Year,Game_idx,Team1,cum_win,cum_lose,Wpct,rank
0,1996,42,LG,18,22,0.45,7.0
1,1996,42,OB,20,21,0.4878048780487805,5.0
2,1996,42,롯데,17,24,0.4146341463414634,8.0
3,1996,42,삼성,22,18,0.55,2.0
4,1996,42,쌍방울,21,20,0.5121951219512195,3.0
5,1996,42,한화,21,21,0.5,4.0
6,1996,42,해태,20,22,0.4761904761904762,6.0
7,1996,42,현대,25,16,0.6097560975609756,1.0
