,Year,Game_idx,Team1,cum_win,cum_lose,Wpct,rank
0,1990,110,LG,64,46,0.5818181818181818,2.0
1,1990,110,OB,34,72,0.3207547169811321,7.0
2,1990,110,롯데,40,66,0.37735849056603776,6.0
3,1990,110,빙그레,64,44,0.5925925925925926,1.0
4,1990,110,삼성,62,46,0.5740740740740741,3.0
5,1990,110,태평양,52,55,0.485981308411215,5.0
6,1990,110,해태,61,46,0.5700934579439252,4.0
