,Year,Game_idx,Team1,cum_win,cum_lose,Wpct,rank
0,2001,23,KIA,10,12,0.4545454545454545,6.0
1,2001,23,LG,7,16,0.3043478260869565,8.0
2,2001,23,SK,13,10,0.5652173913043478,4.0
3,2001,23,두산,14,8,0.6363636363636364,1.0
4,2001,23,롯데,8,15,0.3478260869565217,7.0
5,2001,23,삼성,14,9,0.6086956521739131,2.5
6,2001,23,한화,14,9,0.6086956521739131,2.5
7,2001,23,현대,12,11,0.5217391304347826,5.0
