,Year,Game_idx,Team1,cum_win,cum_lose,Wpct,rank
0,2001,66,KIA,30,34,0.46875,4.0
1,2001,66,LG,27,36,0.42857142857142855,6.0
2,2001,66,SK,27,38,0.4153846153846154,7.5
3,2001,66,두산,32,31,0.5079365079365079,3.0
4,2001,66,롯데,27,38,0.4153846153846154,7.5
5,2001,66,삼성,42,24,0.6363636363636364,2.0
6,2001,66,한화,30,35,0.4615384615384616,5.0
7,2001,66,현대,42,23,0.6461538461538462,1.0
