,Year,Game_idx,Team1,cum_win,cum_lose,Wpct,rank
0,2003,90,KIA,47,40,0.5402298850574713,4.0
1,2003,90,LG,47,41,0.5340909090909091,5.0
2,2003,90,SK,50,38,0.5681818181818182,3.0
3,2003,90,두산,32,57,0.3595505617977528,7.0
4,2003,90,롯데,22,65,0.25287356321839083,8.0
5,2003,90,삼성,56,32,0.6363636363636364,2.0
6,2003,90,한화,42,45,0.4827586206896552,6.0
7,2003,90,현대,58,30,0.6590909090909091,1.0
