,Year,Game_idx,Team1,cum_win,cum_lose,Wpct,rank
0,1993,100,LG,58,40,0.5918367346938775,2.0
1,1993,100,OB,51,44,0.5368421052631579,4.0
2,1993,100,롯데,48,52,0.48,5.0
3,1993,100,빙그레,42,55,0.4329896907216495,6.0
4,1993,100,삼성,55,40,0.5789473684210527,3.0
5,1993,100,쌍방울,36,59,0.37894736842105264,7.0
6,1993,100,태평양,28,63,0.3076923076923077,8.0
7,1993,100,해태,65,34,0.6565656565656566,1.0
