,Year,Game_idx,Team1,cum_win,cum_lose,Wpct,rank
0,1994,60,LG,39,21,0.65,1.0
1,1994,60,OB,26,33,0.4406779661016949,7.0
2,1994,60,롯데,26,31,0.456140350877193,6.0
3,1994,60,삼성,30,29,0.5084745762711864,4.5
4,1994,60,쌍방울,18,40,0.3103448275862069,8.0
5,1994,60,태평양,32,26,0.5517241379310345,2.5
6,1994,60,한화,30,29,0.5084745762711864,4.5
7,1994,60,해태,32,26,0.5517241379310345,2.5
