,Year,Game_idx,Team1,cum_win,cum_lose,Wpct,rank
0,2009,29,KIA,13,14,0.4814814814814815,5.0
1,2009,29,LG,16,12,0.5714285714285714,3.0
2,2009,29,SK,18,8,0.6923076923076923,1.0
3,2009,29,두산,16,11,0.5925925925925926,2.0
4,2009,29,롯데,10,19,0.3448275862068966,8.0
5,2009,29,삼성,15,14,0.5172413793103449,4.0
6,2009,29,한화,11,16,0.4074074074074074,6.0
7,2009,29,히어로즈,11,17,0.3928571428571429,7.0
