,Year,Game_idx,Team1,cum_win,cum_lose,Wpct,rank
0,1995,116,LG,67,45,0.5982142857142857,1.0
1,1995,116,OB,66,45,0.5945945945945946,2.0
2,1995,116,롯데,61,50,0.5495495495495496,3.0
3,1995,116,삼성,56,54,0.509090909090909,4.0
4,1995,116,쌍방울,42,71,0.3716814159292036,8.0
5,1995,116,태평양,45,66,0.40540540540540543,7.0
6,1995,116,한화,52,64,0.4482758620689655,6.0
7,1995,116,해태,57,55,0.5089285714285714,5.0
