,Year,Game_idx,Team1,cum_win,cum_lose,Wpct,rank
0,1992,50,LG,17,31,0.3541666666666667,7.0
1,1992,50,OB,23,25,0.4791666666666667,5.0
2,1992,50,롯데,26,24,0.52,3.0
3,1992,50,빙그레,35,14,0.7142857142857143,1.0
4,1992,50,삼성,25,24,0.5102040816326531,4.0
5,1992,50,쌍방울,16,33,0.32653061224489793,8.0
6,1992,50,태평양,19,28,0.40425531914893614,6.0
7,1992,50,해태,33,17,0.66,2.0
