,Year,Game_idx,Team1,cum_win,cum_lose,Wpct,rank
0,1999,47,LG,25,22,0.5319148936170213,5.0
1,1999,47,두산,25,20,0.5555555555555556,4.0
2,1999,47,롯데,29,15,0.6590909090909091,1.0
3,1999,47,삼성,26,19,0.5777777777777777,2.5
4,1999,47,쌍방울,11,33,0.25,8.0
5,1999,47,한화,19,28,0.40425531914893614,7.0
6,1999,47,해태,20,27,0.425531914893617,6.0
7,1999,47,현대,26,19,0.5777777777777777,2.5
