,Year,Game_idx,Team1,cum_win,cum_lose,Wpct,rank
0,2000,42,LG,21,21,0.5,4.0
1,2000,42,SK,13,29,0.30952380952380953,8.0
2,2000,42,두산,28,14,0.6666666666666666,2.0
3,2000,42,롯데,18,24,0.42857142857142855,5.0
4,2000,42,삼성,25,17,0.5952380952380952,3.0
5,2000,42,한화,17,24,0.4146341463414634,6.0
6,2000,42,해태,15,26,0.36585365853658536,7.0
7,2000,42,현대,30,12,0.7142857142857143,1.0
