,Year,Game_idx,Team1,cum_win,cum_lose,Wpct,rank
0,2009,24,KIA,10,12,0.4545454545454545,6.0
1,2009,24,LG,11,12,0.4782608695652174,5.0
2,2009,24,SK,15,6,0.7142857142857143,1.0
3,2009,24,두산,13,9,0.5909090909090909,2.0
4,2009,24,롯데,8,16,0.3333333333333333,8.0
5,2009,24,삼성,12,12,0.5,3.5
6,2009,24,한화,11,11,0.5,3.5
7,2009,24,히어로즈,10,14,0.4166666666666667,7.0
