,Year,Game_idx,Team1,cum_win,cum_lose,Wpct,rank
0,1997,120,LG,68,50,0.576271186440678,2.0
1,1997,120,OB,55,60,0.4782608695652174,5.0
2,1997,120,롯데,47,72,0.3949579831932773,8.0
3,1997,120,삼성,64,50,0.5614035087719298,3.0
4,1997,120,쌍방울,66,52,0.559322033898305,4.0
5,1997,120,한화,50,68,0.42372881355932196,6.0
6,1997,120,해태,72,47,0.6050420168067226,1.0
7,1997,120,현대,49,67,0.4224137931034483,7.0
