,Year,Game_idx,Team1,cum_win,cum_lose,Wpct,rank
0,1992,23,LG,6,16,0.2727272727272727,8.0
1,1992,23,OB,10,12,0.4545454545454545,6.0
2,1992,23,롯데,12,11,0.5217391304347826,4.0
3,1992,23,빙그레,18,4,0.8181818181818182,1.0
4,1992,23,삼성,11,11,0.5,5.0
5,1992,23,쌍방울,8,14,0.3636363636363637,7.0
6,1992,23,태평양,11,9,0.55,3.0
7,1992,23,해태,13,10,0.5652173913043478,2.0
