,Year,Game_idx,Team1,cum_win,cum_lose,Wpct,rank
0,2005,72,KIA,30,41,0.4225352112676056,8.0
1,2005,72,LG,34,38,0.4722222222222222,5.0
2,2005,72,SK,33,35,0.4852941176470588,4.0
3,2005,72,두산,43,27,0.6142857142857143,1.0
4,2005,72,롯데,33,39,0.4583333333333333,6.0
5,2005,72,삼성,43,28,0.6056338028169014,2.0
6,2005,72,한화,37,34,0.5211267605633803,3.0
7,2005,72,현대,32,39,0.4507042253521127,7.0
