,Year,Game_idx,Team1,cum_win,cum_lose,Wpct,rank
0,1996,90,LG,38,47,0.4470588235294118,7.0
1,1996,90,OB,38,50,0.4318181818181818,8.0
2,1996,90,롯데,41,45,0.4767441860465117,5.0
3,1996,90,삼성,40,47,0.4597701149425287,6.0
4,1996,90,쌍방울,44,44,0.5,4.0
5,1996,90,한화,47,43,0.5222222222222223,3.0
6,1996,90,해태,53,36,0.5955056179775281,1.0
7,1996,90,현대,49,36,0.5764705882352941,2.0
