,Year,Game_idx,Team1,cum_win,cum_lose,Wpct,rank
0,2006,76,KIA,36,37,0.4931506849315068,5.0
1,2006,76,LG,29,44,0.3972602739726027,8.0
2,2006,76,SK,33,42,0.44,6.0
3,2006,76,두산,38,36,0.5135135135135135,4.0
4,2006,76,롯데,31,43,0.4189189189189189,7.0
5,2006,76,삼성,46,27,0.6301369863013698,1.0
6,2006,76,한화,41,33,0.5540540540540541,2.0
7,2006,76,현대,40,35,0.5333333333333333,3.0
