,Year,Game_idx,Team1,cum_win,cum_lose,Wpct,rank
0,1991,7,LG,4,3,0.5714285714285714,3.5
1,1991,7,OB,4,3,0.5714285714285714,3.5
2,1991,7,롯데,3,4,0.42857142857142855,6.0
3,1991,7,빙그레,1,6,0.14285714285714285,8.0
4,1991,7,삼성,5,2,0.7142857142857143,1.5
5,1991,7,쌍방울,3,4,0.42857142857142855,6.0
6,1991,7,태평양,3,4,0.42857142857142855,6.0
7,1991,7,해태,5,2,0.7142857142857143,1.5
