,Year,Game_idx,Team1,cum_win,cum_lose,Wpct,rank
0,1999,95,LG,48,47,0.5052631578947369,5.0
1,1999,95,두산,52,38,0.5777777777777777,2.0
2,1999,95,롯데,54,36,0.6,1.0
3,1999,95,삼성,50,43,0.5376344086021505,4.0
4,1999,95,쌍방울,20,70,0.2222222222222222,8.0
5,1999,95,한화,46,47,0.4946236559139785,6.0
6,1999,95,해태,45,48,0.4838709677419355,7.0
7,1999,95,현대,50,40,0.5555555555555556,3.0
