,Year,Game_idx,Team1,cum_win,cum_lose,Wpct,rank
0,2009,82,KIA,43,35,0.5512820512820513,3.0
1,2009,82,LG,37,42,0.4683544303797468,7.0
2,2009,82,SK,47,30,0.6103896103896104,1.0
3,2009,82,두산,45,35,0.5625,2.0
4,2009,82,롯데,40,42,0.4878048780487805,5.0
5,2009,82,삼성,41,41,0.5,4.0
6,2009,82,한화,28,51,0.35443037974683544,8.0
7,2009,82,히어로즈,38,43,0.4691358024691358,6.0
