,Year,Game_idx,Team1,cum_win,cum_lose,Wpct,rank
0,1995,43,LG,26,17,0.6046511627906976,1.0
1,1995,43,OB,25,17,0.5952380952380952,2.0
2,1995,43,롯데,23,19,0.5476190476190477,3.0
3,1995,43,삼성,20,20,0.5,4.0
4,1995,43,쌍방울,18,25,0.4186046511627907,7.0
5,1995,43,태평양,15,27,0.35714285714285715,8.0
6,1995,43,한화,21,22,0.4883720930232558,5.5
7,1995,43,해태,21,22,0.4883720930232558,5.5
