,Year,Game_idx,Team1,cum_win,cum_lose,Wpct,rank
0,2009,133,KIA,81,48,0.627906976744186,2.0
1,2009,133,LG,54,75,0.4186046511627907,7.0
2,2009,133,SK,80,47,0.6299212598425197,1.0
3,2009,133,두산,71,60,0.5419847328244275,3.0
4,2009,133,롯데,66,67,0.4962406015037594,4.0
5,2009,133,삼성,64,69,0.481203007518797,5.0
6,2009,133,한화,46,84,0.3538461538461539,8.0
7,2009,133,히어로즈,60,72,0.4545454545454545,6.0
