,Year,Game_idx,Team1,cum_win,cum_lose,Wpct,rank
0,1997,94,LG,52,40,0.5652173913043478,3.0
1,1997,94,OB,45,45,0.5,5.0
2,1997,94,롯데,37,56,0.3978494623655914,8.0
3,1997,94,삼성,50,38,0.5681818181818182,2.0
4,1997,94,쌍방울,52,41,0.5591397849462365,4.0
5,1997,94,한화,37,55,0.4021739130434783,7.0
6,1997,94,해태,57,36,0.6129032258064516,1.0
7,1997,94,현대,39,51,0.43333333333333335,6.0
