,Year,Game_idx,Team1,cum_win,cum_lose,Wpct,rank
0,2016,74,KIA,33,40,0.4520547945205479,6.0
1,2016,74,LG,32,41,0.4383561643835616,7.0
2,2016,74,NC,45,27,0.625,2.0
3,2016,74,SK,38,36,0.5135135135135135,4.0
4,2016,74,kt,30,42,0.4166666666666667,9.0
5,2016,74,넥센,39,34,0.5342465753424658,3.0
6,2016,74,두산,51,22,0.6986301369863014,1.0
7,2016,74,롯데,35,39,0.472972972972973,5.0
8,2016,74,삼성,31,43,0.4189189189189189,8.0
9,2016,74,한화,29,43,0.4027777777777778,10.0
