,Year,Game_idx,Team1,cum_win,cum_lose,Wpct,rank
0,1992,51,LG,17,32,0.3469387755102041,7.0
1,1992,51,OB,23,26,0.4693877551020408,5.0
2,1992,51,롯데,27,24,0.5294117647058824,3.0
3,1992,51,빙그레,35,15,0.7,1.0
4,1992,51,삼성,26,24,0.52,4.0
5,1992,51,쌍방울,16,34,0.32,8.0
6,1992,51,태평양,19,29,0.3958333333333333,6.0
7,1992,51,해태,34,17,0.6666666666666666,2.0
