,Year,Game_idx,Team1,cum_win,cum_lose,Wpct,rank
0,1999,89,LG,45,44,0.5056179775280899,6.0
1,1999,89,두산,48,36,0.5714285714285714,2.0
2,1999,89,롯데,54,30,0.6428571428571429,1.0
3,1999,89,삼성,47,40,0.5402298850574713,4.0
4,1999,89,쌍방울,18,66,0.21428571428571427,8.0
5,1999,89,한화,44,43,0.5057471264367817,5.0
6,1999,89,해태,42,45,0.4827586206896552,7.0
7,1999,89,현대,47,37,0.5595238095238095,3.0
