,Year,Game_idx,Team1,cum_win,cum_lose,Wpct,rank
0,1996,48,LG,22,24,0.4782608695652174,5.5
1,1996,48,OB,22,24,0.4782608695652174,5.5
2,1996,48,롯데,20,27,0.425531914893617,8.0
3,1996,48,삼성,24,22,0.5217391304347826,2.0
4,1996,48,쌍방울,23,24,0.4893617021276596,4.0
5,1996,48,한화,25,23,0.5208333333333334,3.0
6,1996,48,해태,22,26,0.4583333333333333,7.0
7,1996,48,현대,29,17,0.6304347826086957,1.0
