,Year,Game_idx,Team1,cum_win,cum_lose,Wpct,rank
0,2001,48,KIA,22,24,0.4782608695652174,5.0
1,2001,48,LG,17,30,0.3617021276595745,8.0
2,2001,48,SK,22,25,0.4680851063829787,6.0
3,2001,48,두산,26,20,0.5652173913043478,3.0
4,2001,48,롯데,20,27,0.425531914893617,7.0
5,2001,48,삼성,28,20,0.5833333333333334,2.0
6,2001,48,한화,24,24,0.5,4.0
7,2001,48,현대,29,19,0.6041666666666666,1.0
