,Year,Game_idx,Team1,cum_win,cum_lose,Wpct,rank
0,1993,37,LG,22,15,0.5945945945945946,2.0
1,1993,37,OB,18,17,0.5142857142857142,5.0
2,1993,37,롯데,20,17,0.5405405405405406,3.5
3,1993,37,빙그레,20,17,0.5405405405405406,3.5
4,1993,37,삼성,18,18,0.5,6.0
5,1993,37,쌍방울,11,25,0.3055555555555556,8.0
6,1993,37,태평양,11,23,0.3235294117647059,7.0
7,1993,37,해태,25,11,0.6944444444444444,1.0
