,Year,Game_idx,Team1,cum_win,cum_lose,Wpct,rank
0,2015,54,KIA,27,27,0.5,7.5
1,2015,54,LG,23,30,0.4339622641509434,9.0
2,2015,54,NC,30,23,0.5660377358490566,3.0
3,2015,54,SK,27,26,0.5094339622641509,6.0
4,2015,54,kt,11,43,0.2037037037037037,10.0
5,2015,54,넥센,29,24,0.5471698113207547,4.0
6,2015,54,두산,31,23,0.5740740740740741,2.0
7,2015,54,롯데,28,26,0.5185185185185185,5.0
8,2015,54,삼성,34,20,0.6296296296296297,1.0
9,2015,54,한화,27,27,0.5,7.5
