,Year,Game_idx,Team1,cum_win,cum_lose,Wpct,rank
0,2016,105,KIA,51,53,0.4903846153846154,4.0
1,2016,105,LG,50,54,0.4807692307692308,6.0
2,2016,105,NC,62,41,0.6019417475728155,2.0
3,2016,105,SK,51,54,0.4857142857142857,5.0
4,2016,105,kt,40,63,0.3883495145631068,10.0
5,2016,105,넥센,58,46,0.5576923076923077,3.0
6,2016,105,두산,65,39,0.625,1.0
7,2016,105,롯데,48,57,0.4571428571428571,8.0
8,2016,105,삼성,46,58,0.4423076923076923,9.0
9,2016,105,한화,47,55,0.4607843137254902,7.0
