,Year,Game_idx,Team1,cum_win,cum_lose,Wpct,rank
0,2001,14,KIA,6,8,0.42857142857142855,5.0
1,2001,14,LG,5,9,0.35714285714285715,7.0
2,2001,14,SK,8,6,0.5714285714285714,4.0
3,2001,14,두산,9,5,0.6428571428571429,2.0
4,2001,14,롯데,5,9,0.35714285714285715,7.0
5,2001,14,삼성,9,5,0.6428571428571429,2.0
6,2001,14,한화,9,5,0.6428571428571429,2.0
7,2001,14,현대,5,9,0.35714285714285715,7.0
