,Year,Game_idx,Team1,cum_win,cum_lose,Wpct,rank
0,1999,29,LG,17,12,0.5862068965517241,3.0
1,1999,29,두산,14,14,0.5,5.0
2,1999,29,롯데,16,11,0.5925925925925926,2.0
3,1999,29,삼성,17,11,0.6071428571428571,1.0
4,1999,29,쌍방울,7,20,0.25925925925925924,8.0
5,1999,29,한화,13,16,0.4482758620689655,7.0
6,1999,29,해태,14,15,0.4827586206896552,6.0
7,1999,29,현대,15,14,0.5172413793103449,4.0
