,Year,Game_idx,Team1,cum_win,cum_lose,Wpct,rank
0,1991,109,LG,50,58,0.462962962962963,5.0
1,1991,109,OB,40,67,0.37383177570093457,8.0
2,1991,109,롯데,52,54,0.490566037735849,4.0
3,1991,109,빙그레,62,42,0.5961538461538461,2.0
4,1991,109,삼성,62,46,0.5740740740740741,3.0
5,1991,109,쌍방울,46,60,0.4339622641509434,7.0
6,1991,109,태평양,48,59,0.4485981308411215,6.0
7,1991,109,해태,66,38,0.6346153846153846,1.0
