,Year,Game_idx,Team1,cum_win,cum_lose,Wpct,rank
0,1991,27,LG,15,11,0.5769230769230769,2.0
1,1991,27,OB,12,15,0.4444444444444444,6.5
2,1991,27,롯데,13,14,0.4814814814814815,5.0
3,1991,27,빙그레,14,12,0.5384615384615384,4.0
4,1991,27,삼성,15,12,0.5555555555555556,3.0
5,1991,27,쌍방울,8,19,0.2962962962962963,8.0
6,1991,27,태평양,12,15,0.4444444444444444,6.5
7,1991,27,해태,18,9,0.6666666666666666,1.0
