,Year,Game_idx,Team1,cum_win,cum_lose,Wpct,rank
0,1993,118,LG,64,51,0.5565217391304348,3.0
1,1993,118,OB,60,53,0.5309734513274337,4.0
2,1993,118,롯데,57,60,0.4871794871794872,6.0
3,1993,118,빙그레,57,57,0.5,5.0
4,1993,118,삼성,68,45,0.6017699115044248,2.0
5,1993,118,쌍방울,39,74,0.34513274336283184,7.0
6,1993,118,태평양,33,75,0.3055555555555556,8.0
7,1993,118,해태,76,40,0.6551724137931034,1.0
