,Year,Game_idx,Team1,cum_win,cum_lose,Wpct,rank
0,2009,128,KIA,76,48,0.6129032258064516,2.0
1,2009,128,LG,52,72,0.41935483870967744,7.0
2,2009,128,SK,75,47,0.6147540983606558,1.0
3,2009,128,두산,70,56,0.5555555555555556,3.0
4,2009,128,롯데,63,65,0.4921875,4.5
5,2009,128,삼성,63,65,0.4921875,4.5
6,2009,128,한화,44,81,0.35200000000000004,8.0
7,2009,128,히어로즈,58,69,0.4566929133858268,6.0
