,Year,Game_idx,Team1,cum_win,cum_lose,Wpct,rank
0,1995,55,LG,34,20,0.6296296296296297,2.0
1,1995,55,OB,34,18,0.6538461538461539,1.0
2,1995,55,롯데,27,26,0.5094339622641509,3.0
3,1995,55,삼성,25,26,0.4901960784313725,5.0
4,1995,55,쌍방울,23,31,0.4259259259259259,7.0
5,1995,55,태평양,20,32,0.38461538461538464,8.0
6,1995,55,한화,27,28,0.4909090909090909,4.0
7,1995,55,해태,24,31,0.4363636363636363,6.0
