,Year,Game_idx,Team1,cum_win,cum_lose,Wpct,rank
0,2009,115,KIA,70,41,0.6306306306306306,1.0
1,2009,115,LG,49,63,0.4375,7.0
2,2009,115,SK,63,47,0.5727272727272728,2.0
3,2009,115,두산,62,51,0.5486725663716814,3.0
4,2009,115,롯데,57,58,0.4956521739130435,4.5
5,2009,115,삼성,57,58,0.4956521739130435,4.5
6,2009,115,한화,38,74,0.3392857142857143,8.0
7,2009,115,히어로즈,55,59,0.4824561403508772,6.0
