,Year,Game_idx,Team1,cum_win,cum_lose,Wpct,rank
0,2009,30,KIA,14,14,0.5,4.5
1,2009,30,LG,17,12,0.5862068965517241,3.0
2,2009,30,SK,18,8,0.6923076923076923,1.0
3,2009,30,두산,17,11,0.6071428571428571,2.0
4,2009,30,롯데,10,20,0.3333333333333333,8.0
5,2009,30,삼성,15,15,0.5,4.5
6,2009,30,한화,12,16,0.42857142857142855,6.0
7,2009,30,히어로즈,11,18,0.3793103448275862,7.0
