,Year,Game_idx,Team1,cum_win,cum_lose,Wpct,rank
0,1999,25,LG,16,9,0.64,1.0
1,1999,25,두산,11,13,0.4583333333333333,5.0
2,1999,25,롯데,14,9,0.6086956521739131,2.0
3,1999,25,삼성,14,10,0.5833333333333334,3.0
4,1999,25,쌍방울,6,17,0.2608695652173913,8.0
5,1999,25,한화,11,14,0.44,6.5
6,1999,25,해태,11,14,0.44,6.5
7,1999,25,현대,13,12,0.52,4.0
