,Year,Game_idx,Team1,cum_win,cum_lose,Wpct,rank
0,2003,86,KIA,45,39,0.5357142857142857,4.0
1,2003,86,LG,43,41,0.5119047619047619,5.0
2,2003,86,SK,49,35,0.5833333333333334,3.0
3,2003,86,두산,31,55,0.36046511627906974,7.0
4,2003,86,롯데,22,61,0.26506024096385544,8.0
5,2003,86,삼성,53,31,0.6309523809523809,2.0
6,2003,86,한화,39,44,0.4698795180722892,6.0
7,2003,86,현대,55,29,0.6547619047619048,1.0
