,Year,Game_idx,Team1,cum_win,cum_lose,Wpct,rank
0,2016,137,KIA,67,69,0.4926470588235294,5.0
1,2016,137,LG,68,67,0.5037037037037037,4.0
2,2016,137,NC,79,55,0.5895522388059702,2.0
3,2016,137,SK,65,72,0.4744525547445255,6.0
4,2016,137,kt,51,84,0.37777777777777777,10.0
5,2016,137,넥센,74,62,0.5441176470588235,3.0
6,2016,137,두산,90,46,0.6617647058823529,1.0
7,2016,137,롯데,63,74,0.4598540145985402,8.0
8,2016,137,삼성,63,73,0.4632352941176471,7.0
9,2016,137,한화,61,73,0.4552238805970149,9.0
