,Year,Game_idx,Team1,cum_win,cum_lose,Wpct,rank
0,1994,34,LG,23,11,0.6764705882352942,1.0
1,1994,34,OB,14,20,0.4117647058823529,7.0
2,1994,34,롯데,14,18,0.4375,6.0
3,1994,34,삼성,16,17,0.4848484848484849,4.0
4,1994,34,쌍방울,13,20,0.3939393939393939,8.0
5,1994,34,태평양,19,13,0.59375,2.0
6,1994,34,한화,16,18,0.4705882352941176,5.0
7,1994,34,해태,17,15,0.53125,3.0
