,Year,Game_idx,Team1,cum_win,cum_lose,Wpct,rank
0,2011,132,KIA,70,62,0.5303030303030303,4.0
1,2011,132,LG,59,71,0.4538461538461538,6.5
2,2011,132,SK,70,59,0.5426356589147286,3.0
3,2011,132,넥센,51,79,0.3923076923076923,8.0
4,2011,132,두산,60,70,0.4615384615384616,5.0
5,2011,132,롯데,71,56,0.5590551181102362,2.0
6,2011,132,삼성,78,50,0.609375,1.0
7,2011,132,한화,59,71,0.4538461538461538,6.5
