,Year,Game_idx,Team1,cum_win,cum_lose,Wpct,rank
0,1998,110,LG,54,55,0.4954128440366973,3.0
1,1998,110,OB,49,59,0.4537037037037037,6.0
2,1998,110,롯데,47,60,0.4392523364485981,8.0
3,1998,110,삼성,59,49,0.5462962962962963,2.0
4,1998,110,쌍방울,48,60,0.4444444444444444,7.0
5,1998,110,한화,51,55,0.4811320754716981,4.0
6,1998,110,해태,51,58,0.4678899082568808,5.0
7,1998,110,현대,73,37,0.6636363636363637,1.0
