,Year,Game_idx,Team1,cum_win,cum_lose,Wpct,rank
0,2002,44,KIA,26,16,0.6190476190476191,2.0
1,2002,44,LG,18,25,0.4186046511627907,7.0
2,2002,44,SK,21,22,0.4883720930232558,4.0
3,2002,44,두산,22,21,0.5116279069767442,3.0
4,2002,44,롯데,16,27,0.372093023255814,8.0
5,2002,44,삼성,28,16,0.6363636363636364,1.0
6,2002,44,한화,20,22,0.4761904761904762,5.0
7,2002,44,현대,19,21,0.475,6.0
