,Year,Game_idx,Team1,cum_win,cum_lose,Wpct,rank
0,2010,22,KIA,9,13,0.4090909090909091,5.5
1,2010,22,LG,12,9,0.5714285714285714,3.0
2,2010,22,SK,17,5,0.7727272727272727,1.0
3,2010,22,넥센,8,14,0.3636363636363637,7.5
4,2010,22,두산,14,7,0.6666666666666666,2.0
5,2010,22,롯데,8,14,0.3636363636363637,7.5
6,2010,22,삼성,12,10,0.5454545454545454,4.0
7,2010,22,한화,9,13,0.4090909090909091,5.5
