,Year,Game_idx,Team1,cum_win,cum_lose,Wpct,rank
0,2003,95,KIA,51,40,0.5604395604395604,3.0
1,2003,95,LG,48,45,0.5161290322580645,5.0
2,2003,95,SK,51,42,0.5483870967741935,4.0
3,2003,95,두산,36,57,0.3870967741935484,7.0
4,2003,95,롯데,25,67,0.2717391304347826,8.0
5,2003,95,삼성,59,34,0.6344086021505376,2.0
6,2003,95,한화,43,49,0.4673913043478261,6.0
7,2003,95,현대,60,33,0.6451612903225806,1.0
