,Year,Game_idx,Team1,cum_win,cum_lose,Wpct,rank
0,2002,112,KIA,65,43,0.6018518518518519,1.5
1,2002,112,LG,58,48,0.5471698113207547,4.0
2,2002,112,SK,50,59,0.4587155963302753,7.0
3,2002,112,두산,56,54,0.509090909090909,5.0
4,2002,112,롯데,28,83,0.25225225225225223,8.0
5,2002,112,삼성,65,43,0.6018518518518519,1.5
6,2002,112,한화,51,56,0.4766355140186916,6.0
7,2002,112,현대,59,48,0.5514018691588785,3.0
