,Year,Game_idx,Team1,cum_win,cum_lose,Wpct,rank
0,2014,93,KIA,40,53,0.4301075268817205,7.5
1,2014,93,LG,43,49,0.4673913043478261,5.0
2,2014,93,NC,52,41,0.5591397849462365,3.0
3,2014,93,SK,40,53,0.4301075268817205,7.5
4,2014,93,넥센,55,37,0.5978260869565217,2.0
5,2014,93,두산,42,51,0.4516129032258064,6.0
6,2014,93,롯데,44,48,0.4782608695652174,4.0
7,2014,93,삼성,62,29,0.6813186813186813,1.0
8,2014,93,한화,37,55,0.4021739130434783,9.0
