,Year,Game_idx,Team1,cum_win,cum_lose,Wpct,rank
0,2009,122,KIA,72,46,0.6101694915254238,1.0
1,2009,122,LG,51,68,0.42857142857142855,7.0
2,2009,122,SK,70,47,0.5982905982905983,2.0
3,2009,122,두산,67,53,0.5583333333333333,3.0
4,2009,122,롯데,60,62,0.4918032786885246,5.0
5,2009,122,삼성,61,61,0.5,4.0
6,2009,122,한화,41,78,0.3445378151260504,8.0
7,2009,122,히어로즈,58,63,0.4793388429752066,6.0
