,Year,Game_idx,Team1,cum_win,cum_lose,Wpct,rank
0,2006,56,KIA,28,26,0.5185185185185185,5.0
1,2006,56,LG,21,34,0.3818181818181817,8.0
2,2006,56,SK,25,31,0.44642857142857145,6.0
3,2006,56,두산,29,25,0.5370370370370371,4.0
4,2006,56,롯데,22,33,0.4,7.0
5,2006,56,삼성,34,20,0.6296296296296297,1.0
6,2006,56,한화,30,25,0.5454545454545454,3.0
7,2006,56,현대,31,25,0.5535714285714286,2.0
