,Year,Game_idx,Team1,cum_win,cum_lose,Wpct,rank
0,2013,89,KIA,41,46,0.4712643678160919,7.0
1,2013,89,LG,53,36,0.5955056179775281,2.0
2,2013,89,NC,34,52,0.3953488372093023,8.0
3,2013,89,SK,42,45,0.4827586206896552,6.0
4,2013,89,넥센,47,40,0.5402298850574713,4.0
5,2013,89,두산,49,38,0.5632183908045977,3.0
6,2013,89,롯데,45,42,0.5172413793103449,5.0
7,2013,89,삼성,54,33,0.6206896551724138,1.0
8,2013,89,한화,26,62,0.2954545454545455,9.0
