,Year,Game_idx,Team1,cum_win,cum_lose,Wpct,rank
0,2015,92,KIA,45,47,0.4891304347826087,7.0
1,2015,92,LG,40,51,0.4395604395604396,9.0
2,2015,92,NC,49,41,0.5444444444444444,4.0
3,2015,92,SK,45,45,0.5,6.0
4,2015,92,kt,29,63,0.31521739130434784,10.0
5,2015,92,넥센,51,40,0.5604395604395604,2.0
6,2015,92,두산,51,41,0.5543478260869565,3.0
7,2015,92,롯데,43,49,0.4673913043478261,8.0
8,2015,92,삼성,55,37,0.5978260869565217,1.0
9,2015,92,한화,48,44,0.5217391304347826,5.0
