,Year,Game_idx,Team1,cum_win,cum_lose,Wpct,rank
0,2004,63,KIA,28,32,0.4666666666666667,7.0
1,2004,63,LG,29,32,0.4754098360655738,5.0
2,2004,63,SK,27,30,0.4736842105263158,6.0
3,2004,63,두산,33,29,0.532258064516129,2.0
4,2004,63,롯데,21,33,0.3888888888888889,8.0
5,2004,63,삼성,30,27,0.5263157894736842,3.0
6,2004,63,한화,31,28,0.5254237288135594,4.0
7,2004,63,현대,35,24,0.5932203389830508,1.0
