,Year,Game_idx,Team1,cum_win,cum_lose,Wpct,rank
0,2016,99,KIA,48,50,0.4897959183673469,4.0
1,2016,99,LG,46,52,0.4693877551020408,7.0
2,2016,99,NC,59,38,0.6082474226804123,2.0
3,2016,99,SK,48,51,0.4848484848484849,5.0
4,2016,99,kt,38,59,0.3917525773195876,10.0
5,2016,99,넥센,54,44,0.5510204081632653,3.0
6,2016,99,두산,61,37,0.6224489795918368,1.0
7,2016,99,롯데,47,52,0.4747474747474748,6.0
8,2016,99,삼성,42,56,0.42857142857142855,9.0
9,2016,99,한화,44,52,0.4583333333333333,8.0
