,Year,Game_idx,Team1,cum_win,cum_lose,Wpct,rank
0,2002,100,KIA,59,38,0.6082474226804123,1.0
1,2002,100,LG,51,45,0.53125,4.0
2,2002,100,SK,46,51,0.4742268041237113,6.0
3,2002,100,두산,52,46,0.5306122448979592,5.0
4,2002,100,롯데,26,73,0.26262626262626265,8.0
5,2002,100,삼성,58,39,0.5979381443298969,2.0
6,2002,100,한화,45,52,0.4639175257731959,7.0
7,2002,100,현대,52,43,0.5473684210526316,3.0
