,Year,Game_idx,Team1,cum_win,cum_lose,Wpct,rank
0,2016,90,KIA,41,48,0.4606741573033708,6.0
1,2016,90,LG,39,50,0.4382022471910113,8.0
2,2016,90,NC,55,33,0.625,2.0
3,2016,90,SK,45,45,0.5,4.0
4,2016,90,kt,35,53,0.3977272727272727,10.0
5,2016,90,넥센,51,38,0.5730337078651685,3.0
6,2016,90,두산,59,30,0.6629213483146067,1.0
7,2016,90,롯데,44,46,0.4888888888888889,5.0
8,2016,90,삼성,37,52,0.4157303370786517,9.0
9,2016,90,한화,39,48,0.4482758620689655,7.0
