,Year,Game_idx,Team1,cum_win,cum_lose,Wpct,rank
0,2012,124,KIA,56,62,0.4745762711864407,6.0
1,2012,124,LG,53,67,0.44166666666666665,7.0
2,2012,124,SK,67,54,0.5537190082644629,2.0
3,2012,124,넥센,58,64,0.4754098360655738,5.0
4,2012,124,두산,63,58,0.5206611570247934,4.0
5,2012,124,롯데,62,56,0.5254237288135594,3.0
6,2012,124,삼성,72,50,0.5901639344262295,1.0
7,2012,124,한화,51,71,0.4180327868852459,8.0
