,Year,Game_idx,Team1,cum_win,cum_lose,Wpct,rank
0,2007,115,KIA,46,68,0.4035087719298245,8.0
1,2007,115,LG,54,55,0.4954128440366973,5.0
2,2007,115,SK,66,44,0.6,1.0
3,2007,115,두산,62,51,0.5486725663716814,2.0
4,2007,115,롯데,51,61,0.4553571428571429,6.0
5,2007,115,삼성,59,52,0.5315315315315315,3.0
6,2007,115,한화,60,53,0.5309734513274337,4.0
7,2007,115,현대,50,64,0.43859649122807015,7.0
