,Year,Game_idx,Team1,cum_win,cum_lose,Wpct,rank
0,2016,89,KIA,40,48,0.4545454545454545,6.0
1,2016,89,LG,38,50,0.4318181818181818,8.0
2,2016,89,NC,54,33,0.6206896551724138,2.0
3,2016,89,SK,45,44,0.5056179775280899,4.0
4,2016,89,kt,35,52,0.4022988505747127,10.0
5,2016,89,넥센,50,38,0.5681818181818182,3.0
6,2016,89,두산,58,30,0.6590909090909091,1.0
7,2016,89,롯데,44,45,0.4943820224719101,5.0
8,2016,89,삼성,37,51,0.4204545454545455,9.0
9,2016,89,한화,38,48,0.4418604651162791,7.0
