,Year,Game_idx,Team1,cum_win,cum_lose,Wpct,rank
0,2009,56,KIA,30,23,0.5660377358490566,3.0
1,2009,56,LG,23,30,0.4339622641509434,6.0
2,2009,56,SK,34,18,0.6538461538461539,1.0
3,2009,56,두산,34,20,0.6296296296296297,2.0
4,2009,56,롯데,23,33,0.4107142857142857,7.0
5,2009,56,삼성,27,29,0.4821428571428572,4.0
6,2009,56,한화,21,32,0.3962264150943397,8.0
7,2009,56,히어로즈,24,31,0.4363636363636363,5.0
