,Year,Game_idx,Team1,cum_win,cum_lose,Wpct,rank
0,2003,130,KIA,77,48,0.616,1.0
1,2003,130,LG,58,70,0.453125,6.0
2,2003,130,SK,64,63,0.5039370078740157,5.0
3,2003,130,두산,55,73,0.4296875,7.0
4,2003,130,롯데,37,90,0.2913385826771653,8.0
5,2003,130,삼성,75,51,0.5952380952380952,3.0
6,2003,130,한화,63,62,0.504,4.0
7,2003,130,현대,78,50,0.609375,2.0
