,Year,Game_idx,Team1,cum_win,cum_lose,Wpct,rank
0,2000,128,LG,65,60,0.52,4.0
1,2000,128,SK,42,83,0.336,8.0
2,2000,128,두산,73,55,0.5703125,2.0
3,2000,128,롯데,64,60,0.5161290322580645,5.0
4,2000,128,삼성,68,55,0.5528455284552846,3.0
5,2000,128,한화,47,76,0.3821138211382114,7.0
6,2000,128,해태,53,71,0.4274193548387097,6.0
7,2000,128,현대,87,39,0.6904761904761905,1.0
