,Year,Game_idx,Team1,cum_win,cum_lose,Wpct,rank
0,2000,27,LG,13,14,0.4814814814814815,4.0
1,2000,27,SK,6,21,0.2222222222222222,8.0
2,2000,27,두산,17,10,0.6296296296296297,2.5
3,2000,27,롯데,12,15,0.4444444444444444,5.0
4,2000,27,삼성,17,10,0.6296296296296297,2.5
5,2000,27,한화,11,16,0.4074074074074074,6.5
6,2000,27,해태,11,16,0.4074074074074074,6.5
7,2000,27,현대,21,6,0.7777777777777778,1.0
