,Year,Game_idx,Team1,cum_win,cum_lose,Wpct,rank
0,2001,34,KIA,16,17,0.4848484848484849,6.0
1,2001,34,LG,9,24,0.2727272727272727,8.0
2,2001,34,SK,17,16,0.5151515151515151,5.0
3,2001,34,두산,19,13,0.59375,1.0
4,2001,34,롯데,13,20,0.3939393939393939,7.0
5,2001,34,삼성,20,14,0.5882352941176471,2.0
6,2001,34,한화,19,15,0.5588235294117647,3.5
7,2001,34,현대,19,15,0.5588235294117647,3.5
