,Year,Game_idx,Team1,cum_win,cum_lose,Wpct,rank
0,2013,95,KIA,42,51,0.4516129032258064,7.0
1,2013,95,LG,57,38,0.6,2.0
2,2013,95,NC,39,53,0.4239130434782609,8.0
3,2013,95,SK,46,47,0.4946236559139785,6.0
4,2013,95,넥센,50,43,0.5376344086021505,4.0
5,2013,95,두산,53,40,0.5698924731182796,3.0
6,2013,95,롯데,47,45,0.5108695652173914,5.0
7,2013,95,삼성,56,37,0.6021505376344086,1.0
8,2013,95,한화,29,65,0.30851063829787234,9.0
