,Year,Game_idx,Team1,cum_win,cum_lose,Wpct,rank
0,1995,78,LG,47,30,0.6103896103896104,1.0
1,1995,78,OB,43,30,0.589041095890411,2.0
2,1995,78,롯데,40,34,0.5405405405405406,3.0
3,1995,78,삼성,36,37,0.4931506849315068,6.0
4,1995,78,쌍방울,28,49,0.3636363636363637,8.0
5,1995,78,태평양,32,43,0.4266666666666667,7.0
6,1995,78,한화,39,39,0.5,4.0
7,1995,78,해태,38,39,0.4935064935064935,5.0
