,Year,Game_idx,Team1,cum_win,cum_lose,Wpct,rank
0,2003,14,KIA,10,4,0.7142857142857143,2.0
1,2003,14,LG,7,6,0.5384615384615384,4.5
2,2003,14,SK,7,6,0.5384615384615384,4.5
3,2003,14,두산,2,12,0.14285714285714285,7.0
4,2003,14,롯데,1,12,0.07692307692307693,8.0
5,2003,14,삼성,12,1,0.9230769230769232,1.0
6,2003,14,한화,6,7,0.4615384615384616,6.0
7,2003,14,현대,8,5,0.6153846153846154,3.0
