,Year,Game_idx,Team1,cum_win,cum_lose,Wpct,rank
0,2001,106,KIA,45,56,0.4455445544554456,5.0
1,2001,106,LG,44,55,0.4444444444444444,6.0
2,2001,106,SK,46,58,0.4423076923076923,7.0
3,2001,106,두산,53,48,0.5247524752475248,3.0
4,2001,106,롯데,45,57,0.4411764705882353,8.0
5,2001,106,삼성,69,37,0.6509433962264151,1.0
6,2001,106,한화,46,56,0.4509803921568628,4.0
7,2001,106,현대,62,41,0.6019417475728155,2.0
