,Year,Game_idx,Team1,cum_win,cum_lose,Wpct,rank
0,2001,7,KIA,4,3,0.5714285714285714,4.0
1,2001,7,LG,1,6,0.14285714285714285,8.0
2,2001,7,SK,3,4,0.42857142857142855,5.5
3,2001,7,두산,5,2,0.7142857142857143,2.0
4,2001,7,롯데,3,4,0.42857142857142855,5.5
5,2001,7,삼성,5,2,0.7142857142857143,2.0
6,2001,7,한화,5,2,0.7142857142857143,2.0
7,2001,7,현대,2,5,0.2857142857142857,7.0
