,Year,Game_idx,Team1,cum_win,cum_lose,Wpct,rank
0,1994,51,LG,33,18,0.6470588235294118,1.0
1,1994,51,OB,22,28,0.44,7.0
2,1994,51,롯데,24,24,0.5,4.0
3,1994,51,삼성,24,26,0.48,5.0
4,1994,51,쌍방울,17,32,0.3469387755102041,8.0
5,1994,51,태평양,26,23,0.5306122448979592,3.0
6,1994,51,한화,24,27,0.4705882352941176,6.0
7,1994,51,해태,28,21,0.5714285714285714,2.0
