,Year,Game_idx,Team1,cum_win,cum_lose,Wpct,rank
0,2015,63,KIA,31,32,0.492063492063492,7.0
1,2015,63,LG,27,35,0.4354838709677419,9.0
2,2015,63,NC,35,27,0.5645161290322581,3.0
3,2015,63,SK,32,30,0.5161290322580645,6.0
4,2015,63,kt,17,46,0.2698412698412698,10.0
5,2015,63,넥센,34,28,0.5483870967741935,4.0
6,2015,63,두산,36,27,0.5714285714285714,1.5
7,2015,63,롯데,30,33,0.4761904761904762,8.0
8,2015,63,삼성,36,27,0.5714285714285714,1.5
9,2015,63,한화,34,29,0.5396825396825397,5.0
