,Year,Game_idx,Team1,cum_win,cum_lose,Wpct,rank
0,2013,72,KIA,37,33,0.5285714285714286,5.0
1,2013,72,LG,41,31,0.5694444444444444,3.0
2,2013,72,NC,26,43,0.37681159420289856,8.0
3,2013,72,SK,32,39,0.4507042253521127,7.0
4,2013,72,넥센,41,30,0.5774647887323944,2.0
5,2013,72,두산,37,33,0.5285714285714286,5.0
6,2013,72,롯데,37,33,0.5285714285714286,5.0
7,2013,72,삼성,42,28,0.6,1.0
8,2013,72,한화,21,50,0.29577464788732394,9.0
