,Year,Game_idx,Team1,cum_win,cum_lose,Wpct,rank
0,2011,72,KIA,41,31,0.5694444444444444,2.0
1,2011,72,LG,38,34,0.5277777777777778,4.0
2,2011,72,SK,40,32,0.5555555555555556,3.0
3,2011,72,넥센,26,46,0.3611111111111111,8.0
4,2011,72,두산,32,38,0.4571428571428571,6.0
5,2011,72,롯데,32,37,0.463768115942029,5.0
6,2011,72,삼성,42,28,0.6,1.0
7,2011,72,한화,31,40,0.4366197183098591,7.0
