,Year,Game_idx,Team1,cum_win,cum_lose,Wpct,rank
0,2015,88,KIA,41,47,0.4659090909090909,7.0
1,2015,88,LG,38,49,0.4367816091954023,9.0
2,2015,88,NC,49,37,0.5697674418604651,2.0
3,2015,88,SK,43,43,0.5,6.0
4,2015,88,kt,29,59,0.3295454545454545,10.0
5,2015,88,넥센,47,40,0.5402298850574713,4.0
6,2015,88,두산,50,38,0.5681818181818182,3.0
7,2015,88,롯데,40,48,0.4545454545454545,8.0
8,2015,88,삼성,51,37,0.5795454545454546,1.0
9,2015,88,한화,46,42,0.5227272727272727,5.0
