,Year,Game_idx,Team1,cum_win,cum_lose,Wpct,rank
0,1996,56,LG,25,29,0.462962962962963,6.0
1,1996,56,OB,26,28,0.4814814814814815,5.0
2,1996,56,롯데,23,32,0.41818181818181815,8.0
3,1996,56,삼성,28,26,0.5185185185185185,3.0
4,1996,56,쌍방울,25,30,0.4545454545454545,7.0
5,1996,56,한화,30,26,0.5357142857142857,2.0
6,1996,56,해태,28,28,0.5,4.0
7,1996,56,현대,33,21,0.6111111111111112,1.0
