,Year,Game_idx,Team1,cum_win,cum_lose,Wpct,rank
0,2016,122,KIA,60,61,0.4958677685950413,4.0
1,2016,122,LG,57,64,0.4710743801652893,6.0
2,2016,122,NC,70,50,0.5833333333333334,2.0
3,2016,122,SK,59,63,0.4836065573770492,5.0
4,2016,122,kt,47,73,0.39166666666666666,10.0
5,2016,122,넥센,69,52,0.5702479338842975,3.0
6,2016,122,두산,78,43,0.6446280991735537,1.0
7,2016,122,롯데,55,67,0.4508196721311475,8.0
8,2016,122,삼성,53,68,0.4380165289256198,9.0
9,2016,122,한화,54,65,0.45378151260504207,7.0
