,Year,Game_idx,Team1,cum_win,cum_lose,Wpct,rank
0,2004,29,KIA,14,14,0.5,4.5
1,2004,29,LG,15,13,0.5357142857142857,2.0
2,2004,29,SK,12,14,0.4615384615384616,7.0
3,2004,29,두산,14,14,0.5,4.5
4,2004,29,롯데,10,16,0.38461538461538464,8.0
5,2004,29,삼성,14,13,0.5185185185185185,3.0
6,2004,29,한화,13,14,0.4814814814814815,6.0
7,2004,29,현대,17,11,0.6071428571428571,1.0
