,Year,Game_idx,Team1,cum_win,cum_lose,Wpct,rank
0,1996,74,LG,34,37,0.4788732394366197,5.5
1,1996,74,OB,33,39,0.4583333333333333,7.0
2,1996,74,롯데,31,39,0.4428571428571429,8.0
3,1996,74,삼성,34,37,0.4788732394366197,5.5
4,1996,74,쌍방울,37,36,0.5068493150684932,4.0
5,1996,74,한화,39,35,0.527027027027027,3.0
6,1996,74,해태,39,34,0.5342465753424658,2.0
7,1996,74,현대,40,30,0.5714285714285714,1.0
