,Year,Game_idx,Team1,cum_win,cum_lose,Wpct,rank
0,2010,106,KIA,48,58,0.4528301886792453,5.0
1,2010,106,LG,45,60,0.42857142857142855,6.0
2,2010,106,SK,67,39,0.6320754716981132,1.0
3,2010,106,넥센,41,62,0.3980582524271845,7.0
4,2010,106,두산,62,42,0.5961538461538461,3.0
5,2010,106,롯데,50,53,0.4854368932038835,4.0
6,2010,106,삼성,63,42,0.6,2.0
7,2010,106,한화,41,65,0.3867924528301887,8.0
