,Year,Game_idx,Team1,cum_win,cum_lose,Wpct,rank
0,1990,19,LG,8,11,0.42105263157894735,6.0
1,1990,19,OB,7,11,0.3888888888888889,7.0
2,1990,19,롯데,11,8,0.5789473684210527,2.0
3,1990,19,빙그레,12,7,0.631578947368421,1.0
4,1990,19,삼성,10,9,0.5263157894736842,3.0
5,1990,19,태평양,9,10,0.4736842105263158,5.0
6,1990,19,해태,9,9,0.5,4.0
