,Year,Game_idx,Team1,cum_win,cum_lose,Wpct,rank
0,2012,45,KIA,20,23,0.4651162790697674,7.0
1,2012,45,LG,23,22,0.5111111111111111,5.0
2,2012,45,SK,25,19,0.5681818181818182,1.0
3,2012,45,넥센,23,21,0.5227272727272727,3.5
4,2012,45,두산,23,21,0.5227272727272727,3.5
5,2012,45,롯데,24,19,0.5581395348837209,2.0
6,2012,45,삼성,22,22,0.5,6.0
7,2012,45,한화,17,28,0.37777777777777777,8.0
