,Year,Game_idx,Team1,cum_win,cum_lose,Wpct,rank
0,1994,110,LG,71,39,0.6454545454545455,1.0
1,1994,110,OB,49,60,0.44954128440366975,6.0
2,1994,110,롯데,47,60,0.4392523364485981,7.0
3,1994,110,삼성,54,54,0.5,5.0
4,1994,110,쌍방울,37,68,0.3523809523809524,8.0
5,1994,110,태평양,60,47,0.5607476635514018,2.0
6,1994,110,한화,56,52,0.5185185185185185,3.5
7,1994,110,해태,56,52,0.5185185185185185,3.5
