,Year,Game_idx,Team1,cum_win,cum_lose,Wpct,rank
0,2007,112,KIA,45,66,0.40540540540540543,8.0
1,2007,112,LG,53,54,0.4953271028037383,5.0
2,2007,112,SK,63,44,0.5887850467289719,1.0
3,2007,112,두산,60,50,0.5454545454545454,2.0
4,2007,112,롯데,50,59,0.4587155963302753,6.0
5,2007,112,삼성,58,50,0.5370370370370371,3.0
6,2007,112,한화,59,51,0.5363636363636364,4.0
7,2007,112,현대,49,62,0.44144144144144143,7.0
