,Year,Game_idx,Team1,cum_win,cum_lose,Wpct,rank
0,2013,24,KIA,15,8,0.6521739130434783,2.0
1,2013,24,LG,12,12,0.5,5.0
2,2013,24,NC,6,17,0.2608695652173913,8.0
3,2013,24,SK,11,12,0.4782608695652174,6.5
4,2013,24,넥센,17,7,0.7083333333333334,1.0
5,2013,24,두산,14,9,0.6086956521739131,3.0
6,2013,24,롯데,11,12,0.4782608695652174,6.5
7,2013,24,삼성,14,10,0.5833333333333334,4.0
8,2013,24,한화,5,18,0.21739130434782608,9.0
