,Year,Game_idx,Team1,cum_win,cum_lose,Wpct,rank
0,1997,56,LG,35,19,0.6481481481481481,1.0
1,1997,56,OB,31,22,0.5849056603773585,3.0
2,1997,56,롯데,20,35,0.3636363636363637,8.0
3,1997,56,삼성,30,22,0.5769230769230769,4.0
4,1997,56,쌍방울,28,28,0.5,5.0
5,1997,56,한화,20,34,0.3703703703703704,7.0
6,1997,56,해태,33,22,0.6,2.0
7,1997,56,현대,21,32,0.3962264150943397,6.0
