,Year,Game_idx,Team1,cum_win,cum_lose,Wpct,rank
0,2010,69,KIA,34,35,0.4927536231884058,4.0
1,2010,69,LG,32,36,0.4705882352941176,6.0
2,2010,69,SK,47,22,0.6811594202898551,1.0
3,2010,69,넥센,28,40,0.4117647058823529,7.0
4,2010,69,두산,38,30,0.5588235294117647,2.0
5,2010,69,롯데,32,35,0.4776119402985074,5.0
6,2010,69,삼성,34,34,0.5,3.0
7,2010,69,한화,27,42,0.39130434782608703,8.0
