,Year,Game_idx,Team1,cum_win,cum_lose,Wpct,rank
0,2001,97,KIA,42,50,0.4565217391304348,5.0
1,2001,97,LG,39,51,0.43333333333333335,6.0
2,2001,97,SK,41,54,0.43157894736842106,7.0
3,2001,97,두산,47,45,0.5108695652173914,3.0
4,2001,97,롯데,39,54,0.41935483870967744,8.0
5,2001,97,삼성,63,34,0.6494845360824743,1.0
6,2001,97,한화,43,50,0.4623655913978494,4.0
7,2001,97,현대,58,36,0.6170212765957447,2.0
