,Year,Game_idx,Team1,cum_win,cum_lose,Wpct,rank
0,2015,50,KIA,24,26,0.48,8.0
1,2015,50,LG,21,28,0.42857142857142855,9.0
2,2015,50,NC,30,19,0.6122448979591837,1.0
3,2015,50,SK,26,23,0.5306122448979592,6.0
4,2015,50,kt,10,40,0.2,10.0
5,2015,50,넥센,27,23,0.54,4.5
6,2015,50,두산,29,21,0.58,3.0
7,2015,50,롯데,27,23,0.54,4.5
8,2015,50,삼성,30,20,0.6,2.0
9,2015,50,한화,26,24,0.52,7.0
