,Year,Game_idx,Team1,cum_win,cum_lose,Wpct,rank
0,2016,22,KIA,9,13,0.4090909090909091,9.0
1,2016,22,LG,11,11,0.5,5.5
2,2016,22,NC,11,11,0.5,5.5
3,2016,22,SK,14,8,0.6363636363636364,2.0
4,2016,22,kt,11,11,0.5,5.5
5,2016,22,넥센,11,10,0.5238095238095238,3.0
6,2016,22,두산,16,5,0.7619047619047619,1.0
7,2016,22,롯데,11,11,0.5,5.5
8,2016,22,삼성,10,12,0.4545454545454545,8.0
9,2016,22,한화,6,16,0.2727272727272727,10.0
