,Year,Game_idx,Team1,cum_win,cum_lose,Wpct,rank
0,1992,24,LG,6,17,0.2608695652173913,8.0
1,1992,24,OB,11,12,0.4782608695652174,5.5
2,1992,24,롯데,13,11,0.5416666666666666,4.0
3,1992,24,빙그레,18,5,0.7826086956521741,1.0
4,1992,24,삼성,11,12,0.4782608695652174,5.5
5,1992,24,쌍방울,8,15,0.3478260869565217,7.0
6,1992,24,태평양,12,9,0.5714285714285714,3.0
7,1992,24,해태,14,10,0.5833333333333334,2.0
