,Year,Game_idx,Team1,cum_win,cum_lose,Wpct,rank
0,2009,20,KIA,8,11,0.42105263157894735,6.0
1,2009,20,LG,9,10,0.4736842105263158,5.0
2,2009,20,SK,13,5,0.7222222222222222,1.0
3,2009,20,두산,11,7,0.6111111111111112,2.0
4,2009,20,롯데,7,13,0.35,8.0
5,2009,20,삼성,11,9,0.55,3.0
6,2009,20,한화,10,9,0.5263157894736842,4.0
7,2009,20,히어로즈,8,12,0.4,7.0
