,Year,Game_idx,Team1,cum_win,cum_lose,Wpct,rank
0,1993,14,LG,9,5,0.6428571428571429,2.0
1,1993,14,OB,5,9,0.35714285714285715,6.5
2,1993,14,롯데,6,8,0.42857142857142855,5.0
3,1993,14,빙그레,7,7,0.5,4.0
4,1993,14,삼성,8,5,0.6153846153846154,3.0
5,1993,14,쌍방울,5,9,0.35714285714285715,6.5
6,1993,14,태평양,4,9,0.3076923076923077,8.0
7,1993,14,해태,10,4,0.7142857142857143,1.0
