,Year,Game_idx,Team1,cum_win,cum_lose,Wpct,rank
0,1990,37,LG,15,22,0.40540540540540543,6.0
1,1990,37,OB,14,22,0.3888888888888889,7.0
2,1990,37,롯데,19,18,0.5135135135135135,4.0
3,1990,37,빙그레,21,16,0.5675675675675675,1.0
4,1990,37,삼성,18,19,0.4864864864864865,5.0
5,1990,37,태평양,20,17,0.5405405405405406,2.0
6,1990,37,해태,19,17,0.5277777777777778,3.0
