,Year,Game_idx,Team1,cum_win,cum_lose,Wpct,rank
0,1991,110,LG,51,58,0.4678899082568808,5.0
1,1991,110,OB,41,67,0.3796296296296297,8.0
2,1991,110,롯데,52,55,0.485981308411215,4.0
3,1991,110,빙그레,63,42,0.6,2.0
4,1991,110,삼성,63,46,0.5779816513761468,3.0
5,1991,110,쌍방울,46,61,0.4299065420560748,7.0
6,1991,110,태평양,48,60,0.4444444444444444,6.0
7,1991,110,해태,67,38,0.6380952380952379,1.0
