,Year,Game_idx,Team1,cum_win,cum_lose,Wpct,rank
0,1994,66,LG,42,24,0.6363636363636364,1.0
1,1994,66,OB,30,35,0.4615384615384616,6.0
2,1994,66,롯데,29,34,0.4603174603174603,7.0
3,1994,66,삼성,33,32,0.5076923076923077,5.0
4,1994,66,쌍방울,19,45,0.296875,8.0
5,1994,66,태평양,36,28,0.5625,2.0
6,1994,66,한화,36,29,0.5538461538461539,3.0
7,1994,66,해태,34,30,0.53125,4.0
