,Year,Game_idx,Team1,cum_win,cum_lose,Wpct,rank
0,2005,16,KIA,5,11,0.3125,8.0
1,2005,16,LG,7,9,0.4375,7.0
2,2005,16,SK,8,7,0.5333333333333333,3.0
3,2005,16,두산,11,5,0.6875,1.0
4,2005,16,롯데,8,8,0.5,4.5
5,2005,16,삼성,10,6,0.625,2.0
6,2005,16,한화,8,8,0.5,4.5
7,2005,16,현대,7,8,0.4666666666666667,6.0
