,Year,Game_idx,Team1,cum_win,cum_lose,Wpct,rank
0,2013,121,KIA,49,70,0.4117647058823529,7.0
1,2013,121,LG,71,50,0.5867768595041323,2.0
2,2013,121,NC,48,69,0.41025641025641024,8.0
3,2013,121,SK,60,59,0.5042016806722689,6.0
4,2013,121,넥센,68,51,0.5714285714285714,3.0
5,2013,121,두산,67,51,0.5677966101694916,4.0
6,2013,121,롯데,60,57,0.5128205128205128,5.0
7,2013,121,삼성,72,47,0.6050420168067226,1.0
8,2013,121,한화,39,81,0.325,9.0
