,Year,Game_idx,Team1,cum_win,cum_lose,Wpct,rank
0,1998,27,LG,13,14,0.4814814814814815,3.5
1,1998,27,OB,12,15,0.4444444444444444,5.0
2,1998,27,롯데,11,14,0.44,6.5
3,1998,27,삼성,16,11,0.5925925925925926,2.0
4,1998,27,쌍방울,13,14,0.4814814814814815,3.5
5,1998,27,한화,11,14,0.44,6.5
6,1998,27,해태,11,16,0.4074074074074074,8.0
7,1998,27,현대,19,8,0.7037037037037037,1.0
