,Year,Game_idx,Team1,cum_win,cum_lose,Wpct,rank
0,2009,120,KIA,72,44,0.6206896551724138,1.0
1,2009,120,LG,50,67,0.4273504273504273,7.0
2,2009,120,SK,68,47,0.591304347826087,2.0
3,2009,120,두산,65,53,0.5508474576271186,3.0
4,2009,120,롯데,60,60,0.5,4.0
5,2009,120,삼성,59,61,0.4916666666666666,5.0
6,2009,120,한화,40,77,0.3418803418803419,8.0
7,2009,120,히어로즈,57,62,0.4789915966386555,6.0
