,Year,Game_idx,Team1,cum_win,cum_lose,Wpct,rank
0,1995,33,LG,19,14,0.5757575757575758,2.0
1,1995,33,OB,19,13,0.59375,1.0
2,1995,33,롯데,18,15,0.5454545454545454,3.0
3,1995,33,삼성,15,16,0.4838709677419355,5.0
4,1995,33,쌍방울,14,19,0.42424242424242425,8.0
5,1995,33,태평양,14,18,0.4375,7.0
6,1995,33,한화,17,16,0.5151515151515151,4.0
7,1995,33,해태,15,18,0.4545454545454545,6.0
