,Year,Game_idx,Team1,cum_win,cum_lose,Wpct,rank
0,1996,32,LG,12,19,0.3870967741935484,8.0
1,1996,32,OB,18,14,0.5625,2.0
2,1996,32,롯데,14,17,0.4516129032258064,6.0
3,1996,32,삼성,15,16,0.4838709677419355,5.0
4,1996,32,쌍방울,16,16,0.5,3.5
5,1996,32,한화,14,18,0.4375,7.0
6,1996,32,해태,16,16,0.5,3.5
7,1996,32,현대,21,10,0.6774193548387096,1.0
