,Year,Game_idx,Team1,cum_win,cum_lose,Wpct,rank
0,1994,94,LG,58,36,0.6170212765957447,1.0
1,1994,94,OB,44,49,0.4731182795698925,6.0
2,1994,94,롯데,40,51,0.4395604395604396,7.0
3,1994,94,삼성,48,45,0.5161290322580645,5.0
4,1994,94,쌍방울,32,59,0.3516483516483517,8.0
5,1994,94,태평양,49,42,0.5384615384615384,3.0
6,1994,94,한화,51,42,0.5483870967741935,2.0
7,1994,94,해태,48,44,0.5217391304347826,4.0
