,Year,Game_idx,Team1,cum_win,cum_lose,Wpct,rank
0,1997,102,LG,58,42,0.58,2.0
1,1997,102,OB,46,51,0.4742268041237113,5.0
2,1997,102,롯데,40,61,0.3960396039603961,8.0
3,1997,102,삼성,54,42,0.5625,3.0
4,1997,102,쌍방울,56,45,0.5544554455445545,4.0
5,1997,102,한화,41,59,0.41,7.0
6,1997,102,해태,60,41,0.594059405940594,1.0
7,1997,102,현대,43,55,0.4387755102040816,6.0
