,Year,Game_idx,Team1,cum_win,cum_lose,Wpct,rank
0,2003,123,KIA,72,47,0.6050420168067226,1.0
1,2003,123,LG,57,64,0.4710743801652893,6.0
2,2003,123,SK,61,59,0.5083333333333333,4.0
3,2003,123,두산,52,69,0.4297520661157025,7.0
4,2003,123,롯데,36,84,0.3,8.0
5,2003,123,삼성,72,48,0.6,3.0
6,2003,123,한화,57,61,0.4830508474576271,5.0
7,2003,123,현대,73,48,0.6033057851239669,2.0
