,Year,Game_idx,Team1,cum_win,cum_lose,Wpct,rank
0,2014,41,KIA,17,24,0.4146341463414634,7.0
1,2014,41,LG,15,25,0.375,9.0
2,2014,41,NC,24,17,0.5853658536585366,2.5
3,2014,41,SK,18,23,0.4390243902439024,6.0
4,2014,41,넥센,23,18,0.5609756097560976,4.0
5,2014,41,두산,24,17,0.5853658536585366,2.5
6,2014,41,롯데,20,20,0.5,5.0
7,2014,41,삼성,27,13,0.675,1.0
8,2014,41,한화,16,24,0.4,8.0
