,Year,Game_idx,Team1,cum_win,cum_lose,Wpct,rank
0,1992,48,LG,17,29,0.3695652173913043,7.0
1,1992,48,OB,22,24,0.4782608695652174,5.0
2,1992,48,롯데,24,24,0.5,4.0
3,1992,48,빙그레,34,13,0.7234042553191491,1.0
4,1992,48,삼성,25,22,0.5319148936170213,3.0
5,1992,48,쌍방울,15,32,0.3191489361702128,8.0
6,1992,48,태평양,18,27,0.4,6.0
7,1992,48,해태,32,16,0.6666666666666666,2.0
