,Year,Game_idx,Team1,cum_win,cum_lose,Wpct,rank
0,1996,29,LG,10,18,0.35714285714285715,8.0
1,1996,29,OB,16,13,0.5517241379310345,2.0
2,1996,29,롯데,14,14,0.5,5.0
3,1996,29,삼성,15,13,0.5357142857142857,3.0
4,1996,29,쌍방울,15,14,0.5172413793103449,4.0
5,1996,29,한화,13,16,0.4482758620689655,6.5
6,1996,29,해태,13,16,0.4482758620689655,6.5
7,1996,29,현대,19,9,0.6785714285714286,1.0
