,Year,Game_idx,Team1,cum_win,cum_lose,Wpct,rank
0,2001,129,KIA,57,67,0.4596774193548387,6.0
1,2001,129,LG,55,66,0.4545454545454545,8.0
2,2001,129,SK,58,69,0.4566929133858268,7.0
3,2001,129,두산,64,60,0.5161290322580645,3.0
4,2001,129,롯데,58,67,0.46399999999999997,5.0
5,2001,129,삼성,79,50,0.6124031007751938,1.0
6,2001,129,한화,59,66,0.47200000000000003,4.0
7,2001,129,현대,71,54,0.568,2.0
