,Year,Game_idx,Team1,cum_win,cum_lose,Wpct,rank
0,2000,69,LG,37,30,0.5522388059701493,3.0
1,2000,69,SK,20,48,0.29411764705882354,8.0
2,2000,69,두산,44,25,0.6376811594202898,2.0
3,2000,69,롯데,35,33,0.5147058823529411,5.0
4,2000,69,삼성,35,32,0.5223880597014925,4.0
5,2000,69,한화,27,39,0.4090909090909091,7.0
6,2000,69,해태,29,38,0.4328358208955224,6.0
7,2000,69,현대,46,23,0.6666666666666666,1.0
