,Year,Game_idx,Team1,cum_win,cum_lose,Wpct,rank
0,2000,90,LG,44,43,0.5057471264367817,5.0
1,2000,90,SK,23,65,0.26136363636363635,8.0
2,2000,90,두산,54,36,0.6,2.0
3,2000,90,롯데,47,42,0.5280898876404494,4.0
4,2000,90,삼성,51,36,0.5862068965517241,3.0
5,2000,90,한화,34,52,0.3953488372093023,7.0
6,2000,90,해태,39,49,0.4431818181818182,6.0
7,2000,90,현대,59,30,0.6629213483146067,1.0
