,Year,Game_idx,Team1,cum_win,cum_lose,Wpct,rank
0,1998,28,LG,14,14,0.5,3.5
1,1998,28,OB,13,15,0.4642857142857143,5.0
2,1998,28,롯데,11,15,0.4230769230769231,7.5
3,1998,28,삼성,16,12,0.5714285714285714,2.0
4,1998,28,쌍방울,14,14,0.5,3.5
5,1998,28,한화,11,15,0.4230769230769231,7.5
6,1998,28,해태,12,16,0.42857142857142855,6.0
7,1998,28,현대,20,8,0.7142857142857143,1.0
