,Year,Game_idx,Team1,cum_win,cum_lose,Wpct,rank
0,1996,51,LG,23,26,0.4693877551020408,5.0
1,1996,51,OB,22,27,0.4489795918367347,7.0
2,1996,51,롯데,21,29,0.42,8.0
3,1996,51,삼성,26,23,0.5306122448979592,3.0
4,1996,51,쌍방울,23,27,0.46,6.0
5,1996,51,한화,28,23,0.5490196078431373,2.0
6,1996,51,해태,25,26,0.4901960784313725,4.0
7,1996,51,현대,31,18,0.6326530612244898,1.0
