,Year,Game_idx,Team1,cum_win,cum_lose,Wpct,rank
0,2015,11,KIA,6,5,0.5454545454545454,5.0
1,2015,11,LG,5,6,0.4545454545454545,7.5
2,2015,11,NC,7,4,0.6363636363636364,2.5
3,2015,11,SK,7,4,0.6363636363636364,2.5
4,2015,11,kt,0,11,0.0,10.0
5,2015,11,넥센,4,7,0.3636363636363637,9.0
6,2015,11,두산,6,5,0.5454545454545454,5.0
7,2015,11,롯데,6,5,0.5454545454545454,5.0
8,2015,11,삼성,8,3,0.7272727272727273,1.0
9,2015,11,한화,5,6,0.4545454545454545,7.5
