,Year,Game_idx,Team1,cum_win,cum_lose,Wpct,rank
0,2003,119,KIA,70,45,0.6086956521739131,2.0
1,2003,119,LG,57,60,0.4871794871794872,5.0
2,2003,119,SK,58,58,0.5,4.0
3,2003,119,두산,49,68,0.4188034188034188,7.0
4,2003,119,롯데,35,81,0.3017241379310345,8.0
5,2003,119,삼성,70,47,0.5982905982905983,3.0
6,2003,119,한화,54,61,0.4695652173913044,6.0
7,2003,119,현대,72,45,0.6153846153846154,1.0
