,Year,Game_idx,Team1,cum_win,cum_lose,Wpct,rank
0,2008,34,KIA,12,22,0.35294117647058826,7.5
1,2008,34,LG,12,22,0.35294117647058826,7.5
2,2008,34,SK,26,8,0.7647058823529411,1.0
3,2008,34,두산,18,16,0.5294117647058824,3.5
4,2008,34,롯데,19,15,0.5588235294117647,2.0
5,2008,34,삼성,17,17,0.5,5.0
6,2008,34,한화,18,16,0.5294117647058824,3.5
7,2008,34,히어로즈,15,19,0.4411764705882353,6.0
