,Year,Game_idx,Team1,cum_win,cum_lose,Wpct,rank
0,1999,41,LG,24,17,0.5853658536585366,3.0
1,1999,41,두산,22,17,0.5641025641025641,4.0
2,1999,41,롯데,24,14,0.631578947368421,1.0
3,1999,41,삼성,24,15,0.6153846153846154,2.0
4,1999,41,쌍방울,9,30,0.2307692307692308,8.0
5,1999,41,한화,16,25,0.3902439024390244,7.0
6,1999,41,해태,17,24,0.4146341463414634,6.0
7,1999,41,현대,22,18,0.55,5.0
