,Year,Game_idx,Team1,cum_win,cum_lose,Wpct,rank
0,1990,51,LG,26,25,0.5098039215686274,4.0
1,1990,51,OB,17,33,0.34,7.0
2,1990,51,롯데,25,26,0.4901960784313725,6.0
3,1990,51,빙그레,30,21,0.5882352941176471,1.0
4,1990,51,삼성,27,24,0.5294117647058824,3.0
5,1990,51,태평양,25,25,0.5,5.0
6,1990,51,해태,27,23,0.54,2.0
