,Year,Game_idx,Team1,cum_win,cum_lose,Wpct,rank
0,1992,113,LG,45,65,0.4090909090909091,7.0
1,1992,113,OB,50,59,0.4587155963302753,5.0
2,1992,113,롯데,64,49,0.5663716814159292,3.0
3,1992,113,빙그레,70,41,0.6306306306306306,1.0
4,1992,113,삼성,60,51,0.5405405405405406,4.0
5,1992,113,쌍방울,38,74,0.3392857142857143,8.0
6,1992,113,태평양,48,62,0.4363636363636363,6.0
7,1992,113,해태,68,44,0.6071428571428571,2.0
