,Year,Game_idx,Team1,cum_win,cum_lose,Wpct,rank
0,1999,78,LG,39,39,0.5,5.0
1,1999,78,두산,42,32,0.5675675675675675,2.0
2,1999,78,롯데,47,27,0.6351351351351351,1.0
3,1999,78,삼성,41,35,0.5394736842105263,3.0
4,1999,78,쌍방울,17,56,0.2328767123287671,8.0
5,1999,78,한화,37,39,0.4868421052631579,6.0
6,1999,78,해태,36,40,0.4736842105263158,7.0
7,1999,78,현대,39,34,0.5342465753424658,4.0
