,Year,Game_idx,Team1,cum_win,cum_lose,Wpct,rank
0,2005,89,KIA,36,52,0.4090909090909091,8.0
1,2005,89,LG,39,49,0.4431818181818182,7.0
2,2005,89,SK,44,40,0.5238095238095238,4.0
3,2005,89,두산,48,39,0.5517241379310345,2.0
4,2005,89,롯데,42,47,0.4719101123595506,5.0
5,2005,89,삼성,52,35,0.5977011494252874,1.0
6,2005,89,한화,47,41,0.5340909090909091,3.0
7,2005,89,현대,40,47,0.4597701149425287,6.0
