,Year,Game_idx,Team1,cum_win,cum_lose,Wpct,rank
0,1990,24,LG,8,16,0.3333333333333333,7.0
1,1990,24,OB,8,15,0.3478260869565217,6.0
2,1990,24,롯데,15,9,0.625,1.5
3,1990,24,빙그레,15,9,0.625,1.5
4,1990,24,삼성,13,11,0.5416666666666666,3.5
5,1990,24,태평양,13,11,0.5416666666666666,3.5
6,1990,24,해태,11,12,0.4782608695652174,5.0
