,Year,Game_idx,Team1,cum_win,cum_lose,Wpct,rank
0,1999,115,LG,57,58,0.4956521739130435,6.0
1,1999,115,두산,63,47,0.5727272727272728,1.5
2,1999,115,롯데,63,47,0.5727272727272728,1.5
3,1999,115,삼성,62,51,0.5486725663716814,3.0
4,1999,115,쌍방울,27,83,0.24545454545454545,8.0
5,1999,115,한화,60,53,0.5309734513274337,4.0
6,1999,115,해태,55,58,0.4867256637168141,7.0
7,1999,115,현대,58,52,0.5272727272727272,5.0
