,Year,Game_idx,Team1,cum_win,cum_lose,Wpct,rank
0,2011,60,KIA,34,26,0.5666666666666667,3.5
1,2011,60,LG,34,26,0.5666666666666667,3.5
2,2011,60,SK,36,24,0.6,1.0
3,2011,60,넥센,21,39,0.35,8.0
4,2011,60,두산,25,33,0.4310344827586207,6.0
5,2011,60,롯데,27,30,0.4736842105263158,5.0
6,2011,60,삼성,34,24,0.5862068965517241,2.0
7,2011,60,한화,25,34,0.42372881355932196,7.0
