,Year,Game_idx,Team1,cum_win,cum_lose,Wpct,rank
0,1997,126,LG,73,51,0.5887096774193549,2.0
1,1997,126,OB,57,64,0.4710743801652893,5.0
2,1997,126,롯데,48,77,0.384,8.0
3,1997,126,삼성,66,53,0.5546218487394958,4.0
4,1997,126,쌍방울,71,53,0.5725806451612904,3.0
5,1997,126,한화,51,73,0.4112903225806452,7.0
6,1997,126,해태,75,50,0.6,1.0
7,1997,126,현대,51,71,0.4180327868852459,6.0
