,Year,Game_idx,Team1,cum_win,cum_lose,Wpct,rank
0,2014,69,KIA,32,37,0.463768115942029,6.0
1,2014,69,LG,27,41,0.3970588235294117,8.0
2,2014,69,NC,40,29,0.5797101449275363,2.0
3,2014,69,SK,30,39,0.43478260869565216,7.0
4,2014,69,넥센,39,29,0.5735294117647058,3.0
5,2014,69,두산,34,35,0.4927536231884058,5.0
6,2014,69,롯데,35,33,0.5147058823529411,4.0
7,2014,69,삼성,45,22,0.6716417910447762,1.0
8,2014,69,한화,23,45,0.3382352941176471,9.0
