,Year,Game_idx,Team1,cum_win,cum_lose,Wpct,rank
0,2006,122,KIA,61,58,0.5126050420168067,4.0
1,2006,122,LG,47,71,0.3983050847457627,8.0
2,2006,122,SK,58,63,0.4793388429752066,6.0
3,2006,122,두산,60,59,0.5042016806722689,5.0
4,2006,122,롯데,50,69,0.4201680672268908,7.0
5,2006,122,삼성,70,49,0.5882352941176471,1.0
6,2006,122,한화,64,56,0.5333333333333333,3.0
7,2006,122,현대,69,52,0.5702479338842975,2.0
