,Year,Game_idx,Team1,cum_win,cum_lose,Wpct,rank
0,2002,40,KIA,23,15,0.6052631578947368,2.0
1,2002,40,LG,17,23,0.425,7.0
2,2002,40,SK,18,21,0.4615384615384616,5.0
3,2002,40,두산,21,18,0.5384615384615384,3.0
4,2002,40,롯데,15,24,0.38461538461538464,8.0
5,2002,40,삼성,25,15,0.625,1.0
6,2002,40,한화,19,19,0.5,4.0
7,2002,40,현대,17,20,0.4594594594594595,6.0
