,Year,Game_idx,Team1,cum_win,cum_lose,Wpct,rank
0,2011,40,KIA,19,21,0.475,4.0
1,2011,40,LG,23,17,0.575,2.0
2,2011,40,SK,27,13,0.675,1.0
3,2011,40,넥센,15,25,0.375,8.0
4,2011,40,두산,18,20,0.4736842105263158,5.5
5,2011,40,롯데,18,20,0.4736842105263158,5.5
6,2011,40,삼성,21,18,0.5384615384615384,3.0
7,2011,40,한화,15,24,0.38461538461538464,7.0
