,Year,Game_idx,Team1,cum_win,cum_lose,Wpct,rank
0,2003,131,KIA,77,49,0.6111111111111112,2.0
1,2003,131,LG,58,71,0.4496124031007752,6.0
2,2003,131,SK,65,63,0.5078125,4.0
3,2003,131,두산,56,73,0.4341085271317829,7.0
4,2003,131,롯데,37,91,0.2890625,8.0
5,2003,131,삼성,76,51,0.5984251968503937,3.0
6,2003,131,한화,63,63,0.5,5.0
7,2003,131,현대,79,50,0.6124031007751938,1.0
