,Year,Game_idx,Team1,cum_win,cum_lose,Wpct,rank
0,2007,44,KIA,18,25,0.4186046511627907,8.0
1,2007,44,LG,22,20,0.5238095238095238,4.0
2,2007,44,SK,23,17,0.575,1.0
3,2007,44,두산,23,20,0.5348837209302325,3.0
4,2007,44,롯데,20,22,0.4761904761904762,6.0
5,2007,44,삼성,20,21,0.4878048780487805,5.0
6,2007,44,한화,24,19,0.5581395348837209,2.0
7,2007,44,현대,20,24,0.4545454545454545,7.0
