,Year,Game_idx,Team1,cum_win,cum_lose,Wpct,rank
0,2005,20,KIA,8,12,0.4,8.0
1,2005,20,LG,9,11,0.45,6.0
2,2005,20,SK,9,10,0.4736842105263158,5.0
3,2005,20,두산,12,8,0.6,1.5
4,2005,20,롯데,11,9,0.55,3.0
5,2005,20,삼성,12,8,0.6,1.5
6,2005,20,한화,10,10,0.5,4.0
7,2005,20,현대,8,11,0.42105263157894735,7.0
