,Year,Game_idx,Team1,cum_win,cum_lose,Wpct,rank
0,2010,13,KIA,6,7,0.4615384615384616,4.0
1,2010,13,LG,4,8,0.3333333333333333,7.0
2,2010,13,SK,8,5,0.6153846153846154,3.0
3,2010,13,넥센,4,9,0.3076923076923077,8.0
4,2010,13,두산,10,2,0.8333333333333334,1.0
5,2010,13,롯데,5,8,0.38461538461538464,5.5
6,2010,13,삼성,9,4,0.6923076923076923,2.0
7,2010,13,한화,5,8,0.38461538461538464,5.5
