,Year,Game_idx,Team1,cum_win,cum_lose,Wpct,rank
0,2002,66,KIA,41,22,0.6507936507936508,1.0
1,2002,66,LG,32,31,0.5079365079365079,4.0
2,2002,66,SK,30,33,0.4761904761904762,6.0
3,2002,66,두산,37,27,0.578125,3.0
4,2002,66,롯데,19,46,0.2923076923076923,8.0
5,2002,66,삼성,40,26,0.6060606060606061,2.0
6,2002,66,한화,26,38,0.40625,7.0
7,2002,66,현대,31,31,0.5,5.0
