,Year,Game_idx,Team1,cum_win,cum_lose,Wpct,rank
0,2015,96,KIA,47,49,0.4895833333333333,7.0
1,2015,96,LG,42,53,0.4421052631578947,9.0
2,2015,96,NC,53,41,0.5638297872340425,2.0
3,2015,96,SK,47,47,0.5,5.5
4,2015,96,kt,31,65,0.3229166666666667,10.0
5,2015,96,넥센,53,42,0.5578947368421052,4.0
6,2015,96,두산,54,42,0.5625,3.0
7,2015,96,롯데,45,51,0.46875,8.0
8,2015,96,삼성,58,38,0.6041666666666666,1.0
9,2015,96,한화,48,48,0.5,5.5
