,Year,Game_idx,Team1,cum_win,cum_lose,Wpct,rank
0,1994,113,LG,72,41,0.6371681415929203,1.0
1,1994,113,OB,50,62,0.44642857142857145,6.0
2,1994,113,롯데,48,62,0.4363636363636363,7.0
3,1994,113,삼성,54,57,0.4864864864864865,5.0
4,1994,113,쌍방울,39,69,0.3611111111111111,8.0
5,1994,113,태평양,63,47,0.5727272727272728,2.0
6,1994,113,한화,59,52,0.5315315315315315,3.0
7,1994,113,해태,58,53,0.5225225225225225,4.0
