,Year,Game_idx,Team1,cum_win,cum_lose,Wpct,rank
0,2002,76,KIA,48,25,0.6575342465753424,1.0
1,2002,76,LG,36,37,0.4931506849315068,5.0
2,2002,76,SK,34,39,0.4657534246575342,6.0
3,2002,76,두산,44,30,0.5945945945945946,2.0
4,2002,76,롯데,20,55,0.26666666666666666,8.0
5,2002,76,삼성,42,33,0.56,3.0
6,2002,76,한화,33,40,0.4520547945205479,7.0
7,2002,76,현대,36,36,0.5,4.0
