,Year,Game_idx,Team1,cum_win,cum_lose,Wpct,rank
0,1993,23,LG,14,9,0.6086956521739131,2.0
1,1993,23,OB,11,12,0.4782608695652174,4.5
2,1993,23,롯데,10,13,0.43478260869565216,6.0
3,1993,23,빙그레,11,12,0.4782608695652174,4.5
4,1993,23,삼성,13,9,0.5909090909090909,3.0
5,1993,23,쌍방울,7,16,0.3043478260869565,7.0
6,1993,23,태평양,6,16,0.2727272727272727,8.0
7,1993,23,해태,16,7,0.6956521739130435,1.0
