,Year,Game_idx,Team1,cum_win,cum_lose,Wpct,rank
0,2005,3,KIA,2,1,0.6666666666666666,3.0
1,2005,3,LG,0,3,0.0,7.5
2,2005,3,SK,1,1,0.5,5.0
3,2005,3,두산,2,1,0.6666666666666666,3.0
4,2005,3,롯데,1,2,0.3333333333333333,6.0
5,2005,3,삼성,3,0,1.0,1.0
6,2005,3,한화,2,1,0.6666666666666666,3.0
7,2005,3,현대,0,2,0.0,7.5
