,Year,Game_idx,Team1,cum_win,cum_lose,Wpct,rank
0,2015,107,KIA,54,53,0.5046728971962616,5.0
1,2015,107,LG,46,60,0.4339622641509434,9.0
2,2015,107,NC,61,44,0.580952380952381,2.0
3,2015,107,SK,50,55,0.4761904761904762,7.0
4,2015,107,kt,35,72,0.3271028037383177,10.0
5,2015,107,넥센,58,48,0.5471698113207547,4.0
6,2015,107,두산,59,48,0.5514018691588785,3.0
7,2015,107,롯데,49,58,0.4579439252336449,8.0
8,2015,107,삼성,66,41,0.616822429906542,1.0
9,2015,107,한화,53,54,0.4953271028037383,6.0
