,Year,Game_idx,Team1,cum_win,cum_lose,Wpct,rank
0,2008,54,KIA,23,31,0.4259259259259259,6.0
1,2008,54,LG,20,34,0.3703703703703704,7.5
2,2008,54,SK,36,18,0.6666666666666666,1.0
3,2008,54,두산,30,24,0.5555555555555556,2.5
4,2008,54,롯데,30,24,0.5555555555555556,2.5
5,2008,54,삼성,29,25,0.5370370370370371,4.0
6,2008,54,한화,27,27,0.5,5.0
7,2008,54,히어로즈,20,34,0.3703703703703704,7.5
