,Year,Game_idx,Team1,cum_win,cum_lose,Wpct,rank
0,2004,60,KIA,27,30,0.4736842105263158,6.0
1,2004,60,LG,27,31,0.4655172413793103,7.0
2,2004,60,SK,26,28,0.4814814814814815,5.0
3,2004,60,두산,30,29,0.5084745762711864,4.0
4,2004,60,롯데,21,31,0.40384615384615385,8.0
5,2004,60,삼성,28,26,0.5185185185185185,2.0
6,2004,60,한화,29,27,0.5178571428571429,3.0
7,2004,60,현대,34,22,0.6071428571428571,1.0
