,Year,Game_idx,Team1,cum_win,cum_lose,Wpct,rank
0,1998,42,LG,20,22,0.4761904761904762,5.0
1,1998,42,OB,21,21,0.5,3.5
2,1998,42,롯데,16,24,0.4,8.0
3,1998,42,삼성,22,20,0.5238095238095238,2.0
4,1998,42,쌍방울,18,24,0.42857142857142855,6.0
5,1998,42,한화,20,20,0.5,3.5
6,1998,42,해태,17,25,0.4047619047619048,7.0
7,1998,42,현대,29,13,0.6904761904761905,1.0
