,Year,Game_idx,Team1,cum_win,cum_lose,Wpct,rank
0,2006,18,KIA,8,9,0.4705882352941176,5.0
1,2006,18,LG,7,11,0.3888888888888889,7.5
2,2006,18,SK,12,6,0.6666666666666666,1.0
3,2006,18,두산,7,9,0.4375,6.0
4,2006,18,롯데,7,11,0.3888888888888889,7.5
5,2006,18,삼성,10,7,0.5882352941176471,2.0
6,2006,18,한화,10,8,0.5555555555555556,3.0
7,2006,18,현대,9,9,0.5,4.0
