,Year,Game_idx,Team1,cum_win,cum_lose,Wpct,rank
0,2016,141,KIA,69,71,0.4928571428571429,5.0
1,2016,141,LG,70,69,0.5035971223021583,4.0
2,2016,141,NC,82,56,0.5942028985507246,2.0
3,2016,141,SK,67,74,0.475177304964539,6.0
4,2016,141,kt,51,88,0.3669064748201439,10.0
5,2016,141,넥센,77,63,0.55,3.0
6,2016,141,두산,91,49,0.65,1.0
7,2016,141,롯데,64,77,0.4539007092198582,9.0
8,2016,141,삼성,64,76,0.4571428571428571,7.0
9,2016,141,한화,63,75,0.4565217391304348,8.0
