,Year,Game_idx,Team1,cum_win,cum_lose,Wpct,rank
0,1989,114,MBC,45,65,0.4090909090909091,7.0
1,1989,114,OB,51,60,0.4594594594594595,5.0
2,1989,114,롯데,45,64,0.4128440366972477,6.0
3,1989,114,빙그레,69,42,0.6216216216216216,1.0
4,1989,114,삼성,55,54,0.5045871559633027,4.0
5,1989,114,태평양,57,53,0.5181818181818182,3.0
6,1989,114,해태,63,47,0.5727272727272728,2.0
