,Year,Game_idx,Team1,cum_win,cum_lose,Wpct,rank
0,1994,14,LG,10,4,0.7142857142857143,1.0
1,1994,14,OB,7,7,0.5,4.0
2,1994,14,롯데,6,7,0.4615384615384616,5.0
3,1994,14,삼성,7,6,0.5384615384615384,3.0
4,1994,14,쌍방울,6,8,0.42857142857142855,6.0
5,1994,14,태평양,9,4,0.6923076923076923,2.0
6,1994,14,한화,5,9,0.35714285714285715,7.0
7,1994,14,해태,4,9,0.3076923076923077,8.0
