,Year,Game_idx,Team1,cum_win,cum_lose,Wpct,rank
0,2001,17,KIA,8,8,0.5,5.0
1,2001,17,LG,5,12,0.29411764705882354,7.5
2,2001,17,SK,10,7,0.5882352941176471,3.5
3,2001,17,두산,10,6,0.625,2.0
4,2001,17,롯데,5,12,0.29411764705882354,7.5
5,2001,17,삼성,11,6,0.6470588235294118,1.0
6,2001,17,한화,10,7,0.5882352941176471,3.5
7,2001,17,현대,8,9,0.4705882352941176,6.0
