,Year,Game_idx,Team1,cum_win,cum_lose,Wpct,rank
0,2002,115,KIA,67,44,0.6036036036036037,2.0
1,2002,115,LG,58,51,0.5321100917431193,4.0
2,2002,115,SK,53,59,0.4732142857142857,7.0
3,2002,115,두산,57,56,0.5044247787610621,5.0
4,2002,115,롯데,29,85,0.2543859649122807,8.0
5,2002,115,삼성,68,43,0.6126126126126126,1.0
6,2002,115,한화,53,57,0.4818181818181818,6.0
7,2002,115,현대,62,48,0.5636363636363636,3.0
