,Year,Game_idx,Team1,cum_win,cum_lose,Wpct,rank
0,2013,93,KIA,42,49,0.4615384615384616,7.0
1,2013,93,LG,56,37,0.6021505376344086,2.0
2,2013,93,NC,37,53,0.4111111111111111,8.0
3,2013,93,SK,45,46,0.4945054945054945,6.0
4,2013,93,넥센,49,42,0.5384615384615384,4.0
5,2013,93,두산,51,40,0.5604395604395604,3.0
6,2013,93,롯데,46,45,0.5054945054945055,5.0
7,2013,93,삼성,55,36,0.6043956043956044,1.0
8,2013,93,한화,27,65,0.29347826086956524,9.0
