,Year,Game_idx,Team1,cum_win,cum_lose,Wpct,rank
0,2016,54,KIA,23,30,0.4339622641509434,8.0
1,2016,54,LG,26,27,0.490566037735849,4.0
2,2016,54,NC,34,19,0.6415094339622641,2.0
3,2016,54,SK,26,28,0.4814814814814815,5.0
4,2016,54,kt,22,30,0.4230769230769231,9.0
5,2016,54,넥센,28,25,0.5283018867924528,3.0
6,2016,54,두산,38,15,0.7169811320754716,1.0
7,2016,54,롯데,25,29,0.462962962962963,6.5
8,2016,54,삼성,25,29,0.462962962962963,6.5
9,2016,54,한화,21,32,0.3962264150943397,10.0
