,Year,Game_idx,Team1,cum_win,cum_lose,Wpct,rank
0,2003,107,KIA,61,42,0.5922330097087378,3.0
1,2003,107,LG,50,55,0.4761904761904762,5.0
2,2003,107,SK,55,50,0.5238095238095238,4.0
3,2003,107,두산,43,62,0.4095238095238095,7.0
4,2003,107,롯데,29,75,0.27884615384615385,8.0
5,2003,107,삼성,63,42,0.6,2.0
6,2003,107,한화,49,54,0.4757281553398058,6.0
7,2003,107,현대,65,40,0.6190476190476191,1.0
