,Year,Game_idx,Team1,cum_win,cum_lose,Wpct,rank
0,2003,59,KIA,30,28,0.5172413793103449,4.0
1,2003,59,LG,27,30,0.4736842105263158,6.0
2,2003,59,SK,38,20,0.6551724137931034,1.0
3,2003,59,두산,18,41,0.3050847457627119,8.0
4,2003,59,롯데,19,38,0.3333333333333333,7.0
5,2003,59,삼성,37,20,0.6491228070175439,2.0
6,2003,59,한화,27,29,0.4821428571428572,5.0
7,2003,59,현대,34,24,0.5862068965517241,3.0
