,Year,Game_idx,Team1,cum_win,cum_lose,Wpct,rank
0,1996,113,LG,46,62,0.4259259259259259,7.0
1,1996,113,OB,44,63,0.41121495327102797,8.0
2,1996,113,롯데,49,58,0.4579439252336449,6.0
3,1996,113,삼성,50,58,0.462962962962963,5.0
4,1996,113,쌍방울,61,50,0.5495495495495496,2.0
5,1996,113,한화,61,51,0.5446428571428571,3.0
6,1996,113,해태,66,45,0.5945945945945946,1.0
7,1996,113,현대,58,50,0.5370370370370371,4.0
