,Year,Game_idx,Team1,cum_win,cum_lose,Wpct,rank
0,1999,32,LG,20,12,0.625,1.0
1,1999,32,두산,16,14,0.5333333333333333,4.0
2,1999,32,롯데,17,12,0.5862068965517241,3.0
3,1999,32,삼성,18,12,0.6,2.0
4,1999,32,쌍방울,8,22,0.26666666666666666,8.0
5,1999,32,한화,13,19,0.40625,7.0
6,1999,32,해태,14,18,0.4375,6.0
7,1999,32,현대,16,15,0.5161290322580645,5.0
