,Year,Game_idx,Team1,cum_win,cum_lose,Wpct,rank
0,2001,81,KIA,37,40,0.4805194805194805,4.0
1,2001,81,LG,33,42,0.44,6.0
2,2001,81,SK,34,46,0.425,7.0
3,2001,81,두산,40,36,0.5263157894736842,3.0
4,2001,81,롯데,32,46,0.41025641025641024,8.0
5,2001,81,삼성,50,31,0.6172839506172839,2.0
6,2001,81,한화,36,43,0.4556962025316456,5.0
7,2001,81,현대,50,28,0.6410256410256411,1.0
