,Year,Game_idx,Team1,cum_win,cum_lose,Wpct,rank
0,1992,7,LG,2,5,0.2857142857142857,7.5
1,1992,7,OB,2,5,0.2857142857142857,7.5
2,1992,7,롯데,4,3,0.5714285714285714,4.0
3,1992,7,빙그레,6,1,0.8571428571428571,1.0
4,1992,7,삼성,4,3,0.5714285714285714,4.0
5,1992,7,쌍방울,3,4,0.42857142857142855,6.0
6,1992,7,태평양,5,2,0.7142857142857143,2.0
7,1992,7,해태,4,3,0.5714285714285714,4.0
