,Year,Game_idx,Team1,cum_win,cum_lose,Wpct,rank
0,2004,121,KIA,61,56,0.5213675213675214,4.0
1,2004,121,LG,55,62,0.4700854700854701,6.0
2,2004,121,SK,58,55,0.5132743362831859,5.0
3,2004,121,두산,64,56,0.5333333333333333,3.0
4,2004,121,롯데,43,67,0.3909090909090909,8.0
5,2004,121,삼성,66,48,0.5789473684210527,1.0
6,2004,121,한화,48,67,0.4173913043478261,7.0
7,2004,121,현대,67,49,0.5775862068965517,2.0
