,Year,Game_idx,Team1,cum_win,cum_lose,Wpct,rank
0,2004,32,KIA,16,14,0.5333333333333333,2.0
1,2004,32,LG,16,15,0.5161290322580645,4.0
2,2004,32,SK,15,14,0.5172413793103449,3.0
3,2004,32,두산,14,17,0.4516129032258064,7.0
4,2004,32,롯데,11,17,0.3928571428571429,8.0
5,2004,32,삼성,14,16,0.4666666666666667,6.0
6,2004,32,한화,15,15,0.5,5.0
7,2004,32,현대,19,12,0.6129032258064516,1.0
