,Year,Game_idx,Team1,cum_win,cum_lose,Wpct,rank
0,2000,64,LG,35,27,0.5645161290322581,3.0
1,2000,64,SK,19,44,0.3015873015873016,8.0
2,2000,64,두산,39,25,0.609375,2.0
3,2000,64,롯데,31,32,0.492063492063492,5.0
4,2000,64,삼성,33,30,0.5238095238095238,4.0
5,2000,64,한화,24,37,0.3934426229508197,7.0
6,2000,64,해태,28,34,0.4516129032258064,6.0
7,2000,64,현대,43,21,0.671875,1.0
