,Year,Game_idx,Team1,cum_win,cum_lose,Wpct,rank
0,1991,77,LG,40,36,0.5263157894736842,4.0
1,1991,77,OB,25,51,0.32894736842105265,8.0
2,1991,77,롯데,39,37,0.5131578947368421,5.0
3,1991,77,빙그레,41,33,0.5540540540540541,3.0
4,1991,77,삼성,43,34,0.5584415584415584,2.0
5,1991,77,쌍방울,29,46,0.38666666666666666,7.0
6,1991,77,태평양,36,40,0.4736842105263158,6.0
7,1991,77,해태,49,26,0.6533333333333333,1.0
