,Year,Game_idx,Team1,cum_win,cum_lose,Wpct,rank
0,2000,46,LG,23,22,0.5111111111111111,4.0
1,2000,46,SK,14,32,0.3043478260869565,8.0
2,2000,46,두산,30,16,0.6521739130434783,2.0
3,2000,46,롯데,21,25,0.4565217391304348,5.0
4,2000,46,삼성,27,19,0.5869565217391305,3.0
5,2000,46,한화,17,27,0.3863636363636364,6.0
6,2000,46,해태,17,28,0.37777777777777777,7.0
7,2000,46,현대,33,13,0.7173913043478259,1.0
