,Year,Game_idx,Team1,cum_win,cum_lose,Wpct,rank
0,2013,73,KIA,37,34,0.5211267605633803,5.5
1,2013,73,LG,42,31,0.5753424657534246,2.0
2,2013,73,NC,27,43,0.3857142857142857,8.0
3,2013,73,SK,33,39,0.4583333333333333,7.0
4,2013,73,넥센,41,31,0.5694444444444444,3.0
5,2013,73,두산,38,33,0.5352112676056338,4.0
6,2013,73,롯데,37,34,0.5211267605633803,5.5
7,2013,73,삼성,43,28,0.6056338028169014,1.0
8,2013,73,한화,22,50,0.3055555555555556,9.0
