,Year,Game_idx,Team1,cum_win,cum_lose,Wpct,rank
0,1993,31,LG,18,13,0.5806451612903226,2.0
1,1993,31,OB,14,15,0.4827586206896552,6.0
2,1993,31,롯데,17,14,0.5483870967741935,3.0
3,1993,31,빙그레,16,15,0.5161290322580645,5.0
4,1993,31,삼성,16,14,0.5333333333333333,4.0
5,1993,31,쌍방울,10,21,0.3225806451612903,7.0
6,1993,31,태평양,9,19,0.32142857142857145,8.0
7,1993,31,해태,22,8,0.7333333333333333,1.0
