,Year,Game_idx,Team1,cum_win,cum_lose,Wpct,rank
0,2009,41,KIA,21,17,0.5526315789473685,3.0
1,2009,41,LG,20,19,0.5128205128205128,4.0
2,2009,41,SK,27,10,0.7297297297297297,1.0
3,2009,41,두산,25,14,0.6410256410256411,2.0
4,2009,41,롯데,16,25,0.3902439024390244,7.0
5,2009,41,삼성,18,23,0.4390243902439024,5.0
6,2009,41,한화,16,22,0.42105263157894735,6.0
7,2009,41,히어로즈,15,25,0.375,8.0
