,Year,Game_idx,Team1,cum_win,cum_lose,Wpct,rank
0,2008,27,KIA,8,19,0.2962962962962963,8.0
1,2008,27,LG,11,16,0.4074074074074074,7.0
2,2008,27,SK,21,6,0.7777777777777778,1.0
3,2008,27,두산,13,14,0.4814814814814815,5.0
4,2008,27,롯데,16,11,0.5925925925925926,2.0
5,2008,27,삼성,14,13,0.5185185185185185,3.5
6,2008,27,한화,14,13,0.5185185185185185,3.5
7,2008,27,히어로즈,12,15,0.4444444444444444,6.0
