,Year,Game_idx,Team1,cum_win,cum_lose,Wpct,rank
0,2015,65,KIA,33,32,0.5076923076923077,6.0
1,2015,65,LG,27,37,0.421875,9.0
2,2015,65,NC,37,27,0.578125,2.0
3,2015,65,SK,32,32,0.5,7.0
4,2015,65,kt,18,47,0.2769230769230769,10.0
5,2015,65,넥센,36,28,0.5625,4.0
6,2015,65,두산,38,27,0.5846153846153846,1.0
7,2015,65,롯데,31,34,0.476923076923077,8.0
8,2015,65,삼성,37,28,0.5692307692307692,3.0
9,2015,65,한화,35,30,0.5384615384615384,5.0
