,Year,Game_idx,Team1,cum_win,cum_lose,Wpct,rank
0,1995,114,LG,66,44,0.6,2.0
1,1995,114,OB,66,43,0.6055045871559633,1.0
2,1995,114,롯데,61,48,0.5596330275229358,3.0
3,1995,114,삼성,55,53,0.5092592592592593,4.0
4,1995,114,쌍방울,40,71,0.3603603603603603,8.0
5,1995,114,태평양,44,65,0.4036697247706422,7.0
6,1995,114,한화,52,62,0.456140350877193,6.0
7,1995,114,해태,55,55,0.5,5.0
