,Year,Game_idx,Team1,cum_win,cum_lose,Wpct,rank
0,2014,128,KIA,54,74,0.421875,8.0
1,2014,128,LG,61,64,0.488,4.0
2,2014,128,NC,70,57,0.5511811023622047,3.0
3,2014,128,SK,61,65,0.4841269841269841,5.0
4,2014,128,넥센,78,48,0.6190476190476191,2.0
5,2014,128,두산,59,68,0.4645669291338583,6.0
6,2014,128,롯데,58,68,0.4603174603174603,7.0
7,2014,128,삼성,78,47,0.624,1.0
8,2014,128,한화,49,77,0.3888888888888889,9.0
