,Year,Game_idx,Team1,cum_win,cum_lose,Wpct,rank
0,1991,49,LG,23,25,0.4791666666666667,6.0
1,1991,49,OB,18,31,0.3673469387755102,8.0
2,1991,49,롯데,25,23,0.5208333333333334,4.0
3,1991,49,빙그레,25,22,0.5319148936170213,2.0
4,1991,49,삼성,26,23,0.5306122448979592,3.0
5,1991,49,쌍방울,19,30,0.3877551020408163,7.0
6,1991,49,태평양,24,25,0.4897959183673469,5.0
7,1991,49,해태,31,18,0.6326530612244898,1.0
