,Year,Game_idx,Team1,cum_win,cum_lose,Wpct,rank
0,2016,17,KIA,7,10,0.4117647058823529,9.0
1,2016,17,LG,8,9,0.4705882352941176,7.0
2,2016,17,NC,9,8,0.5294117647058824,3.5
3,2016,17,SK,11,6,0.6470588235294118,2.0
4,2016,17,kt,8,9,0.4705882352941176,7.0
5,2016,17,넥센,8,8,0.5,5.0
6,2016,17,두산,12,4,0.75,1.0
7,2016,17,롯데,9,8,0.5294117647058824,3.5
8,2016,17,삼성,8,9,0.4705882352941176,7.0
9,2016,17,한화,3,14,0.17647058823529413,10.0
