,Year,Game_idx,Team1,cum_win,cum_lose,Wpct,rank
0,2010,36,KIA,18,18,0.5,4.0
1,2010,36,LG,14,21,0.4,6.0
2,2010,36,SK,27,9,0.75,1.0
3,2010,36,넥센,14,22,0.3888888888888889,7.0
4,2010,36,두산,22,13,0.6285714285714286,2.0
5,2010,36,롯데,16,20,0.4444444444444444,5.0
6,2010,36,삼성,21,15,0.5833333333333334,3.0
7,2010,36,한화,11,25,0.3055555555555556,8.0
