,Year,Game_idx,Team1,cum_win,cum_lose,Wpct,rank
0,2008,31,KIA,9,22,0.2903225806451613,8.0
1,2008,31,LG,12,19,0.3870967741935484,7.0
2,2008,31,SK,23,8,0.7419354838709677,1.0
3,2008,31,두산,17,14,0.5483870967741935,2.5
4,2008,31,롯데,17,14,0.5483870967741935,2.5
5,2008,31,삼성,16,15,0.5161290322580645,4.0
6,2008,31,한화,15,16,0.4838709677419355,5.5
7,2008,31,히어로즈,15,16,0.4838709677419355,5.5
