,Year,Game_idx,Team1,cum_win,cum_lose,Wpct,rank
0,2011,68,KIA,39,29,0.5735294117647058,2.0
1,2011,68,LG,36,32,0.5294117647058824,4.0
2,2011,68,SK,38,30,0.5588235294117647,3.0
3,2011,68,넥센,26,42,0.38235294117647056,8.0
4,2011,68,두산,31,35,0.4696969696969697,5.0
5,2011,68,롯데,29,36,0.4461538461538462,6.0
6,2011,68,삼성,39,27,0.5909090909090909,1.0
7,2011,68,한화,29,38,0.4328358208955224,7.0
