,Year,Game_idx,Team1,cum_win,cum_lose,Wpct,rank
0,1997,37,LG,25,12,0.6756756756756757,1.0
1,1997,37,OB,18,17,0.5142857142857142,4.0
2,1997,37,롯데,14,23,0.3783783783783784,6.0
3,1997,37,삼성,19,16,0.5428571428571428,3.0
4,1997,37,쌍방울,18,19,0.4864864864864865,5.0
5,1997,37,한화,10,25,0.2857142857142857,8.0
6,1997,37,해태,24,13,0.6486486486486487,2.0
7,1997,37,현대,13,22,0.37142857142857133,7.0
