,Year,Game_idx,Team1,cum_win,cum_lose,Wpct,rank
0,2012,78,KIA,38,36,0.5135135135135135,5.0
1,2012,78,LG,34,42,0.4473684210526316,7.0
2,2012,78,SK,39,38,0.5064935064935064,6.0
3,2012,78,넥센,40,36,0.5263157894736842,4.0
4,2012,78,두산,41,36,0.5324675324675324,3.0
5,2012,78,롯데,40,34,0.5405405405405406,2.0
6,2012,78,삼성,45,31,0.5921052631578947,1.0
7,2012,78,한화,28,48,0.3684210526315789,8.0
