,Year,Game_idx,Team1,cum_win,cum_lose,Wpct,rank
0,1993,13,LG,8,5,0.6153846153846154,2.0
1,1993,13,OB,5,8,0.38461538461538464,6.0
2,1993,13,롯데,6,7,0.4615384615384616,4.5
3,1993,13,빙그레,6,7,0.4615384615384616,4.5
4,1993,13,삼성,7,5,0.5833333333333334,3.0
5,1993,13,쌍방울,4,9,0.3076923076923077,8.0
6,1993,13,태평양,4,8,0.3333333333333333,7.0
7,1993,13,해태,9,4,0.6923076923076923,1.0
