,Year,Game_idx,Team1,cum_win,cum_lose,Wpct,rank
0,1994,16,LG,11,5,0.6875,1.0
1,1994,16,OB,8,8,0.5,4.0
2,1994,16,롯데,7,8,0.4666666666666667,5.5
3,1994,16,삼성,9,6,0.6,2.5
4,1994,16,쌍방울,7,8,0.4666666666666667,5.5
5,1994,16,태평양,9,6,0.6,2.5
6,1994,16,한화,6,10,0.375,7.0
7,1994,16,해태,4,10,0.2857142857142857,8.0
