,Year,Game_idx,Team1,cum_win,cum_lose,Wpct,rank
0,1991,45,LG,23,21,0.5227272727272727,5.0
1,1991,45,OB,17,28,0.37777777777777777,7.5
2,1991,45,롯데,21,23,0.4772727272727273,6.0
3,1991,45,빙그레,24,19,0.5581395348837209,2.0
4,1991,45,삼성,25,20,0.5555555555555556,3.0
5,1991,45,쌍방울,17,28,0.37777777777777777,7.5
6,1991,45,태평양,24,21,0.5333333333333333,4.0
7,1991,45,해태,28,17,0.6222222222222222,1.0
