,Year,Game_idx,Team1,cum_win,cum_lose,Wpct,rank
0,1994,23,LG,16,7,0.6956521739130435,1.0
1,1994,23,OB,11,12,0.4782608695652174,4.5
2,1994,23,롯데,9,12,0.42857142857142855,7.5
3,1994,23,삼성,11,11,0.5,3.0
4,1994,23,쌍방울,10,12,0.4545454545454545,6.0
5,1994,23,태평양,11,10,0.5238095238095238,2.0
6,1994,23,한화,11,12,0.4782608695652174,4.5
7,1994,23,해태,9,12,0.42857142857142855,7.5
