,Year,Game_idx,Team1,cum_win,cum_lose,Wpct,rank
0,2005,35,KIA,12,23,0.3428571428571429,8.0
1,2005,35,LG,16,19,0.4571428571428571,4.0
2,2005,35,SK,14,19,0.42424242424242425,6.0
3,2005,35,두산,23,11,0.6764705882352942,2.0
4,2005,35,롯데,21,14,0.6,3.0
5,2005,35,삼성,24,11,0.6857142857142857,1.0
6,2005,35,한화,15,20,0.42857142857142855,5.0
7,2005,35,현대,14,20,0.4117647058823529,7.0
