,Year,Game_idx,Team1,cum_win,cum_lose,Wpct,rank
0,1996,14,LG,6,8,0.42857142857142855,6.0
1,1996,14,OB,8,6,0.5714285714285714,2.5
2,1996,14,롯데,8,6,0.5714285714285714,2.5
3,1996,14,삼성,7,6,0.5384615384615384,4.0
4,1996,14,쌍방울,10,4,0.7142857142857143,1.0
5,1996,14,한화,5,9,0.35714285714285715,7.5
6,1996,14,해태,5,9,0.35714285714285715,7.5
7,1996,14,현대,7,7,0.5,5.0
