,Year,Game_idx,Team1,cum_win,cum_lose,Wpct,rank
0,2012,35,KIA,15,18,0.4545454545454545,7.0
1,2012,35,LG,19,16,0.5428571428571428,3.0
2,2012,35,SK,19,15,0.5588235294117647,2.0
3,2012,35,넥센,20,14,0.5882352941176471,1.0
4,2012,35,두산,18,16,0.5294117647058824,4.0
5,2012,35,롯데,17,16,0.5151515151515151,5.0
6,2012,35,삼성,16,18,0.4705882352941176,6.0
7,2012,35,한화,13,22,0.37142857142857133,8.0
