,Year,Game_idx,Team1,cum_win,cum_lose,Wpct,rank
0,1998,15,LG,8,7,0.5333333333333333,4.0
1,1998,15,OB,7,8,0.4666666666666667,5.0
2,1998,15,롯데,6,8,0.42857142857142855,6.0
3,1998,15,삼성,9,6,0.6,2.0
4,1998,15,쌍방울,4,11,0.26666666666666666,8.0
5,1998,15,한화,8,6,0.5714285714285714,3.0
6,1998,15,해태,6,9,0.4,7.0
7,1998,15,현대,10,5,0.6666666666666666,1.0
