,Year,Game_idx,Team1,cum_win,cum_lose,Wpct,rank
0,1994,13,LG,9,4,0.6923076923076923,2.0
1,1994,13,OB,7,6,0.5384615384615384,3.0
2,1994,13,롯데,5,7,0.4166666666666667,5.0
3,1994,13,삼성,6,6,0.5,4.0
4,1994,13,쌍방울,5,8,0.38461538461538464,6.5
5,1994,13,태평양,9,3,0.75,1.0
6,1994,13,한화,5,8,0.38461538461538464,6.5
7,1994,13,해태,4,8,0.3333333333333333,8.0
