,Year,Game_idx,Team1,cum_win,cum_lose,Wpct,rank
0,1989,117,MBC,48,65,0.4247787610619469,6.0
1,1989,117,OB,52,62,0.456140350877193,5.0
2,1989,117,롯데,45,67,0.4017857142857143,7.0
3,1989,117,빙그레,70,44,0.6140350877192983,1.0
4,1989,117,삼성,56,56,0.5,4.0
5,1989,117,태평양,59,54,0.5221238938053098,3.0
6,1989,117,해태,65,48,0.5752212389380531,2.0
