,Year,Game_idx,Team1,cum_win,cum_lose,Wpct,rank
0,1991,43,LG,23,19,0.5476190476190477,4.0
1,1991,43,OB,17,26,0.3953488372093023,7.0
2,1991,43,롯데,19,23,0.4523809523809524,6.0
3,1991,43,빙그레,23,18,0.5609756097560976,2.0
4,1991,43,삼성,24,19,0.5581395348837209,3.0
5,1991,43,쌍방울,16,27,0.372093023255814,8.0
6,1991,43,태평양,22,21,0.5116279069767442,5.0
7,1991,43,해태,28,15,0.6511627906976745,1.0
