,Year,Game_idx,Team1,cum_win,cum_lose,Wpct,rank
0,1991,41,LG,23,17,0.575,2.0
1,1991,41,OB,15,26,0.36585365853658536,7.5
2,1991,41,롯데,18,22,0.45,6.0
3,1991,41,빙그레,21,18,0.5384615384615384,4.0
4,1991,41,삼성,23,18,0.5609756097560976,3.0
5,1991,41,쌍방울,15,26,0.36585365853658536,7.5
6,1991,41,태평양,20,21,0.4878048780487805,5.0
7,1991,41,해태,27,14,0.6585365853658537,1.0
