,Year,Game_idx,Team1,cum_win,cum_lose,Wpct,rank
0,2007,24,KIA,12,12,0.5,4.0
1,2007,24,LG,11,13,0.4583333333333333,6.0
2,2007,24,SK,14,8,0.6363636363636364,1.0
3,2007,24,두산,10,14,0.4166666666666667,8.0
4,2007,24,롯데,12,12,0.5,4.0
5,2007,24,삼성,10,13,0.43478260869565216,7.0
6,2007,24,한화,13,10,0.5652173913043478,2.0
7,2007,24,현대,12,12,0.5,4.0
