,Year,Game_idx,Team1,cum_win,cum_lose,Wpct,rank
0,2005,109,KIA,43,65,0.39814814814814814,8.0
1,2005,109,LG,46,62,0.4259259259259259,6.0
2,2005,109,SK,60,43,0.5825242718446602,2.0
3,2005,109,두산,60,46,0.5660377358490566,3.0
4,2005,109,롯데,50,58,0.462962962962963,5.0
5,2005,109,삼성,64,41,0.6095238095238096,1.0
6,2005,109,한화,59,49,0.5462962962962963,4.0
7,2005,109,현대,45,61,0.4245283018867925,7.0
