,Year,Game_idx,Team1,cum_win,cum_lose,Wpct,rank
0,2003,110,KIA,64,42,0.6037735849056604,3.0
1,2003,110,LG,51,57,0.4722222222222222,5.0
2,2003,110,SK,58,50,0.5370370370370371,4.0
3,2003,110,두산,44,64,0.4074074074074074,7.0
4,2003,110,롯데,30,77,0.2803738317757009,8.0
5,2003,110,삼성,66,42,0.6111111111111112,2.0
6,2003,110,한화,50,56,0.4716981132075472,6.0
7,2003,110,현대,68,40,0.6296296296296297,1.0
