,Year,Game_idx,Team1,cum_win,cum_lose,Wpct,rank
0,1995,60,LG,37,22,0.6271186440677966,2.0
1,1995,60,OB,36,21,0.631578947368421,1.0
2,1995,60,롯데,29,29,0.5,4.0
3,1995,60,삼성,27,29,0.4821428571428572,5.0
4,1995,60,쌍방울,24,35,0.4067796610169492,7.0
5,1995,60,태평양,22,35,0.3859649122807017,8.0
6,1995,60,한화,31,29,0.5166666666666667,3.0
7,1995,60,해태,27,33,0.45,6.0
