,Year,Game_idx,Team1,cum_win,cum_lose,Wpct,rank
0,2009,101,KIA,59,38,0.6082474226804123,1.0
1,2009,101,LG,42,56,0.42857142857142855,7.0
2,2009,101,SK,55,41,0.5729166666666666,3.0
3,2009,101,두산,57,42,0.5757575757575758,2.0
4,2009,101,롯데,52,49,0.5148514851485149,4.0
5,2009,101,삼성,51,50,0.504950495049505,5.0
6,2009,101,한화,31,67,0.3163265306122449,8.0
7,2009,101,히어로즈,48,52,0.48,6.0
