,Year,Game_idx,Team1,cum_win,cum_lose,Wpct,rank
0,2007,92,KIA,36,55,0.3956043956043956,8.0
1,2007,92,LG,43,44,0.4942528735632184,5.0
2,2007,92,SK,52,35,0.5977011494252874,1.0
3,2007,92,두산,49,41,0.5444444444444444,2.0
4,2007,92,롯데,40,49,0.44943820224719105,7.0
5,2007,92,삼성,47,42,0.5280898876404494,3.0
6,2007,92,한화,46,44,0.5111111111111111,4.0
7,2007,92,현대,42,49,0.4615384615384616,6.0
