,Year,Game_idx,Team1,cum_win,cum_lose,Wpct,rank
0,1993,78,LG,47,30,0.6103896103896104,2.0
1,1993,78,OB,37,36,0.5068493150684932,4.0
2,1993,78,롯데,38,40,0.4871794871794872,5.0
3,1993,78,빙그레,33,43,0.4342105263157895,6.0
4,1993,78,삼성,39,35,0.527027027027027,3.0
5,1993,78,쌍방울,32,42,0.4324324324324325,7.0
6,1993,78,태평양,25,46,0.35211267605633795,8.0
7,1993,78,해태,49,28,0.6363636363636364,1.0
