,Year,Game_idx,Team1,cum_win,cum_lose,Wpct,rank
0,2010,32,KIA,16,16,0.5,4.0
1,2010,32,LG,14,17,0.4516129032258064,5.0
2,2010,32,SK,24,8,0.75,1.0
3,2010,32,넥센,12,20,0.375,7.0
4,2010,32,두산,19,12,0.6129032258064516,2.0
5,2010,32,롯데,13,19,0.40625,6.0
6,2010,32,삼성,18,14,0.5625,3.0
7,2010,32,한화,9,23,0.28125,8.0
