,Year,Game_idx,Team1,cum_win,cum_lose,Wpct,rank
0,2005,67,KIA,28,38,0.42424242424242425,8.0
1,2005,67,LG,30,37,0.4477611940298508,7.0
2,2005,67,SK,29,34,0.4603174603174603,6.0
3,2005,67,두산,40,25,0.6153846153846154,2.0
4,2005,67,롯데,31,36,0.4626865671641791,5.0
5,2005,67,삼성,43,23,0.6515151515151515,1.0
6,2005,67,한화,33,33,0.5,3.0
7,2005,67,현대,31,35,0.4696969696969697,4.0
