,Year,Game_idx,Team1,cum_win,cum_lose,Wpct,rank
0,2013,3,KIA,2,1,0.6666666666666666,4.0
1,2013,3,LG,2,1,0.6666666666666666,4.0
2,2013,3,NC,0,3,0.0,8.0
3,2013,3,SK,0,3,0.0,8.0
4,2013,3,넥센,2,1,0.6666666666666666,4.0
5,2013,3,두산,3,0,1.0,1.5
6,2013,3,롯데,3,0,1.0,1.5
7,2013,3,삼성,1,2,0.3333333333333333,6.0
8,2013,3,한화,0,3,0.0,8.0
