,Year,Game_idx,Team1,cum_win,cum_lose,Wpct,rank
0,1999,86,LG,42,44,0.4883720930232558,6.0
1,1999,86,두산,45,36,0.5555555555555556,2.0
2,1999,86,롯데,52,29,0.6419753086419753,1.0
3,1999,86,삼성,46,38,0.5476190476190477,3.0
4,1999,86,쌍방울,18,63,0.2222222222222222,8.0
5,1999,86,한화,42,42,0.5,5.0
6,1999,86,해태,41,43,0.4880952380952381,7.0
7,1999,86,현대,44,37,0.5432098765432098,4.0
