,Year,Game_idx,Team1,cum_win,cum_lose,Wpct,rank
0,2002,126,KIA,76,46,0.6229508196721312,2.0
1,2002,126,LG,63,57,0.525,4.0
2,2002,126,SK,57,66,0.4634146341463415,6.0
3,2002,126,두산,63,61,0.5080645161290323,5.0
4,2002,126,롯데,31,94,0.248,8.0
5,2002,126,삼성,77,45,0.6311475409836066,1.0
6,2002,126,한화,56,65,0.4628099173553719,7.0
7,2002,126,현대,67,54,0.5537190082644629,3.0
