,Year,Game_idx,Team1,cum_win,cum_lose,Wpct,rank
0,1998,92,LG,45,46,0.4945054945054945,3.0
1,1998,92,OB,40,51,0.4395604395604396,6.0
2,1998,92,롯데,38,51,0.42696629213483145,8.0
3,1998,92,삼성,49,41,0.5444444444444444,2.0
4,1998,92,쌍방울,43,48,0.4725274725274725,5.0
5,1998,92,한화,43,45,0.4886363636363637,4.0
6,1998,92,해태,40,52,0.43478260869565216,7.0
7,1998,92,현대,59,33,0.6413043478260869,1.0
