,Year,Game_idx,Team1,cum_win,cum_lose,Wpct,rank
0,1990,57,LG,31,26,0.543859649122807,2.0
1,1990,57,OB,20,36,0.35714285714285715,7.0
2,1990,57,롯데,27,29,0.4821428571428572,6.0
3,1990,57,빙그레,33,24,0.5789473684210527,1.0
4,1990,57,삼성,30,26,0.5357142857142857,3.0
5,1990,57,태평양,28,28,0.5,5.0
6,1990,57,해태,28,27,0.509090909090909,4.0
