,Year,Game_idx,Team1,cum_win,cum_lose,Wpct,rank
0,2003,7,KIA,7,0,1.0,1.5
1,2003,7,LG,2,4,0.3333333333333333,6.0
2,2003,7,SK,4,3,0.5714285714285714,4.0
3,2003,7,두산,0,7,0.0,7.5
4,2003,7,롯데,0,7,0.0,7.5
5,2003,7,삼성,7,0,1.0,1.5
6,2003,7,한화,3,4,0.42857142857142855,5.0
7,2003,7,현대,4,2,0.6666666666666666,3.0
