,Year,Game_idx,Team1,cum_win,cum_lose,Wpct,rank
0,2016,108,KIA,52,55,0.485981308411215,5.0
1,2016,108,LG,51,56,0.4766355140186916,6.0
2,2016,108,NC,64,42,0.6037735849056604,2.0
3,2016,108,SK,54,54,0.5,4.0
4,2016,108,kt,41,65,0.3867924528301887,10.0
5,2016,108,넥센,60,47,0.5607476635514018,3.0
6,2016,108,두산,68,39,0.6355140186915887,1.0
7,2016,108,롯데,49,59,0.4537037037037037,8.0
8,2016,108,삼성,48,59,0.4485981308411215,9.0
9,2016,108,한화,48,57,0.4571428571428571,7.0
