,Year,Game_idx,Team1,cum_win,cum_lose,Wpct,rank
0,1998,57,LG,29,27,0.5178571428571429,3.0
1,1998,57,OB,25,31,0.44642857142857145,6.0
2,1998,57,롯데,21,33,0.3888888888888889,8.0
3,1998,57,삼성,30,26,0.5357142857142857,2.0
4,1998,57,쌍방울,26,31,0.456140350877193,5.0
5,1998,57,한화,26,29,0.4727272727272727,4.0
6,1998,57,해태,25,32,0.43859649122807015,7.0
7,1998,57,현대,42,15,0.7368421052631579,1.0
