,Year,Game_idx,Team1,cum_win,cum_lose,Wpct,rank
0,2000,118,LG,59,56,0.5130434782608696,4.0
1,2000,118,SK,35,80,0.3043478260869565,8.0
2,2000,118,두산,69,49,0.5847457627118644,2.0
3,2000,118,롯데,57,57,0.5,5.0
4,2000,118,삼성,65,48,0.5752212389380531,3.0
5,2000,118,한화,45,68,0.3982300884955752,7.0
6,2000,118,해태,49,65,0.4298245614035088,6.0
7,2000,118,현대,82,34,0.7068965517241379,1.0
