,Year,Game_idx,Team1,cum_win,cum_lose,Wpct,rank
0,2003,103,KIA,57,42,0.5757575757575758,3.0
1,2003,103,LG,50,51,0.4950495049504951,5.0
2,2003,103,SK,53,48,0.5247524752475248,4.0
3,2003,103,두산,41,60,0.405940594059406,7.0
4,2003,103,롯데,29,71,0.29,8.0
5,2003,103,삼성,63,38,0.6237623762376238,2.0
6,2003,103,한화,47,53,0.47,6.0
7,2003,103,현대,64,37,0.6336633663366337,1.0
