,Year,Game_idx,Team1,cum_win,cum_lose,Wpct,rank
0,2012,29,KIA,12,15,0.4444444444444444,7.0
1,2012,29,LG,15,14,0.5172413793103449,4.0
2,2012,29,SK,16,12,0.5714285714285714,1.5
3,2012,29,넥센,14,14,0.5,5.5
4,2012,29,두산,16,12,0.5714285714285714,1.5
5,2012,29,롯데,14,13,0.5185185185185185,3.0
6,2012,29,삼성,14,14,0.5,5.5
7,2012,29,한화,11,18,0.3793103448275862,8.0
