,Year,Game_idx,Team1,cum_win,cum_lose,Wpct,rank
0,2006,87,KIA,43,41,0.5119047619047619,4.0
1,2006,87,LG,33,50,0.3975903614457832,8.0
2,2006,87,SK,41,45,0.4767441860465117,6.0
3,2006,87,두산,41,44,0.4823529411764706,5.0
4,2006,87,롯데,35,50,0.4117647058823529,7.0
5,2006,87,삼성,53,31,0.6309523809523809,1.0
6,2006,87,한화,45,40,0.5294117647058824,3.0
7,2006,87,현대,48,38,0.5581395348837209,2.0
