,Year,Game_idx,Team1,cum_win,cum_lose,Wpct,rank
0,2014,102,KIA,45,57,0.4411764705882353,7.0
1,2014,102,LG,46,55,0.4554455445544554,4.0
2,2014,102,NC,58,44,0.5686274509803921,3.0
3,2014,102,SK,44,58,0.4313725490196079,8.0
4,2014,102,넥센,61,40,0.6039603960396039,2.0
5,2014,102,두산,46,56,0.4509803921568628,5.0
6,2014,102,롯데,45,55,0.45,6.0
7,2014,102,삼성,67,33,0.67,1.0
8,2014,102,한화,42,59,0.4158415841584158,9.0
