,Year,Game_idx,Team1,cum_win,cum_lose,Wpct,rank
0,2015,127,KIA,61,66,0.4803149606299213,6.0
1,2015,127,LG,55,70,0.44,9.0
2,2015,127,NC,73,52,0.584,2.0
3,2015,127,SK,58,67,0.46399999999999997,8.0
4,2015,127,kt,46,81,0.3622047244094488,10.0
5,2015,127,넥센,71,55,0.5634920634920635,3.0
6,2015,127,두산,69,58,0.5433070866141733,4.0
7,2015,127,롯데,61,65,0.4841269841269841,5.0
8,2015,127,삼성,78,49,0.6141732283464567,1.0
9,2015,127,한화,60,67,0.4724409448818898,7.0
