,Year,Game_idx,Team1,cum_win,cum_lose,Wpct,rank
0,2014,118,KIA,51,67,0.4322033898305085,8.0
1,2014,118,LG,55,60,0.4782608695652174,4.0
2,2014,118,NC,64,53,0.5470085470085471,3.0
3,2014,118,SK,55,62,0.4700854700854701,5.0
4,2014,118,넥센,71,46,0.6068376068376068,2.0
5,2014,118,두산,53,64,0.45299145299145294,7.0
6,2014,118,롯데,53,63,0.456896551724138,6.0
7,2014,118,삼성,75,40,0.6521739130434783,1.0
8,2014,118,한화,47,69,0.4051724137931034,9.0
