,Year,Game_idx,Team1,cum_win,cum_lose,Wpct,rank
0,1990,62,LG,35,27,0.5645161290322581,1.5
1,1990,62,OB,20,41,0.3278688524590164,7.0
2,1990,62,롯데,28,33,0.459016393442623,6.0
3,1990,62,빙그레,35,27,0.5645161290322581,1.5
4,1990,62,삼성,32,29,0.5245901639344263,3.0
5,1990,62,태평양,31,30,0.5081967213114754,5.0
6,1990,62,해태,31,29,0.5166666666666667,4.0
