,Year,Game_idx,Team1,cum_win,cum_lose,Wpct,rank
0,2003,9,KIA,8,1,0.8888888888888888,2.0
1,2003,9,LG,4,4,0.5,4.5
2,2003,9,SK,6,3,0.6666666666666666,3.0
3,2003,9,두산,1,8,0.1111111111111111,7.0
4,2003,9,롯데,0,9,0.0,8.0
5,2003,9,삼성,9,0,1.0,1.0
6,2003,9,한화,3,6,0.3333333333333333,6.0
7,2003,9,현대,4,4,0.5,4.5
