,Year,Game_idx,Team1,cum_win,cum_lose,Wpct,rank
0,2002,94,KIA,56,35,0.6153846153846154,1.0
1,2002,94,LG,49,41,0.5444444444444444,3.0
2,2002,94,SK,43,48,0.4725274725274725,6.0
3,2002,94,두산,48,44,0.5217391304347826,5.0
4,2002,94,롯데,25,68,0.26881720430107525,8.0
5,2002,94,삼성,54,37,0.5934065934065934,2.0
6,2002,94,한화,42,49,0.4615384615384616,7.0
7,2002,94,현대,47,42,0.5280898876404494,4.0
