,Year,Game_idx,Team1,cum_win,cum_lose,Wpct,rank
0,2014,59,KIA,26,33,0.4406779661016949,7.0
1,2014,59,LG,22,36,0.3793103448275862,8.0
2,2014,59,NC,37,22,0.6271186440677966,2.0
3,2014,59,SK,27,32,0.4576271186440678,6.0
4,2014,59,넥센,32,26,0.5517241379310345,3.0
5,2014,59,두산,31,28,0.5254237288135594,4.0
6,2014,59,롯데,29,29,0.5,5.0
7,2014,59,삼성,39,18,0.6842105263157895,1.0
8,2014,59,한화,21,37,0.3620689655172414,9.0
