,Year,Game_idx,Team1,cum_win,cum_lose,Wpct,rank
0,2001,122,KIA,54,63,0.4615384615384616,4.0
1,2001,122,LG,50,64,0.43859649122807015,7.0
2,2001,122,SK,52,68,0.43333333333333335,8.0
3,2001,122,두산,62,55,0.5299145299145299,3.0
4,2001,122,롯데,54,64,0.4576271186440678,5.5
5,2001,122,삼성,77,45,0.6311475409836066,1.0
6,2001,122,한화,54,64,0.4576271186440678,5.5
7,2001,122,현대,69,49,0.5847457627118644,2.0
