,Year,Game_idx,Team1,cum_win,cum_lose,Wpct,rank
0,1990,20,LG,8,12,0.4,7.0
1,1990,20,OB,8,11,0.42105263157894735,6.0
2,1990,20,롯데,12,8,0.6,2.0
3,1990,20,빙그레,13,7,0.65,1.0
4,1990,20,삼성,10,10,0.5,3.5
5,1990,20,태평양,10,10,0.5,3.5
6,1990,20,해태,9,10,0.4736842105263158,5.0
