,Year,Game_idx,Team1,cum_win,cum_lose,Wpct,rank
0,2011,112,KIA,61,51,0.5446428571428571,3.0
1,2011,112,LG,53,58,0.4774774774774775,5.0
2,2011,112,SK,58,52,0.5272727272727272,4.0
3,2011,112,넥센,44,67,0.3963963963963964,8.0
4,2011,112,두산,51,59,0.4636363636363636,6.0
5,2011,112,롯데,60,49,0.5504587155963303,2.0
6,2011,112,삼성,66,44,0.6,1.0
7,2011,112,한화,49,61,0.44545454545454544,7.0
