,Year,Game_idx,Team1,cum_win,cum_lose,Wpct,rank
0,2005,11,KIA,3,8,0.2727272727272727,8.0
1,2005,11,LG,5,6,0.4545454545454545,5.0
2,2005,11,SK,6,4,0.6,3.0
3,2005,11,두산,8,3,0.7272727272727273,1.5
4,2005,11,롯데,4,7,0.3636363636363637,6.5
5,2005,11,삼성,8,3,0.7272727272727273,1.5
6,2005,11,한화,4,7,0.3636363636363637,6.5
7,2005,11,현대,5,5,0.5,4.0
