,Year,Game_idx,Team1,cum_win,cum_lose,Wpct,rank
0,1993,55,LG,33,21,0.6111111111111112,2.0
1,1993,55,OB,24,28,0.4615384615384616,5.0
2,1993,55,롯데,29,26,0.5272727272727272,3.0
3,1993,55,빙그레,25,30,0.4545454545454545,6.0
4,1993,55,삼성,27,26,0.5094339622641509,4.0
5,1993,55,쌍방울,20,31,0.392156862745098,7.0
6,1993,55,태평양,18,32,0.36,8.0
7,1993,55,해태,38,16,0.7037037037037037,1.0
