,Year,Game_idx,Team1,cum_win,cum_lose,Wpct,rank
0,2012,128,KIA,59,63,0.4836065573770492,5.0
1,2012,128,LG,55,69,0.4435483870967742,7.0
2,2012,128,SK,70,55,0.56,2.0
3,2012,128,넥센,60,66,0.4761904761904762,6.0
4,2012,128,두산,66,59,0.528,3.0
5,2012,128,롯데,63,59,0.5163934426229508,4.0
6,2012,128,삼성,76,50,0.6031746031746031,1.0
7,2012,128,한화,52,74,0.4126984126984127,8.0
