,Year,Game_idx,Team1,cum_win,cum_lose,Wpct,rank
0,2010,122,KIA,53,69,0.4344262295081967,6.0
1,2010,122,LG,53,66,0.4453781512605042,5.0
2,2010,122,SK,78,43,0.6446280991735537,1.0
3,2010,122,넥센,49,70,0.4117647058823529,7.0
4,2010,122,두산,68,51,0.5714285714285714,3.0
5,2010,122,롯데,60,59,0.5042016806722689,4.0
6,2010,122,삼성,74,47,0.6115702479338843,2.0
7,2010,122,한화,44,77,0.3636363636363637,8.0
