,Year,Game_idx,Team1,cum_win,cum_lose,Wpct,rank
0,2004,124,KIA,64,56,0.5333333333333333,3.0
1,2004,124,LG,56,64,0.4666666666666667,6.0
2,2004,124,SK,59,57,0.5086206896551724,5.0
3,2004,124,두산,65,58,0.5284552845528455,4.0
4,2004,124,롯데,45,68,0.3982300884955752,8.0
5,2004,124,삼성,67,50,0.5726495726495726,1.0
6,2004,124,한화,49,69,0.4152542372881356,7.0
7,2004,124,현대,68,51,0.5714285714285714,2.0
