,Year,Game_idx,Team1,cum_win,cum_lose,Wpct,rank
0,1995,121,LG,70,47,0.5982905982905983,2.0
1,1995,121,OB,70,46,0.603448275862069,1.0
2,1995,121,롯데,64,52,0.5517241379310345,3.0
3,1995,121,삼성,59,56,0.5130434782608696,5.0
4,1995,121,쌍방울,43,75,0.3644067796610169,8.0
5,1995,121,태평양,47,69,0.4051724137931034,7.0
6,1995,121,한화,54,67,0.4462809917355372,6.0
7,1995,121,해태,62,55,0.5299145299145299,4.0
