,Year,Game_idx,Team1,cum_win,cum_lose,Wpct,rank
0,2008,7,KIA,3,4,0.42857142857142855,5.0
1,2008,7,LG,2,5,0.2857142857142857,6.5
2,2008,7,SK,4,3,0.5714285714285714,4.0
3,2008,7,두산,2,5,0.2857142857142857,6.5
4,2008,7,롯데,5,2,0.7142857142857143,2.0
5,2008,7,삼성,5,2,0.7142857142857143,2.0
6,2008,7,한화,1,6,0.14285714285714285,8.0
7,2008,7,히어로즈,5,2,0.7142857142857143,2.0
