,Year,Game_idx,Team1,cum_win,cum_lose,Wpct,rank
0,1998,85,LG,40,44,0.4761904761904762,5.0
1,1998,85,OB,37,47,0.4404761904761905,6.0
2,1998,85,롯데,34,48,0.4146341463414634,8.0
3,1998,85,삼성,46,37,0.5542168674698795,2.0
4,1998,85,쌍방울,41,44,0.4823529411764706,4.0
5,1998,85,한화,40,42,0.4878048780487805,3.0
6,1998,85,해태,37,48,0.4352941176470588,7.0
7,1998,85,현대,55,30,0.6470588235294118,1.0
