,Year,Game_idx,Team1,cum_win,cum_lose,Wpct,rank
0,2007,90,KIA,35,54,0.39325842696629215,8.0
1,2007,90,LG,42,43,0.4941176470588236,5.0
2,2007,90,SK,52,33,0.611764705882353,1.0
3,2007,90,두산,47,41,0.5340909090909091,2.0
4,2007,90,롯데,40,47,0.4597701149425287,7.0
5,2007,90,삼성,45,42,0.5172413793103449,4.0
6,2007,90,한화,46,42,0.5227272727272727,3.0
7,2007,90,현대,42,47,0.4719101123595506,6.0
