,Year,Game_idx,Team1,cum_win,cum_lose,Wpct,rank
0,2005,46,KIA,17,28,0.37777777777777777,8.0
1,2005,46,LG,20,26,0.43478260869565216,6.0
2,2005,46,SK,17,27,0.3863636363636364,7.0
3,2005,46,두산,29,16,0.6444444444444445,2.0
4,2005,46,롯데,25,21,0.5434782608695652,3.0
5,2005,46,삼성,32,14,0.6956521739130435,1.0
6,2005,46,한화,20,25,0.4444444444444444,4.5
7,2005,46,현대,20,25,0.4444444444444444,4.5
