,Year,Game_idx,Team1,cum_win,cum_lose,Wpct,rank
0,2006,32,KIA,15,16,0.4838709677419355,5.0
1,2006,32,LG,12,19,0.3870967741935484,7.0
2,2006,32,SK,17,15,0.53125,4.0
3,2006,32,두산,12,18,0.4,6.0
4,2006,32,롯데,9,23,0.28125,8.0
5,2006,32,삼성,18,13,0.5806451612903226,3.0
6,2006,32,한화,21,10,0.6774193548387096,2.0
7,2006,32,현대,22,10,0.6875,1.0
