,Year,Game_idx,Team1,cum_win,cum_lose,Wpct,rank
0,2004,102,KIA,47,51,0.4795918367346938,6.0
1,2004,102,LG,48,50,0.4897959183673469,5.0
2,2004,102,SK,48,47,0.5052631578947369,4.0
3,2004,102,두산,52,49,0.5148514851485149,3.0
4,2004,102,롯데,35,56,0.38461538461538464,8.0
5,2004,102,삼성,56,40,0.5833333333333334,2.0
6,2004,102,한화,45,51,0.46875,7.0
7,2004,102,현대,57,40,0.5876288659793815,1.0
