,Year,Game_idx,Team1,cum_win,cum_lose,Wpct,rank
0,2012,95,KIA,45,46,0.4945054945054945,5.0
1,2012,95,LG,40,52,0.43478260869565216,7.0
2,2012,95,SK,48,45,0.5161290322580645,4.0
3,2012,95,넥센,45,48,0.4838709677419355,6.0
4,2012,95,두산,52,42,0.5531914893617021,2.0
5,2012,95,롯데,49,42,0.5384615384615384,3.0
6,2012,95,삼성,53,40,0.5698924731182796,1.0
7,2012,95,한화,37,56,0.3978494623655914,8.0
