,Year,Game_idx,Team1,cum_win,cum_lose,Wpct,rank
0,1999,71,LG,36,35,0.5070422535211268,5.0
1,1999,71,두산,39,28,0.582089552238806,2.0
2,1999,71,롯데,43,24,0.6417910447761194,1.0
3,1999,71,삼성,37,32,0.5362318840579711,4.0
4,1999,71,쌍방울,15,51,0.2272727272727273,8.0
5,1999,71,한화,32,37,0.463768115942029,7.0
6,1999,71,해태,34,35,0.4927536231884058,6.0
7,1999,71,현대,36,30,0.5454545454545454,3.0
