,Year,Game_idx,Team1,cum_win,cum_lose,Wpct,rank
0,2002,63,KIA,40,20,0.6666666666666666,1.0
1,2002,63,LG,30,30,0.5,5.0
2,2002,63,SK,27,33,0.45,6.0
3,2002,63,두산,36,26,0.5806451612903226,3.0
4,2002,63,롯데,17,45,0.27419354838709675,8.0
5,2002,63,삼성,39,24,0.6190476190476191,2.0
6,2002,63,한화,24,37,0.3934426229508197,7.0
7,2002,63,현대,31,28,0.5254237288135594,4.0
