,Year,Game_idx,Team1,cum_win,cum_lose,Wpct,rank
0,2015,42,KIA,20,22,0.4761904761904762,8.0
1,2015,42,LG,17,24,0.4146341463414634,9.0
2,2015,42,NC,23,18,0.5609756097560976,5.0
3,2015,42,SK,24,18,0.5714285714285714,3.5
4,2015,42,kt,8,34,0.19047619047619047,10.0
5,2015,42,넥센,24,18,0.5714285714285714,3.5
6,2015,42,두산,25,17,0.5952380952380952,2.0
7,2015,42,롯데,21,21,0.5,6.5
8,2015,42,삼성,26,16,0.6190476190476191,1.0
9,2015,42,한화,21,21,0.5,6.5
