,Year,Game_idx,Team1,cum_win,cum_lose,Wpct,rank
0,2015,77,KIA,37,40,0.4805194805194805,7.0
1,2015,77,LG,35,41,0.4605263157894737,9.0
2,2015,77,NC,43,33,0.5657894736842105,3.0
3,2015,77,SK,38,38,0.5,6.0
4,2015,77,kt,22,55,0.2857142857142857,10.0
5,2015,77,넥센,42,34,0.5526315789473685,4.0
6,2015,77,두산,44,33,0.5714285714285714,2.0
7,2015,77,롯데,36,41,0.4675324675324675,8.0
8,2015,77,삼성,46,31,0.5974025974025974,1.0
9,2015,77,한화,41,36,0.5324675324675324,5.0
