,Year,Game_idx,Team1,cum_win,cum_lose,Wpct,rank
0,1989,14,MBC,5,8,0.38461538461538464,6.0
1,1989,14,OB,4,10,0.2857142857142857,7.0
2,1989,14,롯데,8,6,0.5714285714285714,3.5
3,1989,14,빙그레,7,6,0.5384615384615384,5.0
4,1989,14,삼성,8,5,0.6153846153846154,1.5
5,1989,14,태평양,8,5,0.6153846153846154,1.5
6,1989,14,해태,8,6,0.5714285714285714,3.5
