,Year,Game_idx,Team1,cum_win,cum_lose,Wpct,rank
0,2002,118,KIA,70,44,0.6140350877192983,2.0
1,2002,118,LG,59,53,0.5267857142857143,4.0
2,2002,118,SK,55,60,0.4782608695652174,6.0
3,2002,118,두산,59,57,0.5086206896551724,5.0
4,2002,118,롯데,29,88,0.2478632478632479,8.0
5,2002,118,삼성,71,43,0.6228070175438597,1.0
6,2002,118,한화,54,59,0.4778761061946903,7.0
7,2002,118,현대,62,51,0.5486725663716814,3.0
