,Year,Game_idx,Team1,cum_win,cum_lose,Wpct,rank
0,2001,110,KIA,47,58,0.4476190476190477,6.0
1,2001,110,LG,45,58,0.4368932038834951,7.0
2,2001,110,SK,47,61,0.4351851851851852,8.0
3,2001,110,두산,55,50,0.5238095238095238,3.0
4,2001,110,롯데,48,58,0.4528301886792453,4.5
5,2001,110,삼성,71,39,0.6454545454545455,1.0
6,2001,110,한화,48,58,0.4528301886792453,4.5
7,2001,110,현대,63,44,0.5887850467289719,2.0
