,Year,Game_idx,Team1,cum_win,cum_lose,Wpct,rank
0,2000,7,LG,4,3,0.5714285714285714,3.5
1,2000,7,SK,2,5,0.2857142857142857,7.0
2,2000,7,두산,4,3,0.5714285714285714,3.5
3,2000,7,롯데,3,4,0.42857142857142855,5.5
4,2000,7,삼성,6,1,0.8571428571428571,1.0
5,2000,7,한화,1,6,0.14285714285714285,8.0
6,2000,7,해태,3,4,0.42857142857142855,5.5
7,2000,7,현대,5,2,0.7142857142857143,2.0
