,Year,Game_idx,Team1,cum_win,cum_lose,Wpct,rank
0,1989,100,MBC,38,58,0.3958333333333333,7.0
1,1989,100,OB,47,51,0.4795918367346938,5.0
2,1989,100,롯데,41,56,0.42268041237113396,6.0
3,1989,100,빙그레,58,39,0.5979381443298969,1.0
4,1989,100,삼성,49,46,0.5157894736842106,3.0
5,1989,100,태평양,49,47,0.5104166666666666,4.0
6,1989,100,해태,56,41,0.5773195876288659,2.0
