,Year,Game_idx,Team1,cum_win,cum_lose,Wpct,rank
0,2014,100,KIA,44,56,0.44,7.5
1,2014,100,LG,45,54,0.4545454545454545,4.5
2,2014,100,NC,56,44,0.56,3.0
3,2014,100,SK,44,56,0.44,7.5
4,2014,100,넥센,60,39,0.6060606060606061,2.0
5,2014,100,두산,45,55,0.45,6.0
6,2014,100,롯데,45,54,0.4545454545454545,4.5
7,2014,100,삼성,66,32,0.6734693877551021,1.0
8,2014,100,한화,40,59,0.404040404040404,9.0
