,Year,Game_idx,Team1,cum_win,cum_lose,Wpct,rank
0,2012,120,KIA,54,60,0.4736842105263158,6.0
1,2012,120,LG,51,65,0.4396551724137931,7.0
2,2012,120,SK,64,53,0.5470085470085471,2.0
3,2012,120,넥센,56,62,0.4745762711864407,5.0
4,2012,120,두산,62,55,0.5299145299145299,4.0
5,2012,120,롯데,62,52,0.543859649122807,3.0
6,2012,120,삼성,70,48,0.5932203389830508,1.0
7,2012,120,한화,48,70,0.4067796610169492,8.0
