,Year,Game_idx,Team1,cum_win,cum_lose,Wpct,rank
0,2015,67,KIA,34,33,0.5074626865671642,6.0
1,2015,67,LG,29,37,0.4393939393939394,9.0
2,2015,67,NC,39,27,0.5909090909090909,1.0
3,2015,67,SK,33,33,0.5,7.0
4,2015,67,kt,19,48,0.2835820895522388,10.0
5,2015,67,넥센,37,29,0.5606060606060606,4.0
6,2015,67,두산,38,29,0.5671641791044776,3.0
7,2015,67,롯데,32,35,0.4776119402985074,8.0
8,2015,67,삼성,39,28,0.582089552238806,2.0
9,2015,67,한화,35,32,0.5223880597014925,5.0
