,Year,Game_idx,Team1,cum_win,cum_lose,Wpct,rank
0,1989,53,MBC,23,28,0.4509803921568628,6.0
1,1989,53,OB,24,28,0.4615384615384616,4.0
2,1989,53,롯데,18,34,0.3461538461538461,7.0
3,1989,53,빙그레,30,21,0.5882352941176471,3.0
4,1989,53,삼성,31,20,0.6078431372549019,2.0
5,1989,53,태평양,23,27,0.46,5.0
6,1989,53,해태,32,19,0.6274509803921569,1.0
