,Year,Game_idx,Team1,cum_win,cum_lose,Wpct,rank
0,1996,34,LG,13,20,0.3939393939393939,8.0
1,1996,34,OB,19,15,0.5588235294117647,2.0
2,1996,34,롯데,14,19,0.42424242424242425,7.0
3,1996,34,삼성,17,16,0.5151515151515151,4.0
4,1996,34,쌍방울,18,16,0.5294117647058824,3.0
5,1996,34,한화,16,18,0.4705882352941176,5.5
6,1996,34,해태,16,18,0.4705882352941176,5.5
7,1996,34,현대,21,12,0.6363636363636364,1.0
