,Year,Game_idx,Team1,cum_win,cum_lose,Wpct,rank
0,1989,75,MBC,30,42,0.4166666666666667,6.0
1,1989,75,OB,34,39,0.4657534246575342,5.0
2,1989,75,롯데,30,43,0.410958904109589,7.0
3,1989,75,빙그레,44,28,0.6111111111111112,1.0
4,1989,75,삼성,37,34,0.5211267605633803,3.0
5,1989,75,태평양,36,35,0.5070422535211268,4.0
6,1989,75,해태,42,30,0.5833333333333334,2.0
