,Year,Game_idx,Team1,cum_win,cum_lose,Wpct,rank
0,1994,25,LG,18,7,0.72,1.0
1,1994,25,OB,12,13,0.48,4.0
2,1994,25,롯데,9,14,0.39130434782608703,8.0
3,1994,25,삼성,12,12,0.5,3.0
4,1994,25,쌍방울,10,14,0.4166666666666667,7.0
5,1994,25,태평양,13,10,0.5652173913043478,2.0
6,1994,25,한화,11,14,0.44,5.0
7,1994,25,해태,10,13,0.43478260869565216,6.0
