,Year,Game_idx,Team1,cum_win,cum_lose,Wpct,rank
0,2004,95,KIA,44,47,0.4835164835164835,6.0
1,2004,95,LG,43,50,0.4623655913978494,7.0
2,2004,95,SK,43,45,0.4886363636363637,5.0
3,2004,95,두산,51,43,0.5425531914893617,3.0
4,2004,95,롯데,33,52,0.3882352941176471,8.0
5,2004,95,삼성,51,38,0.5730337078651685,1.0
6,2004,95,한화,44,46,0.4888888888888889,4.0
7,2004,95,현대,51,39,0.5666666666666667,2.0
