,Year,Game_idx,Team1,cum_win,cum_lose,Wpct,rank
0,2009,91,KIA,50,37,0.5747126436781609,2.0
1,2009,91,LG,40,48,0.4545454545454545,7.0
2,2009,91,SK,50,36,0.5813953488372093,1.0
3,2009,91,두산,51,38,0.5730337078651685,3.0
4,2009,91,롯데,48,43,0.5274725274725275,4.0
5,2009,91,삼성,46,45,0.5054945054945055,5.0
6,2009,91,한화,30,58,0.3409090909090909,8.0
7,2009,91,히어로즈,42,48,0.4666666666666667,6.0
