,Year,Game_idx,Team1,cum_win,cum_lose,Wpct,rank
0,1994,57,LG,37,20,0.6491228070175439,1.0
1,1994,57,OB,26,30,0.4642857142857143,6.0
2,1994,57,롯데,25,29,0.462962962962963,7.0
3,1994,57,삼성,28,28,0.5,4.5
4,1994,57,쌍방울,17,38,0.3090909090909091,8.0
5,1994,57,태평양,30,25,0.5454545454545454,3.0
6,1994,57,한화,28,28,0.5,4.5
7,1994,57,해태,31,24,0.5636363636363636,2.0
