,Year,Game_idx,Team1,cum_win,cum_lose,Wpct,rank
0,2014,38,KIA,17,21,0.4473684210526316,6.0
1,2014,38,LG,12,25,0.32432432432432434,9.0
2,2014,38,NC,23,15,0.6052631578947368,2.5
3,2014,38,SK,16,22,0.42105263157894735,7.0
4,2014,38,넥센,23,15,0.6052631578947368,2.5
5,2014,38,두산,22,16,0.5789473684210527,4.0
6,2014,38,롯데,19,18,0.5135135135135135,5.0
7,2014,38,삼성,24,13,0.6486486486486487,1.0
8,2014,38,한화,15,22,0.40540540540540543,8.0
