,Year,Game_idx,Team1,cum_win,cum_lose,Wpct,rank
0,2009,28,KIA,12,14,0.4615384615384616,5.0
1,2009,28,LG,15,12,0.5555555555555556,3.0
2,2009,28,SK,18,7,0.72,1.0
3,2009,28,두산,15,11,0.5769230769230769,2.0
4,2009,28,롯데,9,19,0.32142857142857145,8.0
5,2009,28,삼성,15,13,0.5357142857142857,4.0
6,2009,28,한화,11,15,0.4230769230769231,6.0
7,2009,28,히어로즈,11,17,0.3928571428571429,7.0
