,Year,Game_idx,Team1,cum_win,cum_lose,Wpct,rank
0,2001,75,KIA,35,37,0.4861111111111111,4.0
1,2001,75,LG,31,41,0.4305555555555556,7.0
2,2001,75,SK,32,42,0.4324324324324325,6.0
3,2001,75,두산,39,32,0.5492957746478874,3.0
4,2001,75,롯데,29,43,0.4027777777777778,8.0
5,2001,75,삼성,48,27,0.64,1.0
6,2001,75,한화,33,40,0.4520547945205479,5.0
7,2001,75,현대,46,27,0.6301369863013698,2.0
