,Year,Game_idx,Team1,cum_win,cum_lose,Wpct,rank
0,2007,10,KIA,5,5,0.5,5.0
1,2007,10,LG,7,3,0.7,2.0
2,2007,10,SK,6,2,0.75,1.0
3,2007,10,두산,3,7,0.3,7.0
4,2007,10,롯데,6,4,0.6,3.0
5,2007,10,삼성,5,4,0.5555555555555556,4.0
6,2007,10,한화,4,5,0.4444444444444444,6.0
7,2007,10,현대,2,8,0.2,8.0
