,Year,Game_idx,Team1,cum_win,cum_lose,Wpct,rank
0,2000,57,LG,31,25,0.5535714285714286,3.0
1,2000,57,SK,16,40,0.2857142857142857,8.0
2,2000,57,두산,34,23,0.5964912280701754,2.0
3,2000,57,롯데,27,29,0.4821428571428572,5.0
4,2000,57,삼성,30,26,0.5357142857142857,4.0
5,2000,57,한화,20,34,0.3703703703703704,7.0
6,2000,57,해태,25,31,0.44642857142857145,6.0
7,2000,57,현대,41,16,0.7192982456140351,1.0
