,Year,Game_idx,Team1,cum_win,cum_lose,Wpct,rank
0,2006,30,KIA,14,15,0.4827586206896552,5.0
1,2006,30,LG,10,19,0.3448275862068966,7.0
2,2006,30,SK,17,13,0.5666666666666667,4.0
3,2006,30,두산,11,17,0.3928571428571429,6.0
4,2006,30,롯데,8,22,0.26666666666666666,8.0
5,2006,30,삼성,17,12,0.5862068965517241,3.0
6,2006,30,한화,19,10,0.6551724137931034,2.0
7,2006,30,현대,20,10,0.6666666666666666,1.0
