,Year,Game_idx,Team1,cum_win,cum_lose,Wpct,rank
0,2007,75,KIA,27,47,0.3648648648648649,8.0
1,2007,75,LG,37,34,0.5211267605633803,4.0
2,2007,75,SK,44,26,0.6285714285714286,1.0
3,2007,75,두산,39,34,0.5342465753424658,2.5
4,2007,75,롯데,33,39,0.4583333333333333,7.0
5,2007,75,삼성,35,37,0.4861111111111111,5.0
6,2007,75,한화,39,34,0.5342465753424658,2.5
7,2007,75,현대,35,40,0.4666666666666667,6.0
