,Year,Game_idx,Team1,cum_win,cum_lose,Wpct,rank
0,1998,55,LG,27,27,0.5,3.0
1,1998,55,OB,25,29,0.462962962962963,6.0
2,1998,55,롯데,20,32,0.38461538461538464,8.0
3,1998,55,삼성,30,24,0.5555555555555556,2.0
4,1998,55,쌍방울,26,29,0.4727272727272727,4.0
5,1998,55,한화,25,28,0.4716981132075472,5.0
6,1998,55,해태,24,31,0.4363636363636363,7.0
7,1998,55,현대,40,15,0.7272727272727273,1.0
