,Year,Game_idx,Team1,cum_win,cum_lose,Wpct,rank
0,2000,31,LG,16,15,0.5161290322580645,4.0
1,2000,31,SK,8,23,0.25806451612903225,8.0
2,2000,31,두산,21,10,0.6774193548387096,1.5
3,2000,31,롯데,13,18,0.41935483870967744,6.0
4,2000,31,삼성,20,11,0.6451612903225806,3.0
5,2000,31,한화,15,16,0.4838709677419355,5.0
6,2000,31,해태,11,20,0.3548387096774194,7.0
7,2000,31,현대,21,10,0.6774193548387096,1.5
