,Year,Game_idx,Team1,cum_win,cum_lose,Wpct,rank
0,2011,67,KIA,38,29,0.5671641791044776,2.5
1,2011,67,LG,36,31,0.5373134328358209,4.0
2,2011,67,SK,38,29,0.5671641791044776,2.5
3,2011,67,넥센,25,42,0.373134328358209,8.0
4,2011,67,두산,30,35,0.4615384615384616,5.0
5,2011,67,롯데,28,36,0.4375,7.0
6,2011,67,삼성,39,26,0.6,1.0
7,2011,67,한화,29,37,0.4393939393939394,6.0
