,Year,Game_idx,Team1,cum_win,cum_lose,Wpct,rank
0,2015,74,KIA,36,38,0.4864864864864865,7.0
1,2015,74,LG,33,40,0.4520547945205479,9.0
2,2015,74,NC,42,31,0.5753424657534246,2.0
3,2015,74,SK,37,36,0.5068493150684932,6.0
4,2015,74,kt,20,54,0.2702702702702703,10.0
5,2015,74,넥센,40,33,0.547945205479452,4.0
6,2015,74,두산,42,32,0.5675675675675675,3.0
7,2015,74,롯데,35,39,0.472972972972973,8.0
8,2015,74,삼성,43,31,0.581081081081081,1.0
9,2015,74,한화,38,36,0.5135135135135135,5.0
