,Year,Game_idx,Team1,cum_win,cum_lose,Wpct,rank
0,2000,41,LG,21,20,0.5121951219512195,4.0
1,2000,41,SK,13,28,0.3170731707317073,8.0
2,2000,41,두산,28,13,0.6829268292682927,2.0
3,2000,41,롯데,17,24,0.4146341463414634,5.0
4,2000,41,삼성,24,17,0.5853658536585366,3.0
5,2000,41,한화,16,24,0.4,6.0
6,2000,41,해태,15,25,0.375,7.0
7,2000,41,현대,30,11,0.7317073170731707,1.0
