,Year,Game_idx,Team1,cum_win,cum_lose,Wpct,rank
0,2006,31,KIA,14,16,0.4666666666666667,5.0
1,2006,31,LG,11,19,0.36666666666666653,7.0
2,2006,31,SK,17,14,0.5483870967741935,4.0
3,2006,31,두산,11,18,0.3793103448275862,6.0
4,2006,31,롯데,8,23,0.25806451612903225,8.0
5,2006,31,삼성,17,13,0.5666666666666667,3.0
6,2006,31,한화,20,10,0.6666666666666666,2.0
7,2006,31,현대,21,10,0.6774193548387096,1.0
