,Year,Game_idx,Team1,cum_win,cum_lose,Wpct,rank
0,2001,89,KIA,38,46,0.4523809523809524,4.0
1,2001,89,LG,36,47,0.43373493975903615,6.0
2,2001,89,SK,38,50,0.4318181818181818,7.0
3,2001,89,두산,43,41,0.5119047619047619,3.0
4,2001,89,롯데,35,50,0.4117647058823529,8.0
5,2001,89,삼성,57,32,0.6404494382022472,1.0
6,2001,89,한화,38,47,0.4470588235294118,5.0
7,2001,89,현대,55,31,0.6395348837209303,2.0
