,Year,Game_idx,Team1,cum_win,cum_lose,Wpct,rank
0,2008,14,KIA,3,11,0.21428571428571427,8.0
1,2008,14,LG,5,9,0.35714285714285715,6.0
2,2008,14,SK,10,4,0.7142857142857143,1.5
3,2008,14,두산,6,8,0.42857142857142855,5.0
4,2008,14,롯데,10,4,0.7142857142857143,1.5
5,2008,14,삼성,9,5,0.6428571428571429,3.0
6,2008,14,한화,4,10,0.2857142857142857,7.0
7,2008,14,히어로즈,8,6,0.5714285714285714,4.0
