,Year,Game_idx,Team1,cum_win,cum_lose,Wpct,rank
0,1989,48,MBC,20,26,0.43478260869565216,6.0
1,1989,48,OB,21,26,0.44680851063829785,4.0
2,1989,48,롯데,16,31,0.3404255319148936,7.0
3,1989,48,빙그레,28,18,0.6086956521739131,3.0
4,1989,48,삼성,29,18,0.6170212765957447,2.0
5,1989,48,태평양,20,25,0.4444444444444444,5.0
6,1989,48,해태,29,17,0.6304347826086957,1.0
