,Year,Game_idx,Team1,cum_win,cum_lose,Wpct,rank
0,2006,17,KIA,8,8,0.5,5.0
1,2006,17,LG,6,11,0.35294117647058826,7.5
2,2006,17,SK,12,5,0.7058823529411765,1.0
3,2006,17,두산,6,9,0.4,6.0
4,2006,17,롯데,6,11,0.35294117647058826,7.5
5,2006,17,삼성,9,7,0.5625,2.0
6,2006,17,한화,9,8,0.5294117647058824,3.5
7,2006,17,현대,9,8,0.5294117647058824,3.5
