,Year,Game_idx,Team1,cum_win,cum_lose,Wpct,rank
0,1989,72,MBC,29,40,0.42028985507246375,6.0
1,1989,72,OB,32,39,0.4507042253521127,5.0
2,1989,72,롯데,28,42,0.4,7.0
3,1989,72,빙그레,42,27,0.6086956521739131,1.0
4,1989,72,삼성,36,33,0.5217391304347826,4.0
5,1989,72,태평양,36,32,0.5294117647058824,3.0
6,1989,72,해태,41,28,0.5942028985507246,2.0
