,Year,Game_idx,Team1,cum_win,cum_lose,Wpct,rank
0,1997,121,LG,69,50,0.5798319327731093,2.0
1,1997,121,OB,55,61,0.4741379310344828,5.0
2,1997,121,롯데,47,73,0.39166666666666666,8.0
3,1997,121,삼성,64,51,0.5565217391304348,4.0
4,1997,121,쌍방울,67,52,0.5630252100840336,3.0
5,1997,121,한화,51,68,0.42857142857142855,6.0
6,1997,121,해태,72,48,0.6,1.0
7,1997,121,현대,50,67,0.4273504273504273,7.0
