,Year,Game_idx,Team1,cum_win,cum_lose,Wpct,rank
0,2005,27,KIA,9,18,0.3333333333333333,8.0
1,2005,27,LG,10,17,0.3703703703703704,7.0
2,2005,27,SK,11,14,0.44,5.0
3,2005,27,두산,18,8,0.6923076923076923,1.0
4,2005,27,롯데,15,12,0.5555555555555556,3.0
5,2005,27,삼성,18,9,0.6666666666666666,2.0
6,2005,27,한화,13,14,0.4814814814814815,4.0
7,2005,27,현대,11,15,0.4230769230769231,6.0
