,Year,Game_idx,Team1,cum_win,cum_lose,Wpct,rank
0,1998,7,LG,3,4,0.42857142857142855,5.5
1,1998,7,OB,3,4,0.42857142857142855,5.5
2,1998,7,롯데,4,3,0.5714285714285714,2.5
3,1998,7,삼성,3,4,0.42857142857142855,5.5
4,1998,7,쌍방울,3,4,0.42857142857142855,5.5
5,1998,7,한화,6,1,0.8571428571428571,1.0
6,1998,7,해태,2,5,0.2857142857142857,8.0
7,1998,7,현대,4,3,0.5714285714285714,2.5
