,Year,Game_idx,Team1,cum_win,cum_lose,Wpct,rank
0,2013,116,KIA,48,66,0.42105263157894735,7.0
1,2013,116,LG,69,47,0.5948275862068966,1.0
2,2013,116,NC,47,65,0.4196428571428572,8.0
3,2013,116,SK,57,57,0.5,6.0
4,2013,116,넥센,65,49,0.5701754385964912,3.0
5,2013,116,두산,64,49,0.5663716814159292,4.0
6,2013,116,롯데,57,55,0.5089285714285714,5.0
7,2013,116,삼성,67,47,0.5877192982456141,2.0
8,2013,116,한화,38,77,0.33043478260869563,9.0
