,Year,Game_idx,Team1,cum_win,cum_lose,Wpct,rank
0,1999,52,LG,26,26,0.5,5.0
1,1999,52,두산,29,21,0.58,2.5
2,1999,52,롯데,31,17,0.6458333333333334,1.0
3,1999,52,삼성,29,21,0.58,2.5
4,1999,52,쌍방울,11,38,0.22448979591836732,8.0
5,1999,52,한화,23,28,0.4509803921568628,7.0
6,1999,52,해태,24,28,0.4615384615384616,6.0
7,1999,52,현대,28,22,0.56,4.0
