,Year,Game_idx,Team1,cum_win,cum_lose,Wpct,rank
0,2006,46,KIA,22,22,0.5,4.5
1,2006,46,LG,16,29,0.3555555555555556,7.0
2,2006,46,SK,23,23,0.5,4.5
3,2006,46,두산,21,23,0.4772727272727273,6.0
4,2006,46,롯데,16,30,0.3478260869565217,8.0
5,2006,46,삼성,27,17,0.6136363636363636,2.0
6,2006,46,한화,28,17,0.6222222222222222,1.0
7,2006,46,현대,28,18,0.6086956521739131,3.0
