,Year,Game_idx,Team1,cum_win,cum_lose,Wpct,rank
0,2011,86,KIA,51,35,0.5930232558139535,2.0
1,2011,86,LG,43,43,0.5,4.0
2,2011,86,SK,49,37,0.5697674418604651,3.0
3,2011,86,넥센,33,53,0.38372093023255816,8.0
4,2011,86,두산,36,48,0.42857142857142855,7.0
5,2011,86,롯데,41,42,0.4939759036144578,5.0
6,2011,86,삼성,50,34,0.5952380952380952,1.0
7,2011,86,한화,37,48,0.4352941176470588,6.0
