,Year,Game_idx,Team1,cum_win,cum_lose,Wpct,rank
0,1992,105,LG,41,61,0.4019607843137255,7.0
1,1992,105,OB,47,55,0.4607843137254902,5.0
2,1992,105,롯데,62,43,0.5904761904761905,3.0
3,1992,105,빙그레,64,39,0.6213592233009708,1.0
4,1992,105,삼성,55,48,0.5339805825242718,4.0
5,1992,105,쌍방울,36,68,0.3461538461538461,8.0
6,1992,105,태평양,45,57,0.4411764705882353,6.0
7,1992,105,해태,64,41,0.6095238095238096,2.0
