,Year,Game_idx,Team1,cum_win,cum_lose,Wpct,rank
0,2016,135,KIA,66,68,0.4925373134328358,5.0
1,2016,135,LG,68,66,0.5074626865671642,4.0
2,2016,135,NC,78,54,0.5909090909090909,2.0
3,2016,135,SK,65,70,0.4814814814814815,6.0
4,2016,135,kt,50,83,0.3759398496240601,10.0
5,2016,135,넥센,74,60,0.5522388059701493,3.0
6,2016,135,두산,88,46,0.6567164179104478,1.0
7,2016,135,롯데,61,74,0.4518518518518518,9.0
8,2016,135,삼성,61,73,0.4552238805970149,7.0
9,2016,135,한화,60,72,0.4545454545454545,8.0
