,Year,Game_idx,Team1,cum_win,cum_lose,Wpct,rank
0,2001,26,KIA,11,14,0.44,6.0
1,2001,26,LG,8,18,0.3076923076923077,8.0
2,2001,26,SK,14,12,0.5384615384615384,5.0
3,2001,26,두산,16,9,0.64,1.0
4,2001,26,롯데,10,16,0.38461538461538464,7.0
5,2001,26,삼성,15,11,0.5769230769230769,3.0
6,2001,26,한화,15,11,0.5769230769230769,3.0
7,2001,26,현대,15,11,0.5769230769230769,3.0
