,Year,Game_idx,Team1,cum_win,cum_lose,Wpct,rank
0,2010,94,KIA,40,54,0.425531914893617,6.0
1,2010,94,LG,42,51,0.4516129032258064,5.0
2,2010,94,SK,62,32,0.6595744680851063,1.0
3,2010,94,넥센,37,55,0.4021739130434783,7.0
4,2010,94,두산,54,38,0.5869565217391305,3.0
5,2010,94,롯데,44,47,0.4835164835164835,4.0
6,2010,94,삼성,56,37,0.6021505376344086,2.0
7,2010,94,한화,36,58,0.3829787234042553,8.0
