,Year,Game_idx,Team1,cum_win,cum_lose,Wpct,rank
0,1995,108,LG,63,42,0.6,1.0
1,1995,108,OB,61,42,0.5922330097087378,2.0
2,1995,108,롯데,58,45,0.5631067961165048,3.0
3,1995,108,삼성,52,50,0.5098039215686274,5.0
4,1995,108,쌍방울,37,68,0.3523809523809524,8.0
5,1995,108,태평양,41,63,0.3942307692307692,7.0
6,1995,108,한화,50,58,0.462962962962963,6.0
7,1995,108,해태,54,50,0.5192307692307693,4.0
