,Year,Game_idx,Team1,cum_win,cum_lose,Wpct,rank
0,1996,55,LG,25,28,0.4716981132075472,5.5
1,1996,55,OB,25,28,0.4716981132075472,5.5
2,1996,55,롯데,23,31,0.4259259259259259,8.0
3,1996,55,삼성,28,25,0.5283018867924528,3.0
4,1996,55,쌍방울,24,30,0.4444444444444444,7.0
5,1996,55,한화,30,25,0.5454545454545454,2.0
6,1996,55,해태,28,27,0.509090909090909,4.0
7,1996,55,현대,32,21,0.6037735849056604,1.0
