,Year,Game_idx,Team1,cum_win,cum_lose,Wpct,rank
0,2008,91,KIA,44,47,0.4835164835164835,5.0
1,2008,91,LG,31,60,0.3406593406593407,8.0
2,2008,91,SK,59,32,0.6483516483516484,1.0
3,2008,91,두산,51,40,0.5604395604395604,2.5
4,2008,91,롯데,45,46,0.4945054945054945,4.0
5,2008,91,삼성,43,48,0.4725274725274725,6.0
6,2008,91,한화,51,40,0.5604395604395604,2.5
7,2008,91,히어로즈,38,53,0.4175824175824176,7.0
