,Year,Game_idx,Team1,cum_win,cum_lose,Wpct,rank
0,2008,41,KIA,17,24,0.4146341463414634,7.0
1,2008,41,LG,14,27,0.3414634146341464,8.0
2,2008,41,SK,28,13,0.6829268292682927,1.0
3,2008,41,두산,23,18,0.5609756097560976,2.0
4,2008,41,롯데,21,20,0.5121951219512195,4.5
5,2008,41,삼성,21,20,0.5121951219512195,4.5
6,2008,41,한화,22,19,0.5365853658536586,3.0
7,2008,41,히어로즈,18,23,0.4390243902439024,6.0
