,Year,Game_idx,Team1,cum_win,cum_lose,Wpct,rank
0,2013,82,KIA,39,41,0.4875,6.0
1,2013,82,LG,48,34,0.5853658536585366,2.0
2,2013,82,NC,30,49,0.37974683544303794,8.0
3,2013,82,SK,37,44,0.4567901234567901,7.0
4,2013,82,넥센,45,36,0.5555555555555556,3.0
5,2013,82,두산,43,37,0.5375,4.0
6,2013,82,롯데,42,38,0.525,5.0
7,2013,82,삼성,51,29,0.6375,1.0
8,2013,82,한화,24,57,0.2962962962962963,9.0
