,Year,Game_idx,Team1,cum_win,cum_lose,Wpct,rank
0,2011,54,KIA,31,23,0.5740740740740741,2.5
1,2011,54,LG,31,23,0.5740740740740741,2.5
2,2011,54,SK,32,22,0.5925925925925926,1.0
3,2011,54,넥센,20,34,0.3703703703703704,8.0
4,2011,54,두산,22,30,0.4230769230769231,7.0
5,2011,54,롯데,24,27,0.4705882352941176,5.0
6,2011,54,삼성,29,23,0.5576923076923077,4.0
7,2011,54,한화,23,30,0.4339622641509434,6.0
