,Year,Game_idx,Team1,cum_win,cum_lose,Wpct,rank
0,2016,60,KIA,24,35,0.4067796610169492,9.5
1,2016,60,LG,28,31,0.4745762711864407,4.0
2,2016,60,NC,40,19,0.6779661016949152,2.0
3,2016,60,SK,27,33,0.45,6.5
4,2016,60,kt,24,34,0.4137931034482759,8.0
5,2016,60,넥센,31,28,0.5254237288135594,3.0
6,2016,60,두산,42,17,0.7118644067796609,1.0
7,2016,60,롯데,27,33,0.45,6.5
8,2016,60,삼성,28,32,0.4666666666666667,5.0
9,2016,60,한화,24,35,0.4067796610169492,9.5
