,Year,Game_idx,Team1,cum_win,cum_lose,Wpct,rank
0,2002,54,KIA,32,19,0.6274509803921569,1.0
1,2002,54,LG,25,27,0.4807692307692308,4.0
2,2002,54,SK,23,29,0.4423076923076923,6.5
3,2002,54,두산,30,23,0.5660377358490566,3.0
4,2002,54,롯데,17,36,0.3207547169811321,8.0
5,2002,54,삼성,33,21,0.6111111111111112,2.0
6,2002,54,한화,23,29,0.4423076923076923,6.5
7,2002,54,현대,24,26,0.48,5.0
