,Year,Game_idx,Team1,cum_win,cum_lose,Wpct,rank
0,2014,34,KIA,16,18,0.4705882352941176,6.0
1,2014,34,LG,10,23,0.30303030303030304,9.0
2,2014,34,NC,20,14,0.5882352941176471,3.0
3,2014,34,SK,15,19,0.4411764705882353,7.0
4,2014,34,넥센,21,13,0.6176470588235294,1.0
5,2014,34,두산,18,16,0.5294117647058824,4.0
6,2014,34,롯데,17,16,0.5151515151515151,5.0
7,2014,34,삼성,20,13,0.6060606060606061,2.0
8,2014,34,한화,12,21,0.3636363636363637,8.0
