,Year,Game_idx,Team1,cum_win,cum_lose,Wpct,rank
0,2003,89,KIA,46,40,0.5348837209302325,4.0
1,2003,89,LG,46,41,0.5287356321839081,5.0
2,2003,89,SK,50,37,0.5747126436781609,3.0
3,2003,89,두산,32,56,0.3636363636363637,7.0
4,2003,89,롯데,22,64,0.2558139534883721,8.0
5,2003,89,삼성,55,32,0.632183908045977,2.0
6,2003,89,한화,41,45,0.4767441860465117,6.0
7,2003,89,현대,58,29,0.6666666666666666,1.0
