,Year,Game_idx,Team1,cum_win,cum_lose,Wpct,rank
0,2016,75,KIA,33,41,0.4459459459459459,6.0
1,2016,75,LG,32,42,0.4324324324324325,7.0
2,2016,75,NC,45,28,0.6164383561643836,2.0
3,2016,75,SK,38,37,0.5066666666666667,4.0
4,2016,75,kt,30,43,0.410958904109589,9.5
5,2016,75,넥센,40,34,0.5405405405405406,3.0
6,2016,75,두산,52,22,0.7027027027027027,1.0
7,2016,75,롯데,35,40,0.4666666666666667,5.0
8,2016,75,삼성,31,44,0.4133333333333333,8.0
9,2016,75,한화,30,43,0.410958904109589,9.5
