,Year,Game_idx,Team1,cum_win,cum_lose,Wpct,rank
0,2011,100,KIA,58,42,0.58,2.0
1,2011,100,LG,48,52,0.48,5.0
2,2011,100,SK,55,45,0.55,3.0
3,2011,100,넥센,41,59,0.41,8.0
4,2011,100,두산,42,56,0.42857142857142855,7.0
5,2011,100,롯데,51,46,0.5257731958762887,4.0
6,2011,100,삼성,60,38,0.6122448979591837,1.0
7,2011,100,한화,43,56,0.4343434343434344,6.0
