,Year,Game_idx,Team1,cum_win,cum_lose,Wpct,rank
0,1998,89,LG,43,45,0.4886363636363637,3.0
1,1998,89,OB,39,49,0.4431818181818182,6.0
2,1998,89,롯데,36,50,0.4186046511627907,8.0
3,1998,89,삼성,48,39,0.5517241379310345,2.0
4,1998,89,쌍방울,42,46,0.4772727272727273,5.0
5,1998,89,한화,41,44,0.4823529411764706,4.0
6,1998,89,해태,38,51,0.42696629213483145,7.0
7,1998,89,현대,58,31,0.651685393258427,1.0
