,Year,Game_idx,Team1,cum_win,cum_lose,Wpct,rank
0,2011,53,KIA,30,23,0.5660377358490566,2.5
1,2011,53,LG,30,23,0.5660377358490566,2.5
2,2011,53,SK,31,22,0.5849056603773585,1.0
3,2011,53,넥센,19,34,0.3584905660377358,8.0
4,2011,53,두산,22,29,0.4313725490196079,6.0
5,2011,53,롯데,23,27,0.46,5.0
6,2011,53,삼성,28,23,0.5490196078431373,4.0
7,2011,53,한화,22,30,0.4230769230769231,7.0
