,Year,Game_idx,Team1,cum_win,cum_lose,Wpct,rank
0,1991,86,LG,43,42,0.5058823529411764,4.0
1,1991,86,OB,28,56,0.3333333333333333,8.0
2,1991,86,롯데,42,43,0.4941176470588236,5.0
3,1991,86,빙그레,47,36,0.5662650602409639,3.0
4,1991,86,삼성,49,37,0.5697674418604651,2.0
5,1991,86,쌍방울,34,50,0.4047619047619048,7.0
6,1991,86,태평양,41,44,0.4823529411764706,6.0
7,1991,86,해태,54,30,0.6428571428571429,1.0
