,Year,Game_idx,Team1,cum_win,cum_lose,Wpct,rank
0,2003,129,KIA,76,48,0.6129032258064516,1.0
1,2003,129,LG,58,69,0.4566929133858268,6.0
2,2003,129,SK,63,63,0.5,4.5
3,2003,129,두산,55,72,0.4330708661417323,7.0
4,2003,129,롯데,37,89,0.2936507936507937,8.0
5,2003,129,삼성,75,50,0.6,3.0
6,2003,129,한화,62,62,0.5,4.5
7,2003,129,현대,77,50,0.6062992125984252,2.0
