,Year,Game_idx,Team1,cum_win,cum_lose,Wpct,rank
0,2003,112,KIA,65,43,0.6018518518518519,3.0
1,2003,112,LG,53,57,0.4818181818181818,5.0
2,2003,112,SK,58,51,0.5321100917431193,4.0
3,2003,112,두산,45,65,0.4090909090909091,7.0
4,2003,112,롯데,32,77,0.29357798165137616,8.0
5,2003,112,삼성,67,43,0.6090909090909091,2.0
6,2003,112,한화,50,58,0.462962962962963,6.0
7,2003,112,현대,69,41,0.6272727272727273,1.0
