,Year,Game_idx,Team1,cum_win,cum_lose,Wpct,rank
0,2007,52,KIA,20,31,0.392156862745098,8.0
1,2007,52,LG,24,26,0.48,6.5
2,2007,52,SK,27,21,0.5625,1.0
3,2007,52,두산,28,23,0.5490196078431373,2.5
4,2007,52,롯데,24,26,0.48,6.5
5,2007,52,삼성,25,24,0.5102040816326531,4.0
6,2007,52,한화,28,23,0.5490196078431373,2.5
7,2007,52,현대,25,27,0.4807692307692308,5.0
