,Year,Game_idx,Team1,cum_win,cum_lose,Wpct,rank
0,1989,12,MBC,5,6,0.4545454545454545,6.0
1,1989,12,OB,3,9,0.25,7.0
2,1989,12,롯데,7,5,0.5833333333333334,2.0
3,1989,12,빙그레,6,5,0.5454545454545454,3.5
4,1989,12,삼성,6,5,0.5454545454545454,3.5
5,1989,12,태평양,7,4,0.6363636363636364,1.0
6,1989,12,해태,6,6,0.5,5.0
