,Year,Game_idx,Team1,cum_win,cum_lose,Wpct,rank
0,1996,23,LG,9,13,0.4090909090909091,6.0
1,1996,23,OB,13,10,0.5652173913043478,4.0
2,1996,23,롯데,10,12,0.4545454545454545,5.0
3,1996,23,삼성,13,9,0.5909090909090909,3.0
4,1996,23,쌍방울,14,9,0.6086956521739131,2.0
5,1996,23,한화,7,16,0.3043478260869565,8.0
6,1996,23,해태,9,14,0.39130434782608703,7.0
7,1996,23,현대,15,7,0.6818181818181818,1.0
