,Year,Game_idx,Team1,cum_win,cum_lose,Wpct,rank
0,2002,86,KIA,53,30,0.6385542168674698,1.0
1,2002,86,LG,43,40,0.5180722891566265,5.0
2,2002,86,SK,40,43,0.4819277108433735,6.0
3,2002,86,두산,45,39,0.5357142857142857,3.0
4,2002,86,롯데,23,62,0.27058823529411763,8.0
5,2002,86,삼성,50,35,0.5882352941176471,2.0
6,2002,86,한화,37,46,0.4457831325301205,7.0
7,2002,86,현대,43,38,0.5308641975308642,4.0
