,Year,Game_idx,Team1,cum_win,cum_lose,Wpct,rank
0,2015,81,KIA,37,44,0.4567901234567901,7.5
1,2015,81,LG,35,45,0.4375,9.0
2,2015,81,NC,46,34,0.575,3.0
3,2015,81,SK,41,39,0.5125,6.0
4,2015,81,kt,25,56,0.308641975308642,10.0
5,2015,81,넥센,45,35,0.5625,4.0
6,2015,81,두산,47,34,0.5802469135802469,1.5
7,2015,81,롯데,37,44,0.4567901234567901,7.5
8,2015,81,삼성,47,34,0.5802469135802469,1.5
9,2015,81,한화,43,38,0.5308641975308642,5.0
