,Year,Game_idx,Team1,cum_win,cum_lose,Wpct,rank
0,1997,23,LG,15,8,0.6521739130434783,1.0
1,1997,23,OB,11,11,0.5,4.5
2,1997,23,롯데,10,13,0.43478260869565216,6.0
3,1997,23,삼성,11,11,0.5,4.5
4,1997,23,쌍방울,14,9,0.6086956521739131,2.0
5,1997,23,한화,8,14,0.3636363636363637,8.0
6,1997,23,해태,13,10,0.5652173913043478,3.0
7,1997,23,현대,9,13,0.4090909090909091,7.0
