,Year,Game_idx,Team1,cum_win,cum_lose,Wpct,rank
0,2001,84,KIA,37,43,0.4625,4.0
1,2001,84,LG,34,44,0.4358974358974359,6.0
2,2001,84,SK,36,47,0.43373493975903615,7.0
3,2001,84,두산,42,37,0.5316455696202531,3.0
4,2001,84,롯데,33,48,0.4074074074074074,8.0
5,2001,84,삼성,52,32,0.6190476190476191,2.0
6,2001,84,한화,36,44,0.45,5.0
7,2001,84,현대,52,29,0.6419753086419753,1.0
