,Year,Game_idx,Team1,cum_win,cum_lose,Wpct,rank
0,2014,123,KIA,51,72,0.4146341463414634,8.0
1,2014,123,LG,59,61,0.4916666666666666,4.0
2,2014,123,NC,67,55,0.5491803278688525,3.0
3,2014,123,SK,59,63,0.4836065573770492,5.0
4,2014,123,넥센,74,48,0.6065573770491803,2.0
5,2014,123,두산,56,66,0.459016393442623,6.0
6,2014,123,롯데,55,66,0.4545454545454545,7.0
7,2014,123,삼성,75,45,0.625,1.0
8,2014,123,한화,49,72,0.4049586776859504,9.0
