,Year,Game_idx,Team1,cum_win,cum_lose,Wpct,rank
0,2006,37,KIA,18,18,0.5,5.0
1,2006,37,LG,14,22,0.3888888888888889,7.0
2,2006,37,SK,19,18,0.5135135135135135,4.0
3,2006,37,두산,15,20,0.42857142857142855,6.0
4,2006,37,롯데,12,25,0.32432432432432434,8.0
5,2006,37,삼성,21,15,0.5833333333333334,3.0
6,2006,37,한화,24,12,0.6666666666666666,1.0
7,2006,37,현대,24,13,0.6486486486486487,2.0
