,Year,Game_idx,Team1,cum_win,cum_lose,Wpct,rank
0,2011,13,KIA,7,6,0.5384615384615384,4.5
1,2011,13,LG,8,5,0.6153846153846154,2.0
2,2011,13,SK,10,3,0.7692307692307693,1.0
3,2011,13,넥센,5,8,0.38461538461538464,6.0
4,2011,13,두산,7,5,0.5833333333333334,3.0
5,2011,13,롯데,4,8,0.3333333333333333,7.0
6,2011,13,삼성,7,6,0.5384615384615384,4.5
7,2011,13,한화,3,10,0.2307692307692308,8.0
