,Year,Game_idx,Team1,cum_win,cum_lose,Wpct,rank
0,2004,126,KIA,65,56,0.5371900826446281,3.0
1,2004,126,LG,57,65,0.4672131147540984,6.0
2,2004,126,SK,59,59,0.5,5.0
3,2004,126,두산,66,59,0.528,4.0
4,2004,126,롯데,45,70,0.39130434782608703,8.0
5,2004,126,삼성,68,51,0.5714285714285714,2.0
6,2004,126,한화,50,70,0.4166666666666667,7.0
7,2004,126,현대,70,51,0.5785123966942148,1.0
