,Year,Game_idx,Team1,cum_win,cum_lose,Wpct,rank
0,2011,133,KIA,70,63,0.5263157894736842,4.0
1,2011,133,LG,59,72,0.450381679389313,6.5
2,2011,133,SK,71,59,0.5461538461538461,3.0
3,2011,133,넥센,51,80,0.3893129770992366,8.0
4,2011,133,두산,61,70,0.4656488549618321,5.0
5,2011,133,롯데,72,56,0.5625,2.0
6,2011,133,삼성,79,50,0.6124031007751938,1.0
7,2011,133,한화,59,72,0.450381679389313,6.5
