,Year,Game_idx,Team1,cum_win,cum_lose,Wpct,rank
0,2007,61,KIA,24,36,0.4,8.0
1,2007,61,LG,29,30,0.4915254237288136,6.0
2,2007,61,SK,31,25,0.5535714285714286,1.0
3,2007,61,두산,33,27,0.55,2.0
4,2007,61,롯데,27,32,0.4576271186440678,7.0
5,2007,61,삼성,29,29,0.5,5.0
6,2007,61,한화,31,28,0.5254237288135594,3.0
7,2007,61,현대,31,30,0.5081967213114754,4.0
