,Year,Game_idx,Team1,cum_win,cum_lose,Wpct,rank
0,2009,32,KIA,15,15,0.5,4.5
1,2009,32,LG,18,13,0.5806451612903226,3.0
2,2009,32,SK,20,8,0.7142857142857143,1.0
3,2009,32,두산,19,11,0.6333333333333333,2.0
4,2009,32,롯데,11,21,0.34375,8.0
5,2009,32,삼성,16,16,0.5,4.5
6,2009,32,한화,12,18,0.4,6.0
7,2009,32,히어로즈,11,20,0.3548387096774194,7.0
