,Year,Game_idx,Team1,cum_win,cum_lose,Wpct,rank
0,1993,112,LG,62,48,0.5636363636363636,3.0
1,1993,112,OB,58,49,0.5420560747663551,4.0
2,1993,112,롯데,56,55,0.5045045045045045,5.0
3,1993,112,빙그레,51,57,0.4722222222222222,6.0
4,1993,112,삼성,64,43,0.5981308411214953,2.0
5,1993,112,쌍방울,39,68,0.3644859813084112,7.0
6,1993,112,태평양,32,70,0.3137254901960784,8.0
7,1993,112,해태,72,38,0.6545454545454545,1.0
