,Year,Game_idx,Team1,cum_win,cum_lose,Wpct,rank
0,1993,126,LG,66,57,0.5365853658536586,4.0
1,1993,126,OB,66,55,0.5454545454545454,3.0
2,1993,126,롯데,62,63,0.496,6.0
3,1993,126,빙그레,61,61,0.5,5.0
4,1993,126,삼성,73,48,0.6033057851239669,2.0
5,1993,126,쌍방울,43,78,0.35537190082644626,7.0
6,1993,126,태평양,34,82,0.29310344827586204,8.0
7,1993,126,해태,81,42,0.6585365853658537,1.0
