,Year,Game_idx,Team1,cum_win,cum_lose,Wpct,rank
0,2010,126,KIA,56,70,0.4444444444444444,6.0
1,2010,126,LG,55,67,0.4508196721311475,5.0
2,2010,126,SK,79,45,0.6370967741935484,1.0
3,2010,126,넥센,50,73,0.4065040650406504,7.0
4,2010,126,두산,69,54,0.5609756097560976,3.0
5,2010,126,롯데,63,60,0.5121951219512195,4.0
6,2010,126,삼성,76,49,0.608,2.0
7,2010,126,한화,45,79,0.3629032258064516,8.0
