,Year,Game_idx,Team1,cum_win,cum_lose,Wpct,rank
0,1994,56,LG,36,20,0.6428571428571429,1.0
1,1994,56,OB,25,30,0.4545454545454545,7.0
2,1994,56,롯데,25,28,0.4716981132075472,6.0
3,1994,56,삼성,27,28,0.4909090909090909,5.0
4,1994,56,쌍방울,17,37,0.3148148148148148,8.0
5,1994,56,태평양,29,25,0.5370370370370371,3.0
6,1994,56,한화,28,27,0.509090909090909,4.0
7,1994,56,해태,30,24,0.5555555555555556,2.0
