,Year,Game_idx,Team1,cum_win,cum_lose,Wpct,rank
0,2002,85,KIA,52,30,0.6341463414634146,1.0
1,2002,85,LG,42,40,0.5121951219512195,5.0
2,2002,85,SK,40,42,0.4878048780487805,6.0
3,2002,85,두산,45,38,0.5421686746987951,3.0
4,2002,85,롯데,22,62,0.2619047619047619,8.0
5,2002,85,삼성,50,34,0.5952380952380952,2.0
6,2002,85,한화,37,45,0.451219512195122,7.0
7,2002,85,현대,42,38,0.525,4.0
