,Year,Game_idx,Team1,cum_win,cum_lose,Wpct,rank
0,1989,31,MBC,13,17,0.43333333333333335,5.0
1,1989,31,OB,10,20,0.3333333333333333,7.0
2,1989,31,롯데,12,18,0.4,6.0
3,1989,31,빙그레,18,11,0.6206896551724138,2.0
4,1989,31,삼성,19,11,0.6333333333333333,1.0
5,1989,31,태평양,15,14,0.5172413793103449,4.0
6,1989,31,해태,16,14,0.5333333333333333,3.0
