,Year,Game_idx,Team1,cum_win,cum_lose,Wpct,rank
0,1994,89,LG,57,32,0.6404494382022472,1.0
1,1994,89,OB,40,48,0.4545454545454545,6.0
2,1994,89,롯데,38,48,0.4418604651162791,7.0
3,1994,89,삼성,44,44,0.5,5.0
4,1994,89,쌍방울,29,58,0.3333333333333333,8.0
5,1994,89,태평양,48,39,0.5517241379310345,3.0
6,1994,89,한화,49,39,0.5568181818181818,2.0
7,1994,89,해태,45,42,0.5172413793103449,4.0
