,Year,Game_idx,Team1,cum_win,cum_lose,Wpct,rank
0,2013,126,KIA,51,72,0.4146341463414634,8.0
1,2013,126,LG,72,54,0.5714285714285714,3.0
2,2013,126,NC,51,71,0.4180327868852459,7.0
3,2013,126,SK,62,61,0.5040650406504065,6.0
4,2013,126,넥센,71,53,0.5725806451612904,2.0
5,2013,126,두산,70,53,0.5691056910569106,4.0
6,2013,126,롯데,64,58,0.5245901639344263,5.0
7,2013,126,삼성,74,50,0.5967741935483871,1.0
8,2013,126,한화,41,84,0.32799999999999996,9.0
