,Year,Game_idx,Team1,cum_win,cum_lose,Wpct,rank
0,2007,105,KIA,41,63,0.3942307692307692,8.0
1,2007,105,LG,50,50,0.5,5.0
2,2007,105,SK,61,39,0.61,1.0
3,2007,105,두산,56,47,0.5436893203883495,2.0
4,2007,105,롯데,48,54,0.4705882352941176,6.0
5,2007,105,삼성,54,48,0.5294117647058824,3.0
6,2007,105,한화,54,49,0.5242718446601942,4.0
7,2007,105,현대,45,59,0.4326923076923077,7.0
