,Year,Game_idx,Team1,cum_win,cum_lose,Wpct,rank
0,2015,142,KIA,67,75,0.471830985915493,6.5
1,2015,142,LG,62,78,0.4428571428571429,9.0
2,2015,142,NC,84,56,0.6,2.0
3,2015,142,SK,68,72,0.4857142857142857,5.0
4,2015,142,kt,52,90,0.3661971830985916,10.0
5,2015,142,넥센,77,64,0.5460992907801419,3.0
6,2015,142,두산,77,65,0.5422535211267606,4.0
7,2015,142,롯데,65,76,0.4609929078014184,8.0
8,2015,142,삼성,86,56,0.6056338028169014,1.0
9,2015,142,한화,67,75,0.471830985915493,6.5
