,Year,Game_idx,Team1,cum_win,cum_lose,Wpct,rank
0,1999,66,LG,34,32,0.5151515151515151,5.0
1,1999,66,두산,36,26,0.5806451612903226,2.0
2,1999,66,롯데,40,22,0.6451612903225806,1.0
3,1999,66,삼성,34,30,0.53125,4.0
4,1999,66,쌍방울,15,47,0.2419354838709677,8.0
5,1999,66,한화,29,35,0.453125,7.0
6,1999,66,해태,31,34,0.476923076923077,6.0
7,1999,66,현대,33,28,0.5409836065573771,3.0
