,Year,Game_idx,Team1,cum_win,cum_lose,Wpct,rank
0,2015,27,KIA,13,14,0.4814814814814815,8.0
1,2015,27,LG,13,14,0.4814814814814815,8.0
2,2015,27,NC,13,14,0.4814814814814815,8.0
3,2015,27,SK,15,12,0.5555555555555556,4.0
4,2015,27,kt,3,24,0.1111111111111111,10.0
5,2015,27,넥센,15,12,0.5555555555555556,4.0
6,2015,27,두산,17,10,0.6296296296296297,2.0
7,2015,27,롯데,14,13,0.5185185185185185,6.0
8,2015,27,삼성,18,9,0.6666666666666666,1.0
9,2015,27,한화,15,12,0.5555555555555556,4.0
