,Year,Game_idx,Team1,cum_win,cum_lose,Wpct,rank
0,1997,117,LG,65,50,0.5652173913043478,3.0
1,1997,117,OB,54,58,0.4821428571428572,5.0
2,1997,117,롯데,47,69,0.4051724137931034,8.0
3,1997,117,삼성,63,48,0.5675675675675675,2.0
4,1997,117,쌍방울,64,51,0.5565217391304348,4.0
5,1997,117,한화,49,66,0.4260869565217391,7.0
6,1997,117,해태,69,47,0.5948275862068966,1.0
7,1997,117,현대,49,64,0.4336283185840708,6.0
