,Year,Game_idx,Team1,cum_win,cum_lose,Wpct,rank
0,2007,64,KIA,24,39,0.3809523809523809,8.0
1,2007,64,LG,31,31,0.5,4.0
2,2007,64,SK,34,25,0.576271186440678,1.0
3,2007,64,두산,35,28,0.5555555555555556,2.0
4,2007,64,롯데,29,33,0.4677419354838709,7.0
5,2007,64,삼성,30,31,0.4918032786885246,5.0
6,2007,64,한화,33,29,0.532258064516129,3.0
7,2007,64,현대,31,33,0.484375,6.0
