,Year,Game_idx,Team1,cum_win,cum_lose,Wpct,rank
0,1997,62,LG,37,23,0.6166666666666667,1.0
1,1997,62,OB,33,26,0.559322033898305,4.0
2,1997,62,롯데,22,39,0.3606557377049181,8.0
3,1997,62,삼성,34,24,0.5862068965517241,3.0
4,1997,62,쌍방울,31,31,0.5,5.0
5,1997,62,한화,23,37,0.38333333333333336,6.0
6,1997,62,해태,36,25,0.5901639344262295,2.0
7,1997,62,현대,22,37,0.3728813559322034,7.0
