,Year,Game_idx,Team1,cum_win,cum_lose,Wpct,rank
0,2002,84,KIA,52,29,0.6419753086419753,1.0
1,2002,84,LG,42,39,0.5185185185185185,5.0
2,2002,84,SK,40,41,0.4938271604938271,6.0
3,2002,84,두산,44,38,0.5365853658536586,3.0
4,2002,84,롯데,21,62,0.2530120481927711,8.0
5,2002,84,삼성,49,34,0.5903614457831325,2.0
6,2002,84,한화,36,45,0.4444444444444444,7.0
7,2002,84,현대,41,38,0.5189873417721519,4.0
