,Year,Game_idx,Team1,cum_win,cum_lose,Wpct,rank
0,1993,25,LG,16,9,0.64,2.0
1,1993,25,OB,11,14,0.44,6.0
2,1993,25,롯데,12,13,0.48,4.5
3,1993,25,빙그레,12,13,0.48,4.5
4,1993,25,삼성,14,10,0.5833333333333334,3.0
5,1993,25,쌍방울,8,17,0.32,7.0
6,1993,25,태평양,7,17,0.2916666666666667,8.0
7,1993,25,해태,17,8,0.68,1.0
