,Year,Game_idx,Team1,cum_win,cum_lose,Wpct,rank
0,2016,29,KIA,12,17,0.4137931034482759,8.5
1,2016,29,LG,13,16,0.4482758620689655,6.0
2,2016,29,NC,18,11,0.6206896551724138,2.5
3,2016,29,SK,18,11,0.6206896551724138,2.5
4,2016,29,kt,13,16,0.4482758620689655,6.0
5,2016,29,넥센,15,13,0.5357142857142857,4.0
6,2016,29,두산,19,9,0.6785714285714286,1.0
7,2016,29,롯데,12,17,0.4137931034482759,8.5
8,2016,29,삼성,13,16,0.4482758620689655,6.0
9,2016,29,한화,8,21,0.27586206896551724,10.0
