,Year,Game_idx,Team1,cum_win,cum_lose,Wpct,rank
0,2008,32,KIA,10,22,0.3125,8.0
1,2008,32,LG,12,20,0.375,7.0
2,2008,32,SK,24,8,0.75,1.0
3,2008,32,두산,18,14,0.5625,2.5
4,2008,32,롯데,18,14,0.5625,2.5
5,2008,32,삼성,17,15,0.53125,4.0
6,2008,32,한화,16,16,0.5,5.0
7,2008,32,히어로즈,15,17,0.46875,6.0
