,Year,Game_idx,Team1,cum_win,cum_lose,Wpct,rank
0,2010,11,KIA,5,6,0.4545454545454545,4.0
1,2010,11,LG,3,7,0.3,7.0
2,2010,11,SK,7,4,0.6363636363636364,3.0
3,2010,11,넥센,4,7,0.3636363636363637,5.5
4,2010,11,두산,9,1,0.9,1.0
5,2010,11,롯데,3,8,0.2727272727272727,8.0
6,2010,11,삼성,8,3,0.7272727272727273,2.0
7,2010,11,한화,4,7,0.3636363636363637,5.5
