,Year,Game_idx,Team1,cum_win,cum_lose,Wpct,rank
0,2010,34,KIA,17,17,0.5,4.0
1,2010,34,LG,14,19,0.42424242424242425,6.0
2,2010,34,SK,25,9,0.7352941176470589,1.0
3,2010,34,넥센,13,21,0.38235294117647056,7.0
4,2010,34,두산,20,13,0.6060606060606061,2.0
5,2010,34,롯데,15,19,0.4411764705882353,5.0
6,2010,34,삼성,19,15,0.5588235294117647,3.0
7,2010,34,한화,10,24,0.29411764705882354,8.0
