,Year,Game_idx,Team1,cum_win,cum_lose,Wpct,rank
0,2016,58,KIA,24,33,0.42105263157894735,9.0
1,2016,58,LG,27,30,0.4736842105263158,4.0
2,2016,58,NC,38,19,0.6666666666666666,2.0
3,2016,58,SK,27,31,0.4655172413793103,5.5
4,2016,58,kt,24,32,0.42857142857142855,8.0
5,2016,58,넥센,29,28,0.5087719298245614,3.0
6,2016,58,두산,41,16,0.7192982456140351,1.0
7,2016,58,롯데,27,31,0.4655172413793103,5.5
8,2016,58,삼성,26,32,0.4482758620689655,7.0
9,2016,58,한화,23,34,0.4035087719298245,10.0
