,Year,Game_idx,Team1,cum_win,cum_lose,Wpct,rank
0,1995,23,LG,13,10,0.5652173913043478,2.5
1,1995,23,OB,15,8,0.6521739130434783,1.0
2,1995,23,롯데,10,13,0.43478260869565216,6.5
3,1995,23,삼성,10,13,0.43478260869565216,6.5
4,1995,23,쌍방울,9,14,0.39130434782608703,8.0
5,1995,23,태평양,11,12,0.4782608695652174,4.5
6,1995,23,한화,13,10,0.5652173913043478,2.5
7,1995,23,해태,11,12,0.4782608695652174,4.5
