,Year,Game_idx,Team1,cum_win,cum_lose,Wpct,rank
0,2001,116,KIA,52,59,0.4684684684684685,4.0
1,2001,116,LG,48,61,0.44036697247706413,7.0
2,2001,116,SK,49,65,0.4298245614035088,8.0
3,2001,116,두산,58,53,0.5225225225225225,3.0
4,2001,116,롯데,51,61,0.4553571428571429,5.5
5,2001,116,삼성,74,42,0.6379310344827587,1.0
6,2001,116,한화,51,61,0.4553571428571429,5.5
7,2001,116,현대,66,47,0.584070796460177,2.0
