,Year,Game_idx,Team1,cum_win,cum_lose,Wpct,rank
0,1998,59,LG,30,28,0.5172413793103449,3.0
1,1998,59,OB,25,33,0.4310344827586207,7.0
2,1998,59,롯데,21,35,0.375,8.0
3,1998,59,삼성,32,26,0.5517241379310345,2.0
4,1998,59,쌍방울,28,31,0.4745762711864407,4.0
5,1998,59,한화,27,30,0.4736842105263158,5.0
6,1998,59,해태,27,32,0.4576271186440678,6.0
7,1998,59,현대,43,16,0.7288135593220338,1.0
