,Year,Game_idx,Team1,cum_win,cum_lose,Wpct,rank
0,2013,32,KIA,18,13,0.5806451612903226,4.0
1,2013,32,LG,14,18,0.4375,7.0
2,2013,32,NC,9,21,0.3,8.0
3,2013,32,SK,15,16,0.4838709677419355,6.0
4,2013,32,넥센,21,11,0.65625,1.5
5,2013,32,두산,19,12,0.6129032258064516,3.0
6,2013,32,롯데,15,15,0.5,5.0
7,2013,32,삼성,21,11,0.65625,1.5
8,2013,32,한화,9,22,0.2903225806451613,9.0
