,Year,Game_idx,Team1,cum_win,cum_lose,Wpct,rank
0,2000,130,LG,66,61,0.5196850393700787,4.0
1,2000,130,SK,43,84,0.33858267716535434,8.0
2,2000,130,두산,74,56,0.5692307692307692,2.0
3,2000,130,롯데,64,62,0.5079365079365079,5.0
4,2000,130,삼성,69,56,0.552,3.0
5,2000,130,한화,48,77,0.384,7.0
6,2000,130,해태,55,71,0.4365079365079365,6.0
7,2000,130,현대,89,39,0.6953125,1.0
