,Year,Game_idx,Team1,cum_win,cum_lose,Wpct,rank
0,2014,84,KIA,39,45,0.4642857142857143,5.5
1,2014,84,LG,38,45,0.4578313253012048,7.0
2,2014,84,NC,48,36,0.5714285714285714,3.0
3,2014,84,SK,35,49,0.4166666666666667,8.0
4,2014,84,넥센,49,34,0.5903614457831325,2.0
5,2014,84,두산,39,45,0.4642857142857143,5.5
6,2014,84,롯데,41,42,0.4939759036144578,4.0
7,2014,84,삼성,55,27,0.6707317073170732,1.0
8,2014,84,한화,31,52,0.3734939759036144,9.0
