,Year,Game_idx,Team1,cum_win,cum_lose,Wpct,rank
0,2005,120,KIA,47,72,0.3949579831932773,8.0
1,2005,120,LG,50,69,0.4201680672268908,7.0
2,2005,120,SK,67,47,0.5877192982456141,2.0
3,2005,120,두산,66,51,0.5641025641025641,3.0
4,2005,120,롯데,55,64,0.4621848739495799,5.0
5,2005,120,삼성,70,46,0.603448275862069,1.0
6,2005,120,한화,63,56,0.5294117647058824,4.0
7,2005,120,현대,50,67,0.4273504273504273,6.0
