,Year,Game_idx,Team1,cum_win,cum_lose,Wpct,rank
0,1990,11,LG,6,5,0.5454545454545454,3.0
1,1990,11,OB,4,6,0.4,6.5
2,1990,11,롯데,5,6,0.4545454545454545,5.0
3,1990,11,빙그레,8,3,0.7272727272727273,1.0
4,1990,11,삼성,6,5,0.5454545454545454,3.0
5,1990,11,태평양,6,5,0.5454545454545454,3.0
6,1990,11,해태,4,6,0.4,6.5
