,Year,Game_idx,Team1,cum_win,cum_lose,Wpct,rank
0,1994,39,LG,27,12,0.6923076923076923,1.0
1,1994,39,OB,17,22,0.4358974358974359,6.5
2,1994,39,롯데,17,20,0.4594594594594595,5.0
3,1994,39,삼성,18,20,0.4736842105263158,4.0
4,1994,39,쌍방울,14,24,0.3684210526315789,8.0
5,1994,39,태평양,21,16,0.5675675675675675,3.0
6,1994,39,한화,17,22,0.4358974358974359,6.5
7,1994,39,해태,22,15,0.5945945945945946,2.0
