,Year,Game_idx,Team1,cum_win,cum_lose,Wpct,rank
0,2005,61,KIA,24,36,0.4,8.0
1,2005,61,LG,26,35,0.4262295081967213,7.0
2,2005,61,SK,25,33,0.4310344827586207,6.0
3,2005,61,두산,38,22,0.6333333333333333,2.0
4,2005,61,롯데,29,32,0.4754098360655738,4.0
5,2005,61,삼성,40,20,0.6666666666666666,1.0
6,2005,61,한화,31,29,0.5166666666666667,3.0
7,2005,61,현대,28,32,0.4666666666666667,5.0
