,Year,Game_idx,Team1,cum_win,cum_lose,Wpct,rank
0,2015,32,KIA,14,18,0.4375,8.5
1,2015,32,LG,14,18,0.4375,8.5
2,2015,32,NC,17,15,0.53125,5.5
3,2015,32,SK,19,13,0.59375,3.0
4,2015,32,kt,6,26,0.1875,10.0
5,2015,32,넥센,18,14,0.5625,4.0
6,2015,32,두산,20,12,0.625,2.0
7,2015,32,롯데,15,17,0.46875,7.0
8,2015,32,삼성,21,11,0.65625,1.0
9,2015,32,한화,17,15,0.53125,5.5
