,Year,Game_idx,Team1,cum_win,cum_lose,Wpct,rank
0,1999,94,LG,48,46,0.5106382978723404,5.0
1,1999,94,두산,51,38,0.5730337078651685,2.0
2,1999,94,롯데,54,35,0.6067415730337079,1.0
3,1999,94,삼성,49,43,0.532608695652174,4.0
4,1999,94,쌍방울,20,69,0.2247191011235955,8.0
5,1999,94,한화,45,47,0.4891304347826087,6.5
6,1999,94,해태,45,47,0.4891304347826087,6.5
7,1999,94,현대,50,39,0.5617977528089888,3.0
