,Year,Game_idx,Team1,cum_win,cum_lose,Wpct,rank
0,2000,85,LG,41,41,0.5,4.5
1,2000,85,SK,21,62,0.2530120481927711,8.0
2,2000,85,두산,53,32,0.6235294117647059,2.0
3,2000,85,롯데,42,42,0.5,4.5
4,2000,85,삼성,48,34,0.5853658536585366,3.0
5,2000,85,한화,34,47,0.41975308641975306,7.0
6,2000,85,해태,37,46,0.4457831325301205,6.0
7,2000,85,현대,56,28,0.6666666666666666,1.0
