,Year,Game_idx,Team1,cum_win,cum_lose,Wpct,rank
0,2013,117,KIA,48,67,0.4173913043478261,8.0
1,2013,117,LG,70,47,0.5982905982905983,1.0
2,2013,117,NC,48,65,0.4247787610619469,7.0
3,2013,117,SK,58,57,0.5043478260869565,6.0
4,2013,117,넥센,66,49,0.5739130434782609,3.0
5,2013,117,두산,64,50,0.5614035087719298,4.0
6,2013,117,롯데,57,56,0.5044247787610621,5.0
7,2013,117,삼성,68,47,0.591304347826087,2.0
8,2013,117,한화,38,78,0.3275862068965517,9.0
