,Year,Game_idx,Team1,cum_win,cum_lose,Wpct,rank
0,2007,49,KIA,19,29,0.3958333333333333,8.0
1,2007,49,LG,24,23,0.5106382978723404,5.0
2,2007,49,SK,25,20,0.5555555555555556,1.0
3,2007,49,두산,26,22,0.5416666666666666,2.5
4,2007,49,롯데,23,24,0.4893617021276596,6.0
5,2007,49,삼성,24,22,0.5217391304347826,4.0
6,2007,49,한화,26,22,0.5416666666666666,2.5
7,2007,49,현대,23,26,0.4693877551020408,7.0
