,Year,Game_idx,Team1,cum_win,cum_lose,Wpct,rank
0,1996,37,LG,14,22,0.3888888888888889,8.0
1,1996,37,OB,19,18,0.5135135135135135,3.5
2,1996,37,롯데,16,20,0.4444444444444444,7.0
3,1996,37,삼성,20,16,0.5555555555555556,2.0
4,1996,37,쌍방울,19,18,0.5135135135135135,3.5
5,1996,37,한화,18,19,0.4864864864864865,5.5
6,1996,37,해태,18,19,0.4864864864864865,5.5
7,1996,37,현대,22,14,0.6111111111111112,1.0
