,Year,Game_idx,Team1,cum_win,cum_lose,Wpct,rank
0,2001,74,KIA,34,37,0.4788732394366197,4.0
1,2001,74,LG,30,41,0.4225352112676056,7.0
2,2001,74,SK,31,42,0.4246575342465753,6.0
3,2001,74,두산,38,32,0.5428571428571428,3.0
4,2001,74,롯데,28,43,0.39436619718309857,8.0
5,2001,74,삼성,48,26,0.6486486486486487,1.0
6,2001,74,한화,32,40,0.4444444444444444,5.0
7,2001,74,현대,46,26,0.6388888888888888,2.0
