,Year,Game_idx,Team1,cum_win,cum_lose,Wpct,rank
0,2010,17,KIA,7,10,0.4117647058823529,5.5
1,2010,17,LG,8,8,0.5,4.0
2,2010,17,SK,12,5,0.7058823529411765,2.0
3,2010,17,넥센,5,12,0.29411764705882354,8.0
4,2010,17,두산,12,4,0.75,1.0
5,2010,17,롯데,6,11,0.35294117647058826,7.0
6,2010,17,삼성,10,7,0.5882352941176471,3.0
7,2010,17,한화,7,10,0.4117647058823529,5.5
