,Year,Game_idx,Team1,cum_win,cum_lose,Wpct,rank
0,2010,107,KIA,49,58,0.4579439252336449,5.0
1,2010,107,LG,45,61,0.4245283018867925,6.0
2,2010,107,SK,67,40,0.6261682242990654,1.0
3,2010,107,넥센,41,63,0.3942307692307692,7.0
4,2010,107,두산,63,42,0.6,3.0
5,2010,107,롯데,51,53,0.4903846153846154,4.0
6,2010,107,삼성,64,42,0.6037735849056604,2.0
7,2010,107,한화,41,66,0.3831775700934579,8.0
