,Year,Game_idx,Team1,cum_win,cum_lose,Wpct,rank
0,2006,123,KIA,62,58,0.5166666666666667,4.0
1,2006,123,LG,47,72,0.3949579831932773,8.0
2,2006,123,SK,58,64,0.4754098360655738,6.0
3,2006,123,두산,61,59,0.5083333333333333,5.0
4,2006,123,롯데,50,70,0.4166666666666667,7.0
5,2006,123,삼성,71,49,0.5916666666666667,1.0
6,2006,123,한화,65,56,0.5371900826446281,3.0
7,2006,123,현대,69,53,0.5655737704918032,2.0
