,Year,Game_idx,Team1,cum_win,cum_lose,Wpct,rank
0,2012,43,KIA,19,22,0.4634146341463415,7.0
1,2012,43,LG,22,21,0.5116279069767442,5.0
2,2012,43,SK,24,18,0.5714285714285714,1.0
3,2012,43,넥센,23,19,0.5476190476190477,2.0
4,2012,43,두산,22,20,0.5238095238095238,4.0
5,2012,43,롯데,22,19,0.5365853658536586,3.0
6,2012,43,삼성,21,21,0.5,6.0
7,2012,43,한화,16,27,0.372093023255814,8.0
