,Year,Game_idx,Team1,cum_win,cum_lose,Wpct,rank
0,1994,62,LG,41,21,0.6612903225806451,1.0
1,1994,62,OB,28,33,0.459016393442623,6.0
2,1994,62,롯데,26,33,0.4406779661016949,7.0
3,1994,62,삼성,30,31,0.4918032786885246,5.0
4,1994,62,쌍방울,18,42,0.3,8.0
5,1994,62,태평양,34,26,0.5666666666666667,2.0
6,1994,62,한화,32,29,0.5245901639344263,4.0
7,1994,62,해태,33,27,0.55,3.0
