,Year,Game_idx,Team1,cum_win,cum_lose,Wpct,rank
0,2000,82,LG,40,40,0.5,5.0
1,2000,82,SK,21,59,0.2625,8.0
2,2000,82,두산,52,30,0.6341463414634146,2.0
3,2000,82,롯데,41,40,0.5061728395061729,4.0
4,2000,82,삼성,46,33,0.5822784810126582,3.0
5,2000,82,한화,33,46,0.4177215189873418,7.0
6,2000,82,해태,35,45,0.4375,6.0
7,2000,82,현대,54,27,0.6666666666666666,1.0
