,Year,Game_idx,Team1,cum_win,cum_lose,Wpct,rank
0,1997,90,LG,51,37,0.5795454545454546,2.0
1,1997,90,OB,43,43,0.5,5.0
2,1997,90,롯데,36,53,0.4044943820224719,7.0
3,1997,90,삼성,47,38,0.5529411764705883,3.0
4,1997,90,쌍방울,49,40,0.5505617977528089,4.0
5,1997,90,한화,34,54,0.3863636363636364,8.0
6,1997,90,해태,55,34,0.6179775280898876,1.0
7,1997,90,현대,36,50,0.4186046511627907,6.0
