,Year,Game_idx,Team1,cum_win,cum_lose,Wpct,rank
0,1989,83,MBC,32,47,0.4050632911392405,7.0
1,1989,83,OB,40,41,0.4938271604938271,5.0
2,1989,83,롯데,33,47,0.4125,6.0
3,1989,83,빙그레,47,33,0.5875,2.0
4,1989,83,삼성,39,39,0.5,4.0
5,1989,83,태평양,40,39,0.5063291139240507,3.0
6,1989,83,해태,49,31,0.6125,1.0
