,Year,Game_idx,Team1,cum_win,cum_lose,Wpct,rank
0,2016,48,KIA,22,25,0.4680851063829787,7.0
1,2016,48,LG,23,24,0.4893617021276596,5.0
2,2016,48,NC,28,19,0.5957446808510638,2.0
3,2016,48,SK,25,23,0.5208333333333334,4.0
4,2016,48,kt,19,27,0.4130434782608696,9.0
5,2016,48,넥센,25,22,0.5319148936170213,3.0
6,2016,48,두산,34,13,0.7234042553191491,1.0
7,2016,48,롯데,22,26,0.4583333333333333,8.0
8,2016,48,삼성,23,25,0.4791666666666667,6.0
9,2016,48,한화,16,31,0.3404255319148936,10.0
