,Year,Game_idx,Team1,cum_win,cum_lose,Wpct,rank
0,2016,112,KIA,54,57,0.4864864864864865,5.0
1,2016,112,LG,53,58,0.4774774774774775,6.0
2,2016,112,NC,66,44,0.6,2.0
3,2016,112,SK,55,57,0.4910714285714286,4.0
4,2016,112,kt,43,67,0.3909090909090909,10.0
5,2016,112,넥센,63,48,0.5675675675675675,3.0
6,2016,112,두산,72,39,0.6486486486486487,1.0
7,2016,112,롯데,51,61,0.4553571428571429,7.0
8,2016,112,삼성,49,62,0.44144144144144143,9.0
9,2016,112,한화,49,60,0.44954128440366975,8.0
