,Year,Game_idx,Team1,cum_win,cum_lose,Wpct,rank
0,1989,41,MBC,19,20,0.4871794871794872,5.0
1,1989,41,OB,17,23,0.425,6.0
2,1989,41,롯데,13,27,0.325,7.0
3,1989,41,빙그레,23,16,0.5897435897435898,2.5
4,1989,41,삼성,24,16,0.6,1.0
5,1989,41,태평양,19,19,0.5,4.0
6,1989,41,해태,23,16,0.5897435897435898,2.5
