,Year,Game_idx,Team1,cum_win,cum_lose,Wpct,rank
0,1992,82,LG,31,49,0.3875,7.0
1,1992,82,OB,38,42,0.475,5.0
2,1992,82,롯데,47,35,0.573170731707317,3.0
3,1992,82,빙그레,50,31,0.6172839506172839,1.0
4,1992,82,삼성,43,38,0.5308641975308642,4.0
5,1992,82,쌍방울,27,54,0.3333333333333333,8.0
6,1992,82,태평양,37,42,0.4683544303797468,6.0
7,1992,82,해태,50,32,0.6097560975609756,2.0
