,Year,Game_idx,Team1,cum_win,cum_lose,Wpct,rank
0,1998,115,LG,56,58,0.4912280701754386,3.0
1,1998,115,OB,53,60,0.4690265486725664,6.0
2,1998,115,롯데,48,63,0.4324324324324325,8.0
3,1998,115,삼성,61,52,0.5398230088495575,2.0
4,1998,115,쌍방울,52,61,0.4601769911504425,7.0
5,1998,115,한화,53,58,0.4774774774774775,5.0
6,1998,115,해태,55,59,0.4824561403508772,4.0
7,1998,115,현대,78,37,0.6782608695652174,1.0
