,Year,Game_idx,Team1,cum_win,cum_lose,Wpct,rank
0,2014,57,KIA,25,32,0.43859649122807015,7.0
1,2014,57,LG,21,35,0.375,8.0
2,2014,57,NC,35,22,0.6140350877192983,2.0
3,2014,57,SK,27,30,0.4736842105263158,6.0
4,2014,57,넥센,30,26,0.5357142857142857,4.0
5,2014,57,두산,31,26,0.543859649122807,3.0
6,2014,57,롯데,29,27,0.5178571428571429,5.0
7,2014,57,삼성,37,18,0.6727272727272727,1.0
8,2014,57,한화,20,36,0.35714285714285715,9.0
