,Year,Game_idx,Team1,cum_win,cum_lose,Wpct,rank
0,2006,14,KIA,7,6,0.5384615384615384,3.5
1,2006,14,LG,6,8,0.42857142857142855,6.0
2,2006,14,SK,9,5,0.6428571428571429,1.0
3,2006,14,두산,5,7,0.4166666666666667,7.0
4,2006,14,롯데,5,9,0.35714285714285715,8.0
5,2006,14,삼성,7,6,0.5384615384615384,3.5
6,2006,14,한화,8,6,0.5714285714285714,2.0
7,2006,14,현대,7,7,0.5,5.0
