,Year,Game_idx,Team1,cum_win,cum_lose,Wpct,rank
0,2007,31,KIA,13,18,0.41935483870967744,8.0
1,2007,31,LG,15,15,0.5,3.5
2,2007,31,SK,18,11,0.6206896551724138,1.0
3,2007,31,두산,15,15,0.5,3.5
4,2007,31,롯데,15,15,0.5,3.5
5,2007,31,삼성,14,15,0.4827586206896552,7.0
6,2007,31,한화,15,15,0.5,3.5
7,2007,31,현대,15,16,0.4838709677419355,6.0
