,Year,Game_idx,Team1,cum_win,cum_lose,Wpct,rank
0,1992,100,LG,38,59,0.3917525773195876,7.0
1,1992,100,OB,44,53,0.4536082474226804,5.5
2,1992,100,롯데,58,42,0.58,3.0
3,1992,100,빙그레,60,38,0.6122448979591837,1.0
4,1992,100,삼성,53,45,0.5408163265306123,4.0
5,1992,100,쌍방울,35,64,0.35353535353535354,8.0
6,1992,100,태평양,44,53,0.4536082474226804,5.5
7,1992,100,해태,60,40,0.6,2.0
