,Year,Game_idx,Team1,cum_win,cum_lose,Wpct,rank
0,2013,42,KIA,22,19,0.5365853658536586,3.5
1,2013,42,LG,19,23,0.4523809523809524,7.0
2,2013,42,NC,14,26,0.35,8.0
3,2013,42,SK,19,22,0.4634146341463415,6.0
4,2013,42,넥센,28,14,0.6666666666666666,1.5
5,2013,42,두산,22,19,0.5365853658536586,3.5
6,2013,42,롯데,20,20,0.5,5.0
7,2013,42,삼성,28,14,0.6666666666666666,1.5
8,2013,42,한화,13,28,0.3170731707317073,9.0
