,Year,Game_idx,Team1,cum_win,cum_lose,Wpct,rank
0,2005,111,KIA,44,66,0.4,8.0
1,2005,111,LG,46,64,0.41818181818181815,7.0
2,2005,111,SK,61,44,0.580952380952381,2.0
3,2005,111,두산,61,47,0.5648148148148148,3.0
4,2005,111,롯데,50,60,0.4545454545454545,5.0
5,2005,111,삼성,66,41,0.616822429906542,1.0
6,2005,111,한화,60,50,0.5454545454545454,4.0
7,2005,111,현대,46,62,0.4259259259259259,6.0
