,Year,Game_idx,Team1,cum_win,cum_lose,Wpct,rank
0,2010,7,KIA,3,4,0.42857142857142855,5.0
1,2010,7,LG,2,5,0.2857142857142857,7.0
2,2010,7,SK,4,3,0.5714285714285714,3.0
3,2010,7,넥센,4,3,0.5714285714285714,3.0
4,2010,7,두산,6,1,0.8571428571428571,1.0
5,2010,7,롯데,2,5,0.2857142857142857,7.0
6,2010,7,삼성,4,3,0.5714285714285714,3.0
7,2010,7,한화,2,5,0.2857142857142857,7.0
