,Year,Game_idx,Team1,cum_win,cum_lose,Wpct,rank
0,2007,124,KIA,50,73,0.4065040650406504,8.0
1,2007,124,LG,57,61,0.4830508474576271,5.0
2,2007,124,SK,72,47,0.6050420168067226,1.0
3,2007,124,두산,69,53,0.5655737704918032,2.0
4,2007,124,롯데,53,68,0.4380165289256198,7.0
5,2007,124,삼성,62,58,0.5166666666666667,4.0
6,2007,124,한화,66,56,0.5409836065573771,3.0
7,2007,124,현대,54,69,0.4390243902439024,6.0
