,Year,Game_idx,Team1,cum_win,cum_lose,Wpct,rank
0,2011,61,KIA,35,26,0.5737704918032787,3.0
1,2011,61,LG,34,27,0.5573770491803278,4.0
2,2011,61,SK,37,24,0.6065573770491803,1.0
3,2011,61,넥센,22,39,0.3606557377049181,8.0
4,2011,61,두산,25,34,0.42372881355932196,7.0
5,2011,61,롯데,27,31,0.4655172413793103,5.0
6,2011,61,삼성,35,24,0.5932203389830508,2.0
7,2011,61,한화,26,34,0.43333333333333335,6.0
