,Year,Game_idx,Team1,cum_win,cum_lose,Wpct,rank
0,2007,109,KIA,44,64,0.4074074074074074,8.0
1,2007,109,LG,53,51,0.5096153846153846,5.0
2,2007,109,SK,63,41,0.6057692307692307,1.0
3,2007,109,두산,58,49,0.5420560747663551,2.0
4,2007,109,롯데,49,57,0.4622641509433962,6.0
5,2007,109,삼성,57,49,0.5377358490566038,3.0
6,2007,109,한화,56,51,0.5233644859813084,4.0
7,2007,109,현대,48,60,0.4444444444444444,7.0
