,Year,Game_idx,Team1,cum_win,cum_lose,Wpct,rank
0,1991,53,LG,26,26,0.5,5.5
1,1991,53,OB,20,33,0.37735849056603776,7.5
2,1991,53,롯데,26,26,0.5,5.5
3,1991,53,빙그레,27,24,0.5294117647058824,2.0
4,1991,53,삼성,28,25,0.5283018867924528,3.0
5,1991,53,쌍방울,20,33,0.37735849056603776,7.5
6,1991,53,태평양,27,26,0.5094339622641509,4.0
7,1991,53,해태,35,18,0.660377358490566,1.0
