,Year,Game_idx,Team1,cum_win,cum_lose,Wpct,rank
0,2000,48,LG,25,22,0.5319148936170213,4.0
1,2000,48,SK,14,34,0.2916666666666667,8.0
2,2000,48,두산,30,18,0.625,2.0
3,2000,48,롯데,22,26,0.4583333333333333,5.0
4,2000,48,삼성,27,21,0.5625,3.0
5,2000,48,한화,17,29,0.3695652173913043,7.0
6,2000,48,해태,19,28,0.40425531914893614,6.0
7,2000,48,현대,35,13,0.7291666666666666,1.0
