,Year,Game_idx,Team1,cum_win,cum_lose,Wpct,rank
0,1993,94,LG,56,36,0.6086956521739131,2.0
1,1993,94,OB,47,42,0.5280898876404494,4.0
2,1993,94,롯데,45,49,0.4787234042553192,5.0
3,1993,94,빙그레,39,52,0.42857142857142855,6.0
4,1993,94,삼성,50,39,0.5617977528089888,3.0
5,1993,94,쌍방울,35,54,0.39325842696629215,7.0
6,1993,94,태평양,28,58,0.32558139534883723,8.0
7,1993,94,해태,61,32,0.6559139784946236,1.0
