,Year,Game_idx,Team1,cum_win,cum_lose,Wpct,rank
0,1994,124,LG,79,45,0.6370967741935484,1.0
1,1994,124,OB,52,71,0.4227642276422765,7.0
2,1994,124,롯데,56,65,0.4628099173553719,6.0
3,1994,124,삼성,60,62,0.4918032786885246,5.0
4,1994,124,쌍방울,45,74,0.3781512605042017,8.0
5,1994,124,태평양,68,53,0.5619834710743802,2.0
6,1994,124,한화,63,59,0.5163934426229508,4.0
7,1994,124,해태,64,58,0.5245901639344263,3.0
