,Year,Game_idx,Team1,cum_win,cum_lose,Wpct,rank
0,2012,47,KIA,21,24,0.4666666666666667,7.0
1,2012,47,LG,24,22,0.5217391304347826,4.0
2,2012,47,SK,26,20,0.5652173913043478,1.0
3,2012,47,넥센,24,22,0.5217391304347826,4.0
4,2012,47,두산,24,22,0.5217391304347826,4.0
5,2012,47,롯데,24,21,0.5333333333333333,2.0
6,2012,47,삼성,23,23,0.5,6.0
7,2012,47,한화,17,29,0.3695652173913043,8.0
