,Year,Game_idx,Team1,cum_win,cum_lose,Wpct,rank
0,2015,36,KIA,18,18,0.5,7.0
1,2015,36,LG,16,20,0.4444444444444444,9.0
2,2015,36,NC,19,16,0.5428571428571428,4.0
3,2015,36,SK,22,14,0.6111111111111112,2.5
4,2015,36,kt,7,29,0.19444444444444445,10.0
5,2015,36,넥센,19,17,0.5277777777777778,5.5
6,2015,36,두산,22,14,0.6111111111111112,2.5
7,2015,36,롯데,17,19,0.4722222222222222,8.0
8,2015,36,삼성,23,13,0.6388888888888888,1.0
9,2015,36,한화,19,17,0.5277777777777778,5.5
