,Year,Game_idx,Team1,cum_win,cum_lose,Wpct,rank
0,1989,17,MBC,6,10,0.375,6.0
1,1989,17,OB,5,12,0.29411764705882354,7.0
2,1989,17,롯데,8,9,0.4705882352941176,5.0
3,1989,17,빙그레,10,6,0.625,3.0
4,1989,17,삼성,11,5,0.6875,1.0
5,1989,17,태평양,8,8,0.5,4.0
6,1989,17,해태,11,6,0.6470588235294118,2.0
