,Year,Game_idx,Team1,cum_win,cum_lose,Wpct,rank
0,2005,14,KIA,4,10,0.2857142857142857,8.0
1,2005,14,LG,6,8,0.42857142857142855,5.5
2,2005,14,SK,7,6,0.5384615384615384,3.0
3,2005,14,두산,10,4,0.7142857142857143,1.0
4,2005,14,롯데,6,8,0.42857142857142855,5.5
5,2005,14,삼성,9,5,0.6428571428571429,2.0
6,2005,14,한화,7,7,0.5,4.0
7,2005,14,현대,5,8,0.38461538461538464,7.0
