,Year,Game_idx,Team1,cum_win,cum_lose,Wpct,rank
0,2000,6,LG,3,3,0.5,4.0
1,2000,6,SK,2,4,0.3333333333333333,6.0
2,2000,6,두산,4,2,0.6666666666666666,3.0
3,2000,6,롯데,2,4,0.3333333333333333,6.0
4,2000,6,삼성,5,1,0.8333333333333334,1.5
5,2000,6,한화,1,5,0.16666666666666666,8.0
6,2000,6,해태,2,4,0.3333333333333333,6.0
7,2000,6,현대,5,1,0.8333333333333334,1.5
