,Year,Game_idx,Team1,cum_win,cum_lose,Wpct,rank
0,1996,67,LG,31,33,0.484375,5.5
1,1996,67,OB,30,35,0.4615384615384616,7.0
2,1996,67,롯데,29,36,0.4461538461538462,8.0
3,1996,67,삼성,31,33,0.484375,5.5
4,1996,67,쌍방울,34,32,0.5151515151515151,4.0
5,1996,67,한화,36,31,0.5373134328358209,2.0
6,1996,67,해태,35,32,0.5223880597014925,3.0
7,1996,67,현대,37,27,0.578125,1.0
