,Year,Game_idx,Team1,cum_win,cum_lose,Wpct,rank
0,2014,122,KIA,51,71,0.4180327868852459,8.0
1,2014,122,LG,58,61,0.4873949579831933,4.0
2,2014,122,NC,67,54,0.5537190082644629,3.0
3,2014,122,SK,58,63,0.4793388429752066,5.0
4,2014,122,넥센,73,48,0.6033057851239669,2.0
5,2014,122,두산,56,65,0.4628099173553719,6.0
6,2014,122,롯데,55,65,0.4583333333333333,7.0
7,2014,122,삼성,75,44,0.6302521008403361,1.0
8,2014,122,한화,48,72,0.4,9.0
