,Year,Game_idx,Team1,cum_win,cum_lose,Wpct,rank
0,2003,27,KIA,15,11,0.5769230769230769,4.0
1,2003,27,LG,13,12,0.52,5.0
2,2003,27,SK,16,10,0.6153846153846154,3.0
3,2003,27,두산,6,21,0.2222222222222222,8.0
4,2003,27,롯데,6,19,0.24,7.0
5,2003,27,삼성,20,6,0.7692307692307693,1.0
6,2003,27,한화,10,16,0.38461538461538464,6.0
7,2003,27,현대,18,8,0.6923076923076923,2.0
