,Year,Game_idx,Team1,cum_win,cum_lose,Wpct,rank
0,1992,95,LG,38,55,0.4086021505376344,7.0
1,1992,95,OB,42,50,0.4565217391304348,6.0
2,1992,95,롯데,54,41,0.5684210526315789,3.0
3,1992,95,빙그레,58,35,0.6236559139784946,1.0
4,1992,95,삼성,49,44,0.5268817204301075,4.0
5,1992,95,쌍방울,33,61,0.35106382978723405,8.0
6,1992,95,태평양,43,49,0.4673913043478261,5.0
7,1992,95,해태,58,37,0.6105263157894737,2.0
