,Year,Game_idx,Team1,cum_win,cum_lose,Wpct,rank
0,1994,69,LG,44,25,0.6376811594202898,1.0
1,1994,69,OB,30,38,0.4411764705882353,7.0
2,1994,69,롯데,30,36,0.4545454545454545,6.0
3,1994,69,삼성,34,34,0.5,5.0
4,1994,69,쌍방울,21,46,0.31343283582089554,8.0
5,1994,69,태평양,36,31,0.5373134328358209,3.0
6,1994,69,한화,38,30,0.5588235294117647,2.0
7,1994,69,해태,35,32,0.5223880597014925,4.0
