,Year,Game_idx,Team1,cum_win,cum_lose,Wpct,rank
0,1990,96,LG,54,42,0.5625,3.0
1,1990,96,OB,30,62,0.32608695652173914,7.0
2,1990,96,롯데,36,56,0.39130434782608703,6.0
3,1990,96,빙그레,58,36,0.6170212765957447,1.0
4,1990,96,삼성,54,40,0.5744680851063829,2.0
5,1990,96,태평양,45,48,0.4838709677419355,5.0
6,1990,96,해태,50,43,0.5376344086021505,4.0
