,Year,Game_idx,Team1,cum_win,cum_lose,Wpct,rank
0,2013,31,KIA,17,13,0.5666666666666667,4.0
1,2013,31,LG,14,17,0.4516129032258064,7.0
2,2013,31,NC,8,21,0.27586206896551724,9.0
3,2013,31,SK,14,16,0.4666666666666667,6.0
4,2013,31,넥센,21,10,0.6774193548387096,1.5
5,2013,31,두산,19,11,0.6333333333333333,3.0
6,2013,31,롯데,15,15,0.5,5.0
7,2013,31,삼성,21,10,0.6774193548387096,1.5
8,2013,31,한화,9,21,0.3,8.0
