,Year,Game_idx,Team1,cum_win,cum_lose,Wpct,rank
0,2001,53,KIA,25,26,0.4901960784313725,5.0
1,2001,53,LG,18,32,0.36,8.0
2,2001,53,SK,24,28,0.4615384615384616,6.0
3,2001,53,두산,27,23,0.54,3.0
4,2001,53,롯데,21,31,0.40384615384615385,7.0
5,2001,53,삼성,32,21,0.6037735849056604,2.0
6,2001,53,한화,26,26,0.5,4.0
7,2001,53,현대,32,20,0.6153846153846154,1.0
