,Year,Game_idx,Team1,cum_win,cum_lose,Wpct,rank
0,2015,13,KIA,8,5,0.6153846153846154,3.0
1,2015,13,LG,6,7,0.4615384615384616,7.5
2,2015,13,NC,7,6,0.5384615384615384,5.5
3,2015,13,SK,8,5,0.6153846153846154,3.0
4,2015,13,kt,2,11,0.15384615384615385,10.0
5,2015,13,넥센,5,8,0.38461538461538464,9.0
6,2015,13,두산,7,6,0.5384615384615384,5.5
7,2015,13,롯데,8,5,0.6153846153846154,3.0
8,2015,13,삼성,9,4,0.6923076923076923,1.0
9,2015,13,한화,6,7,0.4615384615384616,7.5
