,Year,Game_idx,Team1,cum_win,cum_lose,Wpct,rank
0,1994,105,LG,67,38,0.6380952380952379,1.0
1,1994,105,OB,48,56,0.4615384615384616,6.0
2,1994,105,롯데,46,56,0.4509803921568628,7.0
3,1994,105,삼성,53,51,0.5096153846153846,5.0
4,1994,105,쌍방울,35,66,0.3465346534653465,8.0
5,1994,105,태평양,57,45,0.5588235294117647,2.0
6,1994,105,한화,54,50,0.5192307692307693,3.0
7,1994,105,해태,53,50,0.5145631067961165,4.0
