,Year,Game_idx,Team1,cum_win,cum_lose,Wpct,rank
0,1991,60,LG,29,30,0.4915254237288136,6.0
1,1991,60,OB,20,40,0.3333333333333333,8.0
2,1991,60,롯데,30,29,0.5084745762711864,4.0
3,1991,60,빙그레,31,27,0.5344827586206896,2.0
4,1991,60,삼성,32,28,0.5333333333333333,3.0
5,1991,60,쌍방울,24,36,0.4,7.0
6,1991,60,태평양,30,30,0.5,5.0
7,1991,60,해태,41,19,0.6833333333333333,1.0
