,Year,Game_idx,Team1,cum_win,cum_lose,Wpct,rank
0,2009,44,KIA,22,19,0.5365853658536586,3.0
1,2009,44,LG,21,20,0.5121951219512195,4.0
2,2009,44,SK,27,13,0.675,1.0
3,2009,44,두산,26,16,0.6190476190476191,2.0
4,2009,44,롯데,18,26,0.4090909090909091,7.0
5,2009,44,삼성,20,24,0.4545454545454545,5.0
6,2009,44,한화,17,24,0.4146341463414634,6.0
7,2009,44,히어로즈,17,26,0.3953488372093023,8.0
