,Year,Game_idx,Team1,cum_win,cum_lose,Wpct,rank
0,2006,98,KIA,48,47,0.5052631578947369,4.0
1,2006,98,LG,38,56,0.40425531914893614,8.0
2,2006,98,SK,47,50,0.4845360824742268,6.0
3,2006,98,두산,47,49,0.4895833333333333,5.0
4,2006,98,롯데,40,56,0.4166666666666667,7.0
5,2006,98,삼성,60,35,0.631578947368421,1.0
6,2006,98,한화,52,44,0.5416666666666666,3.0
7,2006,98,현대,53,44,0.5463917525773195,2.0
