,Year,Game_idx,Team1,cum_win,cum_lose,Wpct,rank
0,1993,33,LG,19,14,0.5757575757575758,2.0
1,1993,33,OB,15,16,0.4838709677419355,6.0
2,1993,33,롯데,17,16,0.5151515151515151,3.5
3,1993,33,빙그레,17,16,0.5151515151515151,3.5
4,1993,33,삼성,16,16,0.5,5.0
5,1993,33,쌍방울,10,22,0.3125,8.0
6,1993,33,태평양,10,20,0.3333333333333333,7.0
7,1993,33,해태,23,9,0.71875,1.0
