,Year,Game_idx,Team1,cum_win,cum_lose,Wpct,rank
0,1990,45,LG,22,23,0.4888888888888889,5.5
1,1990,45,OB,14,30,0.3181818181818182,7.0
2,1990,45,롯데,24,21,0.5333333333333333,2.5
3,1990,45,빙그레,26,19,0.5777777777777777,1.0
4,1990,45,삼성,24,21,0.5333333333333333,2.5
5,1990,45,태평양,22,23,0.4888888888888889,5.5
6,1990,45,해태,23,21,0.5227272727272727,4.0
