,Year,Game_idx,Team1,cum_win,cum_lose,Wpct,rank
0,2005,88,KIA,35,52,0.4022988505747127,8.0
1,2005,88,LG,39,48,0.4482758620689655,7.0
2,2005,88,SK,43,40,0.5180722891566265,4.0
3,2005,88,두산,48,38,0.5581395348837209,2.0
4,2005,88,롯데,41,47,0.4659090909090909,5.0
5,2005,88,삼성,51,35,0.5930232558139535,1.0
6,2005,88,한화,47,40,0.5402298850574713,3.0
7,2005,88,현대,39,47,0.4534883720930232,6.0
