,Year,Game_idx,Team1,cum_win,cum_lose,Wpct,rank
0,2016,65,KIA,27,37,0.421875,8.0
1,2016,65,LG,30,34,0.46875,5.0
2,2016,65,NC,41,22,0.6507936507936508,2.0
3,2016,65,SK,32,33,0.4923076923076923,4.0
4,2016,65,kt,26,37,0.4126984126984127,9.0
5,2016,65,넥센,34,30,0.53125,3.0
6,2016,65,두산,46,18,0.71875,1.0
7,2016,65,롯데,29,36,0.4461538461538462,6.5
8,2016,65,삼성,29,36,0.4461538461538462,6.5
9,2016,65,한화,26,38,0.40625,10.0
