,Year,Game_idx,Team1,cum_win,cum_lose,Wpct,rank
0,2013,27,KIA,17,9,0.6538461538461539,2.0
1,2013,27,LG,13,14,0.4814814814814815,6.0
2,2013,27,NC,7,19,0.2692307692307692,8.0
3,2013,27,SK,13,13,0.5,5.0
4,2013,27,넥센,18,9,0.6666666666666666,1.0
5,2013,27,두산,16,10,0.6153846153846154,4.0
6,2013,27,롯데,12,14,0.4615384615384616,7.0
7,2013,27,삼성,17,10,0.6296296296296297,3.0
8,2013,27,한화,6,20,0.2307692307692308,9.0
