,Year,Game_idx,Team1,cum_win,cum_lose,Wpct,rank
0,1998,113,LG,55,57,0.4910714285714286,3.0
1,1998,113,OB,51,60,0.4594594594594595,6.0
2,1998,113,롯데,48,61,0.44036697247706413,8.0
3,1998,113,삼성,59,52,0.5315315315315315,2.0
4,1998,113,쌍방울,50,61,0.4504504504504505,7.0
5,1998,113,한화,53,56,0.4862385321100918,4.0
6,1998,113,해태,53,59,0.4732142857142857,5.0
7,1998,113,현대,76,37,0.6725663716814161,1.0
