,Year,Game_idx,Team1,cum_win,cum_lose,Wpct,rank
0,1990,56,LG,30,26,0.5357142857142857,2.0
1,1990,56,OB,20,35,0.3636363636363637,7.0
2,1990,56,롯데,27,28,0.4909090909090909,6.0
3,1990,56,빙그레,32,24,0.5714285714285714,1.0
4,1990,56,삼성,29,26,0.5272727272727272,3.0
5,1990,56,태평양,28,27,0.509090909090909,5.0
6,1990,56,해태,28,26,0.5185185185185185,4.0
