,Year,Game_idx,Team1,cum_win,cum_lose,Wpct,rank
0,2007,22,KIA,11,11,0.5,4.0
1,2007,22,LG,11,11,0.5,4.0
2,2007,22,SK,14,6,0.7,1.0
3,2007,22,두산,8,14,0.3636363636363637,8.0
4,2007,22,롯데,11,11,0.5,4.0
5,2007,22,삼성,10,11,0.4761904761904762,6.0
6,2007,22,한화,11,10,0.5238095238095238,2.0
7,2007,22,현대,10,12,0.4545454545454545,7.0
