,Year,Game_idx,Team1,cum_win,cum_lose,Wpct,rank
0,2002,61,KIA,38,20,0.6551724137931034,1.0
1,2002,61,LG,29,29,0.5,5.0
2,2002,61,SK,26,33,0.4406779661016949,6.0
3,2002,61,두산,34,26,0.5666666666666667,3.0
4,2002,61,롯데,17,43,0.2833333333333333,8.0
5,2002,61,삼성,37,24,0.6065573770491803,2.0
6,2002,61,한화,24,35,0.4067796610169492,7.0
7,2002,61,현대,30,27,0.5263157894736842,4.0
