,Year,Game_idx,Team1,cum_win,cum_lose,Wpct,rank
0,2012,74,KIA,35,35,0.5,6.0
1,2012,74,LG,32,40,0.4444444444444444,7.0
2,2012,74,SK,37,36,0.5068493150684932,5.0
3,2012,74,넥센,37,35,0.5138888888888888,4.0
4,2012,74,두산,39,34,0.5342465753424658,3.0
5,2012,74,롯데,39,32,0.5492957746478874,2.0
6,2012,74,삼성,41,31,0.5694444444444444,1.0
7,2012,74,한화,27,46,0.3698630136986301,8.0
