,Year,Game_idx,Team1,cum_win,cum_lose,Wpct,rank
0,1989,58,MBC,24,31,0.4363636363636363,5.0
1,1989,58,OB,24,33,0.42105263157894735,6.0
2,1989,58,롯데,19,37,0.3392857142857143,7.0
3,1989,58,빙그레,33,22,0.6,2.0
4,1989,58,삼성,31,24,0.5636363636363636,3.0
5,1989,58,태평양,27,28,0.4909090909090909,4.0
6,1989,58,해태,35,21,0.625,1.0
