,Year,Game_idx,Team1,cum_win,cum_lose,Wpct,rank
0,2003,58,KIA,30,27,0.5263157894736842,4.0
1,2003,58,LG,26,30,0.4642857142857143,6.0
2,2003,58,SK,37,20,0.6491228070175439,1.0
3,2003,58,두산,17,41,0.29310344827586204,8.0
4,2003,58,롯데,19,37,0.3392857142857143,7.0
5,2003,58,삼성,36,20,0.6428571428571429,2.0
6,2003,58,한화,27,28,0.4909090909090909,5.0
7,2003,58,현대,33,24,0.5789473684210527,3.0
