,Year,Game_idx,Team1,cum_win,cum_lose,Wpct,rank
0,1998,71,LG,35,35,0.5,3.0
1,1998,71,OB,32,38,0.4571428571428571,6.0
2,1998,71,롯데,28,40,0.4117647058823529,8.0
3,1998,71,삼성,39,31,0.5571428571428572,2.0
4,1998,71,쌍방울,34,37,0.4788732394366197,4.0
5,1998,71,한화,33,36,0.4782608695652174,5.0
6,1998,71,해태,31,40,0.4366197183098591,7.0
7,1998,71,현대,47,24,0.6619718309859155,1.0
