,Year,Game_idx,Team1,cum_win,cum_lose,Wpct,rank
0,2008,124,KIA,56,68,0.4516129032258064,6.0
1,2008,124,LG,45,79,0.3629032258064516,8.0
2,2008,124,SK,83,41,0.6693548387096774,1.0
3,2008,124,두산,70,54,0.5645161290322581,2.0
4,2008,124,롯데,68,56,0.5483870967741935,3.0
5,2008,124,삼성,64,60,0.5161290322580645,4.0
6,2008,124,한화,62,62,0.5,5.0
7,2008,124,히어로즈,49,75,0.3951612903225806,7.0
