,Year,Game_idx,Team1,cum_win,cum_lose,Wpct,rank
0,2007,114,KIA,46,67,0.4070796460176992,8.0
1,2007,114,LG,53,55,0.4907407407407408,5.0
2,2007,114,SK,65,44,0.5963302752293578,1.0
3,2007,114,두산,61,51,0.5446428571428571,2.0
4,2007,114,롯데,50,61,0.4504504504504505,6.0
5,2007,114,삼성,59,51,0.5363636363636364,3.0
6,2007,114,한화,59,53,0.5267857142857143,4.0
7,2007,114,현대,50,63,0.4424778761061947,7.0
