,Year,Game_idx,Team1,cum_win,cum_lose,Wpct,rank
0,2009,43,KIA,21,19,0.525,3.0
1,2009,43,LG,21,20,0.5121951219512195,4.0
2,2009,43,SK,27,12,0.6923076923076923,1.0
3,2009,43,두산,25,16,0.6097560975609756,2.0
4,2009,43,롯데,17,26,0.3953488372093023,7.0
5,2009,43,삼성,19,24,0.4418604651162791,5.0
6,2009,43,한화,17,23,0.425,6.0
7,2009,43,히어로즈,16,26,0.3809523809523809,8.0
