,Year,Game_idx,Team1,cum_win,cum_lose,Wpct,rank
0,1993,67,LG,38,28,0.5757575757575758,2.0
1,1993,67,OB,29,34,0.4603174603174603,5.0
2,1993,67,롯데,33,34,0.4925373134328358,4.0
3,1993,67,빙그레,29,36,0.4461538461538462,6.0
4,1993,67,삼성,34,29,0.5396825396825397,3.0
5,1993,67,쌍방울,24,39,0.3809523809523809,8.0
6,1993,67,태평양,23,37,0.38333333333333336,7.0
7,1993,67,해태,45,21,0.6818181818181818,1.0
