,Year,Game_idx,Team1,cum_win,cum_lose,Wpct,rank
0,1996,19,LG,7,11,0.3888888888888889,7.0
1,1996,19,OB,10,9,0.5263157894736842,4.0
2,1996,19,롯데,9,9,0.5,5.0
3,1996,19,삼성,10,8,0.5555555555555556,3.0
4,1996,19,쌍방울,13,6,0.6842105263157895,1.0
5,1996,19,한화,7,12,0.3684210526315789,8.0
6,1996,19,해태,8,11,0.42105263157894735,6.0
7,1996,19,현대,11,7,0.6111111111111112,2.0
