,Year,Game_idx,Team1,cum_win,cum_lose,Wpct,rank
0,1999,103,LG,51,52,0.4951456310679612,6.0
1,1999,103,두산,55,43,0.5612244897959183,2.0
2,1999,103,롯데,58,40,0.5918367346938775,1.0
3,1999,103,삼성,55,46,0.5445544554455446,3.0
4,1999,103,쌍방울,23,75,0.2346938775510204,8.0
5,1999,103,한화,53,48,0.5247524752475248,5.0
6,1999,103,해태,49,52,0.4851485148514851,7.0
7,1999,103,현대,53,45,0.5408163265306123,4.0
