,Year,Game_idx,Team1,cum_win,cum_lose,Wpct,rank
0,1993,65,LG,37,27,0.578125,2.0
1,1993,65,OB,28,33,0.459016393442623,5.0
2,1993,65,롯데,33,32,0.5076923076923077,4.0
3,1993,65,빙그레,28,35,0.4444444444444444,6.0
4,1993,65,삼성,33,29,0.532258064516129,3.0
5,1993,65,쌍방울,23,38,0.3770491803278688,8.0
6,1993,65,태평양,23,36,0.3898305084745763,7.0
7,1993,65,해태,44,20,0.6875,1.0
