,Year,Game_idx,Team1,cum_win,cum_lose,Wpct,rank
0,2015,101,KIA,50,51,0.4950495049504951,6.0
1,2015,101,LG,44,56,0.44,9.0
2,2015,101,NC,57,42,0.5757575757575758,2.0
3,2015,101,SK,49,50,0.494949494949495,7.0
4,2015,101,kt,33,68,0.32673267326732675,10.0
5,2015,101,넥센,55,45,0.55,4.0
6,2015,101,두산,57,44,0.5643564356435643,3.0
7,2015,101,롯데,46,55,0.4554455445544554,8.0
8,2015,101,삼성,62,39,0.6138613861386139,1.0
9,2015,101,한화,51,50,0.504950495049505,5.0
