,Year,Game_idx,Team1,cum_win,cum_lose,Wpct,rank
0,2006,85,KIA,41,41,0.5,4.0
1,2006,85,LG,32,49,0.3950617283950617,8.0
2,2006,85,SK,39,45,0.4642857142857143,6.0
3,2006,85,두산,40,43,0.4819277108433735,5.0
4,2006,85,롯데,34,49,0.40963855421686746,7.0
5,2006,85,삼성,52,30,0.6341463414634146,1.0
6,2006,85,한화,45,38,0.5421686746987951,3.0
7,2006,85,현대,46,38,0.5476190476190477,2.0
