,Year,Game_idx,Team1,cum_win,cum_lose,Wpct,rank
0,1997,80,LG,45,33,0.5769230769230769,2.0
1,1997,80,OB,39,37,0.5131578947368421,5.0
2,1997,80,롯데,31,48,0.3924050632911392,8.0
3,1997,80,삼성,43,32,0.5733333333333334,3.0
4,1997,80,쌍방울,43,36,0.5443037974683544,4.0
5,1997,80,한화,31,47,0.3974358974358974,6.0
6,1997,80,해태,48,31,0.6075949367088608,1.0
7,1997,80,현대,30,46,0.3947368421052632,7.0
