,Year,Game_idx,Team1,cum_win,cum_lose,Wpct,rank
0,2004,8,KIA,2,6,0.25,7.5
1,2004,8,LG,4,3,0.5714285714285714,4.0
2,2004,8,SK,5,3,0.625,2.0
3,2004,8,두산,2,6,0.25,7.5
4,2004,8,롯데,4,3,0.5714285714285714,4.0
5,2004,8,삼성,4,3,0.5714285714285714,4.0
6,2004,8,한화,3,4,0.42857142857142855,6.0
7,2004,8,현대,6,2,0.75,1.0
