,Year,Game_idx,Team1,cum_win,cum_lose,Wpct,rank
0,2015,34,KIA,16,18,0.4705882352941176,7.0
1,2015,34,LG,14,20,0.4117647058823529,9.0
2,2015,34,NC,18,16,0.5294117647058824,5.5
3,2015,34,SK,20,14,0.5882352941176471,3.0
4,2015,34,kt,7,27,0.2058823529411765,10.0
5,2015,34,넥센,19,15,0.5588235294117647,4.0
6,2015,34,두산,21,13,0.6176470588235294,2.0
7,2015,34,롯데,15,19,0.4411764705882353,8.0
8,2015,34,삼성,22,12,0.6470588235294118,1.0
9,2015,34,한화,18,16,0.5294117647058824,5.5
