,Year,Game_idx,Team1,cum_win,cum_lose,Wpct,rank
0,2013,118,KIA,48,68,0.4137931034482759,8.0
1,2013,118,LG,70,48,0.5932203389830508,2.0
2,2013,118,NC,48,66,0.42105263157894735,7.0
3,2013,118,SK,59,57,0.5086206896551724,6.0
4,2013,118,넥센,67,49,0.5775862068965517,3.0
5,2013,118,두산,65,50,0.5652173913043478,4.0
6,2013,118,롯데,58,56,0.5087719298245614,5.0
7,2013,118,삼성,69,47,0.5948275862068966,1.0
8,2013,118,한화,38,79,0.3247863247863248,9.0
