,Year,Game_idx,Team1,cum_win,cum_lose,Wpct,rank
0,2001,79,KIA,36,39,0.48,4.0
1,2001,79,LG,33,42,0.44,6.0
2,2001,79,SK,33,45,0.4230769230769231,7.0
3,2001,79,두산,40,34,0.5405405405405406,3.0
4,2001,79,롯데,31,45,0.4078947368421053,8.0
5,2001,79,삼성,49,30,0.620253164556962,2.0
6,2001,79,한화,34,43,0.4415584415584416,5.0
7,2001,79,현대,48,28,0.631578947368421,1.0
