,Year,Game_idx,Team1,cum_win,cum_lose,Wpct,rank
0,2010,84,KIA,36,48,0.42857142857142855,6.0
1,2010,84,LG,38,45,0.4578313253012048,5.0
2,2010,84,SK,58,26,0.6904761904761905,1.0
3,2010,84,넥센,33,50,0.3975903614457832,7.0
4,2010,84,두산,48,35,0.5783132530120482,2.5
5,2010,84,롯데,41,41,0.5,4.0
6,2010,84,삼성,48,35,0.5783132530120482,2.5
7,2010,84,한화,32,52,0.3809523809523809,8.0
