,Year,Game_idx,Team1,cum_win,cum_lose,Wpct,rank
0,1999,59,LG,32,27,0.5423728813559322,4.0
1,1999,59,두산,34,23,0.5964912280701754,2.0
2,1999,59,롯데,36,19,0.6545454545454545,1.0
3,1999,59,삼성,31,26,0.543859649122807,3.0
4,1999,59,쌍방울,13,43,0.23214285714285715,8.0
5,1999,59,한화,25,32,0.43859649122807015,7.0
6,1999,59,해태,27,31,0.4655172413793103,6.0
7,1999,59,현대,29,25,0.5370370370370371,5.0
