,Year,Game_idx,Team1,cum_win,cum_lose,Wpct,rank
0,2007,95,KIA,38,56,0.40425531914893614,8.0
1,2007,95,LG,45,45,0.5,5.0
2,2007,95,SK,54,36,0.6,1.0
3,2007,95,두산,50,43,0.5376344086021505,2.0
4,2007,95,롯데,42,50,0.4565217391304348,6.0
5,2007,95,삼성,48,44,0.5217391304347826,4.0
6,2007,95,한화,49,44,0.5268817204301075,3.0
7,2007,95,현대,42,52,0.44680851063829785,7.0
