,Year,Game_idx,Team1,cum_win,cum_lose,Wpct,rank
0,2009,66,KIA,35,28,0.5555555555555556,3.0
1,2009,66,LG,29,34,0.4603174603174603,5.0
2,2009,66,SK,38,24,0.6129032258064516,1.0
3,2009,66,두산,39,25,0.609375,2.0
4,2009,66,롯데,30,36,0.4545454545454545,6.0
5,2009,66,삼성,29,37,0.4393939393939394,7.0
6,2009,66,한화,24,39,0.3809523809523809,8.0
7,2009,66,히어로즈,31,34,0.476923076923077,4.0
