,Year,Game_idx,Team1,cum_win,cum_lose,Wpct,rank
0,2011,71,KIA,41,30,0.5774647887323944,2.0
1,2011,71,LG,37,34,0.5211267605633803,4.0
2,2011,71,SK,40,31,0.5633802816901409,3.0
3,2011,71,넥센,26,45,0.3661971830985916,8.0
4,2011,71,두산,32,37,0.463768115942029,5.0
5,2011,71,롯데,31,37,0.4558823529411765,6.0
6,2011,71,삼성,41,28,0.5942028985507246,1.0
7,2011,71,한화,31,39,0.4428571428571429,7.0
