,Year,Game_idx,Team1,cum_win,cum_lose,Wpct,rank
0,2015,134,KIA,63,71,0.4701492537313433,7.0
1,2015,134,LG,58,74,0.4393939393939394,9.0
2,2015,134,NC,78,54,0.5909090909090909,2.0
3,2015,134,SK,63,69,0.4772727272727273,6.0
4,2015,134,kt,50,84,0.373134328358209,10.0
5,2015,134,넥센,74,59,0.556390977443609,3.0
6,2015,134,두산,73,61,0.5447761194029851,4.0
7,2015,134,롯데,64,69,0.481203007518797,5.0
8,2015,134,삼성,82,52,0.6119402985074627,1.0
9,2015,134,한화,62,72,0.4626865671641791,8.0
