,Year,Game_idx,Team1,cum_win,cum_lose,Wpct,rank
0,2000,119,LG,60,56,0.5172413793103449,4.0
1,2000,119,SK,36,80,0.3103448275862069,8.0
2,2000,119,두산,69,50,0.5798319327731093,2.0
3,2000,119,롯데,57,58,0.4956521739130435,5.0
4,2000,119,삼성,65,49,0.5701754385964912,3.0
5,2000,119,한화,45,69,0.3947368421052632,7.0
6,2000,119,해태,49,66,0.4260869565217391,6.0
7,2000,119,현대,82,35,0.7008547008547008,1.0
