,Year,Game_idx,Team1,cum_win,cum_lose,Wpct,rank
0,2009,34,KIA,16,16,0.5,4.0
1,2009,34,LG,18,15,0.5454545454545454,3.0
2,2009,34,SK,22,8,0.7333333333333333,1.0
3,2009,34,두산,21,11,0.65625,2.0
4,2009,34,롯데,13,21,0.38235294117647056,7.0
5,2009,34,삼성,16,18,0.4705882352941176,5.0
6,2009,34,한화,13,19,0.40625,6.0
7,2009,34,히어로즈,11,22,0.3333333333333333,8.0
