,Year,Game_idx,Team1,cum_win,cum_lose,Wpct,rank
0,2011,105,KIA,60,45,0.5714285714285714,2.0
1,2011,105,LG,51,53,0.4903846153846154,5.0
2,2011,105,SK,56,49,0.5333333333333333,4.0
3,2011,105,넥센,43,62,0.4095238095238095,8.0
4,2011,105,두산,46,57,0.4466019417475728,6.0
5,2011,105,롯데,55,47,0.5392156862745098,3.0
6,2011,105,삼성,62,41,0.6019417475728155,1.0
7,2011,105,한화,45,58,0.4368932038834951,7.0
