,Year,Game_idx,Team1,cum_win,cum_lose,Wpct,rank
0,2011,92,KIA,54,38,0.5869565217391305,2.0
1,2011,92,LG,45,47,0.4891304347826087,5.0
2,2011,92,SK,52,40,0.5652173913043478,3.0
3,2011,92,넥센,35,57,0.3804347826086957,8.0
4,2011,92,두산,40,50,0.4444444444444444,6.0
5,2011,92,롯데,45,44,0.5056179775280899,4.0
6,2011,92,삼성,55,35,0.6111111111111112,1.0
7,2011,92,한화,39,52,0.42857142857142855,7.0
