,Year,Game_idx,Team1,cum_win,cum_lose,Wpct,rank
0,2007,63,KIA,24,38,0.3870967741935484,8.0
1,2007,63,LG,30,31,0.4918032786885246,6.0
2,2007,63,SK,33,25,0.5689655172413793,1.0
3,2007,63,두산,35,27,0.5645161290322581,2.0
4,2007,63,롯데,29,32,0.4754098360655738,7.0
5,2007,63,삼성,30,30,0.5,4.0
6,2007,63,한화,32,29,0.5245901639344263,3.0
7,2007,63,현대,31,32,0.492063492063492,5.0
