,Year,Game_idx,Team1,cum_win,cum_lose,Wpct,rank
0,1995,91,LG,56,34,0.6222222222222222,1.0
1,1995,91,OB,49,37,0.5697674418604651,2.0
2,1995,91,롯데,47,40,0.5402298850574713,3.0
3,1995,91,삼성,42,44,0.4883720930232558,5.0
4,1995,91,쌍방울,32,58,0.3555555555555556,8.0
5,1995,91,태평양,39,49,0.4431818181818182,7.0
6,1995,91,한화,44,47,0.4835164835164835,6.0
7,1995,91,해태,46,43,0.5168539325842697,4.0
