,Year,Game_idx,Team1,cum_win,cum_lose,Wpct,rank
0,1993,120,LG,65,52,0.5555555555555556,3.0
1,1993,120,OB,62,53,0.5391304347826087,4.0
2,1993,120,롯데,58,61,0.4873949579831933,6.0
3,1993,120,빙그레,57,59,0.4913793103448276,5.0
4,1993,120,삼성,69,46,0.6,2.0
5,1993,120,쌍방울,40,75,0.3478260869565217,7.0
6,1993,120,태평양,33,77,0.3,8.0
7,1993,120,해태,77,40,0.6581196581196581,1.0
