,Year,Game_idx,Team1,cum_win,cum_lose,Wpct,rank
0,1990,17,LG,8,9,0.4705882352941176,5.0
1,1990,17,OB,7,9,0.4375,7.0
2,1990,17,롯데,10,7,0.5882352941176471,1.5
3,1990,17,빙그레,10,7,0.5882352941176471,1.5
4,1990,17,삼성,8,9,0.4705882352941176,5.0
5,1990,17,태평양,8,9,0.4705882352941176,5.0
6,1990,17,해태,8,8,0.5,3.0
