,Year,Game_idx,Team1,cum_win,cum_lose,Wpct,rank
0,2012,121,KIA,54,61,0.4695652173913044,6.0
1,2012,121,LG,51,66,0.4358974358974359,7.0
2,2012,121,SK,65,53,0.5508474576271186,2.0
3,2012,121,넥센,57,62,0.4789915966386555,5.0
4,2012,121,두산,62,56,0.5254237288135594,4.0
5,2012,121,롯데,62,53,0.5391304347826087,3.0
6,2012,121,삼성,71,48,0.5966386554621849,1.0
7,2012,121,한화,49,70,0.4117647058823529,8.0
