,Year,Game_idx,Team1,cum_win,cum_lose,Wpct,rank
0,1999,37,LG,23,14,0.6216216216216216,2.0
1,1999,37,두산,19,16,0.5428571428571428,4.0
2,1999,37,롯데,21,13,0.6176470588235294,3.0
3,1999,37,삼성,22,13,0.6285714285714286,1.0
4,1999,37,쌍방울,8,27,0.22857142857142854,8.0
5,1999,37,한화,16,21,0.4324324324324325,6.0
6,1999,37,해태,15,22,0.40540540540540543,7.0
7,1999,37,현대,18,18,0.5,5.0
