,Year,Game_idx,Team1,cum_win,cum_lose,Wpct,rank
0,1993,27,LG,18,9,0.6666666666666666,2.0
1,1993,27,OB,13,14,0.4814814814814815,5.5
2,1993,27,롯데,14,13,0.5185185185185185,4.0
3,1993,27,빙그레,13,14,0.4814814814814815,5.5
4,1993,27,삼성,15,11,0.5769230769230769,3.0
5,1993,27,쌍방울,8,19,0.2962962962962963,8.0
6,1993,27,태평양,8,18,0.3076923076923077,7.0
7,1993,27,해태,19,8,0.7037037037037037,1.0
