,Year,Game_idx,Team1,cum_win,cum_lose,Wpct,rank
0,2005,60,KIA,24,35,0.4067796610169492,8.0
1,2005,60,LG,25,35,0.4166666666666667,7.0
2,2005,60,SK,25,33,0.4310344827586207,6.0
3,2005,60,두산,37,22,0.6271186440677966,2.0
4,2005,60,롯데,28,32,0.4666666666666667,4.0
5,2005,60,삼성,40,20,0.6666666666666666,1.0
6,2005,60,한화,31,28,0.5254237288135594,3.0
7,2005,60,현대,27,32,0.4576271186440678,5.0
