,Year,Game_idx,Team1,cum_win,cum_lose,Wpct,rank
0,1999,105,LG,52,53,0.4952380952380953,6.0
1,1999,105,두산,57,43,0.57,2.0
2,1999,105,롯데,59,41,0.59,1.0
3,1999,105,삼성,57,46,0.5533980582524272,3.0
4,1999,105,쌍방울,23,77,0.23,8.0
5,1999,105,한화,54,49,0.5242718446601942,5.0
6,1999,105,해태,51,52,0.4951456310679612,7.0
7,1999,105,현대,53,47,0.53,4.0
