,Year,Game_idx,Team1,cum_win,cum_lose,Wpct,rank
0,2013,28,KIA,17,10,0.6296296296296297,3.0
1,2013,28,LG,13,15,0.4642857142857143,7.0
2,2013,28,NC,7,20,0.25925925925925924,8.5
3,2013,28,SK,14,13,0.5185185185185185,5.0
4,2013,28,넥센,19,9,0.6785714285714286,1.0
5,2013,28,두산,16,11,0.5925925925925926,4.0
6,2013,28,롯데,13,14,0.4814814814814815,6.0
7,2013,28,삼성,18,10,0.6428571428571429,2.0
8,2013,28,한화,7,20,0.25925925925925924,8.5
