,Year,Game_idx,Team1,cum_win,cum_lose,Wpct,rank
0,2000,84,LG,41,40,0.5061728395061729,4.0
1,2000,84,SK,21,61,0.25609756097560976,8.0
2,2000,84,두산,53,31,0.6309523809523809,2.0
3,2000,84,롯데,42,41,0.5060240963855421,5.0
4,2000,84,삼성,47,34,0.5802469135802469,3.0
5,2000,84,한화,33,47,0.4125,7.0
6,2000,84,해태,36,46,0.4390243902439024,6.0
7,2000,84,현대,55,28,0.6626506024096386,1.0
