,Year,Game_idx,Team1,cum_win,cum_lose,Wpct,rank
0,2009,45,KIA,22,20,0.5238095238095238,3.0
1,2009,45,LG,21,21,0.5,4.0
2,2009,45,SK,28,13,0.6829268292682927,1.0
3,2009,45,두산,27,16,0.627906976744186,2.0
4,2009,45,롯데,19,26,0.4222222222222222,6.0
5,2009,45,삼성,20,25,0.4444444444444444,5.0
6,2009,45,한화,17,25,0.4047619047619048,8.0
7,2009,45,히어로즈,18,26,0.4090909090909091,7.0
