,Year,Game_idx,Team1,cum_win,cum_lose,Wpct,rank
0,2001,58,KIA,28,28,0.5,4.0
1,2001,58,LG,22,33,0.4,7.0
2,2001,58,SK,24,33,0.42105263157894735,6.0
3,2001,58,두산,30,25,0.5454545454545454,3.0
4,2001,58,롯데,22,35,0.3859649122807017,8.0
5,2001,58,삼성,37,21,0.6379310344827587,1.0
6,2001,58,한화,27,30,0.4736842105263158,5.0
7,2001,58,현대,36,21,0.631578947368421,2.0
