,Year,Game_idx,Team1,cum_win,cum_lose,Wpct,rank
0,1990,8,LG,5,3,0.625,2.0
1,1990,8,OB,3,4,0.42857142857142855,4.5
2,1990,8,롯데,3,5,0.375,6.5
3,1990,8,빙그레,5,3,0.625,2.0
4,1990,8,삼성,5,3,0.625,2.0
5,1990,8,태평양,3,5,0.375,6.5
6,1990,8,해태,3,4,0.42857142857142855,4.5
