,Year,Game_idx,Team1,cum_win,cum_lose,Wpct,rank
0,1989,65,MBC,26,36,0.41935483870967744,6.0
1,1989,65,OB,28,36,0.4375,5.0
2,1989,65,롯데,24,39,0.3809523809523809,7.0
3,1989,65,빙그레,37,25,0.5967741935483871,1.5
4,1989,65,삼성,32,30,0.5161290322580645,4.0
5,1989,65,태평양,32,29,0.5245901639344263,3.0
6,1989,65,해태,37,25,0.5967741935483871,1.5
