,Year,Game_idx,Team1,cum_win,cum_lose,Wpct,rank
0,2003,71,KIA,36,33,0.5217391304347826,4.0
1,2003,71,LG,35,34,0.5072463768115942,5.0
2,2003,71,SK,45,25,0.6428571428571429,2.0
3,2003,71,두산,22,49,0.30985915492957744,7.0
4,2003,71,롯데,21,48,0.3043478260869565,8.0
5,2003,71,삼성,46,23,0.6666666666666666,1.0
6,2003,71,한화,31,37,0.4558823529411765,6.0
7,2003,71,현대,43,27,0.6142857142857143,3.0
