,Year,Game_idx,Team1,cum_win,cum_lose,Wpct,rank
0,1996,112,LG,46,61,0.4299065420560748,7.0
1,1996,112,OB,44,62,0.4150943396226415,8.0
2,1996,112,롯데,49,57,0.4622641509433962,5.0
3,1996,112,삼성,49,58,0.4579439252336449,6.0
4,1996,112,쌍방울,60,50,0.5454545454545454,3.0
5,1996,112,한화,61,50,0.5495495495495496,2.0
6,1996,112,해태,66,44,0.6,1.0
7,1996,112,현대,57,50,0.5327102803738317,4.0
