,Year,Game_idx,Team1,cum_win,cum_lose,Wpct,rank
0,2008,71,KIA,31,40,0.4366197183098591,6.0
1,2008,71,LG,24,47,0.3380281690140845,8.0
2,2008,71,SK,51,20,0.7183098591549296,1.0
3,2008,71,두산,41,30,0.5774647887323944,2.0
4,2008,71,롯데,38,33,0.5352112676056338,3.5
5,2008,71,삼성,34,37,0.4788732394366197,5.0
6,2008,71,한화,38,33,0.5352112676056338,3.5
7,2008,71,히어로즈,28,43,0.39436619718309857,7.0
