,Year,Game_idx,Team1,cum_win,cum_lose,Wpct,rank
0,1990,21,LG,8,13,0.3809523809523809,7.0
1,1990,21,OB,8,12,0.4,6.0
2,1990,21,롯데,13,8,0.6190476190476191,2.0
3,1990,21,빙그레,14,7,0.6666666666666666,1.0
4,1990,21,삼성,10,11,0.4761904761904762,4.0
5,1990,21,태평양,11,10,0.5238095238095238,3.0
6,1990,21,해태,9,11,0.45,5.0
