,Year,Game_idx,Team1,cum_win,cum_lose,Wpct,rank
0,2012,6,KIA,3,3,0.5,5.0
1,2012,6,LG,3,3,0.5,5.0
2,2012,6,SK,5,1,0.8333333333333334,1.0
3,2012,6,넥센,2,4,0.3333333333333333,7.0
4,2012,6,두산,3,2,0.6,2.5
5,2012,6,롯데,3,2,0.6,2.5
6,2012,6,삼성,3,3,0.5,5.0
7,2012,6,한화,1,5,0.16666666666666666,8.0
