,Year,Game_idx,Team1,cum_win,cum_lose,Wpct,rank
0,2001,99,KIA,44,50,0.4680851063829787,4.0
1,2001,99,LG,40,52,0.43478260869565216,6.0
2,2001,99,SK,42,55,0.4329896907216495,7.0
3,2001,99,두산,49,45,0.5212765957446809,3.0
4,2001,99,롯데,41,54,0.43157894736842106,8.0
5,2001,99,삼성,64,35,0.6464646464646465,1.0
6,2001,99,한화,44,51,0.4631578947368421,5.0
7,2001,99,현대,59,37,0.6145833333333334,2.0
