,Year,Game_idx,Team1,cum_win,cum_lose,Wpct,rank
0,1994,54,LG,34,20,0.6296296296296297,1.0
1,1994,54,OB,24,29,0.4528301886792453,7.0
2,1994,54,롯데,24,27,0.4705882352941176,6.0
3,1994,54,삼성,26,27,0.490566037735849,4.5
4,1994,54,쌍방울,17,35,0.3269230769230769,8.0
5,1994,54,태평양,28,24,0.5384615384615384,2.5
6,1994,54,한화,26,27,0.490566037735849,4.5
7,1994,54,해태,28,24,0.5384615384615384,2.5
