,Year,Game_idx,Team1,cum_win,cum_lose,Wpct,rank
0,2008,104,KIA,50,54,0.4807692307692308,6.0
1,2008,104,LG,36,68,0.3461538461538461,8.0
2,2008,104,SK,69,35,0.6634615384615384,1.0
3,2008,104,두산,59,45,0.5673076923076923,2.0
4,2008,104,롯데,57,47,0.5480769230769231,3.0
5,2008,104,삼성,53,51,0.5096153846153846,5.0
6,2008,104,한화,56,48,0.5384615384615384,4.0
7,2008,104,히어로즈,41,63,0.3942307692307692,7.0
