,Year,Game_idx,Team1,cum_win,cum_lose,Wpct,rank
0,2001,27,KIA,12,14,0.4615384615384616,6.0
1,2001,27,LG,8,19,0.2962962962962963,8.0
2,2001,27,SK,14,13,0.5185185185185185,5.0
3,2001,27,두산,17,9,0.6538461538461539,1.0
4,2001,27,롯데,10,17,0.3703703703703704,7.0
5,2001,27,삼성,16,11,0.5925925925925926,2.0
6,2001,27,한화,15,12,0.5555555555555556,3.5
7,2001,27,현대,15,12,0.5555555555555556,3.5
