,Year,Game_idx,Team1,cum_win,cum_lose,Wpct,rank
0,2012,73,KIA,34,35,0.4927536231884058,6.0
1,2012,73,LG,32,39,0.4507042253521127,7.0
2,2012,73,SK,36,36,0.5,5.0
3,2012,73,넥센,37,34,0.5211267605633803,4.0
4,2012,73,두산,39,33,0.5416666666666666,3.0
5,2012,73,롯데,39,31,0.5571428571428572,2.0
6,2012,73,삼성,40,31,0.5633802816901409,1.0
7,2012,73,한화,27,45,0.375,8.0
