,Year,Game_idx,Team1,cum_win,cum_lose,Wpct,rank
0,2000,120,LG,61,56,0.5213675213675214,4.0
1,2000,120,SK,37,80,0.3162393162393162,8.0
2,2000,120,두산,70,50,0.5833333333333334,2.0
3,2000,120,롯데,57,59,0.4913793103448276,5.0
4,2000,120,삼성,66,49,0.5739130434782609,3.0
5,2000,120,한화,45,70,0.39130434782608703,7.0
6,2000,120,해태,49,67,0.4224137931034483,6.0
7,2000,120,현대,83,35,0.7033898305084746,1.0
