,Year,Game_idx,Team1,cum_win,cum_lose,Wpct,rank
0,1992,92,LG,36,54,0.4,7.0
1,1992,92,OB,40,49,0.44943820224719105,6.0
2,1992,92,롯데,52,40,0.5652173913043478,3.0
3,1992,92,빙그레,56,34,0.6222222222222222,1.0
4,1992,92,삼성,48,42,0.5333333333333333,4.0
5,1992,92,쌍방울,32,59,0.3516483516483517,8.0
6,1992,92,태평양,41,48,0.4606741573033708,5.0
7,1992,92,해태,55,37,0.5978260869565217,2.0
