,Year,Game_idx,Team1,cum_win,cum_lose,Wpct,rank
0,2001,56,KIA,27,27,0.5,4.0
1,2001,56,LG,21,32,0.3962264150943397,7.0
2,2001,56,SK,24,31,0.4363636363636363,6.0
3,2001,56,두산,28,25,0.5283018867924528,3.0
4,2001,56,롯데,21,34,0.3818181818181817,8.0
5,2001,56,삼성,35,21,0.625,1.0
6,2001,56,한화,27,28,0.4909090909090909,5.0
7,2001,56,현대,34,21,0.6181818181818182,2.0
