,Year,Game_idx,Team1,cum_win,cum_lose,Wpct,rank
0,1995,112,LG,64,44,0.5925925925925926,2.0
1,1995,112,OB,65,42,0.6074766355140186,1.0
2,1995,112,롯데,61,46,0.5700934579439252,3.0
3,1995,112,삼성,54,52,0.5094339622641509,4.0
4,1995,112,쌍방울,39,70,0.3577981651376147,8.0
5,1995,112,태평양,43,65,0.39814814814814814,7.0
6,1995,112,한화,51,61,0.4553571428571429,6.0
7,1995,112,해태,55,53,0.5092592592592593,5.0
