,Year,Game_idx,Team1,cum_win,cum_lose,Wpct,rank
0,1997,97,LG,55,40,0.5789473684210527,2.0
1,1997,97,OB,45,48,0.4838709677419355,5.0
2,1997,97,롯데,39,57,0.40625,7.0
3,1997,97,삼성,51,40,0.5604395604395604,3.0
4,1997,97,쌍방울,53,43,0.5520833333333334,4.0
5,1997,97,한화,38,57,0.4,8.0
6,1997,97,해태,58,38,0.6041666666666666,1.0
7,1997,97,현대,41,52,0.4408602150537633,6.0
