,Year,Game_idx,Team1,cum_win,cum_lose,Wpct,rank
0,1995,96,LG,59,35,0.6276595744680851,1.0
1,1995,96,OB,53,38,0.5824175824175825,2.0
2,1995,96,롯데,49,42,0.5384615384615384,3.0
3,1995,96,삼성,45,46,0.4945054945054945,5.0
4,1995,96,쌍방울,33,61,0.35106382978723405,8.0
5,1995,96,태평양,39,53,0.4239130434782609,7.0
6,1995,96,한화,45,51,0.46875,6.0
7,1995,96,해태,48,46,0.5106382978723404,4.0
