,Year,Game_idx,Team1,cum_win,cum_lose,Wpct,rank
0,1995,72,LG,43,28,0.6056338028169014,1.0
1,1995,72,OB,41,27,0.6029411764705882,2.0
2,1995,72,롯데,37,33,0.5285714285714286,3.0
3,1995,72,삼성,34,34,0.5,4.5
4,1995,72,쌍방울,27,44,0.38028169014084506,8.0
5,1995,72,태평양,29,40,0.42028985507246375,7.0
6,1995,72,한화,36,36,0.5,4.5
7,1995,72,해태,33,38,0.4647887323943662,6.0
