,Year,Game_idx,Team1,cum_win,cum_lose,Wpct,rank
0,2013,12,KIA,9,3,0.75,1.0
1,2013,12,LG,8,4,0.6666666666666666,2.5
2,2013,12,NC,3,9,0.25,8.0
3,2013,12,SK,6,6,0.5,6.0
4,2013,12,넥센,7,5,0.5833333333333334,5.0
5,2013,12,두산,7,4,0.6363636363636364,4.0
6,2013,12,롯데,5,6,0.4545454545454545,7.0
7,2013,12,삼성,8,4,0.6666666666666666,2.5
8,2013,12,한화,0,12,0.0,9.0
