,Year,Game_idx,Team1,cum_win,cum_lose,Wpct,rank
0,2002,74,KIA,47,24,0.6619718309859155,1.0
1,2002,74,LG,35,36,0.4929577464788733,5.0
2,2002,74,SK,33,38,0.4647887323943662,6.0
3,2002,74,두산,43,29,0.5972222222222222,2.0
4,2002,74,롯데,20,53,0.273972602739726,8.0
5,2002,74,삼성,41,32,0.5616438356164384,3.0
6,2002,74,한화,32,39,0.4507042253521127,7.0
7,2002,74,현대,36,34,0.5142857142857142,4.0
