,Year,Game_idx,Team1,cum_win,cum_lose,Wpct,rank
0,1997,22,LG,15,7,0.6818181818181818,1.0
1,1997,22,OB,11,10,0.5238095238095238,4.0
2,1997,22,롯데,10,12,0.4545454545454545,6.0
3,1997,22,삼성,10,11,0.4761904761904762,5.0
4,1997,22,쌍방울,13,9,0.5909090909090909,2.0
5,1997,22,한화,8,13,0.3809523809523809,7.5
6,1997,22,해태,12,10,0.5454545454545454,3.0
7,1997,22,현대,8,13,0.3809523809523809,7.5
