,Year,Game_idx,Team1,cum_win,cum_lose,Wpct,rank
0,1989,95,MBC,34,57,0.3736263736263736,7.0
1,1989,95,OB,45,48,0.4838709677419355,5.0
2,1989,95,롯데,39,53,0.4239130434782609,6.0
3,1989,95,빙그레,56,36,0.6086956521739131,1.0
4,1989,95,삼성,47,43,0.5222222222222223,3.0
5,1989,95,태평양,46,45,0.5054945054945055,4.0
6,1989,95,해태,53,39,0.5760869565217391,2.0
