,Year,Game_idx,Team1,cum_win,cum_lose,Wpct,rank
0,2015,93,KIA,46,47,0.4946236559139785,7.0
1,2015,93,LG,41,51,0.44565217391304346,9.0
2,2015,93,NC,50,41,0.5494505494505495,4.0
3,2015,93,SK,46,45,0.5054945054945055,6.0
4,2015,93,kt,29,64,0.3118279569892473,10.0
5,2015,93,넥센,52,40,0.5652173913043478,2.0
6,2015,93,두산,52,41,0.5591397849462365,3.0
7,2015,93,롯데,44,49,0.4731182795698925,8.0
8,2015,93,삼성,56,37,0.6021505376344086,1.0
9,2015,93,한화,48,45,0.5161290322580645,5.0
