,Year,Game_idx,Team1,cum_win,cum_lose,Wpct,rank
0,2014,104,KIA,45,59,0.4326923076923077,8.0
1,2014,104,LG,48,55,0.4660194174757282,4.0
2,2014,104,NC,60,44,0.5769230769230769,3.0
3,2014,104,SK,46,58,0.4423076923076923,7.0
4,2014,104,넥센,62,41,0.6019417475728155,2.0
5,2014,104,두산,48,56,0.4615384615384616,5.0
6,2014,104,롯데,46,56,0.4509803921568628,6.0
7,2014,104,삼성,67,35,0.6568627450980392,1.0
8,2014,104,한화,43,60,0.4174757281553398,9.0
