,Year,Game_idx,Team1,cum_win,cum_lose,Wpct,rank
0,2016,55,KIA,24,30,0.4444444444444444,8.0
1,2016,55,LG,27,27,0.5,4.0
2,2016,55,NC,35,19,0.6481481481481481,2.0
3,2016,55,SK,26,29,0.4727272727272727,6.0
4,2016,55,kt,22,31,0.4150943396226415,9.0
5,2016,55,넥센,28,26,0.5185185185185185,3.0
6,2016,55,두산,39,15,0.7222222222222222,1.0
7,2016,55,롯데,26,29,0.4727272727272727,6.0
8,2016,55,삼성,26,29,0.4727272727272727,6.0
9,2016,55,한화,22,32,0.4074074074074074,10.0
