,Year,Game_idx,Team1,cum_win,cum_lose,Wpct,rank
0,1991,9,LG,5,4,0.5555555555555556,4.0
1,1991,9,OB,6,3,0.6666666666666666,2.5
2,1991,9,롯데,4,5,0.4444444444444444,5.5
3,1991,9,빙그레,1,8,0.1111111111111111,8.0
4,1991,9,삼성,6,3,0.6666666666666666,2.5
5,1991,9,쌍방울,3,6,0.3333333333333333,7.0
6,1991,9,태평양,4,5,0.4444444444444444,5.5
7,1991,9,해태,7,2,0.7777777777777778,1.0
