,Year,Game_idx,Team1,cum_win,cum_lose,Wpct,rank
0,2008,116,KIA,52,64,0.4482758620689655,6.0
1,2008,116,LG,42,74,0.3620689655172414,8.0
2,2008,116,SK,78,38,0.6724137931034483,1.0
3,2008,116,두산,67,49,0.5775862068965517,2.0
4,2008,116,롯데,65,51,0.5603448275862069,3.0
5,2008,116,삼성,60,56,0.5172413793103449,4.0
6,2008,116,한화,58,58,0.5,5.0
7,2008,116,히어로즈,44,72,0.3793103448275862,7.0
