,Year,Game_idx,Team1,cum_win,cum_lose,Wpct,rank
0,2010,111,KIA,50,61,0.4504504504504505,5.0
1,2010,111,LG,47,62,0.4311926605504587,6.0
2,2010,111,SK,71,40,0.6396396396396397,1.0
3,2010,111,넥센,44,64,0.4074074074074074,7.0
4,2010,111,두산,63,45,0.5833333333333334,3.0
5,2010,111,롯데,55,53,0.5092592592592593,4.0
6,2010,111,삼성,67,43,0.6090909090909091,2.0
7,2010,111,한화,41,69,0.3727272727272728,8.0
