,Year,Game_idx,Team1,cum_win,cum_lose,Wpct,rank
0,1998,120,LG,59,60,0.4957983193277311,3.0
1,1998,120,OB,55,62,0.4700854700854701,6.0
2,1998,120,롯데,50,66,0.4310344827586207,8.0
3,1998,120,삼성,63,55,0.5338983050847458,2.0
4,1998,120,쌍방울,54,64,0.4576271186440678,7.0
5,1998,120,한화,55,60,0.4782608695652174,5.0
6,1998,120,해태,57,62,0.4789915966386555,4.0
7,1998,120,현대,80,40,0.6666666666666666,1.0
