,Year,Game_idx,Team1,cum_win,cum_lose,Wpct,rank
0,2006,33,KIA,16,16,0.5,5.0
1,2006,33,LG,13,19,0.40625,6.0
2,2006,33,SK,17,16,0.5151515151515151,4.0
3,2006,33,두산,12,19,0.3870967741935484,7.0
4,2006,33,롯데,9,24,0.2727272727272727,8.0
5,2006,33,삼성,18,14,0.5625,3.0
6,2006,33,한화,21,11,0.65625,2.0
7,2006,33,현대,23,10,0.696969696969697,1.0
