,Year,Game_idx,Team1,cum_win,cum_lose,Wpct,rank
0,1994,55,LG,35,20,0.6363636363636364,1.0
1,1994,55,OB,25,29,0.462962962962963,7.0
2,1994,55,롯데,25,27,0.4807692307692308,6.0
3,1994,55,삼성,27,27,0.5,4.5
4,1994,55,쌍방울,17,36,0.3207547169811321,8.0
5,1994,55,태평양,29,24,0.5471698113207547,2.5
6,1994,55,한화,27,27,0.5,4.5
7,1994,55,해태,29,24,0.5471698113207547,2.5
