,Year,Game_idx,Team1,cum_win,cum_lose,Wpct,rank
0,2002,90,KIA,53,34,0.6091954022988506,1.0
1,2002,90,LG,46,40,0.5348837209302325,3.0
2,2002,90,SK,41,46,0.4712643678160919,6.0
3,2002,90,두산,47,41,0.5340909090909091,4.0
4,2002,90,롯데,24,65,0.2696629213483146,8.0
5,2002,90,삼성,51,37,0.5795454545454546,2.0
6,2002,90,한화,39,48,0.4482758620689655,7.0
7,2002,90,현대,45,40,0.5294117647058824,5.0
