,Year,Game_idx,Team1,cum_win,cum_lose,Wpct,rank
0,2013,107,KIA,46,59,0.4380952380952381,7.0
1,2013,107,LG,63,44,0.5887850467289719,1.0
2,2013,107,NC,44,59,0.4271844660194175,8.0
3,2013,107,SK,55,50,0.5238095238095238,5.0
4,2013,107,넥센,57,48,0.5428571428571428,4.0
5,2013,107,두산,59,46,0.5619047619047619,3.0
6,2013,107,롯데,53,51,0.5096153846153846,6.0
7,2013,107,삼성,61,44,0.580952380952381,2.0
8,2013,107,한화,33,73,0.3113207547169811,9.0
