,Year,Game_idx,Team1,cum_win,cum_lose,Wpct,rank
0,1992,29,LG,8,20,0.2857142857142857,8.0
1,1992,29,OB,14,13,0.5185185185185185,4.0
2,1992,29,롯데,15,14,0.5172413793103449,5.0
3,1992,29,빙그레,21,7,0.75,1.0
4,1992,29,삼성,14,14,0.5,6.0
5,1992,29,쌍방울,10,18,0.35714285714285715,7.0
6,1992,29,태평양,14,12,0.5384615384615384,3.0
7,1992,29,해태,19,10,0.6551724137931034,2.0
