,Year,Game_idx,Team1,cum_win,cum_lose,Wpct,rank
0,2009,132,KIA,80,48,0.625,2.0
1,2009,132,LG,53,75,0.4140625,7.0
2,2009,132,SK,79,47,0.6269841269841271,1.0
3,2009,132,두산,71,59,0.5461538461538461,3.0
4,2009,132,롯데,66,66,0.5,4.0
5,2009,132,삼성,64,68,0.4848484848484849,5.0
6,2009,132,한화,45,84,0.3488372093023256,8.0
7,2009,132,히어로즈,60,71,0.4580152671755725,6.0
