,Year,Game_idx,Team1,cum_win,cum_lose,Wpct,rank
0,2010,79,KIA,34,45,0.4303797468354431,6.0
1,2010,79,LG,36,42,0.4615384615384616,5.0
2,2010,79,SK,54,25,0.6835443037974683,1.0
3,2010,79,넥센,32,46,0.41025641025641024,7.0
4,2010,79,두산,46,32,0.5897435897435898,2.0
5,2010,79,롯데,38,39,0.4935064935064935,4.0
6,2010,79,삼성,44,34,0.5641025641025641,3.0
7,2010,79,한화,30,49,0.37974683544303794,8.0
