,Year,Game_idx,Team1,cum_win,cum_lose,Wpct,rank
0,1989,104,MBC,39,61,0.39,7.0
1,1989,104,OB,47,55,0.4607843137254902,5.0
2,1989,104,롯데,42,58,0.42,6.0
3,1989,104,빙그레,62,39,0.6138613861386139,1.0
4,1989,104,삼성,49,50,0.494949494949495,4.0
5,1989,104,태평양,51,49,0.51,3.0
6,1989,104,해태,58,43,0.5742574257425742,2.0
