,Year,Game_idx,Team1,cum_win,cum_lose,Wpct,rank
0,2011,115,KIA,62,53,0.5391304347826087,4.0
1,2011,115,LG,54,60,0.4736842105263158,5.0
2,2011,115,SK,61,52,0.5398230088495575,3.0
3,2011,115,넥센,44,69,0.3893805309734513,8.0
4,2011,115,두산,52,61,0.4601769911504425,6.0
5,2011,115,롯데,61,50,0.5495495495495496,2.0
6,2011,115,삼성,68,45,0.6017699115044248,1.0
7,2011,115,한화,51,62,0.4513274336283186,7.0
