,Year,Game_idx,Team1,cum_win,cum_lose,Wpct,rank
0,2010,19,KIA,9,10,0.4736842105263158,5.0
1,2010,19,LG,10,8,0.5555555555555556,3.0
2,2010,19,SK,14,5,0.7368421052631579,1.0
3,2010,19,넥센,6,13,0.3157894736842105,8.0
4,2010,19,두산,12,6,0.6666666666666666,2.0
5,2010,19,롯데,7,12,0.3684210526315789,6.5
6,2010,19,삼성,10,9,0.5263157894736842,4.0
7,2010,19,한화,7,12,0.3684210526315789,6.5
