,Year,Game_idx,Team1,cum_win,cum_lose,Wpct,rank
0,2007,59,KIA,24,34,0.4137931034482759,8.0
1,2007,59,LG,29,28,0.5087719298245614,4.0
2,2007,59,SK,30,24,0.5555555555555556,2.0
3,2007,59,두산,33,25,0.5689655172413793,1.0
4,2007,59,롯데,27,30,0.4736842105263158,7.0
5,2007,59,삼성,27,29,0.4821428571428572,6.0
6,2007,59,한화,30,27,0.5263157894736842,3.0
7,2007,59,현대,30,29,0.5084745762711864,5.0
