,Year,Game_idx,Team1,cum_win,cum_lose,Wpct,rank
0,2016,76,KIA,34,41,0.4533333333333333,6.0
1,2016,76,LG,32,43,0.4266666666666667,7.0
2,2016,76,NC,46,28,0.6216216216216216,2.0
3,2016,76,SK,39,37,0.5131578947368421,4.0
4,2016,76,kt,30,44,0.40540540540540543,10.0
5,2016,76,넥센,41,34,0.5466666666666666,3.0
6,2016,76,두산,52,23,0.6933333333333334,1.0
7,2016,76,롯데,35,41,0.4605263157894737,5.0
8,2016,76,삼성,32,44,0.42105263157894735,8.0
9,2016,76,한화,31,43,0.4189189189189189,9.0
