,Year,Game_idx,Team1,cum_win,cum_lose,Wpct,rank
0,1998,68,LG,34,33,0.5074626865671642,3.0
1,1998,68,OB,30,37,0.4477611940298508,6.0
2,1998,68,롯데,26,39,0.4,8.0
3,1998,68,삼성,37,30,0.5522388059701493,2.0
4,1998,68,쌍방울,33,35,0.4852941176470588,4.0
5,1998,68,한화,31,35,0.4696969696969697,5.0
6,1998,68,해태,30,38,0.4411764705882353,7.0
7,1998,68,현대,47,21,0.6911764705882353,1.0
