,Year,Game_idx,Team1,cum_win,cum_lose,Wpct,rank
0,1990,16,LG,7,9,0.4375,6.5
1,1990,16,OB,7,8,0.4666666666666667,5.0
2,1990,16,롯데,9,7,0.5625,1.5
3,1990,16,빙그레,9,7,0.5625,1.5
4,1990,16,삼성,7,9,0.4375,6.5
5,1990,16,태평양,8,8,0.5,4.0
6,1990,16,해태,8,7,0.5333333333333333,3.0
