,Year,Game_idx,Team1,cum_win,cum_lose,Wpct,rank
0,1989,3,MBC,2,1,0.6666666666666666,3.0
1,1989,3,OB,0,3,0.0,7.0
2,1989,3,롯데,2,1,0.6666666666666666,3.0
3,1989,3,빙그레,1,2,0.3333333333333333,6.0
4,1989,3,삼성,2,1,0.6666666666666666,3.0
5,1989,3,태평양,2,1,0.6666666666666666,3.0
6,1989,3,해태,2,1,0.6666666666666666,3.0
