,Year,Game_idx,Team1,cum_win,cum_lose,Wpct,rank
0,2015,33,KIA,15,18,0.4545454545454545,7.5
1,2015,33,LG,14,19,0.42424242424242425,9.0
2,2015,33,NC,18,15,0.5454545454545454,5.0
3,2015,33,SK,19,14,0.5757575757575758,3.5
4,2015,33,kt,7,26,0.21212121212121213,10.0
5,2015,33,넥센,19,14,0.5757575757575758,3.5
6,2015,33,두산,21,12,0.6363636363636364,2.0
7,2015,33,롯데,15,18,0.4545454545454545,7.5
8,2015,33,삼성,22,11,0.6666666666666666,1.0
9,2015,33,한화,17,16,0.5151515151515151,6.0
