,Year,Game_idx,Team1,cum_win,cum_lose,Wpct,rank
0,1998,19,LG,11,8,0.5789473684210527,2.5
1,1998,19,OB,9,10,0.4736842105263158,5.0
2,1998,19,롯데,8,9,0.4705882352941176,6.0
3,1998,19,삼성,11,8,0.5789473684210527,2.5
4,1998,19,쌍방울,7,12,0.3684210526315789,7.5
5,1998,19,한화,9,8,0.5294117647058824,4.0
6,1998,19,해태,7,12,0.3684210526315789,7.5
7,1998,19,현대,13,6,0.6842105263157895,1.0
