,Year,Game_idx,Team1,cum_win,cum_lose,Wpct,rank
0,2011,34,KIA,17,17,0.5,4.5
1,2011,34,LG,20,14,0.5882352941176471,2.0
2,2011,34,SK,23,11,0.6764705882352942,1.0
3,2011,34,넥센,15,19,0.4411764705882353,7.0
4,2011,34,두산,17,16,0.5151515151515151,3.0
5,2011,34,롯데,15,17,0.46875,6.0
6,2011,34,삼성,17,17,0.5,4.5
7,2011,34,한화,11,22,0.3333333333333333,8.0
