,Year,Game_idx,Team1,cum_win,cum_lose,Wpct,rank
0,1997,111,LG,62,47,0.5688073394495413,2.0
1,1997,111,OB,50,56,0.4716981132075472,5.0
2,1997,111,롯데,44,66,0.4,8.0
3,1997,111,삼성,59,46,0.5619047619047619,4.0
4,1997,111,쌍방울,62,48,0.5636363636363636,3.0
5,1997,111,한화,46,63,0.4220183486238532,7.0
6,1997,111,해태,65,45,0.5909090909090909,1.0
7,1997,111,현대,46,61,0.4299065420560748,6.0
