,Year,Game_idx,Team1,cum_win,cum_lose,Wpct,rank
0,2007,62,KIA,24,37,0.3934426229508197,8.0
1,2007,62,LG,29,31,0.4833333333333333,6.0
2,2007,62,SK,32,25,0.5614035087719298,1.0
3,2007,62,두산,34,27,0.5573770491803278,2.0
4,2007,62,롯데,28,32,0.4666666666666667,7.0
5,2007,62,삼성,29,30,0.4915254237288136,5.0
6,2007,62,한화,32,28,0.5333333333333333,3.0
7,2007,62,현대,31,31,0.5,4.0
