,Year,Game_idx,Team1,cum_win,cum_lose,Wpct,rank
0,2011,65,KIA,37,28,0.5692307692307692,3.0
1,2011,65,LG,35,30,0.5384615384615384,4.0
2,2011,65,SK,38,27,0.5846153846153846,2.0
3,2011,65,넥센,24,41,0.3692307692307693,8.0
4,2011,65,두산,28,35,0.4444444444444444,6.0
5,2011,65,롯데,28,34,0.4516129032258064,5.0
6,2011,65,삼성,37,26,0.5873015873015873,1.0
7,2011,65,한화,28,36,0.4375,7.0
