,Year,Game_idx,Team1,cum_win,cum_lose,Wpct,rank
0,2002,42,KIA,25,15,0.625,2.0
1,2002,42,LG,18,24,0.42857142857142855,7.0
2,2002,42,SK,20,21,0.4878048780487805,4.0
3,2002,42,두산,21,20,0.5121951219512195,3.0
4,2002,42,롯데,15,26,0.36585365853658536,8.0
5,2002,42,삼성,27,15,0.6428571428571429,1.0
6,2002,42,한화,19,21,0.475,6.0
7,2002,42,현대,19,20,0.4871794871794872,5.0
