,Year,Game_idx,Team1,cum_win,cum_lose,Wpct,rank
0,1993,113,LG,63,48,0.5675675675675675,3.0
1,1993,113,OB,58,50,0.5370370370370371,4.0
2,1993,113,롯데,56,56,0.5,5.0
3,1993,113,빙그레,52,57,0.4770642201834863,6.0
4,1993,113,삼성,65,43,0.6018518518518519,2.0
5,1993,113,쌍방울,39,69,0.3611111111111111,7.0
6,1993,113,태평양,32,71,0.3106796116504854,8.0
7,1993,113,해태,72,39,0.6486486486486487,1.0
