,Year,Game_idx,Team1,cum_win,cum_lose,Wpct,rank
0,2013,21,KIA,14,6,0.7,1.0
1,2013,21,LG,12,9,0.5714285714285714,5.0
2,2013,21,NC,3,17,0.15,9.0
3,2013,21,SK,9,11,0.45,6.5
4,2013,21,넥센,14,7,0.6666666666666666,2.0
5,2013,21,두산,13,7,0.65,3.0
6,2013,21,롯데,9,11,0.45,6.5
7,2013,21,삼성,13,8,0.6190476190476191,4.0
8,2013,21,한화,4,16,0.2,8.0
