,Year,Game_idx,Team1,cum_win,cum_lose,Wpct,rank
0,2012,49,KIA,22,25,0.4680851063829787,7.0
1,2012,49,LG,25,23,0.5208333333333334,3.5
2,2012,49,SK,27,21,0.5625,1.0
3,2012,49,넥센,25,23,0.5208333333333334,3.5
4,2012,49,두산,24,24,0.5,5.5
5,2012,49,롯데,25,22,0.5319148936170213,2.0
6,2012,49,삼성,24,24,0.5,5.5
7,2012,49,한화,19,29,0.3958333333333333,8.0
