,Year,Game_idx,Team1,cum_win,cum_lose,Wpct,rank
0,1993,125,LG,66,56,0.5409836065573771,4.0
1,1993,125,OB,65,55,0.5416666666666666,3.0
2,1993,125,롯데,62,62,0.5,5.0
3,1993,125,빙그레,60,61,0.4958677685950413,6.0
4,1993,125,삼성,72,48,0.6,2.0
5,1993,125,쌍방울,43,77,0.3583333333333333,7.0
6,1993,125,태평양,34,81,0.2956521739130435,8.0
7,1993,125,해태,81,41,0.6639344262295082,1.0
