,Year,Game_idx,Team1,cum_win,cum_lose,Wpct,rank
0,1990,32,LG,12,20,0.375,7.0
1,1990,32,OB,13,18,0.41935483870967744,6.0
2,1990,32,롯데,18,14,0.5625,2.0
3,1990,32,빙그레,19,13,0.59375,1.0
4,1990,32,삼성,15,17,0.46875,5.0
5,1990,32,태평양,17,15,0.53125,4.0
6,1990,32,해태,17,14,0.5483870967741935,3.0
