,Year,Game_idx,Team1,cum_win,cum_lose,Wpct,rank
0,1998,82,LG,39,42,0.4814814814814815,5.0
1,1998,82,OB,37,44,0.4567901234567901,6.0
2,1998,82,롯데,33,46,0.4177215189873418,8.0
3,1998,82,삼성,45,36,0.5555555555555556,2.0
4,1998,82,쌍방울,40,42,0.4878048780487805,4.0
5,1998,82,한화,39,40,0.4936708860759494,3.0
6,1998,82,해태,37,45,0.451219512195122,7.0
7,1998,82,현대,53,29,0.6463414634146342,1.0
