,Year,Game_idx,Team1,cum_win,cum_lose,Wpct,rank
0,1990,41,LG,19,22,0.4634146341463415,6.0
1,1990,41,OB,14,26,0.35,7.0
2,1990,41,롯데,21,20,0.5121951219512195,4.5
3,1990,41,빙그레,24,17,0.5853658536585366,1.0
4,1990,41,삼성,22,19,0.5365853658536586,2.0
5,1990,41,태평양,21,20,0.5121951219512195,4.5
6,1990,41,해태,21,19,0.525,3.0
