,Year,Game_idx,Team1,cum_win,cum_lose,Wpct,rank
0,2016,40,KIA,19,21,0.475,7.5
1,2016,40,LG,21,19,0.525,4.0
2,2016,40,NC,22,17,0.5641025641025641,2.0
3,2016,40,SK,22,18,0.55,3.0
4,2016,40,kt,17,22,0.4358974358974359,9.0
5,2016,40,넥센,20,19,0.5128205128205128,5.0
6,2016,40,두산,28,11,0.7179487179487181,1.0
7,2016,40,롯데,19,21,0.475,7.5
8,2016,40,삼성,20,20,0.5,6.0
9,2016,40,한화,11,28,0.28205128205128205,10.0
