,Year,Game_idx,Team1,cum_win,cum_lose,Wpct,rank
0,1999,12,LG,7,5,0.5833333333333334,3.0
1,1999,12,두산,6,5,0.5454545454545454,5.0
2,1999,12,롯데,8,4,0.6666666666666666,1.0
3,1999,12,삼성,4,7,0.3636363636363637,7.0
4,1999,12,쌍방울,3,9,0.25,8.0
5,1999,12,한화,7,5,0.5833333333333334,3.0
6,1999,12,해태,7,5,0.5833333333333334,3.0
7,1999,12,현대,5,7,0.4166666666666667,6.0
