,Year,Game_idx,Team1,cum_win,cum_lose,Wpct,rank
0,1989,32,MBC,13,17,0.43333333333333335,5.0
1,1989,32,OB,11,20,0.3548387096774194,7.0
2,1989,32,롯데,12,19,0.3870967741935484,6.0
3,1989,32,빙그레,19,11,0.6333333333333333,1.0
4,1989,32,삼성,19,12,0.6129032258064516,2.0
5,1989,32,태평양,16,14,0.5333333333333333,4.0
6,1989,32,해태,17,14,0.5483870967741935,3.0
