,Year,Game_idx,Team1,cum_win,cum_lose,Wpct,rank
0,2001,59,KIA,28,29,0.4912280701754386,4.0
1,2001,59,LG,22,34,0.3928571428571429,8.0
2,2001,59,SK,25,33,0.4310344827586207,6.0
3,2001,59,두산,30,26,0.5357142857142857,3.0
4,2001,59,롯데,23,35,0.3965517241379311,7.0
5,2001,59,삼성,38,21,0.6440677966101694,1.0
6,2001,59,한화,27,31,0.4655172413793103,5.0
7,2001,59,현대,37,21,0.6379310344827587,2.0
