,Year,Game_idx,Team1,cum_win,cum_lose,Wpct,rank
0,2016,6,KIA,3,3,0.5,6.0
1,2016,6,LG,3,3,0.5,6.0
2,2016,6,NC,3,3,0.5,6.0
3,2016,6,SK,2,4,0.3333333333333333,9.0
4,2016,6,kt,3,3,0.5,6.0
5,2016,6,넥센,4,2,0.6666666666666666,2.0
6,2016,6,두산,4,2,0.6666666666666666,2.0
7,2016,6,롯데,3,3,0.5,6.0
8,2016,6,삼성,4,2,0.6666666666666666,2.0
9,2016,6,한화,1,5,0.16666666666666666,10.0
