,Year,Game_idx,Team1,cum_win,cum_lose,Wpct,rank
0,2004,85,KIA,41,40,0.5061728395061729,5.0
1,2004,85,LG,38,45,0.4578313253012048,7.0
2,2004,85,SK,41,37,0.5256410256410257,4.0
3,2004,85,두산,45,39,0.5357142857142857,3.0
4,2004,85,롯데,29,46,0.38666666666666666,8.0
5,2004,85,삼성,44,35,0.5569620253164557,2.0
6,2004,85,한화,37,43,0.4625,6.0
7,2004,85,현대,46,34,0.575,1.0
