,Year,Game_idx,Team1,cum_win,cum_lose,Wpct,rank
0,2012,62,KIA,27,31,0.4655172413793103,7.0
1,2012,62,LG,30,30,0.5,5.5
2,2012,62,SK,34,27,0.5573770491803278,1.0
3,2012,62,넥센,30,30,0.5,5.5
4,2012,62,두산,31,30,0.5081967213114754,4.0
5,2012,62,롯데,32,27,0.5423728813559322,2.0
6,2012,62,삼성,32,28,0.5333333333333333,3.0
7,2012,62,한화,24,37,0.3934426229508197,8.0
