,Year,Game_idx,Team1,cum_win,cum_lose,Wpct,rank
0,1999,121,LG,59,62,0.487603305785124,6.0
1,1999,121,두산,68,48,0.5862068965517241,1.0
2,1999,121,롯데,67,49,0.5775862068965517,2.0
3,1999,121,삼성,65,54,0.5462184873949579,3.0
4,1999,121,쌍방울,27,89,0.2327586206896552,8.0
5,1999,121,한화,63,56,0.5294117647058824,5.0
6,1999,121,해태,57,62,0.4789915966386555,7.0
7,1999,121,현대,62,54,0.5344827586206896,4.0
