,Year,Game_idx,Team1,cum_win,cum_lose,Wpct,rank
0,1993,58,LG,34,23,0.5964912280701754,2.0
1,1993,58,OB,24,31,0.4363636363636363,5.0
2,1993,58,롯데,29,29,0.5,4.0
3,1993,58,빙그레,25,33,0.4310344827586207,6.0
4,1993,58,삼성,30,26,0.5357142857142857,3.0
5,1993,58,쌍방울,20,34,0.3703703703703704,8.0
6,1993,58,태평양,20,33,0.37735849056603776,7.0
7,1993,58,해태,40,17,0.7017543859649122,1.0
