,Year,Game_idx,Team1,cum_win,cum_lose,Wpct,rank
0,1989,61,MBC,25,33,0.4310344827586207,6.0
1,1989,61,OB,27,33,0.45,5.0
2,1989,61,롯데,21,38,0.3559322033898305,7.0
3,1989,61,빙그레,36,22,0.6206896551724138,1.0
4,1989,61,삼성,31,27,0.5344827586206896,3.0
5,1989,61,태평양,28,29,0.4912280701754386,4.0
6,1989,61,해태,36,23,0.6101694915254238,2.0
