,Year,Game_idx,Team1,cum_win,cum_lose,Wpct,rank
0,2011,80,KIA,48,32,0.6,1.0
1,2011,80,LG,41,39,0.5125,4.0
2,2011,80,SK,44,36,0.55,3.0
3,2011,80,넥센,31,49,0.3875,8.0
4,2011,80,두산,34,44,0.4358974358974359,6.0
5,2011,80,롯데,37,40,0.4805194805194805,5.0
6,2011,80,삼성,46,32,0.5897435897435898,2.0
7,2011,80,한화,34,45,0.4303797468354431,7.0
