,Year,Game_idx,Team1,cum_win,cum_lose,Wpct,rank
0,2013,61,KIA,33,26,0.559322033898305,4.5
1,2013,61,LG,35,26,0.5737704918032787,3.0
2,2013,61,NC,22,36,0.3793103448275862,8.0
3,2013,61,SK,27,33,0.45,7.0
4,2013,61,넥센,35,25,0.5833333333333334,2.0
5,2013,61,두산,30,30,0.5,6.0
6,2013,61,롯데,33,26,0.559322033898305,4.5
7,2013,61,삼성,36,23,0.6101694915254238,1.0
8,2013,61,한화,17,43,0.2833333333333333,9.0
