,Year,Game_idx,Team1,cum_win,cum_lose,Wpct,rank
0,2011,125,KIA,66,59,0.528,4.0
1,2011,125,LG,58,66,0.4677419354838709,5.0
2,2011,125,SK,67,56,0.5447154471544715,3.0
3,2011,125,넥센,48,75,0.3902439024390244,8.0
4,2011,125,두산,56,67,0.4552845528455284,6.0
5,2011,125,롯데,66,54,0.55,2.0
6,2011,125,삼성,76,47,0.6178861788617886,1.0
7,2011,125,한화,55,68,0.4471544715447153,7.0
