,Year,Game_idx,Team1,cum_win,cum_lose,Wpct,rank
0,2001,46,KIA,22,23,0.4888888888888889,5.5
1,2001,46,LG,15,30,0.3333333333333333,8.0
2,2001,46,SK,22,23,0.4888888888888889,5.5
3,2001,46,두산,24,20,0.5454545454545454,3.0
4,2001,46,롯데,19,26,0.4222222222222222,7.0
5,2001,46,삼성,28,18,0.6086956521739131,1.0
6,2001,46,한화,23,23,0.5,4.0
7,2001,46,현대,27,19,0.5869565217391305,2.0
