,Year,Game_idx,Team1,cum_win,cum_lose,Wpct,rank
0,2008,26,KIA,8,18,0.3076923076923077,8.0
1,2008,26,LG,11,15,0.4230769230769231,6.5
2,2008,26,SK,20,6,0.7692307692307693,1.0
3,2008,26,두산,12,14,0.4615384615384616,5.0
4,2008,26,롯데,15,11,0.5769230769230769,2.0
5,2008,26,삼성,14,12,0.5384615384615384,3.5
6,2008,26,한화,14,12,0.5384615384615384,3.5
7,2008,26,히어로즈,11,15,0.4230769230769231,6.5
