,Year,Game_idx,Team1,cum_win,cum_lose,Wpct,rank
0,2015,73,KIA,36,37,0.4931506849315068,7.0
1,2015,73,LG,32,40,0.4444444444444444,9.0
2,2015,73,NC,41,31,0.5694444444444444,3.0
3,2015,73,SK,36,36,0.5,6.0
4,2015,73,kt,20,53,0.273972602739726,10.0
5,2015,73,넥센,40,32,0.5555555555555556,4.0
6,2015,73,두산,42,31,0.5753424657534246,2.0
7,2015,73,롯데,34,39,0.4657534246575342,8.0
8,2015,73,삼성,43,30,0.589041095890411,1.0
9,2015,73,한화,38,35,0.5205479452054794,5.0
