,Year,Game_idx,Team1,cum_win,cum_lose,Wpct,rank
0,2015,48,KIA,24,24,0.5,8.0
1,2015,48,LG,21,26,0.44680851063829785,9.0
2,2015,48,NC,28,19,0.5957446808510638,1.0
3,2015,48,SK,25,22,0.5319148936170213,4.0
4,2015,48,kt,9,39,0.1875,10.0
5,2015,48,넥센,25,23,0.5208333333333334,6.0
6,2015,48,두산,28,20,0.5833333333333334,2.5
7,2015,48,롯데,25,23,0.5208333333333334,6.0
8,2015,48,삼성,28,20,0.5833333333333334,2.5
9,2015,48,한화,25,23,0.5208333333333334,6.0
