,Year,Game_idx,Team1,cum_win,cum_lose,Wpct,rank
0,2003,79,KIA,41,36,0.5324675324675324,4.0
1,2003,79,LG,39,38,0.5064935064935064,5.0
2,2003,79,SK,48,30,0.6153846153846154,3.0
3,2003,79,두산,26,53,0.3291139240506329,7.0
4,2003,79,롯데,22,54,0.2894736842105263,8.0
5,2003,79,삼성,51,26,0.6623376623376623,1.0
6,2003,79,한화,37,39,0.4868421052631579,6.0
7,2003,79,현대,49,28,0.6363636363636364,2.0
