,Year,Game_idx,Team1,cum_win,cum_lose,Wpct,rank
0,2011,110,KIA,60,50,0.5454545454545454,2.0
1,2011,110,LG,53,56,0.4862385321100918,5.0
2,2011,110,SK,57,51,0.5277777777777778,4.0
3,2011,110,넥센,43,66,0.3944954128440367,8.0
4,2011,110,두산,50,58,0.462962962962963,6.0
5,2011,110,롯데,58,49,0.5420560747663551,3.0
6,2011,110,삼성,64,44,0.5925925925925926,1.0
7,2011,110,한화,48,60,0.4444444444444444,7.0
