,Year,Game_idx,Team1,cum_win,cum_lose,Wpct,rank
0,1993,108,LG,59,47,0.5566037735849056,3.0
1,1993,108,OB,55,48,0.5339805825242718,4.0
2,1993,108,롯데,52,55,0.485981308411215,5.0
3,1993,108,빙그레,49,55,0.4711538461538462,6.0
4,1993,108,삼성,61,42,0.5922330097087378,2.0
5,1993,108,쌍방울,38,65,0.36893203883495146,7.0
6,1993,108,태평양,31,68,0.31313131313131315,8.0
7,1993,108,해태,71,36,0.6635514018691588,1.0
