,Year,Game_idx,Team1,cum_win,cum_lose,Wpct,rank
0,2014,36,KIA,16,20,0.4444444444444444,6.0
1,2014,36,LG,12,23,0.3428571428571429,9.0
2,2014,36,NC,22,14,0.6111111111111112,2.5
3,2014,36,SK,15,21,0.4166666666666667,7.0
4,2014,36,넥센,22,14,0.6111111111111112,2.5
5,2014,36,두산,20,16,0.5555555555555556,4.0
6,2014,36,롯데,18,17,0.5142857142857142,5.0
7,2014,36,삼성,22,13,0.6285714285714286,1.0
8,2014,36,한화,13,22,0.37142857142857133,8.0
