,Year,Game_idx,Team1,cum_win,cum_lose,Wpct,rank
0,2000,22,LG,10,12,0.4545454545454545,5.0
1,2000,22,SK,5,17,0.2272727272727273,8.0
2,2000,22,두산,15,7,0.6818181818181818,2.0
3,2000,22,롯데,10,12,0.4545454545454545,5.0
4,2000,22,삼성,14,8,0.6363636363636364,3.0
5,2000,22,한화,7,15,0.3181818181818182,7.0
6,2000,22,해태,10,12,0.4545454545454545,5.0
7,2000,22,현대,17,5,0.7727272727272727,1.0
