,Year,Game_idx,Team1,cum_win,cum_lose,Wpct,rank
0,2003,124,KIA,73,47,0.6083333333333333,1.0
1,2003,124,LG,57,65,0.4672131147540984,6.0
2,2003,124,SK,61,60,0.5041322314049587,4.0
3,2003,124,두산,53,69,0.4344262295081967,7.0
4,2003,124,롯데,36,85,0.2975206611570248,8.0
5,2003,124,삼성,72,48,0.6,3.0
6,2003,124,한화,58,61,0.4873949579831933,5.0
7,2003,124,현대,74,48,0.6065573770491803,2.0
