,Year,Game_idx,Team1,cum_win,cum_lose,Wpct,rank
0,1989,102,MBC,39,59,0.3979591836734694,7.0
1,1989,102,OB,47,53,0.47,5.0
2,1989,102,롯데,41,57,0.4183673469387755,6.0
3,1989,102,빙그레,60,39,0.6060606060606061,1.0
4,1989,102,삼성,49,48,0.5051546391752577,4.0
5,1989,102,태평양,50,48,0.5102040816326531,3.0
6,1989,102,해태,57,42,0.5757575757575758,2.0
