,Year,Game_idx,Team1,cum_win,cum_lose,Wpct,rank
0,2002,82,KIA,51,28,0.6455696202531646,1.0
1,2002,82,LG,40,39,0.5063291139240507,5.0
2,2002,82,SK,38,41,0.4810126582278481,6.0
3,2002,82,두산,44,36,0.55,3.0
4,2002,82,롯데,21,60,0.25925925925925924,8.0
5,2002,82,삼성,47,34,0.5802469135802469,2.0
6,2002,82,한화,35,44,0.4430379746835443,7.0
7,2002,82,현대,41,37,0.5256410256410257,4.0
