,Year,Game_idx,Team1,cum_win,cum_lose,Wpct,rank
0,2009,119,KIA,72,43,0.6260869565217392,1.0
1,2009,119,LG,50,66,0.4310344827586207,7.0
2,2009,119,SK,67,47,0.5877192982456141,2.0
3,2009,119,두산,65,52,0.5555555555555556,3.0
4,2009,119,롯데,59,60,0.4957983193277311,4.0
5,2009,119,삼성,58,61,0.4873949579831933,5.0
6,2009,119,한화,39,77,0.3362068965517241,8.0
7,2009,119,히어로즈,56,62,0.4745762711864407,6.0
