,Year,Game_idx,Team1,cum_win,cum_lose,Wpct,rank
0,2001,47,KIA,22,24,0.4782608695652174,5.5
1,2001,47,LG,16,30,0.3478260869565217,8.0
2,2001,47,SK,22,24,0.4782608695652174,5.5
3,2001,47,두산,25,20,0.5555555555555556,3.0
4,2001,47,롯데,20,26,0.43478260869565216,7.0
5,2001,47,삼성,28,19,0.5957446808510638,1.5
6,2001,47,한화,24,23,0.5106382978723404,4.0
7,2001,47,현대,28,19,0.5957446808510638,1.5
