,Year,Game_idx,Team1,cum_win,cum_lose,Wpct,rank
0,1992,56,LG,19,35,0.35185185185185186,7.0
1,1992,56,OB,26,28,0.4814814814814815,5.0
2,1992,56,롯데,32,24,0.5714285714285714,3.0
3,1992,56,빙그레,36,19,0.6545454545454545,1.0
4,1992,56,삼성,29,26,0.5272727272727272,4.0
5,1992,56,쌍방울,18,37,0.3272727272727273,8.0
6,1992,56,태평양,23,30,0.4339622641509434,6.0
7,1992,56,해태,35,21,0.625,2.0
