,Year,Game_idx,Team1,cum_win,cum_lose,Wpct,rank
0,2007,113,KIA,45,67,0.4017857142857143,8.0
1,2007,113,LG,53,54,0.4953271028037383,5.0
2,2007,113,SK,64,44,0.5925925925925926,1.0
3,2007,113,두산,61,50,0.5495495495495496,2.0
4,2007,113,롯데,50,60,0.4545454545454545,6.0
5,2007,113,삼성,59,50,0.5412844036697247,3.0
6,2007,113,한화,59,52,0.5315315315315315,4.0
7,2007,113,현대,50,62,0.44642857142857145,7.0
