,Year,Game_idx,Team1,cum_win,cum_lose,Wpct,rank
0,1993,9,LG,5,4,0.5555555555555556,4.5
1,1993,9,OB,5,4,0.5555555555555556,4.5
2,1993,9,롯데,5,4,0.5555555555555556,4.5
3,1993,9,빙그레,5,4,0.5555555555555556,4.5
4,1993,9,삼성,6,3,0.6666666666666666,1.5
5,1993,9,쌍방울,2,7,0.2222222222222222,8.0
6,1993,9,태평양,3,6,0.3333333333333333,7.0
7,1993,9,해태,6,3,0.6666666666666666,1.5
