,Year,Game_idx,Team1,cum_win,cum_lose,Wpct,rank
0,2005,118,KIA,46,71,0.3931623931623932,8.0
1,2005,118,LG,50,67,0.4273504273504273,6.0
2,2005,118,SK,66,46,0.5892857142857143,2.0
3,2005,118,두산,65,50,0.5652173913043478,3.0
4,2005,118,롯데,54,63,0.4615384615384616,5.0
5,2005,118,삼성,70,44,0.6140350877192983,1.0
6,2005,118,한화,62,55,0.5299145299145299,4.0
7,2005,118,현대,49,66,0.4260869565217391,7.0
