,Year,Game_idx,Team1,cum_win,cum_lose,Wpct,rank
0,2014,37,KIA,16,21,0.4324324324324325,6.5
1,2014,37,LG,12,24,0.3333333333333333,9.0
2,2014,37,NC,23,14,0.6216216216216216,2.0
3,2014,37,SK,16,21,0.4324324324324325,6.5
4,2014,37,넥센,22,15,0.5945945945945946,3.0
5,2014,37,두산,21,16,0.5675675675675675,4.0
6,2014,37,롯데,19,17,0.5277777777777778,5.0
7,2014,37,삼성,23,13,0.6388888888888888,1.0
8,2014,37,한화,14,22,0.3888888888888889,8.0
