,Year,Game_idx,Team1,cum_win,cum_lose,Wpct,rank
0,2016,96,KIA,47,48,0.4947368421052632,4.0
1,2016,96,LG,43,52,0.4526315789473685,7.0
2,2016,96,NC,58,36,0.6170212765957447,2.0
3,2016,96,SK,47,49,0.4895833333333333,5.0
4,2016,96,kt,38,56,0.40425531914893614,10.0
5,2016,96,넥센,53,42,0.5578947368421052,3.0
6,2016,96,두산,61,34,0.6421052631578947,1.0
7,2016,96,롯데,45,51,0.46875,6.0
8,2016,96,삼성,41,54,0.43157894736842106,9.0
9,2016,96,한화,42,51,0.4516129032258064,8.0
