,Year,Game_idx,Team1,cum_win,cum_lose,Wpct,rank
0,1999,60,LG,33,27,0.55,3.0
1,1999,60,두산,34,23,0.5964912280701754,2.0
2,1999,60,롯데,36,20,0.6428571428571429,1.0
3,1999,60,삼성,31,27,0.5344827586206896,5.0
4,1999,60,쌍방울,14,43,0.2456140350877193,8.0
5,1999,60,한화,25,33,0.4310344827586207,7.0
6,1999,60,해태,27,32,0.4576271186440678,6.0
7,1999,60,현대,30,25,0.5454545454545454,4.0
