,Year,Game_idx,Team1,cum_win,cum_lose,Wpct,rank
0,1994,76,LG,48,28,0.631578947368421,1.0
1,1994,76,OB,32,43,0.4266666666666667,7.0
2,1994,76,롯데,34,39,0.4657534246575342,6.0
3,1994,76,삼성,37,38,0.4933333333333334,5.0
4,1994,76,쌍방울,24,50,0.32432432432432434,8.0
5,1994,76,태평양,41,33,0.5540540540540541,3.0
6,1994,76,한화,42,33,0.56,2.0
7,1994,76,해태,40,34,0.5405405405405406,4.0
