,Year,Game_idx,Team1,cum_win,cum_lose,Wpct,rank
0,1991,108,LG,50,57,0.4672897196261682,5.0
1,1991,108,OB,39,67,0.3679245283018868,8.0
2,1991,108,롯데,52,53,0.4952380952380953,4.0
3,1991,108,빙그레,61,42,0.5922330097087378,2.0
4,1991,108,삼성,62,45,0.5794392523364486,3.0
5,1991,108,쌍방울,46,59,0.4380952380952381,7.0
6,1991,108,태평양,48,58,0.4528301886792453,6.0
7,1991,108,해태,65,38,0.6310679611650486,1.0
