,Year,Game_idx,Team1,cum_win,cum_lose,Wpct,rank
0,1992,20,LG,6,13,0.3157894736842105,8.0
1,1992,20,OB,8,11,0.42105263157894735,6.5
2,1992,20,롯데,9,11,0.45,5.0
3,1992,20,빙그레,16,3,0.8421052631578947,1.0
4,1992,20,삼성,9,10,0.4736842105263158,4.0
5,1992,20,쌍방울,8,11,0.42105263157894735,6.5
6,1992,20,태평양,10,7,0.5882352941176471,2.0
7,1992,20,해태,11,9,0.55,3.0
