,Year,Game_idx,Team1,cum_win,cum_lose,Wpct,rank
0,2001,92,KIA,40,47,0.4597701149425287,4.0
1,2001,92,LG,37,48,0.4352941176470588,7.0
2,2001,92,SK,40,50,0.4444444444444444,6.0
3,2001,92,두산,45,42,0.5172413793103449,3.0
4,2001,92,롯데,37,51,0.4204545454545455,8.0
5,2001,92,삼성,59,33,0.6413043478260869,1.0
6,2001,92,한화,40,48,0.4545454545454545,5.0
7,2001,92,현대,57,32,0.6404494382022472,2.0
