,Year,Game_idx,Team1,cum_win,cum_lose,Wpct,rank
0,2004,89,KIA,42,43,0.4941176470588236,5.0
1,2004,89,LG,39,48,0.4482758620689655,7.0
2,2004,89,SK,41,41,0.5,4.0
3,2004,89,두산,48,40,0.5454545454545454,3.0
4,2004,89,롯데,30,49,0.37974683544303794,8.0
5,2004,89,삼성,47,36,0.5662650602409639,2.0
6,2004,89,한화,40,44,0.4761904761904762,6.0
7,2004,89,현대,48,36,0.5714285714285714,1.0
