,Year,Game_idx,Team1,cum_win,cum_lose,Wpct,rank
0,2003,53,KIA,28,24,0.5384615384615384,4.0
1,2003,53,LG,25,26,0.4901960784313725,5.0
2,2003,53,SK,34,18,0.6538461538461539,1.0
3,2003,53,두산,14,39,0.2641509433962264,8.0
4,2003,53,롯데,18,33,0.35294117647058826,7.0
5,2003,53,삼성,31,20,0.6078431372549019,3.0
6,2003,53,한화,24,26,0.48,6.0
7,2003,53,현대,32,20,0.6153846153846154,2.0
