,Year,Game_idx,Team1,cum_win,cum_lose,Wpct,rank
0,1993,32,LG,18,14,0.5625,2.0
1,1993,32,OB,15,15,0.5,5.5
2,1993,32,롯데,17,15,0.53125,3.0
3,1993,32,빙그레,16,16,0.5,5.5
4,1993,32,삼성,16,15,0.5161290322580645,4.0
5,1993,32,쌍방울,10,22,0.3125,8.0
6,1993,32,태평양,10,19,0.3448275862068966,7.0
7,1993,32,해태,22,9,0.7096774193548387,1.0
