,Year,Game_idx,Team1,cum_win,cum_lose,Wpct,rank
0,1997,101,LG,58,41,0.5858585858585859,2.0
1,1997,101,OB,45,51,0.46875,5.0
2,1997,101,롯데,40,60,0.4,8.0
3,1997,101,삼성,53,42,0.5578947368421052,4.0
4,1997,101,쌍방울,56,44,0.56,3.0
5,1997,101,한화,40,59,0.404040404040404,7.0
6,1997,101,해태,59,41,0.59,1.0
7,1997,101,현대,42,55,0.4329896907216495,6.0
