,Year,Game_idx,Team1,cum_win,cum_lose,Wpct,rank
0,1989,78,MBC,31,44,0.4133333333333333,6.0
1,1989,78,OB,36,40,0.4736842105263158,5.0
2,1989,78,롯데,31,45,0.4078947368421053,7.0
3,1989,78,빙그레,45,30,0.6,1.0
4,1989,78,삼성,38,35,0.5205479452054794,3.0
5,1989,78,태평양,37,37,0.5,4.0
6,1989,78,해태,44,31,0.5866666666666667,2.0
