,Year,Game_idx,Team1,cum_win,cum_lose,Wpct,rank
0,1990,116,LG,67,49,0.5775862068965517,3.0
1,1990,116,OB,35,76,0.3153153153153153,7.0
2,1990,116,롯데,42,69,0.3783783783783784,6.0
3,1990,116,빙그레,66,48,0.5789473684210527,2.0
4,1990,116,삼성,65,49,0.5701754385964912,4.0
5,1990,116,태평양,55,58,0.4867256637168141,5.0
6,1990,116,해태,66,47,0.584070796460177,1.0
