,Year,Game_idx,Team1,cum_win,cum_lose,Wpct,rank
0,2008,52,KIA,22,30,0.4230769230769231,6.0
1,2008,52,LG,20,32,0.38461538461538464,7.5
2,2008,52,SK,34,18,0.6538461538461539,1.0
3,2008,52,두산,28,24,0.5384615384615384,3.5
4,2008,52,롯데,30,22,0.5769230769230769,2.0
5,2008,52,삼성,28,24,0.5384615384615384,3.5
6,2008,52,한화,27,25,0.5192307692307693,5.0
7,2008,52,히어로즈,20,32,0.38461538461538464,7.5
