,Year,Game_idx,Team1,cum_win,cum_lose,Wpct,rank
0,1999,123,LG,59,64,0.4796747967479675,7.0
1,1999,123,두산,68,50,0.576271186440678,2.0
2,1999,123,롯데,69,49,0.5847457627118644,1.0
3,1999,123,삼성,67,54,0.5537190082644629,3.0
4,1999,123,쌍방울,27,90,0.2307692307692308,8.0
5,1999,123,한화,65,56,0.5371900826446281,4.0
6,1999,123,해태,58,62,0.4833333333333333,6.0
7,1999,123,현대,62,56,0.5254237288135594,5.0
