,Year,Game_idx,Team1,cum_win,cum_lose,Wpct,rank
0,2004,76,KIA,36,36,0.5,4.0
1,2004,76,LG,33,41,0.4459459459459459,7.0
2,2004,76,SK,34,35,0.4927536231884058,5.0
3,2004,76,두산,43,32,0.5733333333333334,2.0
4,2004,76,롯데,27,39,0.4090909090909091,8.0
5,2004,76,삼성,39,31,0.5571428571428572,3.0
6,2004,76,한화,33,38,0.4647887323943662,6.0
7,2004,76,현대,41,30,0.5774647887323944,1.0
