,Year,Game_idx,Team1,cum_win,cum_lose,Wpct,rank
0,2012,26,KIA,11,13,0.4583333333333333,7.0
1,2012,26,LG,13,13,0.5,5.0
2,2012,26,SK,15,10,0.6,1.0
3,2012,26,넥센,13,12,0.52,4.0
4,2012,26,두산,14,11,0.56,2.0
5,2012,26,롯데,13,11,0.5416666666666666,3.0
6,2012,26,삼성,12,13,0.48,6.0
7,2012,26,한화,9,17,0.3461538461538461,8.0
