,Year,Game_idx,Team1,cum_win,cum_lose,Wpct,rank
0,1989,10,MBC,5,4,0.5555555555555556,3.5
1,1989,10,OB,1,9,0.1,7.0
2,1989,10,롯데,5,5,0.5,5.0
3,1989,10,빙그레,5,4,0.5555555555555556,3.5
4,1989,10,삼성,4,5,0.4444444444444444,6.0
5,1989,10,태평양,6,3,0.6666666666666666,1.0
6,1989,10,해태,6,4,0.6,2.0
