,Year,Game_idx,Team1,cum_win,cum_lose,Wpct,rank
0,2012,84,KIA,40,40,0.5,5.0
1,2012,84,LG,36,45,0.4444444444444444,7.0
2,2012,84,SK,41,41,0.5,5.0
3,2012,84,넥센,41,41,0.5,5.0
4,2012,84,두산,44,39,0.5301204819277109,2.0
5,2012,84,롯데,42,38,0.525,3.0
6,2012,84,삼성,50,32,0.6097560975609756,1.0
7,2012,84,한화,32,50,0.3902439024390244,8.0
