,Year,Game_idx,Team1,cum_win,cum_lose,Wpct,rank
0,2016,9,KIA,4,5,0.4444444444444444,8.5
1,2016,9,LG,5,4,0.5555555555555556,5.0
2,2016,9,NC,4,5,0.4444444444444444,8.5
3,2016,9,SK,5,4,0.5555555555555556,5.0
4,2016,9,kt,5,4,0.5555555555555556,5.0
5,2016,9,넥센,5,3,0.625,1.5
6,2016,9,두산,5,3,0.625,1.5
7,2016,9,롯데,5,4,0.5555555555555556,5.0
8,2016,9,삼성,5,4,0.5555555555555556,5.0
9,2016,9,한화,2,7,0.2222222222222222,10.0
