,Year,Game_idx,Team1,cum_win,cum_lose,Wpct,rank
0,2005,10,KIA,3,7,0.3,7.5
1,2005,10,LG,4,6,0.4,5.5
2,2005,10,SK,6,3,0.6666666666666666,3.0
3,2005,10,두산,8,2,0.8,1.0
4,2005,10,롯데,4,6,0.4,5.5
5,2005,10,삼성,7,3,0.7,2.0
6,2005,10,한화,3,7,0.3,7.5
7,2005,10,현대,4,5,0.4444444444444444,4.0
