,Year,Game_idx,Team1,cum_win,cum_lose,Wpct,rank
0,2014,116,KIA,49,67,0.4224137931034483,8.0
1,2014,116,LG,53,60,0.4690265486725664,5.0
2,2014,116,NC,62,53,0.5391304347826087,3.0
3,2014,116,SK,54,61,0.4695652173913044,4.0
4,2014,116,넥센,71,44,0.6173913043478261,2.0
5,2014,116,두산,53,62,0.4608695652173913,6.0
6,2014,116,롯데,52,62,0.456140350877193,7.0
7,2014,116,삼성,73,40,0.6460176991150443,1.0
8,2014,116,한화,47,67,0.412280701754386,9.0
