,Year,Game_idx,Team1,cum_win,cum_lose,Wpct,rank
0,2016,87,KIA,40,46,0.4651162790697674,6.0
1,2016,87,LG,36,50,0.4186046511627907,8.5
2,2016,87,NC,53,32,0.6235294117647059,2.0
3,2016,87,SK,44,43,0.5057471264367817,4.0
4,2016,87,kt,35,50,0.4117647058823529,10.0
5,2016,87,넥센,49,37,0.5697674418604651,3.0
6,2016,87,두산,57,29,0.6627906976744186,1.0
7,2016,87,롯데,43,44,0.4942528735632184,5.0
8,2016,87,삼성,36,50,0.4186046511627907,8.5
9,2016,87,한화,37,47,0.4404761904761905,7.0
