,Year,Game_idx,Team1,cum_win,cum_lose,Wpct,rank
0,1995,65,LG,39,25,0.609375,2.0
1,1995,65,OB,38,24,0.6129032258064516,1.0
2,1995,65,롯데,33,30,0.5238095238095238,3.0
3,1995,65,삼성,28,33,0.459016393442623,5.0
4,1995,65,쌍방울,25,39,0.390625,7.0
5,1995,65,태평양,24,38,0.3870967741935484,8.0
6,1995,65,한화,34,31,0.5230769230769231,4.0
7,1995,65,해태,29,36,0.4461538461538462,6.0
