,Year,Game_idx,Team1,cum_win,cum_lose,Wpct,rank
0,2015,21,KIA,10,11,0.4761904761904762,7.0
1,2015,21,LG,10,11,0.4761904761904762,7.0
2,2015,21,NC,9,12,0.42857142857142855,9.0
3,2015,21,SK,12,9,0.5714285714285714,3.0
4,2015,21,kt,3,18,0.14285714285714285,10.0
5,2015,21,넥센,10,11,0.4761904761904762,7.0
6,2015,21,두산,13,8,0.6190476190476191,2.0
7,2015,21,롯데,11,10,0.5238095238095238,4.5
8,2015,21,삼성,15,6,0.7142857142857143,1.0
9,2015,21,한화,11,10,0.5238095238095238,4.5
