,Year,Game_idx,Team1,cum_win,cum_lose,Wpct,rank
0,2007,40,KIA,17,23,0.425,7.5
1,2007,40,LG,20,18,0.5263157894736842,3.0
2,2007,40,SK,22,15,0.5945945945945946,1.0
3,2007,40,두산,19,20,0.4871794871794872,4.5
4,2007,40,롯데,19,20,0.4871794871794872,4.5
5,2007,40,삼성,18,19,0.4864864864864865,6.0
6,2007,40,한화,21,18,0.5384615384615384,2.0
7,2007,40,현대,17,23,0.425,7.5
