,Year,Game_idx,Team1,cum_win,cum_lose,Wpct,rank
0,2016,18,KIA,8,10,0.4444444444444444,8.5
1,2016,18,LG,9,9,0.5,6.0
2,2016,18,NC,9,9,0.5,6.0
3,2016,18,SK,11,7,0.6111111111111112,2.0
4,2016,18,kt,9,9,0.5,6.0
5,2016,18,넥센,9,8,0.5294117647058824,4.0
6,2016,18,두산,13,4,0.7647058823529411,1.0
7,2016,18,롯데,10,8,0.5555555555555556,3.0
8,2016,18,삼성,8,10,0.4444444444444444,8.5
9,2016,18,한화,3,15,0.16666666666666666,10.0
