,Year,Game_idx,Team1,cum_win,cum_lose,Wpct,rank
0,1994,71,LG,44,27,0.6197183098591549,1.0
1,1994,71,OB,31,39,0.4428571428571429,7.0
2,1994,71,롯데,32,36,0.4705882352941176,6.0
3,1994,71,삼성,34,36,0.4857142857142857,5.0
4,1994,71,쌍방울,22,47,0.3188405797101449,8.0
5,1994,71,태평양,38,31,0.5507246376811594,3.0
6,1994,71,한화,39,31,0.5571428571428572,2.0
7,1994,71,해태,37,32,0.5362318840579711,4.0
