,Year,Game_idx,Team1,cum_win,cum_lose,Wpct,rank
0,2015,28,KIA,13,15,0.4642857142857143,8.5
1,2015,28,LG,13,15,0.4642857142857143,8.5
2,2015,28,NC,14,14,0.5,7.0
3,2015,28,SK,16,12,0.5714285714285714,4.0
4,2015,28,kt,3,25,0.10714285714285714,10.0
5,2015,28,넥센,16,12,0.5714285714285714,4.0
6,2015,28,두산,18,10,0.6428571428571429,2.0
7,2015,28,롯데,15,13,0.5357142857142857,6.0
8,2015,28,삼성,19,9,0.6785714285714286,1.0
9,2015,28,한화,16,12,0.5714285714285714,4.0
