,Year,Game_idx,Team1,cum_win,cum_lose,Wpct,rank
0,2002,107,KIA,62,41,0.6019417475728155,1.0
1,2002,107,LG,56,46,0.5490196078431373,4.0
2,2002,107,SK,49,55,0.4711538461538462,7.0
3,2002,107,두산,54,51,0.5142857142857142,5.0
4,2002,107,롯데,27,79,0.2547169811320755,8.0
5,2002,107,삼성,61,42,0.5922330097087378,2.0
6,2002,107,한화,49,53,0.4803921568627451,6.0
7,2002,107,현대,57,45,0.5588235294117647,3.0
