,Year,Game_idx,Team1,cum_win,cum_lose,Wpct,rank
0,1991,64,LG,32,31,0.5079365079365079,4.5
1,1991,64,OB,22,42,0.34375,8.0
2,1991,64,롯데,32,31,0.5079365079365079,4.5
3,1991,64,빙그레,33,28,0.5409836065573771,2.0
4,1991,64,삼성,33,31,0.515625,3.0
5,1991,64,쌍방울,26,38,0.40625,7.0
6,1991,64,태평양,32,32,0.5,6.0
7,1991,64,해태,42,21,0.6666666666666666,1.0
