,Year,Game_idx,Team1,cum_win,cum_lose,Wpct,rank
0,1994,9,LG,6,3,0.6666666666666666,2.0
1,1994,9,OB,4,5,0.4444444444444444,4.5
2,1994,9,롯데,3,6,0.3333333333333333,6.5
3,1994,9,삼성,5,3,0.625,3.0
4,1994,9,쌍방울,3,6,0.3333333333333333,6.5
5,1994,9,태평양,7,2,0.7777777777777778,1.0
6,1994,9,한화,4,5,0.4444444444444444,4.5
7,1994,9,해태,2,6,0.25,8.0
