,Year,Game_idx,Team1,cum_win,cum_lose,Wpct,rank
0,2004,91,KIA,43,44,0.4942528735632184,5.0
1,2004,91,LG,40,49,0.44943820224719105,7.0
2,2004,91,SK,42,42,0.5,4.0
3,2004,91,두산,49,41,0.5444444444444444,3.0
4,2004,91,롯데,32,49,0.3950617283950617,8.0
5,2004,91,삼성,48,37,0.5647058823529412,2.0
6,2004,91,한화,41,45,0.4767441860465117,6.0
7,2004,91,현대,50,36,0.5813953488372093,1.0
