,Year,Game_idx,Team1,cum_win,cum_lose,Wpct,rank
0,1990,9,LG,6,3,0.6666666666666666,1.5
1,1990,9,OB,3,5,0.375,7.0
2,1990,9,롯데,4,5,0.4444444444444444,5.5
3,1990,9,빙그레,6,3,0.6666666666666666,1.5
4,1990,9,삼성,5,4,0.5555555555555556,3.0
5,1990,9,태평양,4,5,0.4444444444444444,5.5
6,1990,9,해태,4,4,0.5,4.0
