,Year,Game_idx,Team1,cum_win,cum_lose,Wpct,rank
0,2015,124,KIA,59,65,0.4758064516129033,7.0
1,2015,124,LG,53,70,0.43089430894308944,9.0
2,2015,124,NC,71,51,0.5819672131147541,2.0
3,2015,124,SK,57,65,0.4672131147540984,8.0
4,2015,124,kt,45,79,0.3629032258064516,10.0
5,2015,124,넥센,68,55,0.5528455284552846,3.0
6,2015,124,두산,68,56,0.5483870967741935,4.0
7,2015,124,롯데,59,64,0.4796747967479675,6.0
8,2015,124,삼성,76,48,0.6129032258064516,1.0
9,2015,124,한화,60,64,0.4838709677419355,5.0
