,Year,Game_idx,Team1,cum_win,cum_lose,Wpct,rank
0,2007,35,KIA,15,20,0.42857142857142855,7.5
1,2007,35,LG,18,16,0.5294117647058824,3.0
2,2007,35,SK,21,12,0.6363636363636364,1.0
3,2007,35,두산,16,18,0.4705882352941176,6.0
4,2007,35,롯데,17,17,0.5,4.0
5,2007,35,삼성,16,17,0.4848484848484849,5.0
6,2007,35,한화,19,15,0.5588235294117647,2.0
7,2007,35,현대,15,20,0.42857142857142855,7.5
