,Year,Game_idx,Team1,cum_win,cum_lose,Wpct,rank
0,2003,88,KIA,46,40,0.5348837209302325,4.0
1,2003,88,LG,45,41,0.5232558139534884,5.0
2,2003,88,SK,50,36,0.5813953488372093,3.0
3,2003,88,두산,32,56,0.3636363636363637,7.0
4,2003,88,롯데,22,63,0.25882352941176473,8.0
5,2003,88,삼성,55,31,0.6395348837209303,2.0
6,2003,88,한화,41,44,0.4823529411764706,6.0
7,2003,88,현대,57,29,0.6627906976744186,1.0
