,Year,Game_idx,Team1,cum_win,cum_lose,Wpct,rank
0,2005,105,KIA,42,62,0.40384615384615385,8.0
1,2005,105,LG,44,60,0.4230769230769231,7.0
2,2005,105,SK,57,43,0.57,2.0
3,2005,105,두산,58,44,0.5686274509803921,3.0
4,2005,105,롯데,47,57,0.4519230769230769,5.0
5,2005,105,삼성,62,40,0.6078431372549019,1.0
6,2005,105,한화,56,48,0.5384615384615384,4.0
7,2005,105,현대,45,57,0.4411764705882353,6.0
