,Year,Game_idx,Team1,cum_win,cum_lose,Wpct,rank
0,1996,64,LG,29,32,0.4754098360655738,5.5
1,1996,64,OB,29,33,0.4677419354838709,7.0
2,1996,64,롯데,27,35,0.4354838709677419,8.0
3,1996,64,삼성,29,32,0.4754098360655738,5.5
4,1996,64,쌍방울,33,30,0.5238095238095238,3.0
5,1996,64,한화,34,30,0.53125,2.0
6,1996,64,해태,32,32,0.5,4.0
7,1996,64,현대,35,26,0.5737704918032787,1.0
