,Year,Game_idx,Team1,cum_win,cum_lose,Wpct,rank
0,2011,30,KIA,14,16,0.4666666666666667,5.5
1,2011,30,LG,17,13,0.5666666666666667,2.0
2,2011,30,SK,21,9,0.7,1.0
3,2011,30,넥센,14,16,0.4666666666666667,5.5
4,2011,30,두산,15,14,0.5172413793103449,3.0
5,2011,30,롯데,12,16,0.42857142857142855,7.0
6,2011,30,삼성,15,15,0.5,4.0
7,2011,30,한화,9,20,0.3103448275862069,8.0
