,Year,Game_idx,Team1,cum_win,cum_lose,Wpct,rank
0,2010,65,KIA,34,31,0.5230769230769231,3.0
1,2010,65,LG,30,34,0.46875,6.0
2,2010,65,SK,44,21,0.676923076923077,1.0
3,2010,65,넥센,25,39,0.390625,7.0
4,2010,65,두산,37,27,0.578125,2.0
5,2010,65,롯데,31,33,0.484375,5.0
6,2010,65,삼성,33,31,0.515625,4.0
7,2010,65,한화,25,40,0.38461538461538464,8.0
