,Year,Game_idx,Team1,cum_win,cum_lose,Wpct,rank
0,1995,83,LG,50,32,0.6097560975609756,1.0
1,1995,83,OB,45,33,0.5769230769230769,2.0
2,1995,83,롯데,41,38,0.5189873417721519,3.0
3,1995,83,삼성,40,38,0.5128205128205128,4.0
4,1995,83,쌍방울,30,52,0.36585365853658536,8.0
5,1995,83,태평양,33,47,0.4125,7.0
6,1995,83,한화,41,42,0.4939759036144578,6.0
7,1995,83,해태,42,40,0.5121951219512195,5.0
