,Year,Game_idx,Team1,cum_win,cum_lose,Wpct,rank
0,2007,111,KIA,45,65,0.4090909090909091,8.0
1,2007,111,LG,53,53,0.5,5.0
2,2007,111,SK,63,43,0.5943396226415094,1.0
3,2007,111,두산,59,50,0.5412844036697247,3.0
4,2007,111,롯데,49,59,0.4537037037037037,6.0
5,2007,111,삼성,58,49,0.5420560747663551,2.0
6,2007,111,한화,58,51,0.5321100917431193,4.0
7,2007,111,현대,49,61,0.44545454545454544,7.0
