,Year,Game_idx,Team1,cum_win,cum_lose,Wpct,rank
0,2004,120,KIA,60,56,0.5172413793103449,4.0
1,2004,120,LG,55,61,0.4741379310344828,6.0
2,2004,120,SK,57,55,0.5089285714285714,5.0
3,2004,120,두산,63,56,0.5294117647058824,3.0
4,2004,120,롯데,42,67,0.3853211009174312,8.0
5,2004,120,삼성,66,47,0.584070796460177,1.0
6,2004,120,한화,48,66,0.42105263157894735,7.0
7,2004,120,현대,66,49,0.5739130434782609,2.0
