,Year,Game_idx,Team1,cum_win,cum_lose,Wpct,rank
0,2016,14,KIA,6,8,0.42857142857142855,8.5
1,2016,14,LG,8,6,0.5714285714285714,3.0
2,2016,14,NC,7,7,0.5,6.0
3,2016,14,SK,9,5,0.6428571428571429,2.0
4,2016,14,kt,7,7,0.5,6.0
5,2016,14,넥센,7,6,0.5384615384615384,4.0
6,2016,14,두산,10,3,0.7692307692307693,1.0
7,2016,14,롯데,7,7,0.5,6.0
8,2016,14,삼성,6,8,0.42857142857142855,8.5
9,2016,14,한화,2,12,0.14285714285714285,10.0
