,Year,Game_idx,Team1,cum_win,cum_lose,Wpct,rank
0,1991,113,LG,51,61,0.4553571428571429,5.0
1,1991,113,OB,42,69,0.3783783783783784,8.0
2,1991,113,롯데,54,56,0.4909090909090909,4.0
3,1991,113,빙그레,65,43,0.6018518518518519,2.0
4,1991,113,삼성,63,49,0.5625,3.0
5,1991,113,쌍방울,46,64,0.41818181818181815,7.0
6,1991,113,태평양,48,63,0.4324324324324325,6.0
7,1991,113,해태,69,39,0.6388888888888888,1.0
