,Year,Game_idx,Team1,cum_win,cum_lose,Wpct,rank
0,1998,90,LG,44,45,0.4943820224719101,3.0
1,1998,90,OB,40,49,0.44943820224719105,6.0
2,1998,90,롯데,37,50,0.4252873563218391,8.0
3,1998,90,삼성,48,40,0.5454545454545454,2.0
4,1998,90,쌍방울,43,46,0.4831460674157304,4.0
5,1998,90,한화,41,45,0.4767441860465117,5.0
6,1998,90,해태,39,51,0.43333333333333335,7.0
7,1998,90,현대,58,32,0.6444444444444445,1.0
