,Year,Game_idx,Team1,cum_win,cum_lose,Wpct,rank
0,2011,39,KIA,19,20,0.4871794871794872,4.0
1,2011,39,LG,22,17,0.5641025641025641,2.0
2,2011,39,SK,26,13,0.6666666666666666,1.0
3,2011,39,넥센,15,24,0.38461538461538464,7.0
4,2011,39,두산,17,20,0.4594594594594595,6.0
5,2011,39,롯데,18,19,0.4864864864864865,5.0
6,2011,39,삼성,21,18,0.5384615384615384,3.0
7,2011,39,한화,14,24,0.3684210526315789,8.0
