,Year,Game_idx,Team1,cum_win,cum_lose,Wpct,rank
0,2000,58,LG,32,25,0.5614035087719298,3.0
1,2000,58,SK,16,41,0.2807017543859649,8.0
2,2000,58,두산,34,24,0.5862068965517241,2.0
3,2000,58,롯데,27,30,0.4736842105263158,5.0
4,2000,58,삼성,30,27,0.5263157894736842,4.0
5,2000,58,한화,20,35,0.3636363636363637,7.0
6,2000,58,해태,26,31,0.456140350877193,6.0
7,2000,58,현대,41,17,0.7068965517241379,1.0
