,Year,Game_idx,Team1,cum_win,cum_lose,Wpct,rank
0,1995,74,LG,45,28,0.6164383561643836,1.0
1,1995,74,OB,42,28,0.6,2.0
2,1995,74,롯데,38,33,0.5352112676056338,3.0
3,1995,74,삼성,34,36,0.4857142857142857,5.0
4,1995,74,쌍방울,27,46,0.3698630136986301,8.0
5,1995,74,태평양,30,41,0.4225352112676056,7.0
6,1995,74,한화,37,37,0.5,4.0
7,1995,74,해태,35,38,0.4794520547945205,6.0
