,Year,Game_idx,Team1,cum_win,cum_lose,Wpct,rank
0,1996,123,LG,49,69,0.4152542372881356,7.0
1,1996,123,OB,47,70,0.4017094017094017,8.0
2,1996,123,롯데,55,62,0.4700854700854701,5.0
3,1996,123,삼성,54,64,0.4576271186440678,6.0
4,1996,123,쌍방울,68,53,0.5619834710743802,2.0
5,1996,123,한화,68,54,0.5573770491803278,3.0
6,1996,123,해태,71,50,0.5867768595041323,1.0
7,1996,123,현대,65,53,0.5508474576271186,4.0
