,Year,Game_idx,Team1,cum_win,cum_lose,Wpct,rank
0,1997,109,LG,61,46,0.5700934579439252,2.0
1,1997,109,OB,50,54,0.4807692307692308,5.0
2,1997,109,롯데,43,65,0.39814814814814814,8.0
3,1997,109,삼성,57,46,0.5533980582524272,4.0
4,1997,109,쌍방울,60,48,0.5555555555555556,3.0
5,1997,109,한화,45,62,0.4205607476635514,7.0
6,1997,109,해태,64,44,0.5925925925925926,1.0
7,1997,109,현대,45,60,0.42857142857142855,6.0
