,Year,Game_idx,Team1,cum_win,cum_lose,Wpct,rank
0,2003,63,KIA,32,30,0.5161290322580645,4.0
1,2003,63,LG,30,31,0.4918032786885246,5.0
2,2003,63,SK,40,22,0.6451612903225806,1.0
3,2003,63,두산,20,43,0.31746031746031744,7.0
4,2003,63,롯데,19,42,0.3114754098360656,8.0
5,2003,63,삼성,39,22,0.639344262295082,2.0
6,2003,63,한화,28,32,0.4666666666666667,6.0
7,2003,63,현대,37,25,0.5967741935483871,3.0
