,Year,Game_idx,Team1,cum_win,cum_lose,Wpct,rank
0,2016,125,KIA,61,63,0.4919354838709678,4.0
1,2016,125,LG,59,65,0.4758064516129033,6.0
2,2016,125,NC,71,52,0.5772357723577236,2.0
3,2016,125,SK,60,65,0.48,5.0
4,2016,125,kt,48,75,0.3902439024390244,10.0
5,2016,125,넥센,69,55,0.5564516129032258,3.0
6,2016,125,두산,80,44,0.6451612903225806,1.0
7,2016,125,롯데,56,69,0.44799999999999995,9.0
8,2016,125,삼성,56,68,0.4516129032258064,8.0
9,2016,125,한화,56,66,0.459016393442623,7.0
