,Year,Game_idx,Team1,cum_win,cum_lose,Wpct,rank
0,2007,97,KIA,39,57,0.40625,8.0
1,2007,97,LG,45,47,0.4891304347826087,5.0
2,2007,97,SK,56,36,0.6086956521739131,1.0
3,2007,97,두산,51,44,0.5368421052631579,2.0
4,2007,97,롯데,43,51,0.4574468085106383,6.0
5,2007,97,삼성,50,44,0.5319148936170213,3.0
6,2007,97,한화,50,45,0.5263157894736842,4.0
7,2007,97,현대,43,53,0.4479166666666667,7.0
