,Year,Game_idx,Team1,cum_win,cum_lose,Wpct,rank
0,2000,71,LG,38,31,0.5507246376811594,3.0
1,2000,71,SK,20,50,0.2857142857142857,8.0
2,2000,71,두산,45,26,0.6338028169014085,2.0
3,2000,71,롯데,36,34,0.5142857142857142,5.0
4,2000,71,삼성,37,32,0.5362318840579711,4.0
5,2000,71,한화,28,40,0.4117647058823529,7.0
6,2000,71,해태,31,38,0.4492753623188406,6.0
7,2000,71,현대,47,24,0.6619718309859155,1.0
