,Year,Game_idx,Team1,cum_win,cum_lose,Wpct,rank
0,2009,129,KIA,77,48,0.616,2.0
1,2009,129,LG,52,73,0.41600000000000004,7.0
2,2009,129,SK,76,47,0.6178861788617886,1.0
3,2009,129,두산,70,57,0.5511811023622047,3.0
4,2009,129,롯데,64,65,0.4961240310077519,4.5
5,2009,129,삼성,64,65,0.4961240310077519,4.5
6,2009,129,한화,44,82,0.3492063492063492,8.0
7,2009,129,히어로즈,59,69,0.4609375,6.0
