,Year,Game_idx,Team1,cum_win,cum_lose,Wpct,rank
0,2003,21,KIA,13,7,0.65,3.0
1,2003,21,LG,10,10,0.5,5.0
2,2003,21,SK,12,8,0.6,4.0
3,2003,21,두산,5,16,0.2380952380952381,7.0
4,2003,21,롯데,2,17,0.10526315789473684,8.0
5,2003,21,삼성,16,4,0.8,1.0
6,2003,21,한화,8,12,0.4,6.0
7,2003,21,현대,15,5,0.75,2.0
