,Year,Game_idx,Team1,cum_win,cum_lose,Wpct,rank
0,1993,51,LG,30,21,0.5882352941176471,2.0
1,1993,51,OB,22,26,0.4583333333333333,5.0
2,1993,51,롯데,26,25,0.5098039215686274,4.0
3,1993,51,빙그레,23,28,0.4509803921568628,6.0
4,1993,51,삼성,25,24,0.5102040816326531,3.0
5,1993,51,쌍방울,19,29,0.3958333333333333,7.0
6,1993,51,태평양,15,31,0.32608695652173914,8.0
7,1993,51,해태,36,14,0.72,1.0
