,Year,Game_idx,Team1,cum_win,cum_lose,Wpct,rank
0,2008,55,KIA,24,31,0.4363636363636363,6.0
1,2008,55,LG,21,34,0.3818181818181817,7.0
2,2008,55,SK,37,18,0.6727272727272727,1.0
3,2008,55,두산,31,24,0.5636363636363636,2.0
4,2008,55,롯데,30,25,0.5454545454545454,3.0
5,2008,55,삼성,29,26,0.5272727272727272,4.0
6,2008,55,한화,28,27,0.509090909090909,5.0
7,2008,55,히어로즈,20,35,0.3636363636363637,8.0
