,Year,Game_idx,Team1,cum_win,cum_lose,Wpct,rank
0,1991,120,LG,52,67,0.4369747899159664,6.0
1,1991,120,OB,46,72,0.3898305084745763,8.0
2,1991,120,롯데,58,59,0.4957264957264957,4.0
3,1991,120,빙그레,70,45,0.6086956521739131,2.0
4,1991,120,삼성,67,52,0.5630252100840336,3.0
5,1991,120,쌍방울,51,66,0.4358974358974359,7.0
6,1991,120,태평양,52,66,0.4406779661016949,5.0
7,1991,120,해태,76,39,0.6608695652173913,1.0
