,Year,Game_idx,Team1,cum_win,cum_lose,Wpct,rank
0,2007,12,KIA,5,7,0.4166666666666667,6.0
1,2007,12,LG,8,4,0.6666666666666666,2.0
2,2007,12,SK,8,2,0.8,1.0
3,2007,12,두산,4,8,0.3333333333333333,7.5
4,2007,12,롯데,7,5,0.5833333333333334,3.0
5,2007,12,삼성,6,5,0.5454545454545454,4.0
6,2007,12,한화,5,6,0.4545454545454545,5.0
7,2007,12,현대,4,8,0.3333333333333333,7.5
