,Year,Game_idx,Team1,cum_win,cum_lose,Wpct,rank
0,2004,115,KIA,56,55,0.5045045045045045,4.0
1,2004,115,LG,54,57,0.4864864864864865,6.0
2,2004,115,SK,54,54,0.5,5.0
3,2004,115,두산,61,53,0.5350877192982456,3.0
4,2004,115,롯데,41,63,0.3942307692307692,8.0
5,2004,115,삼성,63,45,0.5833333333333334,1.0
6,2004,115,한화,47,62,0.4311926605504587,7.0
7,2004,115,현대,64,46,0.5818181818181818,2.0
