,Year,Game_idx,Team1,cum_win,cum_lose,Wpct,rank
0,2013,111,KIA,47,62,0.4311926605504587,7.0
1,2013,111,LG,65,46,0.5855855855855856,1.0
2,2013,111,NC,45,62,0.4205607476635514,8.0
3,2013,111,SK,56,53,0.5137614678899083,5.0
4,2013,111,넥센,61,48,0.5596330275229358,4.0
5,2013,111,두산,62,47,0.5688073394495413,3.0
6,2013,111,롯데,55,53,0.5092592592592593,6.0
7,2013,111,삼성,63,46,0.5779816513761468,2.0
8,2013,111,한화,36,74,0.3272727272727273,9.0
