,Year,Game_idx,Team1,cum_win,cum_lose,Wpct,rank
0,1993,18,LG,10,8,0.5555555555555556,4.0
1,1993,18,OB,7,11,0.3888888888888889,6.0
2,1993,18,롯데,9,9,0.5,5.0
3,1993,18,빙그레,11,7,0.6111111111111112,3.0
4,1993,18,삼성,11,6,0.6470588235294118,2.0
5,1993,18,쌍방울,6,12,0.3333333333333333,8.0
6,1993,18,태평양,6,11,0.35294117647058826,7.0
7,1993,18,해태,14,4,0.7777777777777778,1.0
