,Year,Game_idx,Team1,cum_win,cum_lose,Wpct,rank
0,1991,115,LG,52,62,0.456140350877193,5.0
1,1991,115,OB,43,70,0.3805309734513274,8.0
2,1991,115,롯데,56,56,0.5,4.0
3,1991,115,빙그레,67,43,0.6090909090909091,2.0
4,1991,115,삼성,65,49,0.5701754385964912,3.0
5,1991,115,쌍방울,47,65,0.4196428571428572,7.0
6,1991,115,태평양,50,63,0.4424778761061947,6.0
7,1991,115,해태,71,39,0.6454545454545455,1.0
