,Year,Game_idx,Team1,cum_win,cum_lose,Wpct,rank
0,2006,102,KIA,49,50,0.494949494949495,5.0
1,2006,102,LG,39,59,0.3979591836734694,8.0
2,2006,102,SK,49,52,0.4851485148514851,6.0
3,2006,102,두산,50,50,0.5,4.0
4,2006,102,롯데,44,56,0.44,7.0
5,2006,102,삼성,61,38,0.6161616161616161,1.0
6,2006,102,한화,54,46,0.54,3.0
7,2006,102,현대,56,45,0.5544554455445545,2.0
