,Year,Game_idx,Team1,cum_win,cum_lose,Wpct,rank
0,2003,17,KIA,11,5,0.6875,2.5
1,2003,17,LG,8,8,0.5,5.0
2,2003,17,SK,10,6,0.625,4.0
3,2003,17,두산,4,13,0.2352941176470588,7.0
4,2003,17,롯데,2,13,0.13333333333333333,8.0
5,2003,17,삼성,14,2,0.875,1.0
6,2003,17,한화,6,10,0.375,6.0
7,2003,17,현대,11,5,0.6875,2.5
