,Year,Game_idx,Team1,cum_win,cum_lose,Wpct,rank
0,2002,17,KIA,12,3,0.8,1.0
1,2002,17,LG,6,11,0.35294117647058826,7.0
2,2002,17,SK,6,10,0.375,5.5
3,2002,17,두산,6,10,0.375,5.5
4,2002,17,롯데,5,11,0.3125,8.0
5,2002,17,삼성,9,8,0.5294117647058824,4.0
6,2002,17,한화,9,6,0.6,3.0
7,2002,17,현대,10,4,0.7142857142857143,2.0
