,Year,Game_idx,Team1,cum_win,cum_lose,Wpct,rank
0,2016,78,KIA,36,41,0.4675324675324675,6.0
1,2016,78,LG,34,43,0.4415584415584416,7.0
2,2016,78,NC,47,29,0.618421052631579,2.0
3,2016,78,SK,40,38,0.5128205128205128,4.0
4,2016,78,kt,32,44,0.42105263157894735,10.0
5,2016,78,넥센,43,34,0.5584415584415584,3.0
6,2016,78,두산,53,24,0.6883116883116883,1.0
7,2016,78,롯데,37,41,0.4743589743589744,5.0
8,2016,78,삼성,33,45,0.4230769230769231,9.0
9,2016,78,한화,32,43,0.4266666666666667,8.0
