,Year,Game_idx,Team1,cum_win,cum_lose,Wpct,rank
0,2016,52,KIA,22,29,0.4313725490196079,8.0
1,2016,52,LG,25,26,0.4901960784313725,5.0
2,2016,52,NC,32,19,0.6274509803921569,2.0
3,2016,52,SK,26,26,0.5,4.0
4,2016,52,kt,21,29,0.42,9.0
5,2016,52,넥센,27,24,0.5294117647058824,3.0
6,2016,52,두산,36,15,0.7058823529411765,1.0
7,2016,52,롯데,24,28,0.4615384615384616,7.0
8,2016,52,삼성,25,27,0.4807692307692308,6.0
9,2016,52,한화,19,32,0.3725490196078432,10.0
