,Year,Game_idx,Team1,cum_win,cum_lose,Wpct,rank
0,1996,24,LG,9,14,0.39130434782608703,7.0
1,1996,24,OB,14,10,0.5833333333333334,2.5
2,1996,24,롯데,11,12,0.4782608695652174,5.0
3,1996,24,삼성,13,10,0.5652173913043478,4.0
4,1996,24,쌍방울,14,10,0.5833333333333334,2.5
5,1996,24,한화,8,16,0.3333333333333333,8.0
6,1996,24,해태,10,14,0.4166666666666667,6.0
7,1996,24,현대,15,8,0.6521739130434783,1.0
