,Year,Game_idx,Team1,cum_win,cum_lose,Wpct,rank
0,1998,103,LG,51,51,0.5,3.0
1,1998,103,OB,45,56,0.4455445544554456,8.0
2,1998,103,롯데,46,54,0.46,5.0
3,1998,103,삼성,57,44,0.5643564356435643,2.0
4,1998,103,쌍방울,46,55,0.4554455445544554,7.0
5,1998,103,한화,48,51,0.4848484848484849,4.0
6,1998,103,해태,47,56,0.4563106796116505,6.0
7,1998,103,현대,67,36,0.6504854368932039,1.0
