,Year,Game_idx,Team1,cum_win,cum_lose,Wpct,rank
0,2002,122,KIA,73,45,0.6186440677966102,2.0
1,2002,122,LG,61,55,0.5258620689655172,4.0
2,2002,122,SK,56,63,0.4705882352941176,7.0
3,2002,122,두산,61,59,0.5083333333333333,5.0
4,2002,122,롯데,30,91,0.2479338842975207,8.0
5,2002,122,삼성,75,43,0.6355932203389829,1.0
6,2002,122,한화,56,61,0.4786324786324786,6.0
7,2002,122,현대,64,53,0.5470085470085471,3.0
