,Year,Game_idx,Team1,cum_win,cum_lose,Wpct,rank
0,2015,114,KIA,56,58,0.4912280701754386,5.5
1,2015,114,LG,50,63,0.4424778761061947,9.0
2,2015,114,NC,66,46,0.5892857142857143,2.0
3,2015,114,SK,53,59,0.4732142857142857,7.0
4,2015,114,kt,39,75,0.34210526315789475,10.0
5,2015,114,넥센,60,53,0.5309734513274337,4.0
6,2015,114,두산,64,50,0.5614035087719298,3.0
7,2015,114,롯데,53,61,0.4649122807017544,8.0
8,2015,114,삼성,70,44,0.6140350877192983,1.0
9,2015,114,한화,56,58,0.4912280701754386,5.5
