,Year,Game_idx,Team1,cum_win,cum_lose,Wpct,rank
0,1997,76,LG,42,32,0.5675675675675675,2.0
1,1997,76,OB,38,34,0.5277777777777778,5.0
2,1997,76,롯데,28,47,0.37333333333333335,8.0
3,1997,76,삼성,40,31,0.5633802816901409,3.0
4,1997,76,쌍방울,40,35,0.5333333333333333,4.0
5,1997,76,한화,31,43,0.4189189189189189,6.0
6,1997,76,해태,45,30,0.6,1.0
7,1997,76,현대,27,45,0.375,7.0
