,Year,Game_idx,Team1,cum_win,cum_lose,Wpct,rank
0,2007,98,KIA,39,58,0.4020618556701031,8.0
1,2007,98,LG,45,48,0.4838709677419355,5.0
2,2007,98,SK,56,37,0.6021505376344086,1.0
3,2007,98,두산,52,44,0.5416666666666666,2.0
4,2007,98,롯데,44,51,0.4631578947368421,6.0
5,2007,98,삼성,50,45,0.5263157894736842,3.0
6,2007,98,한화,50,46,0.5208333333333334,4.0
7,2007,98,현대,43,54,0.4432989690721649,7.0
