,Year,Game_idx,Team1,cum_win,cum_lose,Wpct,rank
0,2008,60,KIA,27,33,0.45,6.0
1,2008,60,LG,23,37,0.38333333333333336,7.0
2,2008,60,SK,42,18,0.7,1.0
3,2008,60,두산,34,26,0.5666666666666667,2.0
4,2008,60,롯데,32,28,0.5333333333333333,3.0
5,2008,60,삼성,31,29,0.5166666666666667,4.5
6,2008,60,한화,31,29,0.5166666666666667,4.5
7,2008,60,히어로즈,22,38,0.36666666666666653,8.0
