,Year,Game_idx,Team1,cum_win,cum_lose,Wpct,rank
0,1998,75,LG,37,37,0.5,3.0
1,1998,75,OB,35,39,0.472972972972973,6.0
2,1998,75,롯데,30,42,0.4166666666666667,8.0
3,1998,75,삼성,42,32,0.5675675675675675,2.0
4,1998,75,쌍방울,37,38,0.4933333333333334,4.0
5,1998,75,한화,36,37,0.4931506849315068,5.0
6,1998,75,해태,33,42,0.44,7.0
7,1998,75,현대,49,26,0.6533333333333333,1.0
