,Year,Game_idx,Team1,cum_win,cum_lose,Wpct,rank
0,2007,42,KIA,18,24,0.42857142857142855,8.0
1,2007,42,LG,21,19,0.525,3.0
2,2007,42,SK,23,15,0.6052631578947368,1.0
3,2007,42,두산,21,20,0.5121951219512195,4.0
4,2007,42,롯데,20,20,0.5,5.0
5,2007,42,삼성,19,20,0.4871794871794872,6.0
6,2007,42,한화,23,18,0.5609756097560976,2.0
7,2007,42,현대,19,23,0.4523809523809524,7.0
