,Year,Game_idx,Team1,cum_win,cum_lose,Wpct,rank
0,2014,71,KIA,33,38,0.4647887323943662,6.0
1,2014,71,LG,29,41,0.4142857142857143,8.0
2,2014,71,NC,42,29,0.5915492957746479,2.0
3,2014,71,SK,30,41,0.4225352112676056,7.0
4,2014,71,넥센,41,29,0.5857142857142857,3.0
5,2014,71,두산,35,36,0.4929577464788733,5.0
6,2014,71,롯데,37,33,0.5285714285714286,4.0
7,2014,71,삼성,47,22,0.6811594202898551,1.0
8,2014,71,한화,23,47,0.32857142857142857,9.0
