,Year,Game_idx,Team1,cum_win,cum_lose,Wpct,rank
0,2016,83,KIA,38,44,0.4634146341463415,6.0
1,2016,83,LG,35,47,0.4268292682926829,8.0
2,2016,83,NC,51,30,0.6296296296296297,2.0
3,2016,83,SK,42,41,0.5060240963855421,4.0
4,2016,83,kt,33,48,0.4074074074074074,10.0
5,2016,83,넥센,46,36,0.5609756097560976,3.0
6,2016,83,두산,55,27,0.6707317073170732,1.0
7,2016,83,롯데,39,44,0.4698795180722892,5.0
8,2016,83,삼성,34,48,0.4146341463414634,9.0
9,2016,83,한화,35,45,0.4375,7.0
