,Year,Game_idx,Team1,cum_win,cum_lose,Wpct,rank
0,2008,96,KIA,46,50,0.4791666666666667,6.0
1,2008,96,LG,32,64,0.3333333333333333,8.0
2,2008,96,SK,62,34,0.6458333333333334,1.0
3,2008,96,두산,53,43,0.5520833333333334,2.5
4,2008,96,롯데,50,46,0.5208333333333334,4.0
5,2008,96,삼성,47,49,0.4895833333333333,5.0
6,2008,96,한화,53,43,0.5520833333333334,2.5
7,2008,96,히어로즈,39,57,0.40625,7.0
