,Year,Game_idx,Team1,cum_win,cum_lose,Wpct,rank
0,1995,13,LG,8,5,0.6153846153846154,2.5
1,1995,13,OB,9,4,0.6923076923076923,1.0
2,1995,13,롯데,6,7,0.4615384615384616,5.0
3,1995,13,삼성,3,10,0.2307692307692308,8.0
4,1995,13,쌍방울,8,5,0.6153846153846154,2.5
5,1995,13,태평양,5,8,0.38461538461538464,6.5
6,1995,13,한화,7,6,0.5384615384615384,4.0
7,1995,13,해태,5,8,0.38461538461538464,6.5
