,Year,Game_idx,Team1,cum_win,cum_lose,Wpct,rank
0,2004,77,KIA,36,37,0.4931506849315068,5.0
1,2004,77,LG,34,41,0.4533333333333333,7.0
2,2004,77,SK,35,35,0.5,4.0
3,2004,77,두산,43,33,0.5657894736842105,2.0
4,2004,77,롯데,27,40,0.4029850746268657,8.0
5,2004,77,삼성,39,32,0.5492957746478874,3.0
6,2004,77,한화,33,39,0.4583333333333333,6.0
7,2004,77,현대,42,30,0.5833333333333334,1.0
