,Year,Game_idx,Team1,cum_win,cum_lose,Wpct,rank
0,1994,20,LG,14,6,0.7,1.0
1,1994,20,OB,10,10,0.5,4.0
2,1994,20,롯데,7,11,0.3888888888888889,7.5
3,1994,20,삼성,11,8,0.5789473684210527,3.0
4,1994,20,쌍방울,8,11,0.42105263157894735,5.0
5,1994,20,태평양,11,7,0.6111111111111112,2.0
6,1994,20,한화,8,12,0.4,6.0
7,1994,20,해태,7,11,0.3888888888888889,7.5
