,Year,Game_idx,Team1,cum_win,cum_lose,Wpct,rank
0,2000,91,LG,44,44,0.5,5.0
1,2000,91,SK,24,65,0.2696629213483146,8.0
2,2000,91,두산,54,37,0.5934065934065934,2.0
3,2000,91,롯데,47,43,0.5222222222222223,4.0
4,2000,91,삼성,51,37,0.5795454545454546,3.0
5,2000,91,한화,35,52,0.4022988505747127,7.0
6,2000,91,해태,39,50,0.4382022471910113,6.0
7,2000,91,현대,60,30,0.6666666666666666,1.0
