,Year,Game_idx,Team1,cum_win,cum_lose,Wpct,rank
0,2013,75,KIA,37,36,0.5068493150684932,6.0
1,2013,75,LG,44,31,0.5866666666666667,2.0
2,2013,75,NC,28,44,0.3888888888888889,8.0
3,2013,75,SK,35,39,0.472972972972973,7.0
4,2013,75,넥센,42,32,0.5675675675675675,3.0
5,2013,75,두산,40,33,0.547945205479452,4.0
6,2013,75,롯데,38,35,0.5205479452054794,5.0
7,2013,75,삼성,45,28,0.6164383561643836,1.0
8,2013,75,한화,22,52,0.2972972972972973,9.0
