,Year,Game_idx,Team1,cum_win,cum_lose,Wpct,rank
0,2003,127,KIA,74,48,0.6065573770491803,2.0
1,2003,127,LG,58,67,0.46399999999999997,6.0
2,2003,127,SK,62,62,0.5,4.0
3,2003,127,두산,55,70,0.44,7.0
4,2003,127,롯데,37,87,0.2983870967741936,8.0
5,2003,127,삼성,74,49,0.6016260162601627,3.0
6,2003,127,한화,60,62,0.4918032786885246,5.0
7,2003,127,현대,77,48,0.616,1.0
