,Year,Game_idx,Team1,cum_win,cum_lose,Wpct,rank
0,1990,40,LG,18,22,0.45,6.0
1,1990,40,OB,14,25,0.35897435897435903,7.0
2,1990,40,롯데,20,20,0.5,5.0
3,1990,40,빙그레,23,17,0.575,1.0
4,1990,40,삼성,21,19,0.525,3.5
5,1990,40,태평양,21,19,0.525,3.5
6,1990,40,해태,21,18,0.5384615384615384,2.0
