,Year,Game_idx,Team1,cum_win,cum_lose,Wpct,rank
0,2016,115,KIA,56,58,0.4912280701754386,4.5
1,2016,115,LG,56,58,0.4912280701754386,4.5
2,2016,115,NC,67,46,0.5929203539823009,2.0
3,2016,115,SK,56,59,0.4869565217391305,6.0
4,2016,115,kt,44,69,0.3893805309734513,10.0
5,2016,115,넥센,64,50,0.5614035087719298,3.0
6,2016,115,두산,73,41,0.6403508771929824,1.0
7,2016,115,롯데,51,64,0.4434782608695652,9.0
8,2016,115,삼성,51,63,0.4473684210526316,8.0
9,2016,115,한화,51,61,0.4553571428571429,7.0
