,Year,Game_idx,Team1,cum_win,cum_lose,Wpct,rank
0,2005,112,KIA,44,67,0.3963963963963964,8.0
1,2005,112,LG,47,64,0.4234234234234234,6.0
2,2005,112,SK,62,44,0.5849056603773585,2.0
3,2005,112,두산,61,48,0.5596330275229358,3.0
4,2005,112,롯데,50,61,0.4504504504504505,5.0
5,2005,112,삼성,67,41,0.6203703703703703,1.0
6,2005,112,한화,61,50,0.5495495495495496,4.0
7,2005,112,현대,46,63,0.4220183486238532,7.0
