,Year,Game_idx,Team1,cum_win,cum_lose,Wpct,rank
0,1994,75,LG,47,28,0.6266666666666667,1.0
1,1994,75,OB,32,42,0.4324324324324325,7.0
2,1994,75,롯데,34,38,0.4722222222222222,6.0
3,1994,75,삼성,36,38,0.4864864864864865,5.0
4,1994,75,쌍방울,24,49,0.3287671232876712,8.0
5,1994,75,태평양,40,33,0.547945205479452,3.5
6,1994,75,한화,41,33,0.5540540540540541,2.0
7,1994,75,해태,40,33,0.547945205479452,3.5
