,Year,Game_idx,Team1,cum_win,cum_lose,Wpct,rank
0,2016,49,KIA,22,26,0.4583333333333333,8.0
1,2016,49,LG,24,24,0.5,5.0
2,2016,49,NC,29,19,0.6041666666666666,2.0
3,2016,49,SK,25,24,0.5102040816326531,4.0
4,2016,49,kt,19,28,0.40425531914893614,9.0
5,2016,49,넥센,25,23,0.5208333333333334,3.0
6,2016,49,두산,35,13,0.7291666666666666,1.0
7,2016,49,롯데,23,26,0.4693877551020408,7.0
8,2016,49,삼성,24,25,0.4897959183673469,6.0
9,2016,49,한화,16,32,0.3333333333333333,10.0
