,Year,Game_idx,Team1,cum_win,cum_lose,Wpct,rank
0,1992,80,LG,30,48,0.38461538461538464,7.0
1,1992,80,OB,36,42,0.4615384615384616,6.0
2,1992,80,롯데,46,34,0.575,3.0
3,1992,80,빙그레,50,29,0.6329113924050633,1.0
4,1992,80,삼성,42,37,0.5316455696202531,4.0
5,1992,80,쌍방울,27,52,0.34177215189873417,8.0
6,1992,80,태평양,36,41,0.4675324675324675,5.0
7,1992,80,해태,49,31,0.6125,2.0
