,Year,Game_idx,Team1,cum_win,cum_lose,Wpct,rank
0,2015,60,KIA,30,30,0.5,7.0
1,2015,60,LG,26,33,0.4406779661016949,9.0
2,2015,60,NC,35,24,0.5932203389830508,1.0
3,2015,60,SK,30,29,0.5084745762711864,6.0
4,2015,60,kt,15,45,0.25,10.0
5,2015,60,넥센,33,26,0.559322033898305,4.0
6,2015,60,두산,35,25,0.5833333333333334,2.5
7,2015,60,롯데,29,31,0.4833333333333333,8.0
8,2015,60,삼성,35,25,0.5833333333333334,2.5
9,2015,60,한화,32,28,0.5333333333333333,5.0
