,Year,Game_idx,Team1,cum_win,cum_lose,Wpct,rank
0,2006,104,KIA,51,50,0.504950495049505,4.0
1,2006,104,LG,40,60,0.4,8.0
2,2006,104,SK,50,53,0.4854368932038835,6.0
3,2006,104,두산,50,52,0.4901960784313725,5.0
4,2006,104,롯데,44,58,0.4313725490196079,7.0
5,2006,104,삼성,62,39,0.6138613861386139,1.0
6,2006,104,한화,55,47,0.5392156862745098,3.0
7,2006,104,현대,57,46,0.5533980582524272,2.0
