,Year,Game_idx,Team1,cum_win,cum_lose,Wpct,rank
0,2012,132,KIA,62,64,0.492063492063492,5.0
1,2012,132,LG,56,72,0.4375,7.0
2,2012,132,SK,70,59,0.5426356589147286,2.0
3,2012,132,넥센,61,68,0.4728682170542636,6.0
4,2012,132,두산,68,61,0.5271317829457365,3.0
5,2012,132,롯데,65,61,0.5158730158730159,4.0
6,2012,132,삼성,79,51,0.6076923076923076,1.0
7,2012,132,한화,53,77,0.4076923076923077,8.0
