,Year,Game_idx,Team1,cum_win,cum_lose,Wpct,rank
0,2004,28,KIA,14,13,0.5185185185185185,4.0
1,2004,28,LG,14,13,0.5185185185185185,4.0
2,2004,28,SK,12,14,0.4615384615384616,6.5
3,2004,28,두산,14,13,0.5185185185185185,4.0
4,2004,28,롯데,10,16,0.38461538461538464,8.0
5,2004,28,삼성,14,12,0.5384615384615384,2.0
6,2004,28,한화,12,14,0.4615384615384616,6.5
7,2004,28,현대,16,11,0.5925925925925926,1.0
