,Year,Game_idx,Team1,cum_win,cum_lose,Wpct,rank
0,2007,93,KIA,37,55,0.4021739130434783,8.0
1,2007,93,LG,44,44,0.5,5.0
2,2007,93,SK,52,36,0.5909090909090909,1.0
3,2007,93,두산,50,41,0.5494505494505495,2.0
4,2007,93,롯데,40,50,0.4444444444444444,7.0
5,2007,93,삼성,47,43,0.5222222222222223,3.0
6,2007,93,한화,47,44,0.5164835164835165,4.0
7,2007,93,현대,42,50,0.4565217391304348,6.0
