,Year,Game_idx,Team1,cum_win,cum_lose,Wpct,rank
0,2005,80,KIA,32,47,0.4050632911392405,8.0
1,2005,80,LG,37,42,0.4683544303797468,5.0
2,2005,80,SK,37,38,0.4933333333333334,4.0
3,2005,80,두산,44,34,0.5641025641025641,2.0
4,2005,80,롯데,37,43,0.4625,6.0
5,2005,80,삼성,47,31,0.6025641025641025,1.0
6,2005,80,한화,41,38,0.5189873417721519,3.0
7,2005,80,현대,35,43,0.4487179487179487,7.0
