,Year,Game_idx,Team1,cum_win,cum_lose,Wpct,rank
0,1999,70,LG,35,35,0.5,5.5
1,1999,70,두산,39,27,0.5909090909090909,2.0
2,1999,70,롯데,43,23,0.6515151515151515,1.0
3,1999,70,삼성,37,31,0.5441176470588235,4.0
4,1999,70,쌍방울,15,50,0.2307692307692308,8.0
5,1999,70,한화,31,37,0.4558823529411765,7.0
6,1999,70,해태,34,34,0.5,5.5
7,1999,70,현대,36,29,0.5538461538461539,3.0
