,Year,Game_idx,Team1,cum_win,cum_lose,Wpct,rank
0,1989,81,MBC,32,46,0.41025641025641024,6.5
1,1989,81,OB,38,41,0.4810126582278481,5.0
2,1989,81,롯데,32,46,0.41025641025641024,6.5
3,1989,81,빙그레,46,32,0.5897435897435898,2.0
4,1989,81,삼성,39,37,0.5131578947368421,3.0
5,1989,81,태평양,39,38,0.5064935064935064,4.0
6,1989,81,해태,47,31,0.6025641025641025,1.0
