,Year,Game_idx,Team1,cum_win,cum_lose,Wpct,rank
0,2016,35,KIA,17,18,0.4857142857142857,7.5
1,2016,35,LG,18,17,0.5142857142857142,5.0
2,2016,35,NC,19,15,0.5588235294117647,3.0
3,2016,35,SK,20,15,0.5714285714285714,2.0
4,2016,35,kt,17,18,0.4857142857142857,7.5
5,2016,35,넥센,18,16,0.5294117647058824,4.0
6,2016,35,두산,23,11,0.6764705882352942,1.0
7,2016,35,롯데,17,18,0.4857142857142857,7.5
8,2016,35,삼성,17,18,0.4857142857142857,7.5
9,2016,35,한화,9,26,0.2571428571428571,10.0
