,Year,Game_idx,Team1,cum_win,cum_lose,Wpct,rank
0,2012,116,KIA,53,58,0.4774774774774775,5.0
1,2012,116,LG,50,62,0.44642857142857145,7.0
2,2012,116,SK,61,52,0.5398230088495575,3.0
3,2012,116,넥센,53,61,0.4649122807017544,6.0
4,2012,116,두산,60,54,0.5263157894736842,4.0
5,2012,116,롯데,62,49,0.5585585585585585,2.0
6,2012,116,삼성,67,47,0.5877192982456141,1.0
7,2012,116,한화,46,68,0.4035087719298245,8.0
