,Year,Game_idx,Team1,cum_win,cum_lose,Wpct,rank
0,2001,128,KIA,57,66,0.4634146341463415,5.0
1,2001,128,LG,54,66,0.45,8.0
2,2001,128,SK,57,69,0.4523809523809524,7.0
3,2001,128,두산,64,59,0.5203252032520326,3.0
4,2001,128,롯데,57,67,0.4596774193548387,6.0
5,2001,128,삼성,79,49,0.6171875,1.0
6,2001,128,한화,58,66,0.4677419354838709,4.0
7,2001,128,현대,71,53,0.5725806451612904,2.0
