,Year,Game_idx,Team1,cum_win,cum_lose,Wpct,rank
0,1996,61,LG,27,32,0.4576271186440678,7.0
1,1996,61,OB,28,31,0.4745762711864407,6.0
2,1996,61,롯데,26,33,0.4406779661016949,8.0
3,1996,61,삼성,29,30,0.4915254237288136,5.0
4,1996,61,쌍방울,30,30,0.5,4.0
5,1996,61,한화,32,29,0.5245901639344263,2.0
6,1996,61,해태,31,30,0.5081967213114754,3.0
7,1996,61,현대,34,25,0.576271186440678,1.0
