,Year,Game_idx,Team1,cum_win,cum_lose,Wpct,rank
0,1991,48,LG,23,24,0.4893617021276596,6.0
1,1991,48,OB,18,30,0.375,8.0
2,1991,48,롯데,24,23,0.5106382978723404,4.0
3,1991,48,빙그레,24,22,0.5217391304347826,3.0
4,1991,48,삼성,26,22,0.5416666666666666,2.0
5,1991,48,쌍방울,19,29,0.3958333333333333,7.0
6,1991,48,태평양,24,24,0.5,5.0
7,1991,48,해태,31,17,0.6458333333333334,1.0
