,Year,Game_idx,Team1,cum_win,cum_lose,Wpct,rank
0,1989,85,MBC,32,49,0.3950617283950617,7.0
1,1989,85,OB,41,42,0.4939759036144578,4.0
2,1989,85,롯데,34,48,0.4146341463414634,6.0
3,1989,85,빙그레,48,34,0.5853658536585366,2.0
4,1989,85,삼성,40,40,0.5,3.0
5,1989,85,태평양,40,41,0.4938271604938271,5.0
6,1989,85,해태,49,33,0.5975609756097561,1.0
