,Year,Game_idx,Team1,cum_win,cum_lose,Wpct,rank
0,2011,12,KIA,6,6,0.5,4.5
1,2011,12,LG,8,4,0.6666666666666666,2.0
2,2011,12,SK,10,2,0.8333333333333334,1.0
3,2011,12,넥센,4,8,0.3333333333333333,6.0
4,2011,12,두산,7,4,0.6363636363636364,3.0
5,2011,12,롯데,3,8,0.2727272727272727,7.0
6,2011,12,삼성,6,6,0.5,4.5
7,2011,12,한화,3,9,0.25,8.0
