,Year,Game_idx,Team1,cum_win,cum_lose,Wpct,rank
0,1997,73,LG,42,29,0.5915492957746479,2.0
1,1997,73,OB,38,31,0.5507246376811594,4.0
2,1997,73,롯데,28,44,0.3888888888888889,7.0
3,1997,73,삼성,40,28,0.5882352941176471,3.0
4,1997,73,쌍방울,39,33,0.5416666666666666,5.0
5,1997,73,한화,30,41,0.4225352112676056,6.0
6,1997,73,해태,45,27,0.625,1.0
7,1997,73,현대,26,43,0.37681159420289856,8.0
