,Year,Game_idx,Team1,cum_win,cum_lose,Wpct,rank
0,1992,106,LG,42,61,0.4077669902912621,7.0
1,1992,106,OB,48,55,0.4660194174757282,5.0
2,1992,106,롯데,62,44,0.5849056603773585,3.0
3,1992,106,빙그레,65,39,0.625,1.0
4,1992,106,삼성,56,48,0.5384615384615384,4.0
5,1992,106,쌍방울,36,69,0.3428571428571429,8.0
6,1992,106,태평양,45,58,0.4368932038834951,6.0
7,1992,106,해태,64,42,0.6037735849056604,2.0
