,Year,Game_idx,Team1,cum_win,cum_lose,Wpct,rank
0,2015,9,KIA,6,3,0.6666666666666666,2.5
1,2015,9,LG,4,5,0.4444444444444444,7.5
2,2015,9,NC,6,3,0.6666666666666666,2.5
3,2015,9,SK,6,3,0.6666666666666666,2.5
4,2015,9,kt,0,9,0.0,10.0
5,2015,9,넥센,3,6,0.3333333333333333,9.0
6,2015,9,두산,5,4,0.5555555555555556,5.5
7,2015,9,롯데,5,4,0.5555555555555556,5.5
8,2015,9,삼성,6,3,0.6666666666666666,2.5
9,2015,9,한화,4,5,0.4444444444444444,7.5
