,Year,Game_idx,Team1,cum_win,cum_lose,Wpct,rank
0,1993,73,LG,43,29,0.5972222222222222,2.0
1,1993,73,OB,33,35,0.4852941176470588,5.0
2,1993,73,롯데,36,37,0.4931506849315068,4.0
3,1993,73,빙그레,30,41,0.4225352112676056,6.0
4,1993,73,삼성,37,32,0.5362318840579711,3.0
5,1993,73,쌍방울,28,41,0.4057971014492754,7.0
6,1993,73,태평양,24,42,0.3636363636363637,8.0
7,1993,73,해태,48,24,0.6666666666666666,1.0
