,Year,Game_idx,Team1,cum_win,cum_lose,Wpct,rank
0,1997,39,LG,25,14,0.6410256410256411,1.5
1,1997,39,OB,20,17,0.5405405405405406,3.5
2,1997,39,롯데,16,23,0.41025641025641024,6.0
3,1997,39,삼성,20,17,0.5405405405405406,3.5
4,1997,39,쌍방울,19,20,0.4871794871794872,5.0
5,1997,39,한화,11,26,0.2972972972972973,8.0
6,1997,39,해태,25,14,0.6410256410256411,1.5
7,1997,39,현대,15,22,0.40540540540540543,7.0
