,Year,Game_idx,Team1,cum_win,cum_lose,Wpct,rank
0,2008,62,KIA,28,34,0.4516129032258064,6.0
1,2008,62,LG,23,39,0.3709677419354839,7.0
2,2008,62,SK,43,19,0.6935483870967742,1.0
3,2008,62,두산,35,27,0.5645161290322581,2.0
4,2008,62,롯데,34,28,0.5483870967741935,3.0
5,2008,62,삼성,31,31,0.5,5.0
6,2008,62,한화,33,29,0.532258064516129,4.0
7,2008,62,히어로즈,22,40,0.3548387096774194,8.0
