,Year,Game_idx,Team1,cum_win,cum_lose,Wpct,rank
0,2016,20,KIA,8,12,0.4,9.0
1,2016,20,LG,10,10,0.5,5.5
2,2016,20,NC,10,10,0.5,5.5
3,2016,20,SK,13,7,0.65,2.0
4,2016,20,kt,10,10,0.5,5.5
5,2016,20,넥센,10,9,0.5263157894736842,3.0
6,2016,20,두산,15,4,0.7894736842105263,1.0
7,2016,20,롯데,10,10,0.5,5.5
8,2016,20,삼성,9,11,0.45,8.0
9,2016,20,한화,4,16,0.2,10.0
