,Year,Game_idx,Team1,cum_win,cum_lose,Wpct,rank
0,1992,47,LG,17,28,0.37777777777777777,7.0
1,1992,47,OB,21,24,0.4666666666666667,5.0
2,1992,47,롯데,24,23,0.5106382978723404,4.0
3,1992,47,빙그레,34,12,0.7391304347826086,1.0
4,1992,47,삼성,24,22,0.5217391304347826,3.0
5,1992,47,쌍방울,15,31,0.32608695652173914,8.0
6,1992,47,태평양,18,26,0.4090909090909091,6.0
7,1992,47,해태,31,16,0.6595744680851063,2.0
