,Year,Game_idx,Team1,cum_win,cum_lose,Wpct,rank
0,2010,64,KIA,33,31,0.515625,3.5
1,2010,64,LG,29,34,0.4603174603174603,6.0
2,2010,64,SK,43,21,0.671875,1.0
3,2010,64,넥센,25,38,0.3968253968253968,7.0
4,2010,64,두산,36,27,0.5714285714285714,2.0
5,2010,64,롯데,31,32,0.492063492063492,5.0
6,2010,64,삼성,33,31,0.515625,3.5
7,2010,64,한화,25,39,0.390625,8.0
