,Year,Game_idx,Team1,cum_win,cum_lose,Wpct,rank
0,2006,41,KIA,20,20,0.5,5.0
1,2006,41,LG,15,25,0.375,7.0
2,2006,41,SK,21,20,0.5121951219512195,4.0
3,2006,41,두산,17,22,0.4358974358974359,6.0
4,2006,41,롯데,13,28,0.3170731707317073,8.0
5,2006,41,삼성,24,16,0.6,3.0
6,2006,41,한화,25,15,0.625,2.0
7,2006,41,현대,26,15,0.6341463414634146,1.0
