,Year,Game_idx,Team1,cum_win,cum_lose,Wpct,rank
0,2010,97,KIA,42,55,0.4329896907216495,6.0
1,2010,97,LG,42,54,0.4375,5.0
2,2010,97,SK,64,33,0.6597938144329897,1.0
3,2010,97,넥센,37,57,0.39361702127659576,7.0
4,2010,97,두산,56,39,0.5894736842105263,3.0
5,2010,97,롯데,46,48,0.4893617021276596,4.0
6,2010,97,삼성,59,37,0.6145833333333334,2.0
7,2010,97,한화,38,59,0.3917525773195876,8.0
