,Year,Game_idx,Team1,cum_win,cum_lose,Wpct,rank
0,2009,67,KIA,36,28,0.5625,3.0
1,2009,67,LG,30,34,0.46875,5.0
2,2009,67,SK,38,25,0.6031746031746031,1.0
3,2009,67,두산,39,26,0.6,2.0
4,2009,67,롯데,30,37,0.4477611940298508,6.0
5,2009,67,삼성,29,38,0.4328358208955224,7.0
6,2009,67,한화,24,40,0.375,8.0
7,2009,67,히어로즈,31,35,0.4696969696969697,4.0
