,Year,Game_idx,Team1,cum_win,cum_lose,Wpct,rank
0,2003,18,KIA,12,5,0.7058823529411765,2.5
1,2003,18,LG,9,8,0.5294117647058824,5.0
2,2003,18,SK,10,7,0.5882352941176471,4.0
3,2003,18,두산,4,14,0.2222222222222222,7.0
4,2003,18,롯데,2,14,0.125,8.0
5,2003,18,삼성,14,3,0.8235294117647058,1.0
6,2003,18,한화,6,11,0.35294117647058826,6.0
7,2003,18,현대,12,5,0.7058823529411765,2.5
