,Year,Game_idx,Team1,cum_win,cum_lose,Wpct,rank
0,1991,75,LG,39,35,0.527027027027027,4.0
1,1991,75,OB,24,50,0.32432432432432434,8.0
2,1991,75,롯데,38,36,0.5135135135135135,5.0
3,1991,75,빙그레,40,32,0.5555555555555556,2.0
4,1991,75,삼성,41,34,0.5466666666666666,3.0
5,1991,75,쌍방울,29,44,0.3972602739726027,7.0
6,1991,75,태평양,36,39,0.48,6.0
7,1991,75,해태,48,25,0.6575342465753424,1.0
