,Year,Game_idx,Team1,cum_win,cum_lose,Wpct,rank
0,2000,113,LG,54,56,0.4909090909090909,5.0
1,2000,113,SK,34,76,0.3090909090909091,8.0
2,2000,113,두산,64,49,0.5663716814159292,3.0
3,2000,113,롯데,56,53,0.5137614678899083,4.0
4,2000,113,삼성,62,46,0.5740740740740741,2.0
5,2000,113,한화,44,64,0.4074074074074074,7.0
6,2000,113,해태,49,60,0.44954128440366975,6.0
7,2000,113,현대,77,34,0.6936936936936937,1.0
