,Year,Game_idx,Team1,cum_win,cum_lose,Wpct,rank
0,2008,98,KIA,47,51,0.4795918367346938,6.0
1,2008,98,LG,33,65,0.33673469387755106,8.0
2,2008,98,SK,64,34,0.6530612244897959,1.0
3,2008,98,두산,54,44,0.5510204081632653,2.5
4,2008,98,롯데,52,46,0.5306122448979592,4.0
5,2008,98,삼성,49,49,0.5,5.0
6,2008,98,한화,54,44,0.5510204081632653,2.5
7,2008,98,히어로즈,39,59,0.3979591836734694,7.0
