,Year,Game_idx,Team1,cum_win,cum_lose,Wpct,rank
0,1998,52,LG,26,26,0.5,3.0
1,1998,52,OB,24,28,0.4615384615384616,4.0
2,1998,52,롯데,19,30,0.3877551020408163,8.0
3,1998,52,삼성,28,23,0.5490196078431373,2.0
4,1998,52,쌍방울,23,29,0.4423076923076923,6.0
5,1998,52,한화,23,27,0.46,5.0
6,1998,52,해태,22,30,0.4230769230769231,7.0
7,1998,52,현대,38,14,0.7307692307692307,1.0
