,Year,Game_idx,Team1,cum_win,cum_lose,Wpct,rank
0,1999,132,LG,61,70,0.4656488549618321,6.0
1,1999,132,두산,76,51,0.5984251968503937,1.0
2,1999,132,롯데,75,52,0.5905511811023622,2.0
3,1999,132,삼성,73,57,0.5615384615384615,3.0
4,1999,132,쌍방울,28,97,0.22399999999999998,8.0
5,1999,132,한화,72,58,0.5538461538461539,4.0
6,1999,132,해태,60,69,0.4651162790697674,7.0
7,1999,132,현대,68,59,0.5354330708661418,5.0
