,Year,Game_idx,Team1,cum_win,cum_lose,Wpct,rank
0,1995,58,LG,36,21,0.631578947368421,2.0
1,1995,58,OB,35,20,0.6363636363636364,1.0
2,1995,58,롯데,28,28,0.5,3.5
3,1995,58,삼성,26,28,0.4814814814814815,5.0
4,1995,58,쌍방울,24,33,0.42105263157894735,7.0
5,1995,58,태평양,21,34,0.3818181818181817,8.0
6,1995,58,한화,29,29,0.5,3.5
7,1995,58,해태,26,32,0.4482758620689655,6.0
