,Year,Game_idx,Team1,cum_win,cum_lose,Wpct,rank
0,2007,94,KIA,37,56,0.3978494623655914,8.0
1,2007,94,LG,45,44,0.5056179775280899,5.0
2,2007,94,SK,53,36,0.5955056179775281,1.0
3,2007,94,두산,50,42,0.5434782608695652,2.0
4,2007,94,롯데,41,50,0.4505494505494506,7.0
5,2007,94,삼성,48,43,0.5274725274725275,3.0
6,2007,94,한화,48,44,0.5217391304347826,4.0
7,2007,94,현대,42,51,0.4516129032258064,6.0
