,Year,Game_idx,Team1,cum_win,cum_lose,Wpct,rank
0,2015,39,KIA,19,20,0.4871794871794872,7.5
1,2015,39,LG,16,22,0.42105263157894735,9.0
2,2015,39,NC,20,18,0.5263157894736842,5.0
3,2015,39,SK,24,15,0.6153846153846154,1.5
4,2015,39,kt,7,32,0.1794871794871795,10.0
5,2015,39,넥센,22,17,0.5641025641025641,4.0
6,2015,39,두산,23,16,0.5897435897435898,3.0
7,2015,39,롯데,19,20,0.4871794871794872,7.5
8,2015,39,삼성,24,15,0.6153846153846154,1.5
9,2015,39,한화,20,19,0.5128205128205128,6.0
