,Year,Game_idx,Team1,cum_win,cum_lose,Wpct,rank
0,1999,51,LG,26,25,0.5098039215686274,5.0
1,1999,51,두산,28,21,0.5714285714285714,2.5
2,1999,51,롯데,30,17,0.6382978723404256,1.0
3,1999,51,삼성,28,21,0.5714285714285714,2.5
4,1999,51,쌍방울,11,37,0.22916666666666666,8.0
5,1999,51,한화,22,28,0.44,7.0
6,1999,51,해태,24,27,0.4705882352941176,6.0
7,1999,51,현대,27,22,0.5510204081632653,4.0
