,Year,Game_idx,Team1,cum_win,cum_lose,Wpct,rank
0,1995,82,LG,50,31,0.6172839506172839,1.0
1,1995,82,OB,44,33,0.5714285714285714,2.0
2,1995,82,롯데,41,37,0.5256410256410257,3.0
3,1995,82,삼성,39,38,0.5064935064935064,4.0
4,1995,82,쌍방울,29,52,0.3580246913580247,8.0
5,1995,82,태평양,33,46,0.4177215189873418,7.0
6,1995,82,한화,41,41,0.5,6.0
7,1995,82,해태,41,40,0.5061728395061729,5.0
