,Year,Game_idx,Team1,cum_win,cum_lose,Wpct,rank
0,1991,70,LG,37,32,0.5362318840579711,4.0
1,1991,70,OB,23,47,0.32857142857142857,8.0
2,1991,70,롯데,35,34,0.5072463768115942,5.0
3,1991,70,빙그레,36,31,0.5373134328358209,3.0
4,1991,70,삼성,38,32,0.5428571428571428,2.0
5,1991,70,쌍방울,27,42,0.39130434782608703,7.0
6,1991,70,태평양,35,35,0.5,6.0
7,1991,70,해태,46,22,0.6764705882352942,1.0
