,Year,Game_idx,Team1,cum_win,cum_lose,Wpct,rank
0,2006,47,KIA,23,22,0.5111111111111111,4.0
1,2006,47,LG,16,30,0.3478260869565217,7.0
2,2006,47,SK,24,23,0.5106382978723404,5.0
3,2006,47,두산,22,23,0.4888888888888889,6.0
4,2006,47,롯데,16,31,0.3404255319148936,8.0
5,2006,47,삼성,27,18,0.6,2.0
6,2006,47,한화,28,18,0.6086956521739131,1.0
7,2006,47,현대,28,19,0.5957446808510638,3.0
