,Year,Game_idx,Team1,cum_win,cum_lose,Wpct,rank
0,2013,84,KIA,39,43,0.475609756097561,6.0
1,2013,84,LG,49,35,0.5833333333333334,2.0
2,2013,84,NC,32,49,0.3950617283950617,8.0
3,2013,84,SK,38,45,0.4578313253012048,7.0
4,2013,84,넥센,47,36,0.5662650602409639,3.0
5,2013,84,두산,45,37,0.5487804878048781,4.0
6,2013,84,롯데,43,39,0.5243902439024389,5.0
7,2013,84,삼성,52,30,0.6341463414634146,1.0
8,2013,84,한화,24,59,0.2891566265060241,9.0
