,Year,Game_idx,Team1,cum_win,cum_lose,Wpct,rank
0,2000,110,LG,53,54,0.4953271028037383,5.0
1,2000,110,SK,32,75,0.29906542056074764,8.0
2,2000,110,두산,61,49,0.5545454545454546,3.0
3,2000,110,롯데,56,50,0.5283018867924528,4.0
4,2000,110,삼성,60,45,0.5714285714285714,2.0
5,2000,110,한화,43,62,0.4095238095238095,7.0
6,2000,110,해태,48,58,0.4528301886792453,6.0
7,2000,110,현대,74,34,0.6851851851851852,1.0
