,Year,Game_idx,Team1,cum_win,cum_lose,Wpct,rank
0,2012,75,KIA,36,35,0.5070422535211268,6.0
1,2012,75,LG,32,41,0.4383561643835616,7.0
2,2012,75,SK,38,36,0.5135135135135135,5.0
3,2012,75,넥센,38,35,0.5205479452054794,4.0
4,2012,75,두산,40,34,0.5405405405405406,3.0
5,2012,75,롯데,39,32,0.5492957746478874,2.0
6,2012,75,삼성,42,31,0.5753424657534246,1.0
7,2012,75,한화,28,46,0.3783783783783784,8.0
