,Year,Game_idx,Team1,cum_win,cum_lose,Wpct,rank
0,2003,12,KIA,10,2,0.8333333333333334,2.0
1,2003,12,LG,6,5,0.5454545454545454,4.5
2,2003,12,SK,7,5,0.5833333333333334,3.0
3,2003,12,두산,1,11,0.08333333333333333,7.0
4,2003,12,롯데,0,12,0.0,8.0
5,2003,12,삼성,11,1,0.9166666666666666,1.0
6,2003,12,한화,6,6,0.5,6.0
7,2003,12,현대,6,5,0.5454545454545454,4.5
