,Year,Game_idx,Team1,cum_win,cum_lose,Wpct,rank
0,2001,20,KIA,9,10,0.4736842105263158,6.0
1,2001,20,LG,6,14,0.3,7.5
2,2001,20,SK,12,8,0.6,2.5
3,2001,20,두산,13,6,0.6842105263157895,1.0
4,2001,20,롯데,6,14,0.3,7.5
5,2001,20,삼성,12,8,0.6,2.5
6,2001,20,한화,11,9,0.55,4.0
7,2001,20,현대,10,10,0.5,5.0
