,Year,Game_idx,Team1,cum_win,cum_lose,Wpct,rank
0,1993,34,LG,20,14,0.5882352941176471,2.0
1,1993,34,OB,16,16,0.5,5.0
2,1993,34,롯데,18,16,0.5294117647058824,3.5
3,1993,34,빙그레,18,16,0.5294117647058824,3.5
4,1993,34,삼성,16,17,0.4848484848484849,6.0
5,1993,34,쌍방울,10,23,0.30303030303030304,8.0
6,1993,34,태평양,10,21,0.3225806451612903,7.0
7,1993,34,해태,23,10,0.696969696969697,1.0
