,Year,Game_idx,Team1,cum_win,cum_lose,Wpct,rank
0,2007,53,KIA,20,32,0.38461538461538464,8.0
1,2007,53,LG,24,27,0.4705882352941176,6.5
2,2007,53,SK,27,22,0.5510204081632653,2.0
3,2007,53,두산,29,23,0.5576923076923077,1.0
4,2007,53,롯데,24,27,0.4705882352941176,6.5
5,2007,53,삼성,26,24,0.52,4.0
6,2007,53,한화,28,24,0.5384615384615384,3.0
7,2007,53,현대,26,27,0.490566037735849,5.0
