,Year,Game_idx,Team1,cum_win,cum_lose,Wpct,rank
0,2011,31,KIA,15,16,0.4838709677419355,5.0
1,2011,31,LG,18,13,0.5806451612903226,2.0
2,2011,31,SK,22,9,0.7096774193548387,1.0
3,2011,31,넥센,14,17,0.4516129032258064,6.0
4,2011,31,두산,15,15,0.5,4.0
5,2011,31,롯데,13,16,0.4482758620689655,7.0
6,2011,31,삼성,16,15,0.5161290322580645,3.0
7,2011,31,한화,9,21,0.3,8.0
