,Year,Game_idx,Team1,cum_win,cum_lose,Wpct,rank
0,2002,71,KIA,45,23,0.6617647058823529,1.0
1,2002,71,LG,35,33,0.5147058823529411,4.0
2,2002,71,SK,33,35,0.4852941176470588,6.0
3,2002,71,두산,41,28,0.5942028985507246,2.0
4,2002,71,롯데,19,51,0.2714285714285714,8.0
5,2002,71,삼성,40,31,0.5633802816901409,3.0
6,2002,71,한화,29,39,0.4264705882352941,7.0
7,2002,71,현대,33,34,0.4925373134328358,5.0
