,Year,Game_idx,Team1,cum_win,cum_lose,Wpct,rank
0,1989,18,MBC,6,11,0.35294117647058826,6.0
1,1989,18,OB,5,13,0.2777777777777778,7.0
2,1989,18,롯데,9,9,0.5,4.0
3,1989,18,빙그레,11,6,0.6470588235294118,2.0
4,1989,18,삼성,12,5,0.7058823529411765,1.0
5,1989,18,태평양,8,9,0.4705882352941176,5.0
6,1989,18,해태,11,7,0.6111111111111112,3.0
