,Year,Game_idx,Team1,cum_win,cum_lose,Wpct,rank
0,2003,55,KIA,30,24,0.5555555555555556,4.0
1,2003,55,LG,26,27,0.490566037735849,6.0
2,2003,55,SK,35,19,0.6481481481481481,1.0
3,2003,55,두산,15,40,0.2727272727272727,8.0
4,2003,55,롯데,18,35,0.33962264150943394,7.0
5,2003,55,삼성,33,20,0.6226415094339622,2.0
6,2003,55,한화,26,26,0.5,5.0
7,2003,55,현대,32,22,0.5925925925925926,3.0
