,Year,Game_idx,Team1,cum_win,cum_lose,Wpct,rank
0,1989,50,MBC,21,27,0.4375,6.0
1,1989,50,OB,22,27,0.4489795918367347,4.0
2,1989,50,롯데,16,33,0.32653061224489793,7.0
3,1989,50,빙그레,29,19,0.6041666666666666,2.0
4,1989,50,삼성,29,20,0.5918367346938775,3.0
5,1989,50,태평양,21,26,0.44680851063829785,5.0
6,1989,50,해태,30,18,0.625,1.0
