,Year,Game_idx,Team1,cum_win,cum_lose,Wpct,rank
0,1997,25,LG,16,9,0.64,1.0
1,1997,25,OB,11,13,0.4583333333333333,5.0
2,1997,25,롯데,11,14,0.44,6.0
3,1997,25,삼성,12,11,0.5217391304347826,4.0
4,1997,25,쌍방울,14,11,0.56,3.0
5,1997,25,한화,8,16,0.3333333333333333,8.0
6,1997,25,해태,15,10,0.6,2.0
7,1997,25,현대,10,14,0.4166666666666667,7.0
