,Year,Game_idx,Team1,cum_win,cum_lose,Wpct,rank
0,1992,66,LG,22,42,0.34375,8.0
1,1992,66,OB,32,32,0.5,5.0
2,1992,66,롯데,38,28,0.5757575757575758,3.0
3,1992,66,빙그레,41,24,0.6307692307692307,1.0
4,1992,66,삼성,34,31,0.5230769230769231,4.0
5,1992,66,쌍방울,23,42,0.3538461538461539,7.0
6,1992,66,태평양,28,35,0.4444444444444444,6.0
7,1992,66,해태,40,26,0.6060606060606061,2.0
