,Year,Game_idx,Team1,cum_win,cum_lose,Wpct,rank
0,2013,78,KIA,38,38,0.5,6.0
1,2013,78,LG,46,32,0.5897435897435898,2.0
2,2013,78,NC,28,47,0.37333333333333335,8.0
3,2013,78,SK,36,41,0.4675324675324675,7.0
4,2013,78,넥센,43,34,0.5584415584415584,3.0
5,2013,78,두산,41,35,0.5394736842105263,4.0
6,2013,78,롯데,40,36,0.5263157894736842,5.0
7,2013,78,삼성,48,28,0.631578947368421,1.0
8,2013,78,한화,23,54,0.2987012987012987,9.0
