,Year,Game_idx,Team1,cum_win,cum_lose,Wpct,rank
0,2014,91,KIA,40,51,0.4395604395604396,7.0
1,2014,91,LG,41,49,0.4555555555555556,5.0
2,2014,91,NC,52,39,0.5714285714285714,3.0
3,2014,91,SK,39,52,0.42857142857142855,8.0
4,2014,91,넥센,53,37,0.5888888888888889,2.0
5,2014,91,두산,41,50,0.4505494505494506,6.0
6,2014,91,롯데,44,46,0.4888888888888889,4.0
7,2014,91,삼성,60,29,0.6741573033707865,1.0
8,2014,91,한화,36,54,0.4,9.0
