,Year,Game_idx,Team1,cum_win,cum_lose,Wpct,rank
0,1993,95,LG,57,36,0.6129032258064516,2.0
1,1993,95,OB,48,42,0.5333333333333333,4.0
2,1993,95,롯데,45,50,0.4736842105263158,5.0
3,1993,95,빙그레,40,52,0.43478260869565216,6.0
4,1993,95,삼성,51,39,0.5666666666666667,3.0
5,1993,95,쌍방울,35,55,0.3888888888888889,7.0
6,1993,95,태평양,28,58,0.32558139534883723,8.0
7,1993,95,해태,62,32,0.6595744680851063,1.0
