,Year,Game_idx,Team1,cum_win,cum_lose,Wpct,rank
0,1993,98,LG,58,38,0.6041666666666666,2.0
1,1993,98,OB,51,42,0.5483870967741935,4.0
2,1993,98,롯데,47,51,0.4795918367346938,5.0
3,1993,98,빙그레,42,53,0.4421052631578947,6.0
4,1993,98,삼성,53,40,0.5698924731182796,3.0
5,1993,98,쌍방울,36,57,0.3870967741935484,7.0
6,1993,98,태평양,28,61,0.3146067415730337,8.0
7,1993,98,해태,63,34,0.6494845360824743,1.0
