,Year,Game_idx,Team1,cum_win,cum_lose,Wpct,rank
0,1999,67,LG,34,33,0.5074626865671642,5.0
1,1999,67,두산,37,26,0.5873015873015873,2.0
2,1999,67,롯데,41,22,0.6507936507936508,1.0
3,1999,67,삼성,34,31,0.5230769230769231,4.0
4,1999,67,쌍방울,15,48,0.2380952380952381,8.0
5,1999,67,한화,29,36,0.4461538461538462,7.0
6,1999,67,해태,31,34,0.476923076923077,6.0
7,1999,67,현대,33,29,0.532258064516129,3.0
