,Year,Game_idx,Team1,cum_win,cum_lose,Wpct,rank
0,2012,100,KIA,48,48,0.5,5.0
1,2012,100,LG,43,54,0.4432989690721649,7.0
2,2012,100,SK,52,46,0.5306122448979592,4.0
3,2012,100,넥센,48,50,0.4897959183673469,6.0
4,2012,100,두산,53,46,0.5353535353535354,2.0
5,2012,100,롯데,51,45,0.53125,3.0
6,2012,100,삼성,57,41,0.5816326530612245,1.0
7,2012,100,한화,38,60,0.3877551020408163,8.0
