,Year,Game_idx,Team1,cum_win,cum_lose,Wpct,rank
0,2015,109,KIA,54,55,0.4954128440366973,5.0
1,2015,109,LG,47,61,0.4351851851851852,9.0
2,2015,109,NC,63,44,0.5887850467289719,2.0
3,2015,109,SK,50,57,0.4672897196261682,7.0
4,2015,109,kt,37,72,0.3394495412844037,10.0
5,2015,109,넥센,58,50,0.5370370370370371,4.0
6,2015,109,두산,60,49,0.5504587155963303,3.0
7,2015,109,롯데,50,59,0.4587155963302753,8.0
8,2015,109,삼성,68,41,0.6238532110091743,1.0
9,2015,109,한화,53,56,0.4862385321100918,6.0
