,Year,Game_idx,Team1,cum_win,cum_lose,Wpct,rank
0,1993,90,LG,55,33,0.625,2.0
1,1993,90,OB,45,40,0.5294117647058824,4.0
2,1993,90,롯데,43,47,0.4777777777777778,5.0
3,1993,90,빙그레,37,51,0.4204545454545455,6.0
4,1993,90,삼성,47,39,0.5465116279069767,3.0
5,1993,90,쌍방울,35,51,0.4069767441860465,7.0
6,1993,90,태평양,28,54,0.3414634146341464,8.0
7,1993,90,해태,57,32,0.6404494382022472,1.0
