,Year,Game_idx,Team1,cum_win,cum_lose,Wpct,rank
0,1990,83,LG,46,37,0.5542168674698795,3.0
1,1990,83,OB,25,55,0.3125,7.0
2,1990,83,롯데,33,48,0.4074074074074074,6.0
3,1990,83,빙그레,48,33,0.5925925925925926,1.5
4,1990,83,삼성,48,33,0.5925925925925926,1.5
5,1990,83,태평양,41,40,0.5061728395061729,5.0
6,1990,83,해태,43,37,0.5375,4.0
