,Year,Game_idx,Team1,cum_win,cum_lose,Wpct,rank
0,1994,88,LG,56,32,0.6363636363636364,1.0
1,1994,88,OB,39,48,0.4482758620689655,6.0
2,1994,88,롯데,38,47,0.4470588235294118,7.0
3,1994,88,삼성,44,43,0.5057471264367817,5.0
4,1994,88,쌍방울,29,57,0.3372093023255814,8.0
5,1994,88,태평양,47,39,0.5465116279069767,3.0
6,1994,88,한화,48,39,0.5517241379310345,2.0
7,1994,88,해태,45,41,0.5232558139534884,4.0
