,Year,Game_idx,Team1,cum_win,cum_lose,Wpct,rank
0,2004,109,KIA,51,54,0.4857142857142857,5.0
1,2004,109,LG,50,55,0.4761904761904762,6.0
2,2004,109,SK,51,51,0.5,4.0
3,2004,109,두산,57,51,0.5277777777777778,3.0
4,2004,109,롯데,38,60,0.3877551020408163,8.0
5,2004,109,삼성,61,42,0.5922330097087378,1.0
6,2004,109,한화,46,57,0.4466019417475728,7.0
7,2004,109,현대,61,43,0.5865384615384616,2.0
