,Year,Game_idx,Team1,cum_win,cum_lose,Wpct,rank
0,1989,76,MBC,31,42,0.4246575342465753,6.0
1,1989,76,OB,35,39,0.472972972972973,5.0
2,1989,76,롯데,31,43,0.4189189189189189,7.0
3,1989,76,빙그레,45,28,0.6164383561643836,1.0
4,1989,76,삼성,37,34,0.5211267605633803,3.0
5,1989,76,태평양,36,36,0.5,4.0
6,1989,76,해태,43,30,0.589041095890411,2.0
