,Year,Game_idx,Team1,cum_win,cum_lose,Wpct,rank
0,1995,3,LG,2,1,0.6666666666666666,3.0
1,1995,3,OB,2,1,0.6666666666666666,3.0
2,1995,3,롯데,1,2,0.3333333333333333,6.0
3,1995,3,삼성,1,2,0.3333333333333333,6.0
4,1995,3,쌍방울,3,0,1.0,1.0
5,1995,3,태평양,2,1,0.6666666666666666,3.0
6,1995,3,한화,1,2,0.3333333333333333,6.0
7,1995,3,해태,0,3,0.0,8.0
