,Year,Game_idx,Team1,cum_win,cum_lose,Wpct,rank
0,1995,106,LG,62,41,0.6019417475728155,1.0
1,1995,106,OB,60,41,0.594059405940594,2.0
2,1995,106,롯데,57,44,0.5643564356435643,3.0
3,1995,106,삼성,51,49,0.51,5.0
4,1995,106,쌍방울,37,66,0.3592233009708738,8.0
5,1995,106,태평양,40,62,0.392156862745098,7.0
6,1995,106,한화,48,58,0.4528301886792453,6.0
7,1995,106,해태,53,49,0.5196078431372549,4.0
