,Year,Game_idx,Team1,cum_win,cum_lose,Wpct,rank
0,2003,101,KIA,55,42,0.5670103092783505,3.0
1,2003,101,LG,49,50,0.494949494949495,5.0
2,2003,101,SK,53,46,0.5353535353535354,4.0
3,2003,101,두산,40,59,0.404040404040404,7.0
4,2003,101,롯데,27,71,0.2755102040816326,8.0
5,2003,101,삼성,62,37,0.6262626262626263,2.0
6,2003,101,한화,45,53,0.4591836734693878,6.0
7,2003,101,현대,63,36,0.6363636363636364,1.0
