,Year,Game_idx,Team1,cum_win,cum_lose,Wpct,rank
0,2012,16,KIA,6,10,0.375,6.5
1,2012,16,LG,8,8,0.5,5.0
2,2012,16,SK,9,7,0.5625,3.5
3,2012,16,넥센,9,7,0.5625,3.5
4,2012,16,두산,10,5,0.6666666666666666,1.5
5,2012,16,롯데,10,5,0.6666666666666666,1.5
6,2012,16,삼성,6,10,0.375,6.5
7,2012,16,한화,4,12,0.25,8.0
