,Year,Game_idx,Team1,cum_win,cum_lose,Wpct,rank
0,2011,99,KIA,57,42,0.5757575757575758,2.0
1,2011,99,LG,48,51,0.4848484848484849,5.0
2,2011,99,SK,55,44,0.5555555555555556,3.0
3,2011,99,넥센,40,59,0.404040404040404,8.0
4,2011,99,두산,42,55,0.4329896907216495,6.0
5,2011,99,롯데,50,46,0.5208333333333334,4.0
6,2011,99,삼성,60,37,0.6185567010309279,1.0
7,2011,99,한화,42,56,0.42857142857142855,7.0
