,Year,Game_idx,Team1,cum_win,cum_lose,Wpct,rank
0,2009,27,KIA,11,14,0.44,5.5
1,2009,27,LG,14,12,0.5384615384615384,3.0
2,2009,27,SK,17,7,0.7083333333333334,1.0
3,2009,27,두산,14,11,0.56,2.0
4,2009,27,롯데,9,18,0.3333333333333333,8.0
5,2009,27,삼성,14,13,0.5185185185185185,4.0
6,2009,27,한화,11,14,0.44,5.5
7,2009,27,히어로즈,11,16,0.4074074074074074,7.0
