,Year,Game_idx,Team1,cum_win,cum_lose,Wpct,rank
0,1992,73,LG,26,45,0.3661971830985916,7.0
1,1992,73,OB,34,37,0.4788732394366197,5.0
2,1992,73,롯데,42,31,0.5753424657534246,3.0
3,1992,73,빙그레,46,26,0.6388888888888888,1.0
4,1992,73,삼성,38,34,0.5277777777777778,4.0
5,1992,73,쌍방울,26,46,0.3611111111111111,8.0
6,1992,73,태평양,31,39,0.4428571428571429,6.0
7,1992,73,해태,44,29,0.6027397260273972,2.0
