,Year,Game_idx,Team1,cum_win,cum_lose,Wpct,rank
0,2010,78,KIA,34,44,0.4358974358974359,6.0
1,2010,78,LG,35,42,0.4545454545454545,5.0
2,2010,78,SK,54,24,0.6923076923076923,1.0
3,2010,78,넥센,32,45,0.4155844155844156,7.0
4,2010,78,두산,45,32,0.5844155844155844,2.0
5,2010,78,롯데,37,39,0.4868421052631579,4.0
6,2010,78,삼성,43,34,0.5584415584415584,3.0
7,2010,78,한화,29,49,0.3717948717948718,8.0
