,Year,Game_idx,Team1,cum_win,cum_lose,Wpct,rank
0,2011,58,KIA,33,25,0.5689655172413793,4.0
1,2011,58,LG,34,24,0.5862068965517241,2.0
2,2011,58,SK,35,23,0.603448275862069,1.0
3,2011,58,넥센,20,38,0.3448275862068966,8.0
4,2011,58,두산,24,32,0.42857142857142855,6.0
5,2011,58,롯데,26,29,0.4727272727272727,5.0
6,2011,58,삼성,32,24,0.5714285714285714,3.0
7,2011,58,한화,24,33,0.42105263157894735,7.0
