,Year,Game_idx,Team1,cum_win,cum_lose,Wpct,rank
0,1990,47,LG,23,24,0.4893617021276596,5.5
1,1990,47,OB,15,31,0.32608695652173914,7.0
2,1990,47,롯데,24,23,0.5106382978723404,4.0
3,1990,47,빙그레,27,20,0.5744680851063829,1.0
4,1990,47,삼성,25,22,0.5319148936170213,2.0
5,1990,47,태평양,23,24,0.4893617021276596,5.5
6,1990,47,해태,24,22,0.5217391304347826,3.0
