,Year,Game_idx,Team1,cum_win,cum_lose,Wpct,rank
0,1989,20,MBC,6,13,0.3157894736842105,6.0
1,1989,20,OB,6,14,0.3,7.0
2,1989,20,롯데,9,10,0.4736842105263158,4.5
3,1989,20,빙그레,12,6,0.6666666666666666,2.0
4,1989,20,삼성,13,6,0.6842105263157895,1.0
5,1989,20,태평양,9,10,0.4736842105263158,4.5
6,1989,20,해태,12,8,0.6,3.0
