,Year,Game_idx,Team1,cum_win,cum_lose,Wpct,rank
0,2012,41,KIA,19,20,0.4871794871794872,6.0
1,2012,41,LG,21,20,0.5121951219512195,5.0
2,2012,41,SK,22,18,0.55,1.5
3,2012,41,넥센,22,18,0.55,1.5
4,2012,41,두산,21,19,0.525,4.0
5,2012,41,롯데,21,18,0.5384615384615384,3.0
6,2012,41,삼성,19,21,0.475,7.0
7,2012,41,한화,16,25,0.3902439024390244,8.0
