,Year,Game_idx,Team1,cum_win,cum_lose,Wpct,rank
0,2006,74,KIA,35,36,0.4929577464788733,5.0
1,2006,74,LG,28,43,0.39436619718309857,8.0
2,2006,74,SK,32,41,0.4383561643835616,6.0
3,2006,74,두산,37,35,0.5138888888888888,4.0
4,2006,74,롯데,31,41,0.4305555555555556,7.0
5,2006,74,삼성,46,25,0.647887323943662,1.0
6,2006,74,한화,39,33,0.5416666666666666,3.0
7,2006,74,현대,40,33,0.547945205479452,2.0
