,Year,Game_idx,Team1,cum_win,cum_lose,Wpct,rank
0,2009,114,KIA,69,41,0.6272727272727273,1.0
1,2009,114,LG,49,62,0.44144144144144143,7.0
2,2009,114,SK,62,47,0.5688073394495413,2.0
3,2009,114,두산,61,51,0.5446428571428571,3.0
4,2009,114,롯데,56,58,0.4912280701754386,5.0
5,2009,114,삼성,57,57,0.5,4.0
6,2009,114,한화,37,74,0.3333333333333333,8.0
7,2009,114,히어로즈,55,58,0.4867256637168141,6.0
