,Year,Game_idx,Team1,cum_win,cum_lose,Wpct,rank
0,2008,72,KIA,31,41,0.4305555555555556,6.0
1,2008,72,LG,24,48,0.3333333333333333,8.0
2,2008,72,SK,51,21,0.7083333333333334,1.0
3,2008,72,두산,41,31,0.5694444444444444,2.0
4,2008,72,롯데,38,34,0.5277777777777778,4.0
5,2008,72,삼성,35,37,0.4861111111111111,5.0
6,2008,72,한화,39,33,0.5416666666666666,3.0
7,2008,72,히어로즈,29,43,0.4027777777777778,7.0
