,Year,Game_idx,Team1,cum_win,cum_lose,Wpct,rank
0,2012,92,KIA,45,43,0.5113636363636364,4.0
1,2012,92,LG,39,50,0.4382022471910113,7.0
2,2012,92,SK,46,44,0.5111111111111111,5.0
3,2012,92,넥센,44,46,0.4888888888888889,6.0
4,2012,92,두산,49,42,0.5384615384615384,2.0
5,2012,92,롯데,46,42,0.5227272727272727,3.0
6,2012,92,삼성,52,38,0.5777777777777777,1.0
7,2012,92,한화,36,54,0.4,8.0
