,Year,Game_idx,Team1,cum_win,cum_lose,Wpct,rank
0,2002,106,KIA,62,41,0.6019417475728155,1.0
1,2002,106,LG,55,46,0.5445544554455446,4.0
2,2002,106,SK,49,54,0.4757281553398058,7.0
3,2002,106,두산,54,50,0.5192307692307693,5.0
4,2002,106,롯데,26,79,0.24761904761904766,8.0
5,2002,106,삼성,60,42,0.5882352941176471,2.0
6,2002,106,한화,49,53,0.4803921568627451,6.0
7,2002,106,현대,57,44,0.5643564356435643,3.0
