,Year,Game_idx,Team1,cum_win,cum_lose,Wpct,rank
0,2012,25,KIA,11,12,0.4782608695652174,6.0
1,2012,25,LG,13,12,0.52,4.0
2,2012,25,SK,14,10,0.5833333333333334,1.0
3,2012,25,넥센,12,12,0.5,5.0
4,2012,25,두산,13,11,0.5416666666666666,3.0
5,2012,25,롯데,13,10,0.5652173913043478,2.0
6,2012,25,삼성,11,13,0.4583333333333333,7.0
7,2012,25,한화,9,16,0.36,8.0
