,Year,Game_idx,Team1,cum_win,cum_lose,Wpct,rank
0,2014,44,KIA,20,24,0.4545454545454545,6.5
1,2014,44,LG,16,27,0.372093023255814,8.5
2,2014,44,NC,25,19,0.5681818181818182,2.5
3,2014,44,SK,20,24,0.4545454545454545,6.5
4,2014,44,넥센,24,20,0.5454545454545454,4.0
5,2014,44,두산,25,19,0.5681818181818182,2.5
6,2014,44,롯데,21,22,0.4883720930232558,5.0
7,2014,44,삼성,29,14,0.6744186046511628,1.0
8,2014,44,한화,16,27,0.372093023255814,8.5
