,Year,Game_idx,Team1,cum_win,cum_lose,Wpct,rank
0,2004,24,KIA,12,12,0.5,4.0
1,2004,24,LG,13,10,0.5652173913043478,2.0
2,2004,24,SK,10,13,0.43478260869565216,7.0
3,2004,24,두산,11,12,0.4782608695652174,5.5
4,2004,24,롯데,8,15,0.3478260869565217,8.0
5,2004,24,삼성,12,10,0.5454545454545454,3.0
6,2004,24,한화,11,12,0.4782608695652174,5.5
7,2004,24,현대,15,8,0.6521739130434783,1.0
