,Year,Game_idx,Team1,cum_win,cum_lose,Wpct,rank
0,2010,67,KIA,34,33,0.5074626865671642,3.0
1,2010,67,LG,31,35,0.4696969696969697,6.0
2,2010,67,SK,46,21,0.6865671641791045,1.0
3,2010,67,넥센,26,40,0.3939393939393939,8.0
4,2010,67,두산,38,28,0.5757575757575758,2.0
5,2010,67,롯데,31,34,0.476923076923077,5.0
6,2010,67,삼성,33,33,0.5,4.0
7,2010,67,한화,27,40,0.4029850746268657,7.0
