,Year,Game_idx,Team1,cum_win,cum_lose,Wpct,rank
0,1990,12,LG,6,6,0.5,3.0
1,1990,12,OB,4,7,0.3636363636363637,7.0
2,1990,12,롯데,5,7,0.4166666666666667,6.0
3,1990,12,빙그레,8,4,0.6666666666666666,1.0
4,1990,12,삼성,6,6,0.5,3.0
5,1990,12,태평양,6,6,0.5,3.0
6,1990,12,해태,5,6,0.4545454545454545,5.0
