,Year,Game_idx,Team1,cum_win,cum_lose,Wpct,rank
0,2016,101,KIA,49,51,0.49,5.0
1,2016,101,LG,48,52,0.48,6.0
2,2016,101,NC,60,39,0.6060606060606061,2.0
3,2016,101,SK,50,51,0.4950495049504951,4.0
4,2016,101,kt,38,61,0.3838383838383838,10.0
5,2016,101,넥센,56,44,0.56,3.0
6,2016,101,두산,62,38,0.62,1.0
7,2016,101,롯데,47,54,0.4653465346534654,7.0
8,2016,101,삼성,43,57,0.43,9.0
9,2016,101,한화,45,53,0.4591836734693878,8.0
