,Year,Game_idx,Team1,cum_win,cum_lose,Wpct,rank
0,1996,69,LG,31,35,0.4696969696969697,5.5
1,1996,69,OB,31,36,0.4626865671641791,7.5
2,1996,69,롯데,31,36,0.4626865671641791,7.5
3,1996,69,삼성,31,35,0.4696969696969697,5.5
4,1996,69,쌍방울,35,33,0.5147058823529411,4.0
5,1996,69,한화,37,32,0.5362318840579711,2.0
6,1996,69,해태,36,33,0.5217391304347826,3.0
7,1996,69,현대,38,28,0.5757575757575758,1.0
