,Year,Game_idx,Team1,cum_win,cum_lose,Wpct,rank
0,1993,6,LG,3,3,0.5,5.0
1,1993,6,OB,3,3,0.5,5.0
2,1993,6,롯데,3,3,0.5,5.0
3,1993,6,빙그레,4,2,0.6666666666666666,2.5
4,1993,6,삼성,4,2,0.6666666666666666,2.5
5,1993,6,쌍방울,1,5,0.16666666666666666,8.0
6,1993,6,태평양,2,4,0.3333333333333333,7.0
7,1993,6,해태,5,1,0.8333333333333334,1.0
