,Year,Game_idx,Team1,cum_win,cum_lose,Wpct,rank
0,2006,82,KIA,40,39,0.5063291139240507,4.0
1,2006,82,LG,30,48,0.38461538461538464,8.0
2,2006,82,SK,37,44,0.4567901234567901,6.0
3,2006,82,두산,39,41,0.4875,5.0
4,2006,82,롯데,32,48,0.4,7.0
5,2006,82,삼성,49,30,0.620253164556962,1.0
6,2006,82,한화,44,36,0.55,3.0
7,2006,82,현대,45,36,0.5555555555555556,2.0
