,Year,Game_idx,Team1,cum_win,cum_lose,Wpct,rank
0,1994,12,LG,8,4,0.6666666666666666,2.0
1,1994,12,OB,6,6,0.5,3.0
2,1994,12,롯데,5,7,0.4166666666666667,5.5
3,1994,12,삼성,5,6,0.4545454545454545,4.0
4,1994,12,쌍방울,5,7,0.4166666666666667,5.5
5,1994,12,태평양,9,2,0.8181818181818182,1.0
6,1994,12,한화,4,8,0.3333333333333333,8.0
7,1994,12,해태,4,7,0.3636363636363637,7.0
