,Year,Game_idx,Team1,cum_win,cum_lose,Wpct,rank
0,2002,77,KIA,48,26,0.6486486486486487,1.0
1,2002,77,LG,37,37,0.5,5.0
2,2002,77,SK,35,39,0.472972972972973,6.0
3,2002,77,두산,44,31,0.5866666666666667,2.0
4,2002,77,롯데,20,56,0.2631578947368421,8.0
5,2002,77,삼성,43,33,0.5657894736842105,3.0
6,2002,77,한화,34,40,0.4594594594594595,7.0
7,2002,77,현대,37,36,0.5068493150684932,4.0
