,Year,Game_idx,Team1,cum_win,cum_lose,Wpct,rank
0,2010,81,KIA,34,47,0.41975308641975306,6.0
1,2010,81,LG,36,44,0.45,5.0
2,2010,81,SK,56,25,0.6913580246913579,1.0
3,2010,81,넥센,33,47,0.4125,7.0
4,2010,81,두산,46,34,0.575,2.5
5,2010,81,롯데,39,40,0.4936708860759494,4.0
6,2010,81,삼성,46,34,0.575,2.5
7,2010,81,한화,31,50,0.382716049382716,8.0
