,Year,Game_idx,Team1,cum_win,cum_lose,Wpct,rank
0,1997,99,LG,56,41,0.5773195876288659,2.0
1,1997,99,OB,45,49,0.4787234042553192,5.0
2,1997,99,롯데,39,59,0.3979591836734694,8.0
3,1997,99,삼성,52,41,0.5591397849462365,3.0
4,1997,99,쌍방울,54,44,0.5510204081632653,4.0
5,1997,99,한화,39,58,0.4020618556701031,7.0
6,1997,99,해태,59,39,0.6020408163265306,1.0
7,1997,99,현대,41,54,0.43157894736842106,6.0
