,Year,Game_idx,Team1,cum_win,cum_lose,Wpct,rank
0,2011,126,KIA,67,59,0.5317460317460317,4.0
1,2011,126,LG,58,67,0.46399999999999997,5.0
2,2011,126,SK,67,57,0.5403225806451613,3.0
3,2011,126,넥센,48,76,0.3870967741935484,8.0
4,2011,126,두산,56,68,0.4516129032258064,6.5
5,2011,126,롯데,66,55,0.5454545454545454,2.0
6,2011,126,삼성,77,47,0.6209677419354839,1.0
7,2011,126,한화,56,68,0.4516129032258064,6.5
