,Year,Game_idx,Team1,cum_win,cum_lose,Wpct,rank
0,2015,76,KIA,37,39,0.4868421052631579,7.0
1,2015,76,LG,34,41,0.4533333333333333,9.0
2,2015,76,NC,42,33,0.56,3.0
3,2015,76,SK,38,37,0.5066666666666667,6.0
4,2015,76,kt,22,54,0.2894736842105263,10.0
5,2015,76,넥센,41,34,0.5466666666666666,4.0
6,2015,76,두산,43,33,0.5657894736842105,2.0
7,2015,76,롯데,35,41,0.4605263157894737,8.0
8,2015,76,삼성,45,31,0.5921052631578947,1.0
9,2015,76,한화,40,36,0.5263157894736842,5.0
