,Year,Game_idx,Team1,cum_win,cum_lose,Wpct,rank
0,2010,130,KIA,59,71,0.4538461538461538,5.0
1,2010,130,LG,56,70,0.4444444444444444,6.0
2,2010,130,SK,83,45,0.6484375,1.0
3,2010,130,넥센,51,76,0.4015748031496063,7.0
4,2010,130,두산,72,55,0.5669291338582677,3.0
5,2010,130,롯데,66,61,0.5196850393700787,4.0
6,2010,130,삼성,78,51,0.6046511627906976,2.0
7,2010,130,한화,47,81,0.3671875,8.0
