,Year,Game_idx,Team1,cum_win,cum_lose,Wpct,rank
0,2002,93,KIA,56,34,0.6222222222222222,1.0
1,2002,93,LG,48,41,0.5393258426966292,3.0
2,2002,93,SK,43,47,0.4777777777777778,6.0
3,2002,93,두산,47,44,0.5164835164835165,5.0
4,2002,93,롯데,24,68,0.2608695652173913,8.0
5,2002,93,삼성,53,37,0.5888888888888889,2.0
6,2002,93,한화,41,49,0.4555555555555556,7.0
7,2002,93,현대,46,42,0.5227272727272727,4.0
