,Year,Game_idx,Team1,cum_win,cum_lose,Wpct,rank
0,1997,54,LG,34,19,0.6415094339622641,1.0
1,1997,54,OB,29,22,0.5686274509803921,4.0
2,1997,54,롯데,20,33,0.37735849056603776,7.0
3,1997,54,삼성,29,21,0.58,3.0
4,1997,54,쌍방울,26,28,0.4814814814814815,5.0
5,1997,54,한화,18,34,0.3461538461538461,8.0
6,1997,54,해태,31,22,0.5849056603773585,2.0
7,1997,54,현대,20,31,0.392156862745098,6.0
