,Year,Game_idx,Team1,cum_win,cum_lose,Wpct,rank
0,2012,108,KIA,51,53,0.4903846153846154,5.0
1,2012,108,LG,45,59,0.4326923076923077,7.0
2,2012,108,SK,56,49,0.5333333333333333,3.0
3,2012,108,넥센,51,55,0.4811320754716981,6.0
4,2012,108,두산,55,51,0.5188679245283019,4.0
5,2012,108,롯데,56,47,0.5436893203883495,2.0
6,2012,108,삼성,63,43,0.5943396226415094,1.0
7,2012,108,한화,42,64,0.3962264150943397,8.0
