,Year,Game_idx,Team1,cum_win,cum_lose,Wpct,rank
0,2000,102,LG,49,50,0.494949494949495,5.0
1,2000,102,SK,27,73,0.27,8.0
2,2000,102,두산,59,43,0.5784313725490197,2.0
3,2000,102,롯데,53,47,0.53,4.0
4,2000,102,삼성,56,41,0.5773195876288659,3.0
5,2000,102,한화,39,59,0.3979591836734694,7.0
6,2000,102,해태,43,56,0.4343434343434344,6.0
7,2000,102,현대,69,32,0.6831683168316832,1.0
