,Year,Game_idx,Team1,cum_win,cum_lose,Wpct,rank
0,2016,119,KIA,58,60,0.4915254237288136,4.0
1,2016,119,LG,57,61,0.4830508474576271,6.0
2,2016,119,NC,70,47,0.5982905982905983,2.0
3,2016,119,SK,58,61,0.4873949579831933,5.0
4,2016,119,kt,45,72,0.38461538461538464,10.0
5,2016,119,넥센,67,51,0.5677966101694916,3.0
6,2016,119,두산,76,42,0.6440677966101694,1.0
7,2016,119,롯데,54,65,0.45378151260504207,8.0
8,2016,119,삼성,52,66,0.4406779661016949,9.0
9,2016,119,한화,53,63,0.456896551724138,7.0
