,Year,Game_idx,Team1,cum_win,cum_lose,Wpct,rank
0,2012,123,KIA,55,62,0.4700854700854701,6.0
1,2012,123,LG,52,67,0.4369747899159664,7.0
2,2012,123,SK,66,54,0.55,2.0
3,2012,123,넥센,58,63,0.4793388429752066,5.0
4,2012,123,두산,63,57,0.525,4.0
5,2012,123,롯데,62,55,0.5299145299145299,3.0
6,2012,123,삼성,72,49,0.5950413223140496,1.0
7,2012,123,한화,51,70,0.4214876033057851,8.0
