,Year,Game_idx,Team1,cum_win,cum_lose,Wpct,rank
0,2011,106,KIA,60,46,0.5660377358490566,2.0
1,2011,106,LG,52,53,0.4952380952380953,5.0
2,2011,106,SK,56,50,0.5283018867924528,4.0
3,2011,106,넥센,43,63,0.4056603773584906,8.0
4,2011,106,두산,47,57,0.4519230769230769,6.0
5,2011,106,롯데,56,47,0.5436893203883495,3.0
6,2011,106,삼성,63,41,0.6057692307692307,1.0
7,2011,106,한화,45,59,0.4326923076923077,7.0
