,Year,Game_idx,Team1,cum_win,cum_lose,Wpct,rank
0,1997,43,LG,27,15,0.6428571428571429,1.0
1,1997,43,OB,23,18,0.5609756097560976,3.5
2,1997,43,롯데,16,27,0.372093023255814,7.0
3,1997,43,삼성,23,18,0.5609756097560976,3.5
4,1997,43,쌍방울,19,24,0.4418604651162791,5.0
5,1997,43,한화,14,27,0.3414634146341464,8.0
6,1997,43,해태,27,16,0.627906976744186,2.0
7,1997,43,현대,18,23,0.4390243902439024,6.0
