,Year,Game_idx,Team1,cum_win,cum_lose,Wpct,rank
0,1992,79,LG,29,48,0.37662337662337664,7.0
1,1992,79,OB,36,41,0.4675324675324675,5.0
2,1992,79,롯데,46,33,0.5822784810126582,3.0
3,1992,79,빙그레,49,29,0.6282051282051282,1.0
4,1992,79,삼성,41,37,0.5256410256410257,4.0
5,1992,79,쌍방울,27,51,0.3461538461538461,8.0
6,1992,79,태평양,35,41,0.4605263157894737,6.0
7,1992,79,해태,48,31,0.6075949367088608,2.0
