,Year,Game_idx,Team1,cum_win,cum_lose,Wpct,rank
0,2009,64,KIA,35,26,0.5737704918032787,3.0
1,2009,64,LG,27,34,0.4426229508196721,6.0
2,2009,64,SK,37,23,0.6166666666666667,1.0
3,2009,64,두산,38,24,0.6129032258064516,2.0
4,2009,64,롯데,28,36,0.4375,7.0
5,2009,64,삼성,29,35,0.453125,5.0
6,2009,64,한화,24,37,0.3934426229508197,8.0
7,2009,64,히어로즈,29,34,0.4603174603174603,4.0
