,Year,Game_idx,Team1,cum_win,cum_lose,Wpct,rank
0,2006,70,KIA,32,35,0.4776119402985074,5.0
1,2006,70,LG,27,40,0.4029850746268657,8.0
2,2006,70,SK,32,37,0.463768115942029,6.0
3,2006,70,두산,36,32,0.5294117647058824,4.0
4,2006,70,롯데,30,39,0.43478260869565216,7.0
5,2006,70,삼성,44,23,0.6567164179104478,1.0
6,2006,70,한화,37,31,0.5441176470588235,3.0
7,2006,70,현대,38,31,0.5507246376811594,2.0
