,Year,Game_idx,Team1,cum_win,cum_lose,Wpct,rank
0,2009,90,KIA,49,37,0.5697674418604651,2.0
1,2009,90,LG,39,48,0.4482758620689655,7.0
2,2009,90,SK,49,36,0.5764705882352941,1.0
3,2009,90,두산,50,38,0.5681818181818182,3.0
4,2009,90,롯데,47,43,0.5222222222222223,4.0
5,2009,90,삼성,46,44,0.5111111111111111,5.0
6,2009,90,한화,30,57,0.3448275862068966,8.0
7,2009,90,히어로즈,41,48,0.4606741573033708,6.0
