,Year,Game_idx,Team1,cum_win,cum_lose,Wpct,rank
0,1993,103,LG,59,42,0.5841584158415841,2.0
1,1993,103,OB,53,45,0.5408163265306123,4.0
2,1993,103,롯데,50,53,0.4854368932038835,5.0
3,1993,103,빙그레,45,55,0.45,6.0
4,1993,103,삼성,57,41,0.5816326530612245,3.0
5,1993,103,쌍방울,37,61,0.3775510204081632,7.0
6,1993,103,태평양,29,65,0.30851063829787234,8.0
7,1993,103,해태,68,34,0.6666666666666666,1.0
