,Year,Game_idx,Team1,cum_win,cum_lose,Wpct,rank
0,2000,89,LG,43,43,0.5,5.0
1,2000,89,SK,23,64,0.26436781609195403,8.0
2,2000,89,두산,54,35,0.6067415730337079,2.0
3,2000,89,롯데,46,42,0.5227272727272727,4.0
4,2000,89,삼성,50,36,0.5813953488372093,3.0
5,2000,89,한화,34,51,0.4,7.0
6,2000,89,해태,39,48,0.4482758620689655,6.0
7,2000,89,현대,58,30,0.6590909090909091,1.0
