,Year,Game_idx,Team1,cum_win,cum_lose,Wpct,rank
0,2014,85,KIA,39,46,0.4588235294117647,5.5
1,2014,85,LG,38,46,0.4523809523809524,7.0
2,2014,85,NC,49,36,0.5764705882352941,3.0
3,2014,85,SK,36,49,0.4235294117647059,8.0
4,2014,85,넥센,50,34,0.5952380952380952,2.0
5,2014,85,두산,39,46,0.4588235294117647,5.5
6,2014,85,롯데,41,43,0.4880952380952381,4.0
7,2014,85,삼성,55,28,0.6626506024096386,1.0
8,2014,85,한화,31,53,0.3690476190476191,9.0
