,Year,Game_idx,Team1,cum_win,cum_lose,Wpct,rank
0,2010,42,KIA,20,22,0.4761904761904762,4.0
1,2010,42,LG,18,23,0.4390243902439024,5.0
2,2010,42,SK,30,12,0.7142857142857143,1.0
3,2010,42,넥센,18,24,0.42857142857142855,6.5
4,2010,42,두산,24,17,0.5853658536585366,2.0
5,2010,42,롯데,18,24,0.42857142857142855,6.5
6,2010,42,삼성,22,20,0.5238095238095238,3.0
7,2010,42,한화,16,26,0.3809523809523809,8.0
