,Year,Game_idx,Team1,cum_win,cum_lose,Wpct,rank
0,2002,20,KIA,13,5,0.7222222222222222,1.0
1,2002,20,LG,8,12,0.4,7.0
2,2002,20,SK,8,11,0.42105263157894735,5.5
3,2002,20,두산,8,11,0.42105263157894735,5.5
4,2002,20,롯데,6,13,0.3157894736842105,8.0
5,2002,20,삼성,11,9,0.55,4.0
6,2002,20,한화,10,8,0.5555555555555556,3.0
7,2002,20,현대,11,6,0.6470588235294118,2.0
