,Year,Game_idx,Team1,cum_win,cum_lose,Wpct,rank
0,1997,59,LG,36,21,0.631578947368421,1.0
1,1997,59,OB,32,24,0.5714285714285714,4.0
2,1997,59,롯데,21,37,0.3620689655172414,8.0
3,1997,59,삼성,33,22,0.6,3.0
4,1997,59,쌍방울,29,30,0.4915254237288136,5.0
5,1997,59,한화,22,35,0.3859649122807017,7.0
6,1997,59,해태,35,23,0.603448275862069,2.0
7,1997,59,현대,22,34,0.3928571428571429,6.0
