,Year,Game_idx,Team1,cum_win,cum_lose,Wpct,rank
0,2006,83,KIA,40,40,0.5,4.0
1,2006,83,LG,31,48,0.3924050632911392,8.0
2,2006,83,SK,38,44,0.4634146341463415,6.0
3,2006,83,두산,40,41,0.4938271604938271,5.0
4,2006,83,롯데,33,48,0.4074074074074074,7.0
5,2006,83,삼성,50,30,0.625,1.0
6,2006,83,한화,45,36,0.5555555555555556,2.0
7,2006,83,현대,45,37,0.5487804878048781,3.0
