,Year,Game_idx,Team1,cum_win,cum_lose,Wpct,rank
0,2010,28,KIA,12,16,0.42857142857142855,5.0
1,2010,28,LG,13,14,0.4814814814814815,4.0
2,2010,28,SK,23,5,0.8214285714285714,1.0
3,2010,28,넥센,9,19,0.32142857142857145,7.5
4,2010,28,두산,17,10,0.6296296296296297,2.0
5,2010,28,롯데,11,17,0.3928571428571429,6.0
6,2010,28,삼성,16,12,0.5714285714285714,3.0
7,2010,28,한화,9,19,0.32142857142857145,7.5
