,Year,Game_idx,Team1,cum_win,cum_lose,Wpct,rank
0,1994,100,LG,63,37,0.63,1.0
1,1994,100,OB,46,53,0.4646464646464646,6.0
2,1994,100,롯데,43,54,0.4432989690721649,7.0
3,1994,100,삼성,50,49,0.5050505050505051,5.0
4,1994,100,쌍방울,34,63,0.3505154639175257,8.0
5,1994,100,태평양,53,44,0.5463917525773195,2.0
6,1994,100,한화,53,46,0.5353535353535354,3.0
7,1994,100,해태,50,48,0.5102040816326531,4.0
