,Year,Game_idx,Team1,cum_win,cum_lose,Wpct,rank
0,2001,31,KIA,15,15,0.5,5.5
1,2001,31,LG,9,21,0.3,8.0
2,2001,31,SK,15,15,0.5,5.5
3,2001,31,두산,18,11,0.6206896551724138,1.0
4,2001,31,롯데,12,18,0.4,7.0
5,2001,31,삼성,17,14,0.5483870967741935,3.5
6,2001,31,한화,18,13,0.5806451612903226,2.0
7,2001,31,현대,17,14,0.5483870967741935,3.5
