,Year,Game_idx,Team1,cum_win,cum_lose,Wpct,rank
0,2008,35,KIA,13,22,0.37142857142857133,7.0
1,2008,35,LG,12,23,0.3428571428571429,8.0
2,2008,35,SK,26,9,0.7428571428571429,1.0
3,2008,35,두산,19,16,0.5428571428571428,3.0
4,2008,35,롯데,19,16,0.5428571428571428,3.0
5,2008,35,삼성,17,18,0.4857142857142857,5.0
6,2008,35,한화,19,16,0.5428571428571428,3.0
7,2008,35,히어로즈,15,20,0.42857142857142855,6.0
