,Year,Game_idx,Team1,cum_win,cum_lose,Wpct,rank
0,1990,113,LG,67,46,0.5929203539823009,1.0
1,1990,113,OB,34,75,0.3119266055045872,7.0
2,1990,113,롯데,40,69,0.3669724770642202,6.0
3,1990,113,빙그레,65,46,0.5855855855855856,2.0
4,1990,113,삼성,63,48,0.5675675675675675,4.0
5,1990,113,태평양,53,57,0.4818181818181818,5.0
6,1990,113,해태,64,46,0.5818181818181818,3.0
