,Year,Game_idx,Team1,cum_win,cum_lose,Wpct,rank
0,2001,121,KIA,53,63,0.456896551724138,5.0
1,2001,121,LG,50,63,0.4424778761061947,7.0
2,2001,121,SK,52,67,0.4369747899159664,8.0
3,2001,121,두산,61,55,0.5258620689655172,3.0
4,2001,121,롯데,53,64,0.45299145299145294,6.0
5,2001,121,삼성,77,44,0.6363636363636364,1.0
6,2001,121,한화,54,63,0.4615384615384616,4.0
7,2001,121,현대,69,48,0.5897435897435898,2.0
