,Year,Game_idx,Team1,cum_win,cum_lose,Wpct,rank
0,2001,85,KIA,38,43,0.4691358024691358,4.0
1,2001,85,LG,35,44,0.4430379746835443,6.0
2,2001,85,SK,37,47,0.4404761904761905,7.0
3,2001,85,두산,42,38,0.525,3.0
4,2001,85,롯데,33,49,0.4024390243902439,8.0
5,2001,85,삼성,53,32,0.6235294117647059,2.0
6,2001,85,한화,37,44,0.4567901234567901,5.0
7,2001,85,현대,53,29,0.6463414634146342,1.0
