,Year,Game_idx,Team1,cum_win,cum_lose,Wpct,rank
0,1995,90,LG,56,33,0.6292134831460674,1.0
1,1995,90,OB,48,37,0.5647058823529412,2.0
2,1995,90,롯데,46,40,0.5348837209302325,3.0
3,1995,90,삼성,42,43,0.4941176470588236,5.0
4,1995,90,쌍방울,32,57,0.3595505617977528,8.0
5,1995,90,태평양,38,49,0.4367816091954023,7.0
6,1995,90,한화,44,46,0.4888888888888889,6.0
7,1995,90,해태,45,43,0.5113636363636364,4.0
