,Year,Game_idx,Team1,cum_win,cum_lose,Wpct,rank
0,2005,49,KIA,19,29,0.3958333333333333,8.0
1,2005,49,LG,20,29,0.4081632653061225,6.0
2,2005,49,SK,19,28,0.40425531914893614,7.0
3,2005,49,두산,31,17,0.6458333333333334,2.0
4,2005,49,롯데,26,23,0.5306122448979592,3.0
5,2005,49,삼성,34,15,0.6938775510204082,1.0
6,2005,49,한화,22,26,0.4583333333333333,4.5
7,2005,49,현대,22,26,0.4583333333333333,4.5
