,Year,Game_idx,Team1,cum_win,cum_lose,Wpct,rank
0,2016,103,KIA,50,52,0.4901960784313725,4.0
1,2016,103,LG,49,53,0.4803921568627451,6.0
2,2016,103,NC,61,40,0.6039603960396039,2.0
3,2016,103,SK,50,53,0.4854368932038835,5.0
4,2016,103,kt,39,62,0.38613861386138615,10.0
5,2016,103,넥센,58,44,0.5686274509803921,3.0
6,2016,103,두산,63,39,0.6176470588235294,1.0
7,2016,103,롯데,48,55,0.4660194174757282,7.0
8,2016,103,삼성,44,58,0.4313725490196079,9.0
9,2016,103,한화,46,54,0.46,8.0
