,Year,Game_idx,Team1,cum_win,cum_lose,Wpct,rank
0,2007,117,KIA,47,69,0.4051724137931034,8.0
1,2007,117,LG,54,57,0.4864864864864865,5.0
2,2007,117,SK,68,44,0.6071428571428571,1.0
3,2007,117,두산,63,52,0.5478260869565217,2.0
4,2007,117,롯데,51,63,0.4473684210526316,6.0
5,2007,117,삼성,59,54,0.5221238938053098,4.0
6,2007,117,한화,62,53,0.5391304347826087,3.0
7,2007,117,현대,51,65,0.4396551724137931,7.0
