,Year,Game_idx,Team1,cum_win,cum_lose,Wpct,rank
0,1996,63,LG,29,32,0.4754098360655738,6.5
1,1996,63,OB,29,32,0.4754098360655738,6.5
2,1996,63,롯데,27,34,0.4426229508196721,8.0
3,1996,63,삼성,29,31,0.4833333333333333,5.0
4,1996,63,쌍방울,32,30,0.5161290322580645,3.0
5,1996,63,한화,33,30,0.5238095238095238,2.0
6,1996,63,해태,32,31,0.5079365079365079,4.0
7,1996,63,현대,35,25,0.5833333333333334,1.0
