,Year,Game_idx,Team1,cum_win,cum_lose,Wpct,rank
0,1992,111,LG,44,64,0.4074074074074074,7.0
1,1992,111,OB,50,58,0.462962962962963,5.0
2,1992,111,롯데,64,47,0.5765765765765766,3.0
3,1992,111,빙그레,69,40,0.6330275229357798,1.0
4,1992,111,삼성,58,51,0.5321100917431193,4.0
5,1992,111,쌍방울,38,72,0.34545454545454546,8.0
6,1992,111,태평양,48,60,0.4444444444444444,6.0
7,1992,111,해태,67,44,0.6036036036036037,2.0
