,Year,Game_idx,Team1,cum_win,cum_lose,Wpct,rank
0,2001,80,KIA,37,39,0.4868421052631579,4.0
1,2001,80,LG,33,42,0.44,6.0
2,2001,80,SK,33,46,0.4177215189873418,7.0
3,2001,80,두산,40,35,0.5333333333333333,3.0
4,2001,80,롯데,31,46,0.4025974025974026,8.0
5,2001,80,삼성,49,31,0.6125,2.0
6,2001,80,한화,35,43,0.4487179487179487,5.0
7,2001,80,현대,49,28,0.6363636363636364,1.0
