,Year,Game_idx,Team1,cum_win,cum_lose,Wpct,rank
0,1995,79,LG,48,30,0.6153846153846154,1.0
1,1995,79,OB,44,30,0.5945945945945946,2.0
2,1995,79,롯데,40,35,0.5333333333333333,3.0
3,1995,79,삼성,36,38,0.4864864864864865,6.0
4,1995,79,쌍방울,28,50,0.35897435897435903,8.0
5,1995,79,태평양,32,44,0.42105263157894735,7.0
6,1995,79,한화,40,39,0.5063291139240507,4.0
7,1995,79,해태,39,39,0.5,5.0
