,Year,Game_idx,Team1,cum_win,cum_lose,Wpct,rank
0,1997,70,LG,41,27,0.6029411764705882,2.0
1,1997,70,OB,37,29,0.5606060606060606,4.0
2,1997,70,롯데,25,44,0.3623188405797101,8.0
3,1997,70,삼성,39,26,0.6,3.0
4,1997,70,쌍방울,36,33,0.5217391304347826,5.0
5,1997,70,한화,28,40,0.4117647058823529,6.0
6,1997,70,해태,43,26,0.6231884057971014,1.0
7,1997,70,현대,25,42,0.373134328358209,7.0
