,Year,Game_idx,Team1,cum_win,cum_lose,Wpct,rank
0,2007,17,KIA,8,9,0.4705882352941176,5.0
1,2007,17,LG,9,8,0.5294117647058824,3.5
2,2007,17,SK,10,5,0.6666666666666666,1.0
3,2007,17,두산,6,11,0.35294117647058826,7.5
4,2007,17,롯데,9,8,0.5294117647058824,3.5
5,2007,17,삼성,10,6,0.625,2.0
6,2007,17,한화,7,9,0.4375,6.0
7,2007,17,현대,6,11,0.35294117647058826,7.5
