,Year,Game_idx,Team1,cum_win,cum_lose,Wpct,rank
0,2012,50,KIA,22,26,0.4583333333333333,7.0
1,2012,50,LG,26,23,0.5306122448979592,2.5
2,2012,50,SK,28,21,0.5714285714285714,1.0
3,2012,50,넥센,26,23,0.5306122448979592,2.5
4,2012,50,두산,24,25,0.4897959183673469,5.5
5,2012,50,롯데,25,23,0.5208333333333334,4.0
6,2012,50,삼성,24,25,0.4897959183673469,5.5
7,2012,50,한화,19,30,0.3877551020408163,8.0
