,Year,Game_idx,Team1,cum_win,cum_lose,Wpct,rank
0,2010,43,KIA,21,22,0.4883720930232558,4.0
1,2010,43,LG,18,24,0.42857142857142855,6.0
2,2010,43,SK,31,12,0.7209302325581395,1.0
3,2010,43,넥센,18,25,0.4186046511627907,7.0
4,2010,43,두산,25,17,0.5952380952380952,2.0
5,2010,43,롯데,19,24,0.4418604651162791,5.0
6,2010,43,삼성,22,21,0.5116279069767442,3.0
7,2010,43,한화,17,26,0.3953488372093023,8.0
