,Year,Game_idx,Team1,cum_win,cum_lose,Wpct,rank
0,1996,89,LG,37,47,0.4404761904761905,7.0
1,1996,89,OB,37,50,0.4252873563218391,8.0
2,1996,89,롯데,41,44,0.4823529411764706,5.0
3,1996,89,삼성,40,46,0.4651162790697674,6.0
4,1996,89,쌍방울,44,43,0.5057471264367817,4.0
5,1996,89,한화,46,43,0.5168539325842697,3.0
6,1996,89,해태,52,36,0.5909090909090909,1.0
7,1996,89,현대,48,36,0.5714285714285714,2.0
