,Year,Game_idx,Team1,cum_win,cum_lose,Wpct,rank
0,2000,21,LG,9,12,0.42857142857142855,5.5
1,2000,21,SK,5,16,0.2380952380952381,8.0
2,2000,21,두산,14,7,0.6666666666666666,2.5
3,2000,21,롯데,9,12,0.42857142857142855,5.5
4,2000,21,삼성,14,7,0.6666666666666666,2.5
5,2000,21,한화,7,14,0.3333333333333333,7.0
6,2000,21,해태,10,11,0.4761904761904762,4.0
7,2000,21,현대,16,5,0.7619047619047619,1.0
