,Year,Game_idx,Team1,cum_win,cum_lose,Wpct,rank
0,1999,92,LG,48,44,0.5217391304347826,5.0
1,1999,92,두산,49,38,0.5632183908045977,3.0
2,1999,92,롯데,54,33,0.6206896551724138,1.0
3,1999,92,삼성,48,42,0.5333333333333333,4.0
4,1999,92,쌍방울,19,68,0.2183908045977012,8.0
5,1999,92,한화,45,45,0.5,6.0
6,1999,92,해태,43,47,0.4777777777777778,7.0
7,1999,92,현대,50,37,0.5747126436781609,2.0
