,Year,Game_idx,Team1,cum_win,cum_lose,Wpct,rank
0,1992,14,LG,4,9,0.3076923076923077,7.5
1,1992,14,OB,4,9,0.3076923076923077,7.5
2,1992,14,롯데,6,8,0.42857142857142855,6.0
3,1992,14,빙그레,11,2,0.8461538461538461,1.0
4,1992,14,삼성,7,6,0.5384615384615384,4.0
5,1992,14,쌍방울,6,7,0.4615384615384616,5.0
6,1992,14,태평양,7,4,0.6363636363636364,2.0
7,1992,14,해태,8,6,0.5714285714285714,3.0
