,Year,Game_idx,Team1,cum_win,cum_lose,Wpct,rank
0,2009,69,KIA,36,29,0.5538461538461539,3.0
1,2009,69,LG,31,35,0.4696969696969697,5.0
2,2009,69,SK,40,25,0.6153846153846154,1.0
3,2009,69,두산,40,27,0.5970149253731343,2.0
4,2009,69,롯데,31,38,0.4492753623188406,6.5
5,2009,69,삼성,31,38,0.4492753623188406,6.5
6,2009,69,한화,24,42,0.3636363636363637,8.0
7,2009,69,히어로즈,33,35,0.4852941176470588,4.0
