,Year,Game_idx,Team1,cum_win,cum_lose,Wpct,rank
0,1995,14,LG,9,5,0.6428571428571429,2.5
1,1995,14,OB,10,4,0.7142857142857143,1.0
2,1995,14,롯데,7,7,0.5,4.5
3,1995,14,삼성,3,11,0.21428571428571427,8.0
4,1995,14,쌍방울,9,5,0.6428571428571429,2.5
5,1995,14,태평양,6,8,0.42857142857142855,6.0
6,1995,14,한화,7,7,0.5,4.5
7,1995,14,해태,5,9,0.35714285714285715,7.0
