,Year,Game_idx,Team1,cum_win,cum_lose,Wpct,rank
0,2014,83,KIA,39,44,0.4698795180722892,5.5
1,2014,83,LG,37,45,0.451219512195122,7.0
2,2014,83,NC,48,35,0.5783132530120482,3.0
3,2014,83,SK,34,49,0.40963855421686746,8.0
4,2014,83,넥센,48,34,0.5853658536585366,2.0
5,2014,83,두산,39,44,0.4698795180722892,5.5
6,2014,83,롯데,40,42,0.4878048780487805,4.0
7,2014,83,삼성,54,27,0.6666666666666666,1.0
8,2014,83,한화,31,51,0.3780487804878049,9.0
