,Year,Game_idx,Team1,cum_win,cum_lose,Wpct,rank
0,2008,46,KIA,18,28,0.39130434782608703,7.0
1,2008,46,LG,17,29,0.3695652173913043,8.0
2,2008,46,SK,31,15,0.6739130434782609,1.0
3,2008,46,두산,27,19,0.5869565217391305,2.0
4,2008,46,롯데,26,20,0.5652173913043478,3.0
5,2008,46,삼성,23,23,0.5,5.0
6,2008,46,한화,24,22,0.5217391304347826,4.0
7,2008,46,히어로즈,19,27,0.4130434782608696,6.0
