,Year,Game_idx,Team1,cum_win,cum_lose,Wpct,rank
0,2008,86,KIA,40,46,0.4651162790697674,5.5
1,2008,86,LG,29,57,0.3372093023255814,8.0
2,2008,86,SK,56,30,0.6511627906976745,1.0
3,2008,86,두산,51,35,0.5930232558139535,2.0
4,2008,86,롯데,43,43,0.5,4.0
5,2008,86,삼성,40,46,0.4651162790697674,5.5
6,2008,86,한화,47,39,0.5465116279069767,3.0
7,2008,86,히어로즈,36,50,0.4186046511627907,7.0
