,Year,Game_idx,Team1,cum_win,cum_lose,Wpct,rank
0,2016,28,KIA,12,16,0.42857142857142855,8.0
1,2016,28,LG,13,15,0.4642857142857143,5.5
2,2016,28,NC,17,11,0.6071428571428571,2.5
3,2016,28,SK,17,11,0.6071428571428571,2.5
4,2016,28,kt,12,16,0.42857142857142855,8.0
5,2016,28,넥센,14,13,0.5185185185185185,4.0
6,2016,28,두산,19,8,0.7037037037037037,1.0
7,2016,28,롯데,12,16,0.42857142857142855,8.0
8,2016,28,삼성,13,15,0.4642857142857143,5.5
9,2016,28,한화,8,20,0.2857142857142857,10.0
