,Year,Game_idx,Team1,cum_win,cum_lose,Wpct,rank
0,2014,99,KIA,44,55,0.4444444444444444,7.0
1,2014,99,LG,45,53,0.4591836734693878,4.5
2,2014,99,NC,55,44,0.5555555555555556,3.0
3,2014,99,SK,43,56,0.4343434343434344,8.0
4,2014,99,넥센,59,39,0.6020408163265306,2.0
5,2014,99,두산,45,54,0.4545454545454545,6.0
6,2014,99,롯데,45,53,0.4591836734693878,4.5
7,2014,99,삼성,66,31,0.6804123711340206,1.0
8,2014,99,한화,40,58,0.4081632653061225,9.0
