,Year,Game_idx,Team1,cum_win,cum_lose,Wpct,rank
0,1998,11,LG,6,5,0.5454545454545454,3.5
1,1998,11,OB,5,6,0.4545454545454545,6.0
2,1998,11,롯데,5,5,0.5,5.0
3,1998,11,삼성,6,5,0.5454545454545454,3.5
4,1998,11,쌍방울,4,7,0.3636363636363637,7.0
5,1998,11,한화,7,3,0.7,1.0
6,1998,11,해태,3,8,0.2727272727272727,8.0
7,1998,11,현대,7,4,0.6363636363636364,2.0
