,Year,Game_idx,Team1,cum_win,cum_lose,Wpct,rank
0,2000,11,LG,6,5,0.5454545454545454,4.0
1,2000,11,SK,3,8,0.2727272727272727,7.0
2,2000,11,두산,8,3,0.7272727272727273,2.5
3,2000,11,롯데,3,8,0.2727272727272727,7.0
4,2000,11,삼성,9,2,0.8181818181818182,1.0
5,2000,11,한화,3,8,0.2727272727272727,7.0
6,2000,11,해태,4,7,0.3636363636363637,5.0
7,2000,11,현대,8,3,0.7272727272727273,2.5
