,Year,Game_idx,Team1,cum_win,cum_lose,Wpct,rank
0,2014,124,KIA,52,72,0.41935483870967744,8.0
1,2014,124,LG,60,61,0.4958677685950413,4.0
2,2014,124,NC,67,56,0.5447154471544715,3.0
3,2014,124,SK,59,63,0.4836065573770492,5.0
4,2014,124,넥센,74,48,0.6065573770491803,2.0
5,2014,124,두산,57,66,0.4634146341463415,6.0
6,2014,124,롯데,56,66,0.459016393442623,7.0
7,2014,124,삼성,76,45,0.628099173553719,1.0
8,2014,124,한화,49,73,0.4016393442622951,9.0
