,Year,Game_idx,Team1,cum_win,cum_lose,Wpct,rank
0,2003,68,KIA,34,32,0.5151515151515151,4.5
1,2003,68,LG,34,32,0.5151515151515151,4.5
2,2003,68,SK,44,23,0.6567164179104478,1.0
3,2003,68,두산,21,47,0.3088235294117647,7.0
4,2003,68,롯데,20,46,0.30303030303030304,8.0
5,2003,68,삼성,43,23,0.6515151515151515,2.0
6,2003,68,한화,31,34,0.476923076923077,6.0
7,2003,68,현대,40,27,0.5970149253731343,3.0
