,Year,Game_idx,Team1,cum_win,cum_lose,Wpct,rank
0,2003,125,KIA,74,47,0.6115702479338843,1.0
1,2003,125,LG,57,66,0.4634146341463415,6.0
2,2003,125,SK,61,61,0.5,4.0
3,2003,125,두산,53,70,0.43089430894308944,7.0
4,2003,125,롯데,36,86,0.29508196721311475,8.0
5,2003,125,삼성,73,48,0.6033057851239669,3.0
6,2003,125,한화,58,62,0.4833333333333333,5.0
7,2003,125,현대,75,48,0.6097560975609756,2.0
