,Year,Game_idx,Team1,cum_win,cum_lose,Wpct,rank
0,2001,11,KIA,6,5,0.5454545454545454,4.0
1,2001,11,LG,2,9,0.18181818181818185,8.0
2,2001,11,SK,5,6,0.4545454545454545,5.5
3,2001,11,두산,7,4,0.6363636363636364,2.5
4,2001,11,롯데,5,6,0.4545454545454545,5.5
5,2001,11,삼성,8,3,0.7272727272727273,1.0
6,2001,11,한화,7,4,0.6363636363636364,2.5
7,2001,11,현대,4,7,0.3636363636363637,7.0
