,Year,Game_idx,Team1,cum_win,cum_lose,Wpct,rank
0,1993,28,LG,18,10,0.6428571428571429,2.0
1,1993,28,OB,13,15,0.4642857142857143,6.0
2,1993,28,롯데,15,13,0.5357142857142857,4.0
3,1993,28,빙그레,14,14,0.5,5.0
4,1993,28,삼성,15,12,0.5555555555555556,3.0
5,1993,28,쌍방울,9,19,0.32142857142857145,8.0
6,1993,28,태평양,9,18,0.3333333333333333,7.0
7,1993,28,해태,20,8,0.7142857142857143,1.0
