,Year,Game_idx,Team1,cum_win,cum_lose,Wpct,rank
0,2004,83,KIA,41,38,0.5189873417721519,4.0
1,2004,83,LG,38,43,0.4691358024691358,6.0
2,2004,83,SK,39,37,0.5131578947368421,5.0
3,2004,83,두산,43,39,0.5243902439024389,3.0
4,2004,83,롯데,29,44,0.3972602739726027,8.0
5,2004,83,삼성,42,35,0.5454545454545454,2.0
6,2004,83,한화,36,42,0.4615384615384616,7.0
7,2004,83,현대,45,33,0.5769230769230769,1.0
