,Year,Game_idx,Team1,cum_win,cum_lose,Wpct,rank
0,1991,37,LG,20,16,0.5555555555555556,3.0
1,1991,37,OB,15,22,0.40540540540540543,7.0
2,1991,37,롯데,16,20,0.4444444444444444,6.0
3,1991,37,빙그레,19,16,0.5428571428571428,4.0
4,1991,37,삼성,21,16,0.5675675675675675,2.0
5,1991,37,쌍방울,12,25,0.32432432432432434,8.0
6,1991,37,태평양,19,18,0.5135135135135135,5.0
7,1991,37,해태,25,12,0.6756756756756757,1.0
