,Year,Game_idx,Team1,cum_win,cum_lose,Wpct,rank
0,2008,117,KIA,53,64,0.45299145299145294,6.0
1,2008,117,LG,42,75,0.35897435897435903,8.0
2,2008,117,SK,79,38,0.6752136752136753,1.0
3,2008,117,두산,67,50,0.5726495726495726,2.0
4,2008,117,롯데,65,52,0.5555555555555556,3.0
5,2008,117,삼성,60,57,0.5128205128205128,4.0
6,2008,117,한화,59,58,0.5042735042735043,5.0
7,2008,117,히어로즈,45,72,0.38461538461538464,7.0
