,Year,Game_idx,Team1,cum_win,cum_lose,Wpct,rank
0,1999,119,LG,58,61,0.4873949579831933,6.0
1,1999,119,두산,66,48,0.5789473684210527,2.0
2,1999,119,롯데,67,47,0.5877192982456141,1.0
3,1999,119,삼성,65,52,0.5555555555555556,3.0
4,1999,119,쌍방울,27,87,0.2368421052631579,8.0
5,1999,119,한화,62,55,0.5299145299145299,5.0
6,1999,119,해태,56,61,0.4786324786324786,7.0
7,1999,119,현대,61,53,0.5350877192982456,4.0
