,Year,Game_idx,Team1,cum_win,cum_lose,Wpct,rank
0,2006,65,KIA,29,33,0.4677419354838709,6.0
1,2006,65,LG,24,39,0.3809523809523809,8.0
2,2006,65,SK,30,34,0.46875,5.0
3,2006,65,두산,33,30,0.5238095238095238,4.0
4,2006,65,롯데,27,37,0.421875,7.0
5,2006,65,삼성,40,22,0.6451612903225806,1.0
6,2006,65,한화,35,29,0.546875,2.0
7,2006,65,현대,34,30,0.53125,3.0
