,Year,Game_idx,Team1,cum_win,cum_lose,Wpct,rank
0,2003,116,KIA,67,45,0.5982142857142857,3.0
1,2003,116,LG,56,58,0.4912280701754386,5.0
2,2003,116,SK,58,55,0.5132743362831859,4.0
3,2003,116,두산,48,66,0.42105263157894735,7.0
4,2003,116,롯데,34,79,0.3008849557522124,8.0
5,2003,116,삼성,69,45,0.6052631578947368,2.0
6,2003,116,한화,51,61,0.4553571428571429,6.0
7,2003,116,현대,71,43,0.6228070175438597,1.0
