,Year,Game_idx,Team1,cum_win,cum_lose,Wpct,rank
0,2001,95,KIA,41,49,0.4555555555555556,5.0
1,2001,95,LG,38,50,0.4318181818181818,7.0
2,2001,95,SK,41,52,0.4408602150537633,6.0
3,2001,95,두산,47,43,0.5222222222222223,3.0
4,2001,95,롯데,38,53,0.4175824175824176,8.0
5,2001,95,삼성,62,33,0.6526315789473685,1.0
6,2001,95,한화,42,49,0.4615384615384616,4.0
7,2001,95,현대,57,35,0.6195652173913043,2.0
