,Year,Game_idx,Team1,cum_win,cum_lose,Wpct,rank
0,2007,102,KIA,39,62,0.38613861386138615,8.0
1,2007,102,LG,48,49,0.4948453608247423,5.0
2,2007,102,SK,59,38,0.6082474226804123,1.0
3,2007,102,두산,55,45,0.55,2.0
4,2007,102,롯데,47,52,0.4747474747474748,6.0
5,2007,102,삼성,53,46,0.5353535353535354,3.0
6,2007,102,한화,51,49,0.51,4.0
7,2007,102,현대,45,56,0.4455445544554456,7.0
