,Year,Game_idx,Team1,cum_win,cum_lose,Wpct,rank
0,2004,37,KIA,18,17,0.5142857142857142,4.0
1,2004,37,LG,18,17,0.5142857142857142,4.0
2,2004,37,SK,17,16,0.5151515151515151,2.0
3,2004,37,두산,17,19,0.4722222222222222,6.0
4,2004,37,롯데,14,19,0.42424242424242425,7.0
5,2004,37,삼성,14,20,0.4117647058823529,8.0
6,2004,37,한화,18,17,0.5142857142857142,4.0
7,2004,37,현대,22,13,0.6285714285714286,1.0
