,Year,Game_idx,Team1,cum_win,cum_lose,Wpct,rank
0,2005,42,KIA,15,26,0.36585365853658536,8.0
1,2005,42,LG,19,23,0.4523809523809524,4.0
2,2005,42,SK,16,24,0.4,7.0
3,2005,42,두산,27,14,0.6585365853658537,2.0
4,2005,42,롯데,23,19,0.5476190476190477,3.0
5,2005,42,삼성,29,13,0.6904761904761905,1.0
6,2005,42,한화,18,23,0.4390243902439024,5.5
7,2005,42,현대,18,23,0.4390243902439024,5.5
