,Year,Game_idx,Team1,cum_win,cum_lose,Wpct,rank
0,2004,118,KIA,59,55,0.5175438596491229,4.0
1,2004,118,LG,55,59,0.4824561403508772,6.0
2,2004,118,SK,55,55,0.5,5.0
3,2004,118,두산,62,55,0.5299145299145299,3.0
4,2004,118,롯데,41,66,0.3831775700934579,8.0
5,2004,118,삼성,64,47,0.5765765765765766,2.0
6,2004,118,한화,48,64,0.42857142857142855,7.0
7,2004,118,현대,66,47,0.584070796460177,1.0
