,Year,Game_idx,Team1,cum_win,cum_lose,Wpct,rank
0,2001,77,KIA,35,39,0.472972972972973,4.0
1,2001,77,LG,31,42,0.4246575342465753,7.0
2,2001,77,SK,33,43,0.4342105263157895,6.0
3,2001,77,두산,39,34,0.5342465753424658,3.0
4,2001,77,롯데,30,44,0.40540540540540543,8.0
5,2001,77,삼성,49,28,0.6363636363636364,1.0
6,2001,77,한화,33,42,0.44,5.0
7,2001,77,현대,47,28,0.6266666666666667,2.0
