,Year,Game_idx,Team1,cum_win,cum_lose,Wpct,rank
0,2005,21,KIA,8,13,0.3809523809523809,8.0
1,2005,21,LG,9,12,0.42857142857142855,6.0
2,2005,21,SK,10,10,0.5,4.0
3,2005,21,두산,13,8,0.6190476190476191,1.5
4,2005,21,롯데,12,9,0.5714285714285714,3.0
5,2005,21,삼성,13,8,0.6190476190476191,1.5
6,2005,21,한화,10,11,0.4761904761904762,5.0
7,2005,21,현대,8,12,0.4,7.0
