,Year,Game_idx,Team1,cum_win,cum_lose,Wpct,rank
0,1991,65,LG,33,31,0.515625,4.5
1,1991,65,OB,23,42,0.3538461538461539,8.0
2,1991,65,롯데,33,31,0.515625,4.5
3,1991,65,빙그레,33,29,0.532258064516129,2.0
4,1991,65,삼성,34,31,0.5230769230769231,3.0
5,1991,65,쌍방울,26,39,0.4,7.0
6,1991,65,태평양,32,33,0.4923076923076923,6.0
7,1991,65,해태,43,21,0.671875,1.0
