,Year,Game_idx,Team1,cum_win,cum_lose,Wpct,rank
0,2009,88,KIA,48,36,0.5714285714285714,2.0
1,2009,88,LG,39,46,0.4588235294117647,7.0
2,2009,88,SK,48,35,0.5783132530120482,1.0
3,2009,88,두산,48,38,0.5581395348837209,3.0
4,2009,88,롯데,46,42,0.5227272727272727,4.0
5,2009,88,삼성,45,43,0.5113636363636364,5.0
6,2009,88,한화,29,56,0.3411764705882353,8.0
7,2009,88,히어로즈,40,47,0.4597701149425287,6.0
