,Year,Game_idx,Team1,cum_win,cum_lose,Wpct,rank
0,2009,47,KIA,23,21,0.5227272727272727,3.0
1,2009,47,LG,22,22,0.5,4.0
2,2009,47,SK,29,14,0.6744186046511628,1.0
3,2009,47,두산,29,16,0.6444444444444445,2.0
4,2009,47,롯데,19,28,0.40425531914893614,8.0
5,2009,47,삼성,22,25,0.4680851063829787,5.0
6,2009,47,한화,18,26,0.4090909090909091,7.0
7,2009,47,히어로즈,20,26,0.43478260869565216,6.0
