,Year,Game_idx,Team1,cum_win,cum_lose,Wpct,rank
0,2009,118,KIA,72,42,0.631578947368421,1.0
1,2009,118,LG,50,65,0.43478260869565216,7.0
2,2009,118,SK,66,47,0.584070796460177,2.0
3,2009,118,두산,64,52,0.5517241379310345,3.0
4,2009,118,롯데,58,60,0.4915254237288136,4.0
5,2009,118,삼성,57,61,0.4830508474576271,5.0
6,2009,118,한화,39,76,0.3391304347826087,8.0
7,2009,118,히어로즈,56,61,0.4786324786324786,6.0
