,Year,Game_idx,Team1,cum_win,cum_lose,Wpct,rank
0,2003,108,KIA,62,42,0.5961538461538461,3.0
1,2003,108,LG,50,56,0.4716981132075472,5.0
2,2003,108,SK,56,50,0.5283018867924528,4.0
3,2003,108,두산,44,62,0.4150943396226415,7.0
4,2003,108,롯데,30,75,0.2857142857142857,8.0
5,2003,108,삼성,64,42,0.6037735849056604,2.0
6,2003,108,한화,49,55,0.4711538461538462,6.0
7,2003,108,현대,66,40,0.6226415094339622,1.0
