,Year,Game_idx,Team1,cum_win,cum_lose,Wpct,rank
0,2010,104,KIA,47,57,0.4519230769230769,5.0
1,2010,104,LG,44,59,0.4271844660194175,6.0
2,2010,104,SK,67,37,0.6442307692307693,1.0
3,2010,104,넥센,41,60,0.405940594059406,7.0
4,2010,104,두산,61,41,0.5980392156862745,3.0
5,2010,104,롯데,49,52,0.4851485148514851,4.0
6,2010,104,삼성,62,41,0.6019417475728155,2.0
7,2010,104,한화,41,63,0.3942307692307692,8.0
