,Year,Game_idx,Team1,cum_win,cum_lose,Wpct,rank
0,2002,101,KIA,59,39,0.6020408163265306,1.0
1,2002,101,LG,52,45,0.5360824742268041,4.0
2,2002,101,SK,46,52,0.4693877551020408,6.0
3,2002,101,두산,53,46,0.5353535353535354,5.0
4,2002,101,롯데,26,74,0.26,8.0
5,2002,101,삼성,58,39,0.5979381443298969,2.0
6,2002,101,한화,45,53,0.4591836734693878,7.0
7,2002,101,현대,53,43,0.5520833333333334,3.0
