,Year,Game_idx,Team1,cum_win,cum_lose,Wpct,rank
0,2005,108,KIA,43,64,0.4018691588785047,8.0
1,2005,108,LG,45,62,0.4205607476635514,7.0
2,2005,108,SK,60,43,0.5825242718446602,2.0
3,2005,108,두산,60,45,0.5714285714285714,3.0
4,2005,108,롯데,49,58,0.4579439252336449,5.0
5,2005,108,삼성,63,41,0.6057692307692307,1.0
6,2005,108,한화,58,49,0.5420560747663551,4.0
7,2005,108,현대,45,60,0.42857142857142855,6.0
