,Year,Game_idx,Team1,cum_win,cum_lose,Wpct,rank
0,2010,39,KIA,20,19,0.5128205128205128,4.0
1,2010,39,LG,16,22,0.42105263157894735,5.0
2,2010,39,SK,28,11,0.7179487179487181,1.0
3,2010,39,넥센,16,23,0.41025641025641024,6.5
4,2010,39,두산,24,14,0.631578947368421,2.0
5,2010,39,롯데,16,23,0.41025641025641024,6.5
6,2010,39,삼성,21,18,0.5384615384615384,3.0
7,2010,39,한화,13,26,0.3333333333333333,8.0
