,Year,Game_idx,Team1,cum_win,cum_lose,Wpct,rank
0,1989,74,MBC,29,42,0.4084507042253521,7.0
1,1989,74,OB,33,39,0.4583333333333333,5.0
2,1989,74,롯데,30,42,0.4166666666666667,6.0
3,1989,74,빙그레,43,28,0.6056338028169014,1.0
4,1989,74,삼성,37,33,0.5285714285714286,3.0
5,1989,74,태평양,36,34,0.5142857142857142,4.0
6,1989,74,해태,42,29,0.5915492957746479,2.0
