,Year,Game_idx,Team1,cum_win,cum_lose,Wpct,rank
0,2004,125,KIA,64,56,0.5333333333333333,3.0
1,2004,125,LG,57,64,0.4710743801652893,6.0
2,2004,125,SK,59,58,0.5042735042735043,5.0
3,2004,125,두산,66,58,0.532258064516129,4.0
4,2004,125,롯데,45,69,0.3947368421052632,8.0
5,2004,125,삼성,67,51,0.5677966101694916,2.0
6,2004,125,한화,49,70,0.4117647058823529,7.0
7,2004,125,현대,69,51,0.575,1.0
