,Year,Game_idx,Team1,cum_win,cum_lose,Wpct,rank
0,1996,92,LG,39,48,0.4482758620689655,7.0
1,1996,92,OB,38,52,0.4222222222222222,8.0
2,1996,92,롯데,41,46,0.4712643678160919,5.0
3,1996,92,삼성,41,48,0.4606741573033708,6.0
4,1996,92,쌍방울,45,45,0.5,4.0
5,1996,92,한화,48,44,0.5217391304347826,3.0
6,1996,92,해태,54,37,0.5934065934065934,1.0
7,1996,92,현대,50,37,0.5747126436781609,2.0
