,Year,Game_idx,Team1,cum_win,cum_lose,Wpct,rank
0,1989,94,MBC,33,57,0.36666666666666653,7.0
1,1989,94,OB,45,47,0.4891304347826087,5.0
2,1989,94,롯데,39,52,0.42857142857142855,6.0
3,1989,94,빙그레,55,36,0.6043956043956044,1.0
4,1989,94,삼성,46,43,0.5168539325842697,3.0
5,1989,94,태평양,45,45,0.5,4.0
6,1989,94,해태,52,39,0.5714285714285714,2.0
