,Year,Game_idx,Team1,cum_win,cum_lose,Wpct,rank
0,1995,42,LG,25,17,0.5952380952380952,1.0
1,1995,42,OB,24,17,0.5853658536585366,2.0
2,1995,42,롯데,23,18,0.5609756097560976,3.0
3,1995,42,삼성,20,20,0.5,4.5
4,1995,42,쌍방울,17,25,0.4047619047619048,7.0
5,1995,42,태평양,15,26,0.36585365853658536,8.0
6,1995,42,한화,20,22,0.4761904761904762,6.0
7,1995,42,해태,21,21,0.5,4.5
