,Year,Game_idx,Team1,cum_win,cum_lose,Wpct,rank
0,2009,6,KIA,1,4,0.2,8.0
1,2009,6,LG,3,3,0.5,5.5
2,2009,6,SK,3,2,0.6,3.0
3,2009,6,두산,3,2,0.6,3.0
4,2009,6,롯데,2,4,0.3333333333333333,7.0
5,2009,6,삼성,3,3,0.5,5.5
6,2009,6,한화,3,2,0.6,3.0
7,2009,6,히어로즈,4,2,0.6666666666666666,1.0
