,Year,Game_idx,Team1,cum_win,cum_lose,Wpct,rank
0,2001,44,KIA,22,21,0.5116279069767442,4.0
1,2001,44,LG,14,29,0.32558139534883723,8.0
2,2001,44,SK,21,22,0.4883720930232558,6.0
3,2001,44,두산,23,19,0.5476190476190477,3.0
4,2001,44,롯데,19,24,0.4418604651162791,7.0
5,2001,44,삼성,26,18,0.5909090909090909,1.5
6,2001,44,한화,22,22,0.5,5.0
7,2001,44,현대,26,18,0.5909090909090909,1.5
