,Year,Game_idx,Team1,cum_win,cum_lose,Wpct,rank
0,1989,79,MBC,32,44,0.42105263157894735,6.0
1,1989,79,OB,36,41,0.4675324675324675,5.0
2,1989,79,롯데,31,45,0.4078947368421053,7.0
3,1989,79,빙그레,45,31,0.5921052631578947,1.5
4,1989,79,삼성,38,36,0.5135135135135135,3.0
5,1989,79,태평양,38,37,0.5066666666666667,4.0
6,1989,79,해태,45,31,0.5921052631578947,1.5
