,Year,Game_idx,Team1,cum_win,cum_lose,Wpct,rank
0,1993,56,LG,33,22,0.6,2.0
1,1993,56,OB,24,29,0.4528301886792453,5.0
2,1993,56,롯데,29,27,0.5178571428571429,4.0
3,1993,56,빙그레,25,31,0.44642857142857145,6.0
4,1993,56,삼성,28,26,0.5185185185185185,3.0
5,1993,56,쌍방울,20,32,0.38461538461538464,7.0
6,1993,56,태평양,19,32,0.3725490196078432,8.0
7,1993,56,해태,38,17,0.6909090909090909,1.0
