,Year,Game_idx,Team1,cum_win,cum_lose,Wpct,rank
0,1997,92,LG,52,38,0.5777777777777777,2.0
1,1997,92,OB,44,44,0.5,5.0
2,1997,92,롯데,36,55,0.3956043956043956,7.0
3,1997,92,삼성,49,38,0.5632183908045977,3.0
4,1997,92,쌍방울,51,40,0.5604395604395604,4.0
5,1997,92,한화,35,55,0.3888888888888889,8.0
6,1997,92,해태,56,35,0.6153846153846154,1.0
7,1997,92,현대,38,50,0.4318181818181818,6.0
