,Year,Game_idx,Team1,cum_win,cum_lose,Wpct,rank
0,1991,6,LG,4,2,0.6666666666666666,3.0
1,1991,6,OB,3,3,0.5,4.5
2,1991,6,롯데,2,4,0.3333333333333333,6.5
3,1991,6,빙그레,1,5,0.16666666666666666,8.0
4,1991,6,삼성,5,1,0.8333333333333334,1.5
5,1991,6,쌍방울,3,3,0.5,4.5
6,1991,6,태평양,2,4,0.3333333333333333,6.5
7,1991,6,해태,5,1,0.8333333333333334,1.5
