,Year,Game_idx,Team1,cum_win,cum_lose,Wpct,rank
0,1989,54,MBC,24,28,0.4615384615384616,4.0
1,1989,54,OB,24,29,0.4528301886792453,5.0
2,1989,54,롯데,18,34,0.3461538461538461,7.0
3,1989,54,빙그레,30,21,0.5882352941176471,3.0
4,1989,54,삼성,31,21,0.5961538461538461,2.0
5,1989,54,태평양,23,28,0.4509803921568628,6.0
6,1989,54,해태,33,19,0.6346153846153846,1.0
