,Year,Game_idx,Team1,cum_win,cum_lose,Wpct,rank
0,1994,120,LG,77,43,0.6416666666666667,1.0
1,1994,120,OB,50,69,0.4201680672268908,7.0
2,1994,120,롯데,53,64,0.45299145299145294,6.0
3,1994,120,삼성,57,61,0.4830508474576271,5.0
4,1994,120,쌍방울,43,72,0.3739130434782609,8.0
5,1994,120,태평양,67,50,0.5726495726495726,2.0
6,1994,120,한화,61,57,0.5169491525423728,3.5
7,1994,120,해태,61,57,0.5169491525423728,3.5
