,Year,Game_idx,Team1,cum_win,cum_lose,Wpct,rank
0,1996,73,LG,33,37,0.4714285714285714,5.5
1,1996,73,OB,32,39,0.4507042253521127,7.0
2,1996,73,롯데,31,38,0.4492753623188406,8.0
3,1996,73,삼성,33,37,0.4714285714285714,5.5
4,1996,73,쌍방울,36,36,0.5,4.0
5,1996,73,한화,38,35,0.5205479452054794,3.0
6,1996,73,해태,39,33,0.5416666666666666,2.0
7,1996,73,현대,39,30,0.5652173913043478,1.0
