,Year,Game_idx,Team1,cum_win,cum_lose,Wpct,rank
0,2015,44,KIA,22,22,0.5,7.5
1,2015,44,LG,19,24,0.4418604651162791,9.0
2,2015,44,NC,25,18,0.5813953488372093,2.0
3,2015,44,SK,24,20,0.5454545454545454,4.5
4,2015,44,kt,8,36,0.18181818181818185,10.0
5,2015,44,넥센,24,20,0.5454545454545454,4.5
6,2015,44,두산,25,19,0.5681818181818182,3.0
7,2015,44,롯데,22,22,0.5,7.5
8,2015,44,삼성,27,17,0.6136363636363636,1.0
9,2015,44,한화,23,21,0.5227272727272727,6.0
