,Year,Game_idx,Team1,cum_win,cum_lose,Wpct,rank
0,2011,20,KIA,10,10,0.5,4.5
1,2011,20,LG,10,10,0.5,4.5
2,2011,20,SK,15,5,0.75,1.0
3,2011,20,넥센,8,12,0.4,6.0
4,2011,20,두산,12,7,0.631578947368421,2.0
5,2011,20,롯데,6,12,0.3333333333333333,7.0
6,2011,20,삼성,11,9,0.55,3.0
7,2011,20,한화,5,14,0.2631578947368421,8.0
