,Year,Game_idx,Team1,cum_win,cum_lose,Wpct,rank
0,1994,98,LG,61,37,0.6224489795918368,1.0
1,1994,98,OB,46,51,0.4742268041237113,6.0
2,1994,98,롯데,42,53,0.4421052631578947,7.0
3,1994,98,삼성,48,49,0.4948453608247423,5.0
4,1994,98,쌍방울,33,62,0.3473684210526316,8.0
5,1994,98,태평양,52,43,0.5473684210526316,2.0
6,1994,98,한화,53,44,0.5463917525773195,3.0
7,1994,98,해태,49,47,0.5104166666666666,4.0
