,Year,Game_idx,Team1,cum_win,cum_lose,Wpct,rank
0,2015,59,KIA,29,30,0.4915254237288136,7.5
1,2015,59,LG,25,33,0.4310344827586207,9.0
2,2015,59,NC,35,23,0.603448275862069,1.0
3,2015,59,SK,30,28,0.5172413793103449,6.0
4,2015,59,kt,14,45,0.23728813559322035,10.0
5,2015,59,넥센,32,26,0.5517241379310345,4.0
6,2015,59,두산,34,25,0.576271186440678,3.0
7,2015,59,롯데,29,30,0.4915254237288136,7.5
8,2015,59,삼성,35,24,0.5932203389830508,2.0
9,2015,59,한화,31,28,0.5254237288135594,5.0
