,Year,Game_idx,Team1,cum_win,cum_lose,Wpct,rank
0,2005,9,KIA,3,6,0.3333333333333333,6.5
1,2005,9,LG,3,6,0.3333333333333333,6.5
2,2005,9,SK,5,3,0.625,3.0
3,2005,9,두산,7,2,0.7777777777777778,1.5
4,2005,9,롯데,3,6,0.3333333333333333,6.5
5,2005,9,삼성,7,2,0.7777777777777778,1.5
6,2005,9,한화,3,6,0.3333333333333333,6.5
7,2005,9,현대,3,5,0.375,4.0
