,Year,Game_idx,Team1,cum_win,cum_lose,Wpct,rank
0,1991,63,LG,31,31,0.5,4.5
1,1991,63,OB,22,41,0.3492063492063492,8.0
2,1991,63,롯데,31,31,0.5,4.5
3,1991,63,빙그레,32,28,0.5333333333333333,2.0
4,1991,63,삼성,32,31,0.5079365079365079,3.0
5,1991,63,쌍방울,26,37,0.4126984126984127,7.0
6,1991,63,태평양,31,32,0.492063492063492,6.0
7,1991,63,해태,42,20,0.6774193548387096,1.0
