,Year,Game_idx,Team1,cum_win,cum_lose,Wpct,rank
0,1999,91,LG,47,44,0.5164835164835165,5.0
1,1999,91,두산,49,37,0.5697674418604651,2.5
2,1999,91,롯데,54,32,0.627906976744186,1.0
3,1999,91,삼성,48,41,0.5393258426966292,4.0
4,1999,91,쌍방울,18,68,0.20930232558139536,8.0
5,1999,91,한화,45,44,0.5056179775280899,6.0
6,1999,91,해태,43,46,0.4831460674157304,7.0
7,1999,91,현대,49,37,0.5697674418604651,2.5
