,Year,Game_idx,Team1,cum_win,cum_lose,Wpct,rank
0,1995,68,LG,42,25,0.6268656716417911,1.0
1,1995,68,OB,39,26,0.6,2.0
2,1995,68,롯데,35,31,0.5303030303030303,3.0
3,1995,68,삼성,31,33,0.484375,5.0
4,1995,68,쌍방울,26,41,0.3880597014925373,8.0
5,1995,68,태평양,26,39,0.4,7.0
6,1995,68,한화,35,33,0.5147058823529411,4.0
7,1995,68,해태,30,37,0.4477611940298508,6.0
