,Year,Game_idx,Team1,cum_win,cum_lose,Wpct,rank
0,2001,64,KIA,30,32,0.4838709677419355,4.0
1,2001,64,LG,25,36,0.4098360655737705,8.0
2,2001,64,SK,27,36,0.42857142857142855,6.0
3,2001,64,두산,32,29,0.5245901639344263,3.0
4,2001,64,롯데,26,37,0.4126984126984127,7.0
5,2001,64,삼성,41,23,0.640625,1.0
6,2001,64,한화,29,34,0.4603174603174603,5.0
7,2001,64,현대,40,23,0.6349206349206349,2.0
