,Year,Game_idx,Team1,cum_win,cum_lose,Wpct,rank
0,2006,96,KIA,47,46,0.5053763440860215,4.0
1,2006,96,LG,38,54,0.4130434782608696,8.0
2,2006,96,SK,45,50,0.4736842105263158,6.0
3,2006,96,두산,45,49,0.4787234042553192,5.0
4,2006,96,롯데,39,55,0.4148936170212766,7.0
5,2006,96,삼성,59,34,0.6344086021505376,1.0
6,2006,96,한화,51,43,0.5425531914893617,3.0
7,2006,96,현대,52,43,0.5473684210526316,2.0
