,Year,Game_idx,Team1,cum_win,cum_lose,Wpct,rank
0,1996,17,LG,6,10,0.375,7.0
1,1996,17,OB,8,9,0.4705882352941176,5.0
2,1996,17,롯데,9,8,0.5294117647058824,4.0
3,1996,17,삼성,9,7,0.5625,2.5
4,1996,17,쌍방울,12,5,0.7058823529411765,1.0
5,1996,17,한화,6,11,0.35294117647058826,8.0
6,1996,17,해태,7,10,0.4117647058823529,6.0
7,1996,17,현대,9,7,0.5625,2.5
