,Year,Game_idx,Team1,cum_win,cum_lose,Wpct,rank
0,2010,112,KIA,50,62,0.44642857142857145,5.0
1,2010,112,LG,48,62,0.4363636363636363,6.0
2,2010,112,SK,71,41,0.6339285714285714,1.0
3,2010,112,넥센,44,65,0.4036697247706422,7.0
4,2010,112,두산,64,45,0.5871559633027523,3.0
5,2010,112,롯데,56,53,0.5137614678899083,4.0
6,2010,112,삼성,67,44,0.6036036036036037,2.0
7,2010,112,한화,42,69,0.3783783783783784,8.0
