,Year,Game_idx,Team1,cum_win,cum_lose,Wpct,rank
0,2004,42,KIA,20,19,0.5128205128205128,2.0
1,2004,42,LG,20,20,0.5,3.0
2,2004,42,SK,18,20,0.4736842105263158,6.0
3,2004,42,두산,20,21,0.4878048780487805,4.0
4,2004,42,롯데,17,21,0.4473684210526316,8.0
5,2004,42,삼성,18,21,0.4615384615384616,7.0
6,2004,42,한화,19,20,0.4871794871794872,5.0
7,2004,42,현대,25,15,0.625,1.0
