,Year,Game_idx,Team1,cum_win,cum_lose,Wpct,rank
0,2008,76,KIA,33,43,0.4342105263157895,6.0
1,2008,76,LG,25,51,0.32894736842105265,8.0
2,2008,76,SK,52,24,0.6842105263157895,1.0
3,2008,76,두산,43,33,0.5657894736842105,2.0
4,2008,76,롯데,41,35,0.5394736842105263,3.0
5,2008,76,삼성,37,39,0.4868421052631579,5.0
6,2008,76,한화,40,36,0.5263157894736842,4.0
7,2008,76,히어로즈,32,44,0.42105263157894735,7.0
