,Year,Game_idx,Team1,cum_win,cum_lose,Wpct,rank
0,2009,81,KIA,43,34,0.5584415584415584,2.0
1,2009,81,LG,36,42,0.4615384615384616,7.0
2,2009,81,SK,47,29,0.618421052631579,1.0
3,2009,81,두산,44,35,0.5569620253164557,3.0
4,2009,81,롯데,39,42,0.4814814814814815,5.0
5,2009,81,삼성,41,40,0.5061728395061729,4.0
6,2009,81,한화,28,50,0.35897435897435903,8.0
7,2009,81,히어로즈,37,43,0.4625,6.0
