,Year,Game_idx,Team1,cum_win,cum_lose,Wpct,rank
0,1991,51,LG,25,25,0.5,6.0
1,1991,51,OB,19,32,0.3725490196078432,8.0
2,1991,51,롯데,26,24,0.52,4.0
3,1991,51,빙그레,26,23,0.5306122448979592,2.0
4,1991,51,삼성,27,24,0.5294117647058824,3.0
5,1991,51,쌍방울,20,31,0.392156862745098,7.0
6,1991,51,태평양,26,25,0.5098039215686274,5.0
7,1991,51,해태,33,18,0.6470588235294118,1.0
