,Year,Game_idx,Team1,cum_win,cum_lose,Wpct,rank
0,2011,38,KIA,19,19,0.5,4.5
1,2011,38,LG,21,17,0.5526315789473685,2.0
2,2011,38,SK,25,13,0.6578947368421053,1.0
3,2011,38,넥센,15,23,0.3947368421052632,7.0
4,2011,38,두산,17,19,0.4722222222222222,6.0
5,2011,38,롯데,18,18,0.5,4.5
6,2011,38,삼성,20,18,0.5263157894736842,3.0
7,2011,38,한화,13,24,0.35135135135135137,8.0
