,Year,Game_idx,Team1,cum_win,cum_lose,Wpct,rank
0,2006,44,KIA,21,21,0.5,5.0
1,2006,44,LG,16,27,0.372093023255814,7.0
2,2006,44,SK,23,21,0.5227272727272727,4.0
3,2006,44,두산,19,23,0.4523809523809524,6.0
4,2006,44,롯데,15,29,0.3409090909090909,8.0
5,2006,44,삼성,26,16,0.6190476190476191,2.0
6,2006,44,한화,27,16,0.627906976744186,1.0
7,2006,44,현대,27,17,0.6136363636363636,3.0
