,Year,Game_idx,Team1,cum_win,cum_lose,Wpct,rank
0,1999,84,LG,42,42,0.5,5.5
1,1999,84,두산,45,35,0.5625,2.0
2,1999,84,롯데,51,28,0.6455696202531646,1.0
3,1999,84,삼성,45,37,0.5487804878048781,3.0
4,1999,84,쌍방울,17,62,0.21518987341772156,8.0
5,1999,84,한화,41,41,0.5,5.5
6,1999,84,해태,39,43,0.475609756097561,7.0
7,1999,84,현대,43,36,0.5443037974683544,4.0
