,Year,Game_idx,Team1,cum_win,cum_lose,Wpct,rank
0,2015,135,KIA,63,72,0.4666666666666667,7.5
1,2015,135,LG,58,75,0.43609022556390975,9.0
2,2015,135,NC,79,54,0.5939849624060151,2.0
3,2015,135,SK,63,70,0.4736842105263158,6.0
4,2015,135,kt,50,85,0.3703703703703704,10.0
5,2015,135,넥센,75,59,0.5597014925373134,3.0
6,2015,135,두산,74,61,0.5481481481481482,4.0
7,2015,135,롯데,64,70,0.4776119402985074,5.0
8,2015,135,삼성,83,52,0.6148148148148148,1.0
9,2015,135,한화,63,72,0.4666666666666667,7.5
