,Year,Game_idx,Team1,cum_win,cum_lose,Wpct,rank
0,2014,114,KIA,49,65,0.4298245614035088,8.0
1,2014,114,LG,52,59,0.4684684684684685,5.0
2,2014,114,NC,62,51,0.5486725663716814,3.0
3,2014,114,SK,52,61,0.4601769911504425,6.0
4,2014,114,넥센,69,44,0.6106194690265486,2.0
5,2014,114,두산,53,60,0.4690265486725664,4.0
6,2014,114,롯데,51,61,0.4553571428571429,7.0
7,2014,114,삼성,72,39,0.6486486486486487,1.0
8,2014,114,한화,46,66,0.4107142857142857,9.0
