,Year,Game_idx,Team1,cum_win,cum_lose,Wpct,rank
0,2013,91,KIA,41,48,0.4606741573033708,7.0
1,2013,91,LG,55,36,0.6043956043956044,2.0
2,2013,91,NC,35,53,0.3977272727272727,8.0
3,2013,91,SK,43,46,0.4831460674157304,6.0
4,2013,91,넥센,48,41,0.5393258426966292,4.0
5,2013,91,두산,49,40,0.5505617977528089,3.0
6,2013,91,롯데,45,44,0.5056179775280899,5.0
7,2013,91,삼성,55,34,0.6179775280898876,1.0
8,2013,91,한화,27,63,0.3,9.0
