,Year,Game_idx,Team1,cum_win,cum_lose,Wpct,rank
0,2008,95,KIA,46,49,0.4842105263157895,5.5
1,2008,95,LG,32,63,0.3368421052631579,8.0
2,2008,95,SK,62,33,0.6526315789473685,1.0
3,2008,95,두산,52,43,0.5473684210526316,2.5
4,2008,95,롯데,49,46,0.5157894736842106,4.0
5,2008,95,삼성,46,49,0.4842105263157895,5.5
6,2008,95,한화,52,43,0.5473684210526316,2.5
7,2008,95,히어로즈,39,56,0.4105263157894737,7.0
