,Year,Game_idx,Team1,cum_win,cum_lose,Wpct,rank
0,2005,122,KIA,48,73,0.39669421487603307,8.0
1,2005,122,LG,52,69,0.4297520661157025,7.0
2,2005,122,SK,67,49,0.5775862068965517,2.0
3,2005,122,두산,68,51,0.5714285714285714,3.0
4,2005,122,롯데,56,65,0.4628099173553719,5.0
5,2005,122,삼성,71,47,0.6016949152542372,1.0
6,2005,122,한화,63,58,0.5206611570247934,4.0
7,2005,122,현대,52,67,0.4369747899159664,6.0
