,Year,Game_idx,Team1,cum_win,cum_lose,Wpct,rank
0,2004,114,KIA,55,55,0.5,4.0
1,2004,114,LG,53,57,0.4818181818181818,6.0
2,2004,114,SK,53,54,0.4953271028037383,5.0
3,2004,114,두산,61,52,0.5398230088495575,3.0
4,2004,114,롯데,40,63,0.3883495145631068,8.0
5,2004,114,삼성,63,44,0.5887850467289719,1.0
6,2004,114,한화,47,61,0.4351851851851852,7.0
7,2004,114,현대,63,46,0.5779816513761468,2.0
