,Year,Game_idx,Team1,cum_win,cum_lose,Wpct,rank
0,2002,98,KIA,58,37,0.6105263157894737,1.0
1,2002,98,LG,51,43,0.5425531914893617,3.0
2,2002,98,SK,45,50,0.4736842105263158,6.0
3,2002,98,두산,51,45,0.53125,5.0
4,2002,98,롯데,26,71,0.26804123711340205,8.0
5,2002,98,삼성,56,39,0.5894736842105263,2.0
6,2002,98,한화,43,52,0.4526315789473685,7.0
7,2002,98,현대,50,43,0.5376344086021505,4.0
