,Year,Game_idx,Team1,cum_win,cum_lose,Wpct,rank
0,2014,12,KIA,5,7,0.4166666666666667,6.0
1,2014,12,LG,3,8,0.2727272727272727,9.0
2,2014,12,NC,8,4,0.6666666666666666,1.5
3,2014,12,SK,8,4,0.6666666666666666,1.5
4,2014,12,넥센,7,5,0.5833333333333334,3.0
5,2014,12,두산,6,6,0.5,5.0
6,2014,12,롯데,6,5,0.5454545454545454,4.0
7,2014,12,삼성,4,8,0.3333333333333333,7.5
8,2014,12,한화,4,8,0.3333333333333333,7.5
