,Year,Game_idx,Team1,cum_win,cum_lose,Wpct,rank
0,1993,104,LG,59,43,0.5784313725490197,3.0
1,1993,104,OB,54,45,0.5454545454545454,4.0
2,1993,104,롯데,51,53,0.4903846153846154,5.0
3,1993,104,빙그레,46,55,0.4554455445544554,6.0
4,1993,104,삼성,58,41,0.5858585858585859,2.0
5,1993,104,쌍방울,37,62,0.37373737373737376,7.0
6,1993,104,태평양,29,66,0.30526315789473685,8.0
7,1993,104,해태,69,34,0.6699029126213593,1.0
