,Year,Game_idx,Team1,cum_win,cum_lose,Wpct,rank
0,2006,77,KIA,37,37,0.5,5.0
1,2006,77,LG,29,45,0.3918918918918919,8.0
2,2006,77,SK,34,42,0.4473684210526316,6.0
3,2006,77,두산,38,37,0.5066666666666667,4.0
4,2006,77,롯데,31,44,0.4133333333333333,7.0
5,2006,77,삼성,46,28,0.6216216216216216,1.0
6,2006,77,한화,42,33,0.56,2.0
7,2006,77,현대,41,35,0.5394736842105263,3.0
