,Year,Game_idx,Team1,cum_win,cum_lose,Wpct,rank
0,1989,103,MBC,39,60,0.3939393939393939,7.0
1,1989,103,OB,47,54,0.4653465346534654,5.0
2,1989,103,롯데,42,57,0.42424242424242425,6.0
3,1989,103,빙그레,61,39,0.61,1.0
4,1989,103,삼성,49,49,0.5,4.0
5,1989,103,태평양,51,48,0.5151515151515151,3.0
6,1989,103,해태,58,42,0.58,2.0
