,Year,Game_idx,Team1,cum_win,cum_lose,Wpct,rank
0,2000,33,LG,17,16,0.5151515151515151,4.0
1,2000,33,SK,9,24,0.2727272727272727,8.0
2,2000,33,두산,23,10,0.696969696969697,1.5
3,2000,33,롯데,14,19,0.42424242424242425,6.0
4,2000,33,삼성,20,13,0.6060606060606061,3.0
5,2000,33,한화,15,18,0.4545454545454545,5.0
6,2000,33,해태,11,22,0.3333333333333333,7.0
7,2000,33,현대,23,10,0.696969696969697,1.5
