,Year,Game_idx,Team1,cum_win,cum_lose,Wpct,rank
0,2008,59,KIA,27,32,0.4576271186440678,6.0
1,2008,59,LG,23,36,0.3898305084745763,7.0
2,2008,59,SK,41,18,0.6949152542372882,1.0
3,2008,59,두산,34,25,0.576271186440678,2.0
4,2008,59,롯데,31,28,0.5254237288135594,3.5
5,2008,59,삼성,31,28,0.5254237288135594,3.5
6,2008,59,한화,30,29,0.5084745762711864,5.0
7,2008,59,히어로즈,22,37,0.3728813559322034,8.0
