,Year,Game_idx,Team1,cum_win,cum_lose,Wpct,rank
0,2016,32,KIA,15,17,0.46875,7.0
1,2016,32,LG,15,17,0.46875,7.0
2,2016,32,NC,19,13,0.59375,2.5
3,2016,32,SK,19,13,0.59375,2.5
4,2016,32,kt,15,17,0.46875,7.0
5,2016,32,넥센,18,13,0.5806451612903226,4.0
6,2016,32,두산,21,10,0.6774193548387096,1.0
7,2016,32,롯데,15,17,0.46875,7.0
8,2016,32,삼성,15,17,0.46875,7.0
9,2016,32,한화,9,23,0.28125,10.0
