,Year,Game_idx,Team1,cum_win,cum_lose,Wpct,rank
0,1997,44,LG,28,15,0.6511627906976745,1.0
1,1997,44,OB,23,18,0.5609756097560976,4.0
2,1997,44,롯데,17,27,0.3863636363636364,7.0
3,1997,44,삼성,24,18,0.5714285714285714,3.0
4,1997,44,쌍방울,20,24,0.4545454545454545,5.0
5,1997,44,한화,15,27,0.35714285714285715,8.0
6,1997,44,해태,27,17,0.6136363636363636,2.0
7,1997,44,현대,18,24,0.42857142857142855,6.0
