,Year,Game_idx,Team1,cum_win,cum_lose,Wpct,rank
0,2016,37,KIA,17,20,0.4594594594594595,9.0
1,2016,37,LG,20,17,0.5405405405405406,3.5
2,2016,37,NC,20,16,0.5555555555555556,2.0
3,2016,37,SK,20,17,0.5405405405405406,3.5
4,2016,37,kt,17,19,0.4722222222222222,8.0
5,2016,37,넥센,19,17,0.5277777777777778,5.0
6,2016,37,두산,25,11,0.6944444444444444,1.0
7,2016,37,롯데,18,19,0.4864864864864865,6.5
8,2016,37,삼성,18,19,0.4864864864864865,6.5
9,2016,37,한화,9,28,0.2432432432432433,10.0
