,Year,Game_idx,Team1,cum_win,cum_lose,Wpct,rank
0,2008,48,KIA,20,28,0.4166666666666667,6.0
1,2008,48,LG,19,29,0.3958333333333333,7.5
2,2008,48,SK,32,16,0.6666666666666666,1.0
3,2008,48,두산,28,20,0.5833333333333334,2.0
4,2008,48,롯데,26,22,0.5416666666666666,3.0
5,2008,48,삼성,24,24,0.5,4.5
6,2008,48,한화,24,24,0.5,4.5
7,2008,48,히어로즈,19,29,0.3958333333333333,7.5
