,Year,Game_idx,Team1,cum_win,cum_lose,Wpct,rank
0,2009,31,KIA,14,15,0.4827586206896552,5.0
1,2009,31,LG,18,12,0.6,3.0
2,2009,31,SK,19,8,0.7037037037037037,1.0
3,2009,31,두산,18,11,0.6206896551724138,2.0
4,2009,31,롯데,11,20,0.3548387096774194,8.0
5,2009,31,삼성,16,15,0.5161290322580645,4.0
6,2009,31,한화,12,17,0.4137931034482759,6.0
7,2009,31,히어로즈,11,19,0.36666666666666653,7.0
