,Year,Game_idx,Team1,cum_win,cum_lose,Wpct,rank
0,2005,28,KIA,9,19,0.32142857142857145,8.0
1,2005,28,LG,10,18,0.35714285714285715,7.0
2,2005,28,SK,12,14,0.4615384615384616,5.0
3,2005,28,두산,19,8,0.7037037037037037,1.0
4,2005,28,롯데,16,12,0.5714285714285714,3.0
5,2005,28,삼성,19,9,0.6785714285714286,2.0
6,2005,28,한화,13,15,0.4642857142857143,4.0
7,2005,28,현대,12,15,0.4444444444444444,6.0
