,Year,Game_idx,Team1,cum_win,cum_lose,Wpct,rank
0,2012,90,KIA,45,41,0.5232558139534884,3.5
1,2012,90,LG,38,49,0.4367816091954023,7.0
2,2012,90,SK,45,43,0.5113636363636364,5.0
3,2012,90,넥센,44,44,0.5,6.0
4,2012,90,두산,49,40,0.5505617977528089,2.0
5,2012,90,롯데,45,41,0.5232558139534884,3.5
6,2012,90,삼성,51,37,0.5795454545454546,1.0
7,2012,90,한화,36,52,0.4090909090909091,8.0
