,Year,Game_idx,Team1,cum_win,cum_lose,Wpct,rank
0,2013,112,KIA,47,63,0.4272727272727273,7.0
1,2013,112,LG,66,46,0.5892857142857143,1.0
2,2013,112,NC,46,62,0.4259259259259259,8.0
3,2013,112,SK,56,54,0.509090909090909,5.0
4,2013,112,넥센,61,49,0.5545454545454546,4.0
5,2013,112,두산,62,48,0.5636363636363636,3.0
6,2013,112,롯데,55,54,0.5045871559633027,6.0
7,2013,112,삼성,64,46,0.5818181818181818,2.0
8,2013,112,한화,36,75,0.32432432432432434,9.0
