,Year,Game_idx,Team1,cum_win,cum_lose,Wpct,rank
0,2008,92,KIA,44,48,0.4782608695652174,5.5
1,2008,92,LG,32,60,0.3478260869565217,8.0
2,2008,92,SK,60,32,0.6521739130434783,1.0
3,2008,92,두산,51,41,0.5543478260869565,2.5
4,2008,92,롯데,46,46,0.5,4.0
5,2008,92,삼성,44,48,0.4782608695652174,5.5
6,2008,92,한화,51,41,0.5543478260869565,2.5
7,2008,92,히어로즈,39,53,0.4239130434782609,7.0
