,Year,Game_idx,Team1,cum_win,cum_lose,Wpct,rank
0,2012,12,KIA,5,7,0.4166666666666667,6.5
1,2012,12,LG,7,5,0.5833333333333334,3.5
2,2012,12,SK,7,5,0.5833333333333334,3.5
3,2012,12,넥센,6,6,0.5,5.0
4,2012,12,두산,7,4,0.6363636363636364,2.0
5,2012,12,롯데,8,3,0.7272727272727273,1.0
6,2012,12,삼성,5,7,0.4166666666666667,6.5
7,2012,12,한화,2,10,0.16666666666666666,8.0
