,Year,Game_idx,Team1,cum_win,cum_lose,Wpct,rank
0,2011,91,KIA,53,38,0.5824175824175825,2.0
1,2011,91,LG,44,47,0.4835164835164835,5.0
2,2011,91,SK,51,40,0.5604395604395604,3.0
3,2011,91,넥센,34,57,0.3736263736263736,8.0
4,2011,91,두산,39,50,0.4382022471910113,6.0
5,2011,91,롯데,45,43,0.5113636363636364,4.0
6,2011,91,삼성,54,35,0.6067415730337079,1.0
7,2011,91,한화,38,52,0.4222222222222222,7.0
