,Year,Game_idx,Team1,cum_win,cum_lose,Wpct,rank
0,2004,55,KIA,25,27,0.4807692307692308,6.0
1,2004,55,LG,26,27,0.490566037735849,5.0
2,2004,55,SK,24,27,0.4705882352941176,7.0
3,2004,55,두산,27,27,0.5,3.5
4,2004,55,롯데,20,30,0.4,8.0
5,2004,55,삼성,27,24,0.5294117647058824,2.0
6,2004,55,한화,26,26,0.5,3.5
7,2004,55,현대,33,20,0.6226415094339622,1.0
