,Year,Game_idx,Team1,cum_win,cum_lose,Wpct,rank
0,2007,20,KIA,10,10,0.5,4.5
1,2007,20,LG,10,10,0.5,4.5
2,2007,20,SK,12,6,0.6666666666666666,1.0
3,2007,20,두산,8,12,0.4,8.0
4,2007,20,롯데,11,9,0.55,2.0
5,2007,20,삼성,10,9,0.5263157894736842,3.0
6,2007,20,한화,9,10,0.4736842105263158,6.0
7,2007,20,현대,9,11,0.45,7.0
