,Year,Game_idx,Team1,cum_win,cum_lose,Wpct,rank
0,1997,63,LG,38,23,0.6229508196721312,1.0
1,1997,63,OB,34,26,0.5666666666666667,4.0
2,1997,63,롯데,22,40,0.3548387096774194,8.0
3,1997,63,삼성,35,24,0.5932203389830508,3.0
4,1997,63,쌍방울,31,31,0.5,5.0
5,1997,63,한화,23,38,0.3770491803278688,7.0
6,1997,63,해태,37,25,0.5967741935483871,2.0
7,1997,63,현대,23,37,0.38333333333333336,6.0
