,Year,Game_idx,Team1,cum_win,cum_lose,Wpct,rank
0,2016,95,KIA,46,48,0.4893617021276596,5.0
1,2016,95,LG,42,52,0.44680851063829785,8.0
2,2016,95,NC,58,35,0.6236559139784946,2.0
3,2016,95,SK,47,48,0.4947368421052632,4.0
4,2016,95,kt,38,55,0.4086021505376344,10.0
5,2016,95,넥센,53,41,0.5638297872340425,3.0
6,2016,95,두산,60,34,0.6382978723404256,1.0
7,2016,95,롯데,45,50,0.4736842105263158,6.0
8,2016,95,삼성,40,54,0.425531914893617,9.0
9,2016,95,한화,42,50,0.4565217391304348,7.0
