,Year,Game_idx,Team1,cum_win,cum_lose,Wpct,rank
0,2004,82,KIA,40,38,0.5128205128205128,4.0
1,2004,82,LG,38,42,0.475,6.0
2,2004,82,SK,38,37,0.5066666666666667,5.0
3,2004,82,두산,43,38,0.5308641975308642,3.0
4,2004,82,롯데,29,43,0.4027777777777778,8.0
5,2004,82,삼성,41,35,0.5394736842105263,2.0
6,2004,82,한화,36,41,0.4675324675324675,7.0
7,2004,82,현대,44,33,0.5714285714285714,1.0
