,Year,Game_idx,Team1,cum_win,cum_lose,Wpct,rank
0,2009,42,KIA,21,18,0.5384615384615384,3.0
1,2009,42,LG,21,19,0.525,4.0
2,2009,42,SK,27,11,0.7105263157894737,1.0
3,2009,42,두산,25,15,0.625,2.0
4,2009,42,롯데,16,26,0.3809523809523809,7.0
5,2009,42,삼성,19,23,0.4523809523809524,5.0
6,2009,42,한화,17,22,0.4358974358974359,6.0
7,2009,42,히어로즈,15,26,0.36585365853658536,8.0
