,Year,Game_idx,Team1,cum_win,cum_lose,Wpct,rank
0,2012,44,KIA,20,22,0.4761904761904762,7.0
1,2012,44,LG,22,22,0.5,5.0
2,2012,44,SK,24,19,0.5581395348837209,1.0
3,2012,44,넥센,23,20,0.5348837209302325,3.0
4,2012,44,두산,22,21,0.5116279069767442,4.0
5,2012,44,롯데,23,19,0.5476190476190477,2.0
6,2012,44,삼성,21,22,0.4883720930232558,6.0
7,2012,44,한화,16,28,0.3636363636363637,8.0
