,Year,Game_idx,Team1,cum_win,cum_lose,Wpct,rank
0,2000,28,LG,14,14,0.5,4.0
1,2000,28,SK,7,21,0.25,8.0
2,2000,28,두산,18,10,0.6428571428571429,2.0
3,2000,28,롯데,12,16,0.42857142857142855,5.5
4,2000,28,삼성,17,11,0.6071428571428571,3.0
5,2000,28,한화,12,16,0.42857142857142855,5.5
6,2000,28,해태,11,17,0.3928571428571429,7.0
7,2000,28,현대,21,7,0.75,1.0
