,Year,Game_idx,Team1,cum_win,cum_lose,Wpct,rank
0,2006,13,KIA,7,5,0.5833333333333334,2.0
1,2006,13,LG,5,8,0.38461538461538464,6.5
2,2006,13,SK,9,4,0.6923076923076923,1.0
3,2006,13,두산,4,7,0.3636363636363637,8.0
4,2006,13,롯데,5,8,0.38461538461538464,6.5
5,2006,13,삼성,6,6,0.5,5.0
6,2006,13,한화,7,6,0.5384615384615384,3.5
7,2006,13,현대,7,6,0.5384615384615384,3.5
