,Year,Game_idx,Team1,cum_win,cum_lose,Wpct,rank
0,2012,118,KIA,54,58,0.4821428571428572,5.0
1,2012,118,LG,51,63,0.4473684210526316,7.0
2,2012,118,SK,62,53,0.5391304347826087,3.0
3,2012,118,넥센,54,62,0.4655172413793103,6.0
4,2012,118,두산,61,55,0.5258620689655172,4.0
5,2012,118,롯데,62,50,0.5535714285714286,2.0
6,2012,118,삼성,68,48,0.5862068965517241,1.0
7,2012,118,한화,47,69,0.4051724137931034,8.0
