,Year,Game_idx,Team1,cum_win,cum_lose,Wpct,rank
0,1993,41,LG,25,16,0.6097560975609756,2.0
1,1993,41,OB,19,20,0.4871794871794872,5.5
2,1993,41,롯데,20,21,0.4878048780487805,4.0
3,1993,41,빙그레,22,19,0.5365853658536586,3.0
4,1993,41,삼성,19,20,0.4871794871794872,5.5
5,1993,41,쌍방울,14,26,0.35,7.0
6,1993,41,태평양,11,26,0.2972972972972973,8.0
7,1993,41,해태,29,11,0.725,1.0
