,Year,Game_idx,Team1,cum_win,cum_lose,Wpct,rank
0,2010,51,KIA,25,26,0.4901960784313725,4.0
1,2010,51,LG,24,26,0.48,5.0
2,2010,51,SK,34,17,0.6666666666666666,1.0
3,2010,51,넥센,20,31,0.392156862745098,8.0
4,2010,51,두산,29,21,0.58,2.0
5,2010,51,롯데,23,28,0.4509803921568628,6.0
6,2010,51,삼성,29,22,0.5686274509803921,3.0
7,2010,51,한화,21,30,0.4117647058823529,7.0
