,Year,Game_idx,Team1,cum_win,cum_lose,Wpct,rank
0,1992,78,LG,28,48,0.3684210526315789,7.0
1,1992,78,OB,36,40,0.4736842105263158,5.0
2,1992,78,롯데,45,33,0.5769230769230769,3.0
3,1992,78,빙그레,48,29,0.6233766233766234,1.0
4,1992,78,삼성,41,36,0.5324675324675324,4.0
5,1992,78,쌍방울,27,50,0.35064935064935066,8.0
6,1992,78,태평양,34,41,0.4533333333333333,6.0
7,1992,78,해태,48,30,0.6153846153846154,2.0
