,Year,Game_idx,Team1,cum_win,cum_lose,Wpct,rank
0,2013,103,KIA,46,55,0.4554455445544554,7.0
1,2013,103,LG,60,43,0.5825242718446602,2.0
2,2013,103,NC,42,57,0.42424242424242425,8.0
3,2013,103,SK,51,50,0.504950495049505,6.0
4,2013,103,넥센,55,46,0.5445544554455446,3.5
5,2013,103,두산,55,46,0.5445544554455446,3.5
6,2013,103,롯데,52,48,0.52,5.0
7,2013,103,삼성,60,41,0.594059405940594,1.0
8,2013,103,한화,31,71,0.30392156862745096,9.0
