,Year,Game_idx,Team1,cum_win,cum_lose,Wpct,rank
0,2007,30,KIA,12,18,0.4,8.0
1,2007,30,LG,14,15,0.4827586206896552,5.5
2,2007,30,SK,17,11,0.6071428571428571,1.0
3,2007,30,두산,14,15,0.4827586206896552,5.5
4,2007,30,롯데,15,14,0.5172413793103449,2.5
5,2007,30,삼성,13,15,0.4642857142857143,7.0
6,2007,30,한화,15,14,0.5172413793103449,2.5
7,2007,30,현대,15,15,0.5,4.0
