,Year,Game_idx,Team1,cum_win,cum_lose,Wpct,rank
0,2008,58,KIA,26,32,0.4482758620689655,6.0
1,2008,58,LG,23,35,0.3965517241379311,7.0
2,2008,58,SK,40,18,0.6896551724137931,1.0
3,2008,58,두산,33,25,0.5689655172413793,2.0
4,2008,58,롯데,30,28,0.5172413793103449,4.0
5,2008,58,삼성,31,27,0.5344827586206896,3.0
6,2008,58,한화,29,29,0.5,5.0
7,2008,58,히어로즈,21,37,0.3620689655172414,8.0
