,Year,Game_idx,Team1,cum_win,cum_lose,Wpct,rank
0,2003,91,KIA,47,40,0.5402298850574713,4.0
1,2003,91,LG,47,42,0.5280898876404494,5.0
2,2003,91,SK,51,38,0.5730337078651685,3.0
3,2003,91,두산,32,57,0.3595505617977528,7.0
4,2003,91,롯데,23,65,0.26136363636363635,8.0
5,2003,91,삼성,56,33,0.6292134831460674,2.0
6,2003,91,한화,42,46,0.4772727272727273,6.0
7,2003,91,현대,59,30,0.6629213483146067,1.0
