,Year,Game_idx,Team1,cum_win,cum_lose,Wpct,rank
0,1997,119,LG,67,50,0.5726495726495726,2.0
1,1997,119,OB,54,60,0.4736842105263158,5.0
2,1997,119,롯데,47,71,0.3983050847457627,8.0
3,1997,119,삼성,64,49,0.5663716814159292,3.0
4,1997,119,쌍방울,65,52,0.5555555555555556,4.0
5,1997,119,한화,49,68,0.4188034188034188,7.0
6,1997,119,해태,71,47,0.6016949152542372,1.0
7,1997,119,현대,49,66,0.4260869565217391,6.0
