,Year,Game_idx,Team1,cum_win,cum_lose,Wpct,rank
0,2004,86,KIA,41,41,0.5,5.0
1,2004,86,LG,38,46,0.4523809523809524,7.0
2,2004,86,SK,41,38,0.5189873417721519,4.0
3,2004,86,두산,46,39,0.5411764705882353,3.0
4,2004,86,롯데,30,46,0.3947368421052632,8.0
5,2004,86,삼성,45,35,0.5625,2.0
6,2004,86,한화,37,44,0.4567901234567901,6.0
7,2004,86,현대,47,34,0.5802469135802469,1.0
