,Year,Game_idx,Team1,cum_win,cum_lose,Wpct,rank
0,1989,6,MBC,4,2,0.6666666666666666,3.0
1,1989,6,OB,1,5,0.16666666666666666,7.0
2,1989,6,롯데,3,3,0.5,5.0
3,1989,6,빙그레,2,4,0.3333333333333333,6.0
4,1989,6,삼성,4,2,0.6666666666666666,3.0
5,1989,6,태평양,4,2,0.6666666666666666,3.0
6,1989,6,해태,5,1,0.8333333333333334,1.0
