,Year,Game_idx,Team1,cum_win,cum_lose,Wpct,rank
0,2016,16,KIA,6,10,0.375,9.0
1,2016,16,LG,8,8,0.5,6.0
2,2016,16,NC,8,8,0.5,6.0
3,2016,16,SK,10,6,0.625,2.0
4,2016,16,kt,7,9,0.4375,8.0
5,2016,16,넥센,8,7,0.5333333333333333,4.0
6,2016,16,두산,11,4,0.7333333333333333,1.0
7,2016,16,롯데,9,7,0.5625,3.0
8,2016,16,삼성,8,8,0.5,6.0
9,2016,16,한화,3,13,0.1875,10.0
