,Year,Game_idx,Team1,cum_win,cum_lose,Wpct,rank
0,2013,39,KIA,21,17,0.5526315789473685,3.5
1,2013,39,LG,18,21,0.4615384615384616,7.0
2,2013,39,NC,12,25,0.32432432432432434,8.0
3,2013,39,SK,18,20,0.4736842105263158,6.0
4,2013,39,넥센,26,13,0.6666666666666666,1.5
5,2013,39,두산,21,17,0.5526315789473685,3.5
6,2013,39,롯데,18,19,0.4864864864864865,5.0
7,2013,39,삼성,26,13,0.6666666666666666,1.5
8,2013,39,한화,12,26,0.3157894736842105,9.0
