,Year,Game_idx,Team1,cum_win,cum_lose,Wpct,rank
0,1995,49,LG,29,19,0.6041666666666666,2.0
1,1995,49,OB,29,18,0.6170212765957447,1.0
2,1995,49,롯데,25,23,0.5208333333333334,3.0
3,1995,49,삼성,22,24,0.4782608695652174,5.0
4,1995,49,쌍방울,21,28,0.42857142857142855,7.0
5,1995,49,태평양,17,30,0.3617021276595745,8.0
6,1995,49,한화,24,25,0.4897959183673469,4.0
7,1995,49,해태,23,26,0.4693877551020408,6.0
