,Year,Game_idx,Team1,cum_win,cum_lose,Wpct,rank
0,1997,49,LG,32,16,0.6666666666666666,1.0
1,1997,49,OB,25,21,0.5434782608695652,4.0
2,1997,49,롯데,19,30,0.3877551020408163,7.0
3,1997,49,삼성,26,20,0.5652173913043478,3.0
4,1997,49,쌍방울,23,26,0.4693877551020408,5.0
5,1997,49,한화,17,30,0.3617021276595745,8.0
6,1997,49,해태,29,20,0.5918367346938775,2.0
7,1997,49,현대,19,28,0.40425531914893614,6.0
