,Year,Game_idx,Team1,cum_win,cum_lose,Wpct,rank
0,2015,143,KIA,67,76,0.4685314685314685,7.0
1,2015,143,LG,63,78,0.44680851063829785,9.0
2,2015,143,NC,84,57,0.5957446808510638,2.0
3,2015,143,SK,68,73,0.4822695035460993,5.0
4,2015,143,kt,52,91,0.3636363636363637,10.0
5,2015,143,넥센,78,64,0.5492957746478874,3.0
6,2015,143,두산,78,65,0.5454545454545454,4.0
7,2015,143,롯데,65,77,0.4577464788732394,8.0
8,2015,143,삼성,87,56,0.6083916083916084,1.0
9,2015,143,한화,68,75,0.4755244755244755,6.0
