,Year,Game_idx,Team1,cum_win,cum_lose,Wpct,rank
0,1995,29,LG,16,13,0.5517241379310345,2.0
1,1995,29,OB,17,11,0.6071428571428571,1.0
2,1995,29,롯데,15,14,0.5172413793103449,3.5
3,1995,29,삼성,13,15,0.4642857142857143,5.0
4,1995,29,쌍방울,12,17,0.4137931034482759,8.0
5,1995,29,태평양,12,16,0.42857142857142855,7.0
6,1995,29,한화,15,14,0.5172413793103449,3.5
7,1995,29,해태,13,16,0.4482758620689655,6.0
