,Year,Game_idx,Team1,cum_win,cum_lose,Wpct,rank
0,2002,36,KIA,22,12,0.6470588235294118,1.0
1,2002,36,LG,15,21,0.4166666666666667,7.0
2,2002,36,SK,16,19,0.4571428571428571,6.0
3,2002,36,두산,17,18,0.4857142857142857,4.0
4,2002,36,롯데,14,21,0.4,8.0
5,2002,36,삼성,22,14,0.6111111111111112,2.0
6,2002,36,한화,18,16,0.5294117647058824,3.0
7,2002,36,현대,16,17,0.4848484848484849,5.0
