,Year,Game_idx,Team1,cum_win,cum_lose,Wpct,rank
0,1993,93,LG,56,35,0.6153846153846154,2.0
1,1993,93,OB,46,42,0.5227272727272727,4.0
2,1993,93,롯데,45,48,0.4838709677419355,5.0
3,1993,93,빙그레,39,52,0.42857142857142855,6.0
4,1993,93,삼성,49,39,0.5568181818181818,3.0
5,1993,93,쌍방울,35,53,0.3977272727272727,7.0
6,1993,93,태평양,28,57,0.32941176470588235,8.0
7,1993,93,해태,60,32,0.6521739130434783,1.0
