,Year,Game_idx,Team1,cum_win,cum_lose,Wpct,rank
0,2006,59,KIA,28,29,0.4912280701754386,5.0
1,2006,59,LG,22,36,0.3793103448275862,8.0
2,2006,59,SK,26,32,0.4482758620689655,6.0
3,2006,59,두산,30,27,0.5263157894736842,4.0
4,2006,59,롯데,24,34,0.4137931034482759,7.0
5,2006,59,삼성,36,21,0.631578947368421,1.0
6,2006,59,한화,32,26,0.5517241379310345,2.0
7,2006,59,현대,32,27,0.5423728813559322,3.0
