,Year,Game_idx,Team1,cum_win,cum_lose,Wpct,rank
0,2004,27,KIA,14,13,0.5185185185185185,4.0
1,2004,27,LG,14,12,0.5384615384615384,3.0
2,2004,27,SK,12,13,0.48,6.0
3,2004,27,두산,13,13,0.5,5.0
4,2004,27,롯데,9,16,0.36,8.0
5,2004,27,삼성,14,11,0.56,2.0
6,2004,27,한화,12,14,0.4615384615384616,7.0
7,2004,27,현대,15,11,0.5769230769230769,1.0
