,Year,Game_idx,Team1,cum_win,cum_lose,Wpct,rank
0,2013,115,KIA,48,65,0.4247787610619469,7.0
1,2013,115,LG,68,47,0.591304347826087,1.0
2,2013,115,NC,47,64,0.4234234234234234,8.0
3,2013,115,SK,57,56,0.5044247787610621,6.0
4,2013,115,넥센,64,49,0.5663716814159292,3.5
5,2013,115,두산,64,49,0.5663716814159292,3.5
6,2013,115,롯데,56,55,0.5045045045045045,5.0
7,2013,115,삼성,66,47,0.584070796460177,2.0
8,2013,115,한화,37,77,0.32456140350877194,9.0
