,Year,Game_idx,Team1,cum_win,cum_lose,Wpct,rank
0,1991,67,LG,34,32,0.5151515151515151,4.0
1,1991,67,OB,23,44,0.34328358208955223,8.0
2,1991,67,롯데,33,33,0.5,5.0
3,1991,67,빙그레,34,30,0.53125,2.0
4,1991,67,삼성,35,32,0.5223880597014925,3.0
5,1991,67,쌍방울,26,40,0.3939393939393939,7.0
6,1991,67,태평양,33,34,0.4925373134328358,6.0
7,1991,67,해태,44,22,0.6666666666666666,1.0
