,Year,Game_idx,Team1,cum_win,cum_lose,Wpct,rank
0,1999,42,LG,24,18,0.5714285714285714,4.0
1,1999,42,두산,23,17,0.575,3.0
2,1999,42,롯데,25,14,0.6410256410256411,1.0
3,1999,42,삼성,24,16,0.6,2.0
4,1999,42,쌍방울,10,30,0.25,8.0
5,1999,42,한화,17,25,0.4047619047619048,7.0
6,1999,42,해태,18,24,0.42857142857142855,6.0
7,1999,42,현대,23,18,0.5609756097560976,5.0
