,Year,Game_idx,Team1,cum_win,cum_lose,Wpct,rank
0,1997,84,LG,46,36,0.5609756097560976,2.0
1,1997,84,OB,41,39,0.5125,5.0
2,1997,84,롯데,33,50,0.3975903614457832,7.0
3,1997,84,삼성,44,35,0.5569620253164557,3.0
4,1997,84,쌍방울,46,37,0.5542168674698795,4.0
5,1997,84,한화,32,50,0.3902439024390244,8.0
6,1997,84,해태,51,32,0.6144578313253012,1.0
7,1997,84,현대,33,47,0.4125,6.0
