,Year,Game_idx,Team1,cum_win,cum_lose,Wpct,rank
0,1995,92,LG,56,35,0.6153846153846154,1.0
1,1995,92,OB,50,37,0.5747126436781609,2.0
2,1995,92,롯데,48,40,0.5454545454545454,3.0
3,1995,92,삼성,43,44,0.4942528735632184,5.0
4,1995,92,쌍방울,32,58,0.3555555555555556,8.0
5,1995,92,태평양,39,50,0.4382022471910113,7.0
6,1995,92,한화,44,48,0.4782608695652174,6.0
7,1995,92,해태,47,43,0.5222222222222223,4.0
