,Year,Game_idx,Team1,cum_win,cum_lose,Wpct,rank
0,2001,78,KIA,35,39,0.472972972972973,4.0
1,2001,78,LG,32,42,0.4324324324324325,6.0
2,2001,78,SK,33,44,0.42857142857142855,7.0
3,2001,78,두산,40,34,0.5405405405405406,3.0
4,2001,78,롯데,31,44,0.4133333333333333,8.0
5,2001,78,삼성,49,29,0.6282051282051282,1.0
6,2001,78,한화,33,43,0.4342105263157895,5.0
7,2001,78,현대,47,28,0.6266666666666667,2.0
