,Year,Game_idx,Team1,cum_win,cum_lose,Wpct,rank
0,1993,62,LG,35,26,0.5737704918032787,2.0
1,1993,62,OB,26,32,0.4482758620689655,5.0
2,1993,62,롯데,32,30,0.5161290322580645,4.0
3,1993,62,빙그레,27,34,0.4426229508196721,6.0
4,1993,62,삼성,33,27,0.55,3.0
5,1993,62,쌍방울,22,36,0.3793103448275862,7.0
6,1993,62,태평양,21,35,0.375,8.0
7,1993,62,해태,43,18,0.7049180327868853,1.0
