,Year,Game_idx,Team1,cum_win,cum_lose,Wpct,rank
0,1994,24,LG,17,7,0.7083333333333334,1.0
1,1994,24,OB,12,12,0.5,4.0
2,1994,24,롯데,9,13,0.4090909090909091,8.0
3,1994,24,삼성,12,11,0.5217391304347826,3.0
4,1994,24,쌍방울,10,13,0.43478260869565216,7.0
5,1994,24,태평양,12,10,0.5454545454545454,2.0
6,1994,24,한화,11,13,0.4583333333333333,5.0
7,1994,24,해태,10,12,0.4545454545454545,6.0
