,Year,Game_idx,Team1,cum_win,cum_lose,Wpct,rank
0,1998,12,LG,7,5,0.5833333333333334,3.5
1,1998,12,OB,5,7,0.4166666666666667,6.0
2,1998,12,롯데,5,6,0.4545454545454545,5.0
3,1998,12,삼성,7,5,0.5833333333333334,3.5
4,1998,12,쌍방울,4,8,0.3333333333333333,7.0
5,1998,12,한화,8,3,0.7272727272727273,1.0
6,1998,12,해태,3,9,0.25,8.0
7,1998,12,현대,8,4,0.6666666666666666,2.0
