,Year,Game_idx,Team1,cum_win,cum_lose,Wpct,rank
0,2013,123,KIA,50,70,0.4166666666666667,7.0
1,2013,123,LG,72,51,0.5853658536585366,2.0
2,2013,123,NC,49,70,0.4117647058823529,8.0
3,2013,123,SK,60,60,0.5,6.0
4,2013,123,넥센,70,51,0.5785123966942148,3.0
5,2013,123,두산,68,52,0.5666666666666667,4.0
6,2013,123,롯데,62,57,0.5210084033613446,5.0
7,2013,123,삼성,72,49,0.5950413223140496,1.0
8,2013,123,한화,40,82,0.3278688524590164,9.0
