,Year,Game_idx,Team1,cum_win,cum_lose,Wpct,rank
0,1989,98,MBC,36,58,0.3829787234042553,7.0
1,1989,98,OB,45,51,0.46875,5.0
2,1989,98,롯데,41,54,0.43157894736842106,6.0
3,1989,98,빙그레,57,38,0.6,1.0
4,1989,98,삼성,48,45,0.5161290322580645,3.0
5,1989,98,태평양,48,46,0.5106382978723404,4.0
6,1989,98,해태,55,40,0.5789473684210527,2.0
