,Year,Game_idx,Team1,cum_win,cum_lose,Wpct,rank
0,2002,13,KIA,9,3,0.75,2.0
1,2002,13,LG,4,9,0.3076923076923077,8.0
2,2002,13,SK,4,8,0.3333333333333333,6.5
3,2002,13,두산,5,8,0.38461538461538464,5.0
4,2002,13,롯데,4,8,0.3333333333333333,6.5
5,2002,13,삼성,7,6,0.5384615384615384,4.0
6,2002,13,한화,7,4,0.6363636363636364,3.0
7,2002,13,현대,8,2,0.8,1.0
