,Year,Game_idx,Team1,cum_win,cum_lose,Wpct,rank
0,1991,24,LG,15,8,0.6521739130434783,1.0
1,1991,24,OB,12,12,0.5,5.5
2,1991,24,롯데,10,14,0.4166666666666667,7.0
3,1991,24,빙그레,12,11,0.5217391304347826,4.0
4,1991,24,삼성,14,10,0.5833333333333334,3.0
5,1991,24,쌍방울,7,17,0.2916666666666667,8.0
6,1991,24,태평양,12,12,0.5,5.5
7,1991,24,해태,15,9,0.625,2.0
