,Year,Game_idx,Team1,cum_win,cum_lose,Wpct,rank
0,1998,26,LG,12,14,0.4615384615384616,4.0
1,1998,26,OB,11,15,0.4230769230769231,7.0
2,1998,26,롯데,11,13,0.4583333333333333,5.5
3,1998,26,삼성,16,10,0.6153846153846154,2.0
4,1998,26,쌍방울,13,13,0.5,3.0
5,1998,26,한화,11,13,0.4583333333333333,5.5
6,1998,26,해태,10,16,0.38461538461538464,8.0
7,1998,26,현대,19,7,0.7307692307692307,1.0
