,Year,Game_idx,Team1,cum_win,cum_lose,Wpct,rank
0,1998,56,LG,28,27,0.509090909090909,3.0
1,1998,56,OB,25,30,0.4545454545454545,6.0
2,1998,56,롯데,20,33,0.37735849056603776,8.0
3,1998,56,삼성,30,25,0.5454545454545454,2.0
4,1998,56,쌍방울,26,30,0.4642857142857143,5.0
5,1998,56,한화,26,28,0.4814814814814815,4.0
6,1998,56,해태,25,31,0.44642857142857145,7.0
7,1998,56,현대,41,15,0.7321428571428571,1.0
