,Year,Game_idx,Team1,cum_win,cum_lose,Wpct,rank
0,2004,101,KIA,47,50,0.4845360824742268,5.5
1,2004,101,LG,47,50,0.4845360824742268,5.5
2,2004,101,SK,47,47,0.5,4.0
3,2004,101,두산,52,48,0.52,3.0
4,2004,101,롯데,35,55,0.3888888888888889,8.0
5,2004,101,삼성,55,40,0.5789473684210527,2.0
6,2004,101,한화,45,50,0.4736842105263158,7.0
7,2004,101,현대,56,40,0.5833333333333334,1.0
