,Year,Game_idx,Team1,cum_win,cum_lose,Wpct,rank
0,2016,57,KIA,24,32,0.42857142857142855,8.0
1,2016,57,LG,27,29,0.4821428571428572,4.0
2,2016,57,NC,37,19,0.6607142857142857,2.0
3,2016,57,SK,27,30,0.4736842105263158,5.0
4,2016,57,kt,23,32,0.41818181818181815,9.0
5,2016,57,넥센,28,28,0.5,3.0
6,2016,57,두산,40,16,0.7142857142857143,1.0
7,2016,57,롯데,26,31,0.456140350877193,6.5
8,2016,57,삼성,26,31,0.456140350877193,6.5
9,2016,57,한화,23,33,0.4107142857142857,10.0
