,Year,Game_idx,Team1,cum_win,cum_lose,Wpct,rank
0,2015,141,KIA,67,74,0.475177304964539,6.5
1,2015,141,LG,62,77,0.4460431654676259,9.0
2,2015,141,NC,83,56,0.5971223021582733,2.0
3,2015,141,SK,68,71,0.4892086330935252,5.0
4,2015,141,kt,51,90,0.3617021276595745,10.0
5,2015,141,넥센,76,64,0.5428571428571428,4.0
6,2015,141,두산,77,64,0.5460992907801419,3.0
7,2015,141,롯데,65,75,0.4642857142857143,8.0
8,2015,141,삼성,85,56,0.6028368794326241,1.0
9,2015,141,한화,67,74,0.475177304964539,6.5
