,Year,Game_idx,Team1,cum_win,cum_lose,Wpct,rank
0,1995,46,LG,29,17,0.6304347826086957,1.0
1,1995,46,OB,27,18,0.6,2.0
2,1995,46,롯데,24,21,0.5333333333333333,3.0
3,1995,46,삼성,22,21,0.5116279069767442,4.0
4,1995,46,쌍방울,20,26,0.43478260869565216,7.0
5,1995,46,태평양,15,30,0.3333333333333333,8.0
6,1995,46,한화,23,23,0.5,5.0
7,1995,46,해태,22,24,0.4782608695652174,6.0
