,Year,Game_idx,Team1,cum_win,cum_lose,Wpct,rank
0,2006,24,KIA,11,12,0.4782608695652174,5.0
1,2006,24,LG,9,14,0.39130434782608703,7.0
2,2006,24,SK,14,10,0.5833333333333334,3.0
3,2006,24,두산,9,13,0.4090909090909091,6.0
4,2006,24,롯데,7,17,0.2916666666666667,8.0
5,2006,24,삼성,13,10,0.5652173913043478,4.0
6,2006,24,한화,14,9,0.6086956521739131,2.0
7,2006,24,현대,15,9,0.625,1.0
