,Year,Game_idx,Team1,cum_win,cum_lose,Wpct,rank
0,1993,121,LG,65,53,0.5508474576271186,3.0
1,1993,121,OB,62,54,0.5344827586206896,4.0
2,1993,121,롯데,59,61,0.4916666666666666,5.0
3,1993,121,빙그레,57,60,0.4871794871794872,6.0
4,1993,121,삼성,70,46,0.603448275862069,2.0
5,1993,121,쌍방울,41,75,0.3534482758620689,7.0
6,1993,121,태평양,34,77,0.3063063063063063,8.0
7,1993,121,해태,78,40,0.6610169491525424,1.0
