,Year,Game_idx,Team1,cum_win,cum_lose,Wpct,rank
0,1989,64,MBC,25,36,0.4098360655737705,6.0
1,1989,64,OB,28,35,0.4444444444444444,5.0
2,1989,64,롯데,23,39,0.3709677419354839,7.0
3,1989,64,빙그레,37,24,0.6065573770491803,1.0
4,1989,64,삼성,32,29,0.5245901639344263,3.0
5,1989,64,태평양,31,29,0.5166666666666667,4.0
6,1989,64,해태,37,25,0.5967741935483871,2.0
