,Year,Game_idx,Team1,cum_win,cum_lose,Wpct,rank
0,1998,51,LG,26,25,0.5098039215686274,3.0
1,1998,51,OB,23,28,0.4509803921568628,5.5
2,1998,51,롯데,18,30,0.375,8.0
3,1998,51,삼성,27,23,0.54,2.0
4,1998,51,쌍방울,23,28,0.4509803921568628,5.5
5,1998,51,한화,23,26,0.4693877551020408,4.0
6,1998,51,해태,22,29,0.4313725490196079,7.0
7,1998,51,현대,37,14,0.7254901960784313,1.0
