,Year,Game_idx,Team1,cum_win,cum_lose,Wpct,rank
0,2009,74,KIA,38,32,0.5428571428571428,3.0
1,2009,74,LG,32,39,0.4507042253521127,7.0
2,2009,74,SK,43,26,0.6231884057971014,1.0
3,2009,74,두산,41,31,0.5694444444444444,2.0
4,2009,74,롯데,35,39,0.472972972972973,5.5
5,2009,74,삼성,35,39,0.472972972972973,5.5
6,2009,74,한화,24,47,0.3380281690140845,8.0
7,2009,74,히어로즈,36,37,0.4931506849315068,4.0
