,Year,Game_idx,Team1,cum_win,cum_lose,Wpct,rank
0,1991,111,LG,51,59,0.4636363636363636,5.0
1,1991,111,OB,41,68,0.3761467889908257,8.0
2,1991,111,롯데,53,55,0.4907407407407408,4.0
3,1991,111,빙그레,64,42,0.6037735849056604,2.0
4,1991,111,삼성,63,47,0.5727272727272728,3.0
5,1991,111,쌍방울,46,62,0.4259259259259259,7.0
6,1991,111,태평양,48,61,0.44036697247706413,6.0
7,1991,111,해태,68,38,0.6415094339622641,1.0
