,Year,Game_idx,Team1,cum_win,cum_lose,Wpct,rank
0,2013,38,KIA,21,16,0.5675675675675675,3.5
1,2013,38,LG,17,21,0.4473684210526316,7.0
2,2013,38,NC,11,25,0.3055555555555556,9.0
3,2013,38,SK,18,19,0.4864864864864865,6.0
4,2013,38,넥센,25,13,0.6578947368421053,1.5
5,2013,38,두산,21,16,0.5675675675675675,3.5
6,2013,38,롯데,18,18,0.5,5.0
7,2013,38,삼성,25,13,0.6578947368421053,1.5
8,2013,38,한화,12,25,0.32432432432432434,8.0
