,Year,Game_idx,Team1,cum_win,cum_lose,Wpct,rank
0,2006,111,KIA,54,54,0.5,4.0
1,2006,111,LG,42,65,0.3925233644859813,8.0
2,2006,111,SK,53,57,0.4818181818181818,6.0
3,2006,111,두산,54,55,0.4954128440366973,5.0
4,2006,111,롯데,46,63,0.4220183486238532,7.0
5,2006,111,삼성,64,44,0.5925925925925926,1.0
6,2006,111,한화,58,51,0.5321100917431193,3.0
7,2006,111,현대,61,49,0.5545454545454546,2.0
