,Year,Game_idx,Team1,cum_win,cum_lose,Wpct,rank
0,1990,101,LG,57,44,0.5643564356435643,3.0
1,1990,101,OB,31,66,0.31958762886597936,7.0
2,1990,101,롯데,38,59,0.3917525773195876,6.0
3,1990,101,빙그레,61,38,0.6161616161616161,1.0
4,1990,101,삼성,56,43,0.5656565656565656,2.0
5,1990,101,태평양,46,52,0.4693877551020408,5.0
6,1990,101,해태,54,44,0.5510204081632653,4.0
