,Year,Game_idx,Team1,cum_win,cum_lose,Wpct,rank
0,2015,37,KIA,18,19,0.4864864864864865,7.0
1,2015,37,LG,16,20,0.4444444444444444,9.0
2,2015,37,NC,19,17,0.5277777777777778,5.0
3,2015,37,SK,22,15,0.5945945945945946,2.5
4,2015,37,kt,7,30,0.1891891891891892,10.0
5,2015,37,넥센,20,17,0.5405405405405406,4.0
6,2015,37,두산,22,15,0.5945945945945946,2.5
7,2015,37,롯데,17,20,0.4594594594594595,8.0
8,2015,37,삼성,23,14,0.6216216216216216,1.0
9,2015,37,한화,19,18,0.5135135135135135,6.0
