,Year,Game_idx,Team1,cum_win,cum_lose,Wpct,rank
0,2004,123,KIA,63,56,0.5294117647058824,3.0
1,2004,123,LG,55,64,0.4621848739495799,6.0
2,2004,123,SK,59,56,0.5130434782608696,5.0
3,2004,123,두산,64,58,0.5245901639344263,4.0
4,2004,123,롯데,45,67,0.4017857142857143,8.0
5,2004,123,삼성,67,49,0.5775862068965517,1.0
6,2004,123,한화,48,69,0.41025641025641024,7.0
7,2004,123,현대,68,50,0.576271186440678,2.0
