,Year,Game_idx,Team1,cum_win,cum_lose,Wpct,rank
0,2004,17,KIA,8,9,0.4705882352941176,4.0
1,2004,17,LG,9,7,0.5625,2.0
2,2004,17,SK,7,10,0.4117647058823529,7.0
3,2004,17,두산,7,9,0.4375,6.0
4,2004,17,롯데,6,10,0.375,8.0
5,2004,17,삼성,7,8,0.4666666666666667,5.0
6,2004,17,한화,8,8,0.5,3.0
7,2004,17,현대,13,4,0.7647058823529411,1.0
