,Year,Game_idx,Team1,cum_win,cum_lose,Wpct,rank
0,1996,122,LG,48,69,0.41025641025641024,7.0
1,1996,122,OB,47,69,0.4051724137931034,8.0
2,1996,122,롯데,55,61,0.4741379310344828,5.0
3,1996,122,삼성,54,63,0.4615384615384616,6.0
4,1996,122,쌍방울,67,53,0.5583333333333333,3.0
5,1996,122,한화,68,53,0.5619834710743802,2.0
6,1996,122,해태,71,49,0.5916666666666667,1.0
7,1996,122,현대,64,53,0.5470085470085471,4.0
