,Year,Game_idx,Team1,cum_win,cum_lose,Wpct,rank
0,2002,99,KIA,59,37,0.6145833333333334,1.0
1,2002,99,LG,51,44,0.5368421052631579,4.0
2,2002,99,SK,45,51,0.46875,6.0
3,2002,99,두산,52,45,0.5360824742268041,5.0
4,2002,99,롯데,26,72,0.2653061224489796,8.0
5,2002,99,삼성,57,39,0.59375,2.0
6,2002,99,한화,44,52,0.4583333333333333,7.0
7,2002,99,현대,51,43,0.5425531914893617,3.0
