,Year,Game_idx,Team1,cum_win,cum_lose,Wpct,rank
0,1990,36,LG,14,22,0.3888888888888889,7.0
1,1990,36,OB,14,21,0.4,6.0
2,1990,36,롯데,19,17,0.5277777777777778,3.5
3,1990,36,빙그레,20,16,0.5555555555555556,1.0
4,1990,36,삼성,17,19,0.4722222222222222,5.0
5,1990,36,태평양,19,17,0.5277777777777778,3.5
6,1990,36,해태,19,16,0.5428571428571428,2.0
