,Year,Game_idx,Team1,cum_win,cum_lose,Wpct,rank
0,2004,81,KIA,39,38,0.5064935064935064,4.0
1,2004,81,LG,37,42,0.4683544303797468,6.0
2,2004,81,SK,37,37,0.5,5.0
3,2004,81,두산,43,37,0.5375,3.0
4,2004,81,롯데,28,43,0.39436619718309857,8.0
5,2004,81,삼성,41,34,0.5466666666666666,2.0
6,2004,81,한화,35,41,0.4605263157894737,7.0
7,2004,81,현대,44,32,0.5789473684210527,1.0
