,Year,Game_idx,Team1,cum_win,cum_lose,Wpct,rank
0,2003,64,KIA,32,31,0.5079365079365079,4.0
1,2003,64,LG,30,32,0.4838709677419355,5.0
2,2003,64,SK,41,22,0.6507936507936508,1.0
3,2003,64,두산,20,44,0.3125,7.0
4,2003,64,롯데,19,43,0.3064516129032258,8.0
5,2003,64,삼성,40,22,0.6451612903225806,2.0
6,2003,64,한화,29,32,0.4754098360655738,6.0
7,2003,64,현대,38,25,0.6031746031746031,3.0
