,Year,Game_idx,Team1,cum_win,cum_lose,Wpct,rank
0,2015,18,KIA,9,9,0.5,6.0
1,2015,18,LG,9,9,0.5,6.0
2,2015,18,NC,8,10,0.4444444444444444,9.0
3,2015,18,SK,11,7,0.6111111111111112,2.5
4,2015,18,kt,2,16,0.1111111111111111,10.0
5,2015,18,넥센,9,9,0.5,6.0
6,2015,18,두산,11,7,0.6111111111111112,2.5
7,2015,18,롯데,9,9,0.5,6.0
8,2015,18,삼성,13,5,0.7222222222222222,1.0
9,2015,18,한화,9,9,0.5,6.0
