,Year,Game_idx,Team1,cum_win,cum_lose,Wpct,rank
0,2010,44,KIA,22,22,0.5,4.0
1,2010,44,LG,19,24,0.4418604651162791,6.0
2,2010,44,SK,31,13,0.7045454545454546,1.0
3,2010,44,넥센,18,26,0.4090909090909091,7.0
4,2010,44,두산,26,17,0.6046511627906976,2.0
5,2010,44,롯데,20,24,0.4545454545454545,5.0
6,2010,44,삼성,23,21,0.5227272727272727,3.0
7,2010,44,한화,17,27,0.3863636363636364,8.0
