,Year,Game_idx,Team1,cum_win,cum_lose,Wpct,rank
0,1989,37,MBC,17,18,0.4857142857142857,4.5
1,1989,37,OB,14,22,0.3888888888888889,6.0
2,1989,37,롯데,13,23,0.3611111111111111,7.0
3,1989,37,빙그레,22,13,0.6285714285714286,1.0
4,1989,37,삼성,21,15,0.5833333333333334,3.0
5,1989,37,태평양,17,18,0.4857142857142857,4.5
6,1989,37,해태,21,14,0.6,2.0
