,Year,Game_idx,Team1,cum_win,cum_lose,Wpct,rank
0,1996,83,LG,35,43,0.4487179487179487,7.0
1,1996,83,OB,36,45,0.4444444444444444,8.0
2,1996,83,롯데,37,42,0.4683544303797468,6.0
3,1996,83,삼성,38,42,0.475,5.0
4,1996,83,쌍방울,42,39,0.5185185185185185,4.0
5,1996,83,한화,45,38,0.5421686746987951,3.0
6,1996,83,해태,46,36,0.5609756097560976,2.0
7,1996,83,현대,44,34,0.5641025641025641,1.0
