,Year,Game_idx,Team1,cum_win,cum_lose,Wpct,rank
0,2003,20,KIA,12,7,0.631578947368421,3.0
1,2003,20,LG,10,9,0.5263157894736842,5.0
2,2003,20,SK,11,8,0.5789473684210527,4.0
3,2003,20,두산,5,15,0.25,7.0
4,2003,20,롯데,2,16,0.1111111111111111,8.0
5,2003,20,삼성,15,4,0.7894736842105263,1.0
6,2003,20,한화,7,12,0.3684210526315789,6.0
7,2003,20,현대,14,5,0.7368421052631579,2.0
