,Year,Game_idx,Team1,cum_win,cum_lose,Wpct,rank
0,2014,18,KIA,7,11,0.3888888888888889,7.5
1,2014,18,LG,4,13,0.2352941176470588,9.0
2,2014,18,NC,11,7,0.6111111111111112,3.0
3,2014,18,SK,12,6,0.6666666666666666,1.5
4,2014,18,넥센,12,6,0.6666666666666666,1.5
5,2014,18,두산,10,8,0.5555555555555556,4.0
6,2014,18,롯데,9,8,0.5294117647058824,5.0
7,2014,18,삼성,9,9,0.5,6.0
8,2014,18,한화,7,11,0.3888888888888889,7.5
