,Year,Game_idx,Team1,cum_win,cum_lose,Wpct,rank
0,2003,13,KIA,10,3,0.7692307692307693,2.0
1,2003,13,LG,7,5,0.5833333333333334,3.5
2,2003,13,SK,7,6,0.5384615384615384,5.0
3,2003,13,두산,1,12,0.07692307692307693,7.0
4,2003,13,롯데,0,12,0.0,8.0
5,2003,13,삼성,12,1,0.9230769230769232,1.0
6,2003,13,한화,6,6,0.5,6.0
7,2003,13,현대,7,5,0.5833333333333334,3.5
