,Year,Game_idx,Team1,cum_win,cum_lose,Wpct,rank
0,2008,49,KIA,20,29,0.4081632653061225,6.0
1,2008,49,LG,19,30,0.3877551020408163,7.5
2,2008,49,SK,33,16,0.6734693877551021,1.0
3,2008,49,두산,28,21,0.5714285714285714,2.0
4,2008,49,롯데,27,22,0.5510204081632653,3.0
5,2008,49,삼성,25,24,0.5102040816326531,4.5
6,2008,49,한화,25,24,0.5102040816326531,4.5
7,2008,49,히어로즈,19,30,0.3877551020408163,7.5
