,Year,Game_idx,Team1,cum_win,cum_lose,Wpct,rank
0,1998,84,LG,39,44,0.4698795180722892,5.0
1,1998,84,OB,37,46,0.4457831325301205,6.0
2,1998,84,롯데,34,47,0.41975308641975306,8.0
3,1998,84,삼성,46,36,0.5609756097560976,2.0
4,1998,84,쌍방울,40,44,0.4761904761904762,4.0
5,1998,84,한화,40,41,0.4938271604938271,3.0
6,1998,84,해태,37,47,0.4404761904761905,7.0
7,1998,84,현대,55,29,0.6547619047619048,1.0
