,Year,Game_idx,Team1,cum_win,cum_lose,Wpct,rank
0,2009,92,KIA,51,37,0.5795454545454546,1.0
1,2009,92,LG,41,48,0.4606741573033708,7.0
2,2009,92,SK,50,37,0.5747126436781609,2.0
3,2009,92,두산,51,39,0.5666666666666667,3.0
4,2009,92,롯데,48,44,0.5217391304347826,4.0
5,2009,92,삼성,47,45,0.5108695652173914,5.0
6,2009,92,한화,30,59,0.33707865168539325,8.0
7,2009,92,히어로즈,43,48,0.4725274725274725,6.0
