,Year,Game_idx,Team1,cum_win,cum_lose,Wpct,rank
0,1995,6,LG,4,2,0.6666666666666666,2.5
1,1995,6,OB,4,2,0.6666666666666666,2.5
2,1995,6,롯데,3,3,0.5,5.5
3,1995,6,삼성,1,5,0.16666666666666666,7.5
4,1995,6,쌍방울,4,2,0.6666666666666666,2.5
5,1995,6,태평양,4,2,0.6666666666666666,2.5
6,1995,6,한화,3,3,0.5,5.5
7,1995,6,해태,1,5,0.16666666666666666,7.5
