,Year,Game_idx,Team1,cum_win,cum_lose,Wpct,rank
0,1992,87,LG,34,51,0.4,7.0
1,1992,87,OB,39,46,0.4588235294117647,6.0
2,1992,87,롯데,50,37,0.5747126436781609,3.0
3,1992,87,빙그레,53,33,0.6162790697674418,1.0
4,1992,87,삼성,45,41,0.5232558139534884,4.0
5,1992,87,쌍방울,30,56,0.3488372093023256,8.0
6,1992,87,태평양,39,45,0.4642857142857143,5.0
7,1992,87,해태,53,34,0.6091954022988506,2.0
