,Year,Game_idx,Team1,cum_win,cum_lose,Wpct,rank
0,2014,64,KIA,28,36,0.4375,6.0
1,2014,64,LG,25,38,0.3968253968253968,8.0
2,2014,64,NC,39,25,0.609375,2.0
3,2014,64,SK,27,37,0.421875,7.0
4,2014,64,넥센,36,27,0.5714285714285714,3.0
5,2014,64,두산,32,32,0.5,5.0
6,2014,64,롯데,33,30,0.5238095238095238,4.0
7,2014,64,삼성,42,20,0.6774193548387096,1.0
8,2014,64,한화,23,40,0.36507936507936506,9.0
