,Year,Game_idx,Team1,cum_win,cum_lose,Wpct,rank
0,2009,62,KIA,34,25,0.576271186440678,3.0
1,2009,62,LG,26,33,0.4406779661016949,6.0
2,2009,62,SK,36,22,0.6206896551724138,1.0
3,2009,62,두산,37,23,0.6166666666666667,2.0
4,2009,62,롯데,26,36,0.41935483870967744,7.0
5,2009,62,삼성,29,33,0.4677419354838709,4.0
6,2009,62,한화,24,35,0.4067796610169492,8.0
7,2009,62,히어로즈,28,33,0.459016393442623,5.0
