,Year,Game_idx,Team1,cum_win,cum_lose,Wpct,rank
0,1997,40,LG,26,14,0.65,1.0
1,1997,40,OB,21,17,0.5526315789473685,3.5
2,1997,40,롯데,16,24,0.4,7.0
3,1997,40,삼성,21,17,0.5526315789473685,3.5
4,1997,40,쌍방울,19,21,0.475,5.0
5,1997,40,한화,11,27,0.2894736842105263,8.0
6,1997,40,해태,25,15,0.625,2.0
7,1997,40,현대,16,22,0.42105263157894735,6.0
