,Year,Game_idx,Team1,cum_win,cum_lose,Wpct,rank
0,2006,52,KIA,26,24,0.52,4.5
1,2006,52,LG,20,31,0.392156862745098,7.0
2,2006,52,SK,25,27,0.4807692307692308,6.0
3,2006,52,두산,26,24,0.52,4.5
4,2006,52,롯데,20,32,0.38461538461538464,8.0
5,2006,52,삼성,30,20,0.6,1.0
6,2006,52,한화,29,22,0.5686274509803921,3.0
7,2006,52,현대,30,22,0.5769230769230769,2.0
