,Year,Game_idx,Team1,cum_win,cum_lose,Wpct,rank
0,2014,120,KIA,51,69,0.425,8.0
1,2014,120,LG,56,61,0.4786324786324786,4.0
2,2014,120,NC,65,54,0.5462184873949579,3.0
3,2014,120,SK,56,63,0.4705882352941176,5.0
4,2014,120,넥센,72,47,0.6050420168067226,2.0
5,2014,120,두산,55,64,0.4621848739495799,6.0
6,2014,120,롯데,54,64,0.4576271186440678,7.0
7,2014,120,삼성,75,42,0.6410256410256411,1.0
8,2014,120,한화,47,71,0.3983050847457627,9.0
