,Year,Game_idx,Team1,cum_win,cum_lose,Wpct,rank
0,2010,109,KIA,50,59,0.4587155963302753,5.0
1,2010,109,LG,46,61,0.4299065420560748,6.0
2,2010,109,SK,69,40,0.6330275229357798,1.0
3,2010,109,넥센,43,63,0.4056603773584906,7.0
4,2010,109,두산,63,44,0.5887850467289719,3.0
5,2010,109,롯데,53,53,0.5,4.0
6,2010,109,삼성,66,42,0.6111111111111112,2.0
7,2010,109,한화,41,67,0.3796296296296297,8.0
