,Year,Game_idx,Team1,cum_win,cum_lose,Wpct,rank
0,2013,54,KIA,28,25,0.5283018867924528,5.0
1,2013,54,LG,29,25,0.5370370370370371,4.0
2,2013,54,NC,19,33,0.36538461538461536,8.0
3,2013,54,SK,23,30,0.4339622641509434,7.0
4,2013,54,넥센,32,21,0.6037735849056604,2.0
5,2013,54,두산,25,28,0.4716981132075472,6.0
6,2013,54,롯데,28,24,0.5384615384615384,3.0
7,2013,54,삼성,33,19,0.6346153846153846,1.0
8,2013,54,한화,16,37,0.3018867924528302,9.0
