,Year,Game_idx,Team1,cum_win,cum_lose,Wpct,rank
0,2014,70,KIA,33,37,0.4714285714285714,6.0
1,2014,70,LG,28,41,0.4057971014492754,8.0
2,2014,70,NC,41,29,0.5857142857142857,2.0
3,2014,70,SK,30,40,0.42857142857142855,7.0
4,2014,70,넥센,40,29,0.5797101449275363,3.0
5,2014,70,두산,34,36,0.4857142857142857,5.0
6,2014,70,롯데,36,33,0.5217391304347826,4.0
7,2014,70,삼성,46,22,0.6764705882352942,1.0
8,2014,70,한화,23,46,0.3333333333333333,9.0
