,Year,Game_idx,Team1,cum_win,cum_lose,Wpct,rank
0,2000,133,LG,67,63,0.5153846153846153,4.0
1,2000,133,SK,44,86,0.3384615384615385,8.0
2,2000,133,두산,76,57,0.5714285714285714,2.0
3,2000,133,롯데,65,64,0.5038759689922481,5.0
4,2000,133,삼성,69,59,0.5390625,3.0
5,2000,133,한화,50,78,0.390625,7.0
6,2000,133,해태,57,72,0.4418604651162791,6.0
7,2000,133,현대,91,40,0.6946564885496184,1.0
