,Year,Game_idx,Team1,cum_win,cum_lose,Wpct,rank
0,2005,113,KIA,44,68,0.3928571428571429,8.0
1,2005,113,LG,47,65,0.4196428571428572,7.0
2,2005,113,SK,62,45,0.5794392523364486,2.0
3,2005,113,두산,61,49,0.5545454545454546,3.0
4,2005,113,롯데,51,61,0.4553571428571429,5.0
5,2005,113,삼성,67,42,0.6146788990825688,1.0
6,2005,113,한화,61,51,0.5446428571428571,4.0
7,2005,113,현대,47,63,0.4272727272727273,6.0
