,Year,Game_idx,Team1,cum_win,cum_lose,Wpct,rank
0,2005,17,KIA,6,11,0.35294117647058826,8.0
1,2005,17,LG,8,9,0.4705882352941176,5.5
2,2005,17,SK,8,8,0.5,4.0
3,2005,17,두산,11,6,0.6470588235294118,1.0
4,2005,17,롯데,8,9,0.4705882352941176,5.5
5,2005,17,삼성,10,7,0.5882352941176471,2.0
6,2005,17,한화,9,8,0.5294117647058824,3.0
7,2005,17,현대,7,9,0.4375,7.0
