,Year,Game_idx,Team1,cum_win,cum_lose,Wpct,rank
0,2004,79,KIA,37,38,0.4933333333333334,4.0
1,2004,79,LG,35,42,0.4545454545454545,7.0
2,2004,79,SK,35,37,0.4861111111111111,5.0
3,2004,79,두산,43,35,0.5512820512820513,2.0
4,2004,79,롯데,27,42,0.39130434782608703,8.0
5,2004,79,삼성,40,33,0.547945205479452,3.0
6,2004,79,한화,34,40,0.4594594594594595,6.0
7,2004,79,현대,43,31,0.581081081081081,1.0
