,Year,Game_idx,Team1,cum_win,cum_lose,Wpct,rank
0,2009,130,KIA,78,48,0.6190476190476191,2.0
1,2009,130,LG,52,74,0.4126984126984127,7.0
2,2009,130,SK,77,47,0.6209677419354839,1.0
3,2009,130,두산,70,58,0.546875,3.0
4,2009,130,롯데,65,65,0.5,4.0
5,2009,130,삼성,64,66,0.4923076923076923,5.0
6,2009,130,한화,44,83,0.3464566929133858,8.0
7,2009,130,히어로즈,60,69,0.4651162790697674,6.0
