,Year,Game_idx,Team1,cum_win,cum_lose,Wpct,rank
0,2015,62,KIA,31,31,0.5,7.0
1,2015,62,LG,27,34,0.4426229508196721,9.0
2,2015,62,NC,35,26,0.5737704918032787,3.0
3,2015,62,SK,31,30,0.5081967213114754,6.0
4,2015,62,kt,17,45,0.27419354838709675,10.0
5,2015,62,넥센,33,28,0.5409836065573771,4.0
6,2015,62,두산,36,26,0.5806451612903226,1.5
7,2015,62,롯데,29,33,0.4677419354838709,8.0
8,2015,62,삼성,36,26,0.5806451612903226,1.5
9,2015,62,한화,33,29,0.532258064516129,5.0
