,Year,Game_idx,Team1,cum_win,cum_lose,Wpct,rank
0,2001,132,KIA,59,68,0.4645669291338583,5.0
1,2001,132,LG,57,67,0.4596774193548387,8.0
2,2001,132,SK,60,70,0.4615384615384616,6.0
3,2001,132,두산,65,62,0.5118110236220472,3.0
4,2001,132,롯데,59,69,0.4609375,7.0
5,2001,132,삼성,80,52,0.6060606060606061,1.0
6,2001,132,한화,61,67,0.4765625,4.0
7,2001,132,현대,71,57,0.5546875,2.0
