,Year,Game_idx,Team1,cum_win,cum_lose,Wpct,rank
0,2010,120,KIA,53,67,0.44166666666666665,6.0
1,2010,120,LG,52,65,0.4444444444444444,5.0
2,2010,120,SK,76,43,0.6386554621848739,1.0
3,2010,120,넥센,47,70,0.4017094017094017,7.0
4,2010,120,두산,67,50,0.5726495726495726,3.0
5,2010,120,롯데,60,57,0.5128205128205128,4.0
6,2010,120,삼성,73,46,0.6134453781512605,2.0
7,2010,120,한화,44,75,0.3697478991596639,8.0
