,Year,Game_idx,Team1,cum_win,cum_lose,Wpct,rank
0,2004,56,KIA,25,28,0.4716981132075472,7.0
1,2004,56,LG,26,28,0.4814814814814815,5.0
2,2004,56,SK,25,27,0.4807692307692308,6.0
3,2004,56,두산,28,27,0.509090909090909,3.0
4,2004,56,롯데,21,30,0.4117647058823529,8.0
5,2004,56,삼성,27,25,0.5192307692307693,2.0
6,2004,56,한화,26,27,0.490566037735849,4.0
7,2004,56,현대,34,20,0.6296296296296297,1.0
