,Year,Game_idx,Team1,cum_win,cum_lose,Wpct,rank
0,2014,46,KIA,20,26,0.43478260869565216,6.5
1,2014,46,LG,16,29,0.3555555555555556,8.5
2,2014,46,NC,27,19,0.5869565217391305,2.5
3,2014,46,SK,20,26,0.43478260869565216,6.5
4,2014,46,넥센,25,21,0.5434782608695652,4.0
5,2014,46,두산,27,19,0.5869565217391305,2.5
6,2014,46,롯데,21,24,0.4666666666666667,5.0
7,2014,46,삼성,31,14,0.6888888888888889,1.0
8,2014,46,한화,16,29,0.3555555555555556,8.5
