,Year,Game_idx,Team1,cum_win,cum_lose,Wpct,rank
0,2003,19,KIA,12,6,0.6666666666666666,3.0
1,2003,19,LG,9,9,0.5,5.0
2,2003,19,SK,10,8,0.5555555555555556,4.0
3,2003,19,두산,4,15,0.21052631578947367,7.0
4,2003,19,롯데,2,15,0.1176470588235294,8.0
5,2003,19,삼성,14,4,0.7777777777777778,1.0
6,2003,19,한화,6,12,0.3333333333333333,6.0
7,2003,19,현대,13,5,0.7222222222222222,2.0
