,Year,Game_idx,Team1,cum_win,cum_lose,Wpct,rank
0,1990,78,LG,43,35,0.5512820512820513,3.0
1,1990,78,OB,23,53,0.3026315789473684,7.0
2,1990,78,롯데,31,45,0.4078947368421053,6.0
3,1990,78,빙그레,46,31,0.5974025974025974,1.0
4,1990,78,삼성,45,31,0.5921052631578947,2.0
5,1990,78,태평양,38,38,0.5,5.0
6,1990,78,해태,39,36,0.52,4.0
