,Year,Game_idx,Team1,cum_win,cum_lose,Wpct,rank
0,2000,53,LG,28,24,0.5384615384615384,3.0
1,2000,53,SK,15,38,0.2830188679245283,8.0
2,2000,53,두산,33,20,0.6226415094339622,2.0
3,2000,53,롯데,25,28,0.4716981132075472,5.0
4,2000,53,삼성,28,25,0.5283018867924528,4.0
5,2000,53,한화,19,32,0.3725490196078432,7.0
6,2000,53,해태,22,30,0.4230769230769231,6.0
7,2000,53,현대,39,14,0.7358490566037735,1.0
