,Year,Game_idx,Team1,cum_win,cum_lose,Wpct,rank
0,2000,97,LG,48,46,0.5106382978723404,5.0
1,2000,97,SK,26,69,0.2736842105263158,8.0
2,2000,97,두산,58,39,0.5979381443298969,2.0
3,2000,97,롯데,51,44,0.5368421052631579,4.0
4,2000,97,삼성,53,40,0.5698924731182796,3.0
5,2000,97,한화,37,56,0.3978494623655914,7.0
6,2000,97,해태,42,53,0.4421052631578947,6.0
7,2000,97,현대,65,31,0.6770833333333334,1.0
