,Year,Game_idx,Team1,cum_win,cum_lose,Wpct,rank
0,2001,111,KIA,48,58,0.4528301886792453,5.0
1,2001,111,LG,46,58,0.4423076923076923,7.0
2,2001,111,SK,48,61,0.44036697247706413,8.0
3,2001,111,두산,55,51,0.5188679245283019,3.0
4,2001,111,롯데,49,58,0.4579439252336449,4.0
5,2001,111,삼성,71,40,0.6396396396396397,1.0
6,2001,111,한화,48,59,0.4485981308411215,6.0
7,2001,111,현대,64,44,0.5925925925925926,2.0
