,Year,Game_idx,Team1,cum_win,cum_lose,Wpct,rank
0,1999,79,LG,40,39,0.5063291139240507,5.0
1,1999,79,두산,42,33,0.56,2.0
2,1999,79,롯데,48,27,0.64,1.0
3,1999,79,삼성,42,35,0.5454545454545454,3.0
4,1999,79,쌍방울,17,57,0.2297297297297297,8.0
5,1999,79,한화,38,39,0.4935064935064935,6.0
6,1999,79,해태,37,40,0.4805194805194805,7.0
7,1999,79,현대,40,34,0.5405405405405406,4.0
