,Year,Game_idx,Team1,cum_win,cum_lose,Wpct,rank
0,2003,15,KIA,10,4,0.7142857142857143,2.0
1,2003,15,LG,8,6,0.5714285714285714,4.5
2,2003,15,SK,8,6,0.5714285714285714,4.5
3,2003,15,두산,2,13,0.13333333333333333,8.0
4,2003,15,롯데,2,12,0.14285714285714285,7.0
5,2003,15,삼성,13,1,0.9285714285714286,1.0
6,2003,15,한화,6,8,0.42857142857142855,6.0
7,2003,15,현대,9,5,0.6428571428571429,3.0
