,Year,Game_idx,Team1,cum_win,cum_lose,Wpct,rank
0,2013,20,KIA,13,6,0.6842105263157895,1.5
1,2013,20,LG,11,9,0.55,5.0
2,2013,20,NC,3,16,0.15789473684210525,9.0
3,2013,20,SK,9,11,0.45,7.0
4,2013,20,넥센,13,7,0.65,3.5
5,2013,20,두산,13,6,0.6842105263157895,1.5
6,2013,20,롯데,9,10,0.4736842105263158,6.0
7,2013,20,삼성,13,7,0.65,3.5
8,2013,20,한화,4,16,0.2,8.0
