,Year,Game_idx,Team1,cum_win,cum_lose,Wpct,rank
0,1992,96,LG,38,56,0.40425531914893614,7.0
1,1992,96,OB,43,50,0.4623655913978494,5.5
2,1992,96,롯데,55,41,0.5729166666666666,3.0
3,1992,96,빙그레,59,35,0.6276595744680851,1.0
4,1992,96,삼성,49,45,0.5212765957446809,4.0
5,1992,96,쌍방울,33,62,0.3473684210526316,8.0
6,1992,96,태평양,43,50,0.4623655913978494,5.5
7,1992,96,해태,59,37,0.6145833333333334,2.0
