,Year,Game_idx,Team1,cum_win,cum_lose,Wpct,rank
0,2000,40,LG,21,19,0.525,4.0
1,2000,40,SK,12,28,0.3,8.0
2,2000,40,두산,27,13,0.675,2.0
3,2000,40,롯데,16,24,0.4,6.0
4,2000,40,삼성,23,17,0.575,3.0
5,2000,40,한화,16,23,0.41025641025641024,5.0
6,2000,40,해태,14,25,0.35897435897435903,7.0
7,2000,40,현대,30,10,0.75,1.0
