,Year,Game_idx,Team1,cum_win,cum_lose,Wpct,rank
0,2004,104,KIA,49,51,0.49,5.0
1,2004,104,LG,48,52,0.48,6.0
2,2004,104,SK,48,49,0.4948453608247423,4.0
3,2004,104,두산,53,50,0.5145631067961165,3.0
4,2004,104,롯데,37,56,0.3978494623655914,8.0
5,2004,104,삼성,58,40,0.5918367346938775,1.0
6,2004,104,한화,46,52,0.4693877551020408,7.0
7,2004,104,현대,57,42,0.5757575757575758,2.0
