,Year,Game_idx,Team1,cum_win,cum_lose,Wpct,rank
0,1991,101,LG,47,53,0.47,5.0
1,1991,101,OB,37,62,0.37373737373737376,8.0
2,1991,101,롯데,48,51,0.4848484848484849,4.0
3,1991,101,빙그레,57,40,0.5876288659793815,3.0
4,1991,101,삼성,59,41,0.59,2.0
5,1991,101,쌍방울,42,56,0.42857142857142855,7.0
6,1991,101,태평양,46,54,0.46,6.0
7,1991,101,해태,60,37,0.6185567010309279,1.0
