,Year,Game_idx,Team1,cum_win,cum_lose,Wpct,rank
0,2004,48,KIA,23,22,0.5111111111111111,3.0
1,2004,48,LG,24,22,0.5217391304347826,2.0
2,2004,48,SK,21,23,0.4772727272727273,5.0
3,2004,48,두산,22,25,0.4680851063829787,6.0
4,2004,48,롯데,20,24,0.4545454545454545,8.0
5,2004,48,삼성,22,22,0.5,4.0
6,2004,48,한화,21,24,0.4666666666666667,7.0
7,2004,48,현대,28,18,0.6086956521739131,1.0
