,Year,Game_idx,Team1,cum_win,cum_lose,Wpct,rank
0,2009,123,KIA,73,46,0.6134453781512605,1.0
1,2009,123,LG,51,69,0.425,7.0
2,2009,123,SK,71,47,0.6016949152542372,2.0
3,2009,123,두산,67,54,0.5537190082644629,3.0
4,2009,123,롯데,60,63,0.4878048780487805,5.0
5,2009,123,삼성,61,62,0.4959349593495935,4.0
6,2009,123,한화,41,79,0.3416666666666667,8.0
7,2009,123,히어로즈,58,64,0.4754098360655738,6.0
