,Year,Game_idx,Team1,cum_win,cum_lose,Wpct,rank
0,2011,89,KIA,52,37,0.5842696629213483,2.0
1,2011,89,LG,44,45,0.4943820224719101,5.0
2,2011,89,SK,50,39,0.5617977528089888,3.0
3,2011,89,넥센,34,55,0.3820224719101124,8.0
4,2011,89,두산,38,49,0.4367816091954023,6.0
5,2011,89,롯데,44,42,0.5116279069767442,4.0
6,2011,89,삼성,53,34,0.6091954022988506,1.0
7,2011,89,한화,37,51,0.4204545454545455,7.0
