,Year,Game_idx,Team1,cum_win,cum_lose,Wpct,rank
0,1993,69,LG,40,28,0.5882352941176471,2.0
1,1993,69,OB,30,34,0.46875,5.0
2,1993,69,롯데,34,35,0.4927536231884058,4.0
3,1993,69,빙그레,29,38,0.4328358208955224,6.0
4,1993,69,삼성,36,29,0.5538461538461539,3.0
5,1993,69,쌍방울,26,39,0.4,7.0
6,1993,69,태평양,24,38,0.3870967741935484,8.0
7,1993,69,해태,45,23,0.6617647058823529,1.0
