,Year,Game_idx,Team1,cum_win,cum_lose,Wpct,rank
0,1995,117,LG,68,45,0.6017699115044248,1.0
1,1995,117,OB,67,45,0.5982142857142857,2.0
2,1995,117,롯데,61,51,0.5446428571428571,3.0
3,1995,117,삼성,57,54,0.5135135135135135,4.0
4,1995,117,쌍방울,42,72,0.3684210526315789,8.0
5,1995,117,태평양,46,66,0.4107142857142857,7.0
6,1995,117,한화,52,65,0.4444444444444444,6.0
7,1995,117,해태,58,55,0.5132743362831859,5.0
