,Year,Game_idx,Team1,cum_win,cum_lose,Wpct,rank
0,2015,57,KIA,28,29,0.4912280701754386,8.0
1,2015,57,LG,25,31,0.44642857142857145,9.0
2,2015,57,NC,33,23,0.5892857142857143,2.0
3,2015,57,SK,28,28,0.5,7.0
4,2015,57,kt,12,45,0.21052631578947367,10.0
5,2015,57,넥센,32,24,0.5714285714285714,3.0
6,2015,57,두산,32,25,0.5614035087719298,4.0
7,2015,57,롯데,29,28,0.5087719298245614,5.5
8,2015,57,삼성,35,22,0.6140350877192983,1.0
9,2015,57,한화,29,28,0.5087719298245614,5.5
