,Year,Game_idx,Team1,cum_win,cum_lose,Wpct,rank
0,2009,25,KIA,11,12,0.4782608695652174,5.5
1,2009,25,LG,12,12,0.5,3.0
2,2009,25,SK,15,7,0.6818181818181818,1.0
3,2009,25,두산,13,10,0.5652173913043478,2.0
4,2009,25,롯데,8,17,0.32,8.0
5,2009,25,삼성,12,13,0.48,4.0
6,2009,25,한화,11,12,0.4782608695652174,5.5
7,2009,25,히어로즈,10,15,0.4,7.0
