,Year,Game_idx,Team1,cum_win,cum_lose,Wpct,rank
0,2014,58,KIA,26,32,0.4482758620689655,7.0
1,2014,58,LG,21,36,0.3684210526315789,8.5
2,2014,58,NC,36,22,0.6206896551724138,2.0
3,2014,58,SK,27,31,0.4655172413793103,6.0
4,2014,58,넥센,31,26,0.543859649122807,3.0
5,2014,58,두산,31,27,0.5344827586206896,4.0
6,2014,58,롯데,29,28,0.5087719298245614,5.0
7,2014,58,삼성,38,18,0.6785714285714286,1.0
8,2014,58,한화,21,36,0.3684210526315789,8.5
