,Year,Game_idx,Team1,cum_win,cum_lose,Wpct,rank
0,1997,17,LG,13,4,0.7647058823529411,1.0
1,1997,17,OB,8,8,0.5,4.0
2,1997,17,롯데,6,11,0.35294117647058826,8.0
3,1997,17,삼성,6,10,0.375,6.5
4,1997,17,쌍방울,9,8,0.5294117647058824,3.0
5,1997,17,한화,7,9,0.4375,5.0
6,1997,17,해태,11,6,0.6470588235294118,2.0
7,1997,17,현대,6,10,0.375,6.5
