,Year,Game_idx,Team1,cum_win,cum_lose,Wpct,rank
0,1990,119,LG,70,49,0.5882352941176471,1.0
1,1990,119,OB,35,79,0.30701754385964913,7.0
2,1990,119,롯데,44,70,0.3859649122807017,6.0
3,1990,119,빙그레,68,49,0.5811965811965812,3.0
4,1990,119,삼성,66,51,0.5641025641025641,4.0
5,1990,119,태평양,57,59,0.4913793103448276,5.0
6,1990,119,해태,68,48,0.5862068965517241,2.0
