,Year,Game_idx,Team1,cum_win,cum_lose,Wpct,rank
0,1991,18,LG,11,6,0.6470588235294118,1.0
1,1991,18,OB,10,8,0.5555555555555556,3.5
2,1991,18,롯데,7,11,0.3888888888888889,7.0
3,1991,18,빙그레,7,10,0.4117647058823529,6.0
4,1991,18,삼성,11,7,0.6111111111111112,2.0
5,1991,18,쌍방울,6,12,0.3333333333333333,8.0
6,1991,18,태평양,9,9,0.5,5.0
7,1991,18,해태,10,8,0.5555555555555556,3.5
