,Year,Game_idx,Team1,cum_win,cum_lose,Wpct,rank
0,2012,34,KIA,14,18,0.4375,7.0
1,2012,34,LG,19,15,0.5588235294117647,3.0
2,2012,34,SK,19,14,0.5757575757575758,1.5
3,2012,34,넥센,19,14,0.5757575757575758,1.5
4,2012,34,두산,17,16,0.5151515151515151,5.0
5,2012,34,롯데,17,15,0.53125,4.0
6,2012,34,삼성,15,18,0.4545454545454545,6.0
7,2012,34,한화,13,21,0.38235294117647056,8.0
