,Year,Game_idx,Team1,cum_win,cum_lose,Wpct,rank
0,2005,126,KIA,49,76,0.392,8.0
1,2005,126,LG,54,71,0.43200000000000005,6.0
2,2005,126,SK,70,50,0.5833333333333334,3.0
3,2005,126,두산,72,51,0.5853658536585366,2.0
4,2005,126,롯데,58,67,0.46399999999999997,5.0
5,2005,126,삼성,74,48,0.6065573770491803,1.0
6,2005,126,한화,64,61,0.512,4.0
7,2005,126,현대,53,70,0.43089430894308944,7.0
