,Year,Game_idx,Team1,cum_win,cum_lose,Wpct,rank
0,2013,56,KIA,30,25,0.5454545454545454,4.0
1,2013,56,LG,31,25,0.5535714285714286,3.0
2,2013,56,NC,20,33,0.37735849056603776,8.0
3,2013,56,SK,24,31,0.4363636363636363,7.0
4,2013,56,넥센,32,23,0.5818181818181818,2.0
5,2013,56,두산,27,28,0.4909090909090909,6.0
6,2013,56,롯데,29,25,0.5370370370370371,5.0
7,2013,56,삼성,34,20,0.6296296296296297,1.0
8,2013,56,한화,17,38,0.3090909090909091,9.0
