,Year,Game_idx,Team1,cum_win,cum_lose,Wpct,rank
0,1998,122,LG,61,60,0.5041322314049587,3.0
1,1998,122,OB,57,62,0.4789915966386555,5.0
2,1998,122,롯데,50,68,0.42372881355932196,8.0
3,1998,122,삼성,64,56,0.5333333333333333,2.0
4,1998,122,쌍방울,54,66,0.45,7.0
5,1998,122,한화,55,62,0.4700854700854701,6.0
6,1998,122,해태,59,62,0.487603305785124,4.0
7,1998,122,현대,80,42,0.6557377049180327,1.0
