,Year,Game_idx,Team1,cum_win,cum_lose,Wpct,rank
0,2004,13,KIA,5,8,0.38461538461538464,6.0
1,2004,13,LG,8,4,0.6666666666666666,2.0
2,2004,13,SK,7,6,0.5384615384615384,4.0
3,2004,13,두산,4,8,0.3333333333333333,7.5
4,2004,13,롯데,4,8,0.3333333333333333,7.5
5,2004,13,삼성,6,5,0.5454545454545454,3.0
6,2004,13,한화,5,7,0.4166666666666667,5.0
7,2004,13,현대,10,3,0.7692307692307693,1.0
