,Year,Game_idx,Team1,cum_win,cum_lose,Wpct,rank
0,1990,39,LG,17,22,0.4358974358974359,6.0
1,1990,39,OB,14,24,0.3684210526315789,7.0
2,1990,39,롯데,20,19,0.5128205128205128,4.5
3,1990,39,빙그레,22,17,0.5641025641025641,1.0
4,1990,39,삼성,20,19,0.5128205128205128,4.5
5,1990,39,태평양,21,18,0.5384615384615384,3.0
6,1990,39,해태,21,17,0.5526315789473685,2.0
