,Year,Game_idx,Team1,cum_win,cum_lose,Wpct,rank
0,2003,47,KIA,23,23,0.5,5.0
1,2003,47,LG,25,20,0.5555555555555556,4.0
2,2003,47,SK,29,17,0.6304347826086957,2.0
3,2003,47,두산,11,36,0.23404255319148934,8.0
4,2003,47,롯데,15,30,0.3333333333333333,7.0
5,2003,47,삼성,29,16,0.6444444444444445,1.0
6,2003,47,한화,21,23,0.4772727272727273,6.0
7,2003,47,현대,28,18,0.6086956521739131,3.0
