,Year,Game_idx,Team1,cum_win,cum_lose,Wpct,rank
0,2007,66,KIA,25,40,0.38461538461538464,8.0
1,2007,66,LG,32,32,0.5,5.0
2,2007,66,SK,36,25,0.5901639344262295,1.0
3,2007,66,두산,36,29,0.5538461538461539,2.0
4,2007,66,롯데,29,35,0.453125,7.0
5,2007,66,삼성,32,31,0.5079365079365079,4.0
6,2007,66,한화,34,30,0.53125,3.0
7,2007,66,현대,32,34,0.4848484848484849,6.0
