,Year,Game_idx,Team1,cum_win,cum_lose,Wpct,rank
0,1996,31,LG,11,19,0.36666666666666653,8.0
1,1996,31,OB,17,14,0.5483870967741935,2.0
2,1996,31,롯데,14,16,0.4666666666666667,6.0
3,1996,31,삼성,15,15,0.5,4.0
4,1996,31,쌍방울,16,15,0.5161290322580645,3.0
5,1996,31,한화,14,17,0.4516129032258064,7.0
6,1996,31,해태,15,16,0.4838709677419355,5.0
7,1996,31,현대,20,10,0.6666666666666666,1.0
