,Year,Game_idx,Team1,cum_win,cum_lose,Wpct,rank
0,2015,94,KIA,47,47,0.5,7.0
1,2015,94,LG,41,52,0.4408602150537633,9.0
2,2015,94,NC,51,41,0.5543478260869565,4.0
3,2015,94,SK,47,45,0.5108695652173914,5.0
4,2015,94,kt,30,64,0.3191489361702128,10.0
5,2015,94,넥센,52,41,0.5591397849462365,3.0
6,2015,94,두산,53,41,0.5638297872340425,2.0
7,2015,94,롯데,44,50,0.4680851063829787,8.0
8,2015,94,삼성,57,37,0.6063829787234043,1.0
9,2015,94,한화,48,46,0.5106382978723404,6.0
