,Year,Game_idx,Team1,cum_win,cum_lose,Wpct,rank
0,1996,62,LG,28,32,0.4666666666666667,7.0
1,1996,62,OB,29,31,0.4833333333333333,5.5
2,1996,62,롯데,26,34,0.43333333333333335,8.0
3,1996,62,삼성,29,31,0.4833333333333333,5.5
4,1996,62,쌍방울,31,30,0.5081967213114754,4.0
5,1996,62,한화,32,30,0.5161290322580645,2.5
6,1996,62,해태,32,30,0.5161290322580645,2.5
7,1996,62,현대,34,25,0.576271186440678,1.0
