,Year,Game_idx,Team1,cum_win,cum_lose,Wpct,rank
0,2001,100,KIA,44,51,0.4631578947368421,4.0
1,2001,100,LG,41,52,0.4408602150537633,6.0
2,2001,100,SK,43,55,0.4387755102040816,7.0
3,2001,100,두산,50,45,0.5263157894736842,3.0
4,2001,100,롯데,41,55,0.4270833333333333,8.0
5,2001,100,삼성,65,35,0.65,1.0
6,2001,100,한화,44,52,0.4583333333333333,5.0
7,2001,100,현대,59,38,0.6082474226804123,2.0
