,Year,Game_idx,Team1,cum_win,cum_lose,Wpct,rank
0,2010,10,KIA,5,5,0.5,4.0
1,2010,10,LG,3,6,0.3333333333333333,6.0
2,2010,10,SK,6,4,0.6,3.0
3,2010,10,넥센,4,6,0.4,5.0
4,2010,10,두산,8,1,0.8888888888888888,1.0
5,2010,10,롯데,3,7,0.3,7.5
6,2010,10,삼성,7,3,0.7,2.0
7,2010,10,한화,3,7,0.3,7.5
