,Year,Game_idx,Team1,cum_win,cum_lose,Wpct,rank
0,2001,127,KIA,57,65,0.4672131147540984,4.0
1,2001,127,LG,53,66,0.4453781512605042,8.0
2,2001,127,SK,56,69,0.44799999999999995,7.0
3,2001,127,두산,64,58,0.5245901639344263,3.0
4,2001,127,롯데,56,67,0.4552845528455284,6.0
5,2001,127,삼성,78,49,0.6141732283464567,1.0
6,2001,127,한화,57,66,0.4634146341463415,5.0
7,2001,127,현대,71,52,0.5772357723577236,2.0
