,Year,Game_idx,Team1,cum_win,cum_lose,Wpct,rank
0,2003,42,KIA,23,18,0.5609756097560976,4.0
1,2003,42,LG,21,19,0.525,5.0
2,2003,42,SK,26,15,0.6341463414634146,2.0
3,2003,42,두산,9,33,0.21428571428571427,8.0
4,2003,42,롯데,12,28,0.3,7.0
5,2003,42,삼성,26,14,0.65,1.0
6,2003,42,한화,19,20,0.4871794871794872,6.0
7,2003,42,현대,24,17,0.5853658536585366,3.0
