,Year,Game_idx,Team1,cum_win,cum_lose,Wpct,rank
0,1999,98,LG,50,48,0.5102040816326531,5.0
1,1999,98,두산,53,40,0.5698924731182796,2.0
2,1999,98,롯데,54,39,0.5806451612903226,1.0
3,1999,98,삼성,52,44,0.5416666666666666,4.0
4,1999,98,쌍방울,22,71,0.23655913978494625,8.0
5,1999,98,한화,48,48,0.5,6.0
6,1999,98,해태,47,49,0.4895833333333333,7.0
7,1999,98,현대,51,42,0.5483870967741935,3.0
