,Year,Game_idx,Team1,cum_win,cum_lose,Wpct,rank
0,1996,120,LG,48,67,0.4173913043478261,7.0
1,1996,120,OB,47,67,0.412280701754386,8.0
2,1996,120,롯데,53,61,0.4649122807017544,6.0
3,1996,120,삼성,54,61,0.4695652173913044,5.0
4,1996,120,쌍방울,65,53,0.5508474576271186,3.0
5,1996,120,한화,67,52,0.5630252100840336,2.0
6,1996,120,해태,69,49,0.5847457627118644,1.0
7,1996,120,현대,63,52,0.5478260869565217,4.0
