,Year,Game_idx,Team1,cum_win,cum_lose,Wpct,rank
0,2016,93,KIA,44,48,0.4782608695652174,5.0
1,2016,93,LG,40,52,0.43478260869565216,8.0
2,2016,93,NC,56,35,0.6153846153846154,2.0
3,2016,93,SK,47,46,0.5053763440860215,4.0
4,2016,93,kt,38,53,0.4175824175824176,10.0
5,2016,93,넥센,52,40,0.5652173913043478,3.0
6,2016,93,두산,59,33,0.6413043478260869,1.0
7,2016,93,롯데,44,49,0.4731182795698925,6.0
8,2016,93,삼성,39,53,0.4239130434782609,9.0
9,2016,93,한화,41,49,0.4555555555555556,7.0
