,Year,Game_idx,Team1,cum_win,cum_lose,Wpct,rank
0,2016,59,KIA,24,34,0.4137931034482759,9.5
1,2016,59,LG,27,31,0.4655172413793103,4.0
2,2016,59,NC,39,19,0.6724137931034483,2.0
3,2016,59,SK,27,32,0.4576271186440678,6.0
4,2016,59,kt,24,33,0.42105263157894735,8.0
5,2016,59,넥센,30,28,0.5172413793103449,3.0
6,2016,59,두산,41,17,0.7068965517241379,1.0
7,2016,59,롯데,27,32,0.4576271186440678,6.0
8,2016,59,삼성,27,32,0.4576271186440678,6.0
9,2016,59,한화,24,34,0.4137931034482759,9.5
