,Year,Game_idx,Team1,cum_win,cum_lose,Wpct,rank
0,2000,37,LG,20,17,0.5405405405405406,4.0
1,2000,37,SK,10,27,0.2702702702702703,8.0
2,2000,37,두산,25,12,0.6756756756756757,2.0
3,2000,37,롯데,16,21,0.4324324324324325,5.0
4,2000,37,삼성,23,14,0.6216216216216216,3.0
5,2000,37,한화,15,21,0.4166666666666667,6.0
6,2000,37,해태,12,24,0.3333333333333333,7.0
7,2000,37,현대,27,10,0.7297297297297297,1.0
