,Year,Game_idx,Team1,cum_win,cum_lose,Wpct,rank
0,1992,89,LG,34,53,0.3908045977011495,7.0
1,1992,89,OB,39,48,0.4482758620689655,6.0
2,1992,89,롯데,51,38,0.5730337078651685,3.0
3,1992,89,빙그레,54,34,0.6136363636363636,1.0
4,1992,89,삼성,45,42,0.5172413793103449,4.0
5,1992,89,쌍방울,30,58,0.3409090909090909,8.0
6,1992,89,태평양,40,46,0.4651162790697674,5.0
7,1992,89,해태,54,35,0.6067415730337079,2.0
