,Year,Game_idx,Team1,cum_win,cum_lose,Wpct,rank
0,2008,63,KIA,28,35,0.4444444444444444,6.0
1,2008,63,LG,23,40,0.36507936507936506,7.5
2,2008,63,SK,44,19,0.6984126984126984,1.0
3,2008,63,두산,36,27,0.5714285714285714,2.0
4,2008,63,롯데,34,29,0.5396825396825397,3.0
5,2008,63,삼성,32,31,0.5079365079365079,5.0
6,2008,63,한화,33,30,0.5238095238095238,4.0
7,2008,63,히어로즈,23,40,0.36507936507936506,7.5
