,Year,Game_idx,Team1,cum_win,cum_lose,Wpct,rank
0,1998,36,LG,17,19,0.4722222222222222,3.5
1,1998,36,OB,16,20,0.4444444444444444,6.0
2,1998,36,롯데,15,19,0.4411764705882353,7.0
3,1998,36,삼성,19,17,0.5277777777777778,2.0
4,1998,36,쌍방울,17,19,0.4722222222222222,3.5
5,1998,36,한화,16,18,0.4705882352941176,5.0
6,1998,36,해태,15,21,0.4166666666666667,8.0
7,1998,36,현대,26,10,0.7222222222222222,1.0
