,Year,Game_idx,Team1,cum_win,cum_lose,Wpct,rank
0,1997,36,LG,24,12,0.6666666666666666,1.5
1,1997,36,OB,17,17,0.5,4.5
2,1997,36,롯데,13,23,0.3611111111111111,7.0
3,1997,36,삼성,19,15,0.5588235294117647,3.0
4,1997,36,쌍방울,18,18,0.5,4.5
5,1997,36,한화,10,24,0.29411764705882354,8.0
6,1997,36,해태,24,12,0.6666666666666666,1.5
7,1997,36,현대,13,21,0.38235294117647056,6.0
