,Year,Game_idx,Team1,cum_win,cum_lose,Wpct,rank
0,1999,33,LG,21,12,0.6363636363636364,1.0
1,1999,33,두산,17,14,0.5483870967741935,4.0
2,1999,33,롯데,18,12,0.6,2.0
3,1999,33,삼성,18,13,0.5806451612903226,3.0
4,1999,33,쌍방울,8,23,0.25806451612903225,8.0
5,1999,33,한화,14,19,0.42424242424242425,6.5
6,1999,33,해태,14,19,0.42424242424242425,6.5
7,1999,33,현대,17,15,0.53125,5.0
