,Year,Game_idx,Team1,cum_win,cum_lose,Wpct,rank
0,2015,137,KIA,64,73,0.4671532846715328,7.5
1,2015,137,LG,60,75,0.4444444444444444,9.0
2,2015,137,NC,79,56,0.5851851851851851,2.0
3,2015,137,SK,65,70,0.4814814814814815,5.0
4,2015,137,kt,51,86,0.3722627737226277,10.0
5,2015,137,넥센,75,61,0.5514705882352942,3.0
6,2015,137,두산,75,62,0.5474452554744526,4.0
7,2015,137,롯데,64,72,0.4705882352941176,6.0
8,2015,137,삼성,85,52,0.6204379562043796,1.0
9,2015,137,한화,64,73,0.4671532846715328,7.5
