,Year,Game_idx,Team1,cum_win,cum_lose,Wpct,rank
0,1995,67,LG,41,25,0.6212121212121212,1.0
1,1995,67,OB,38,26,0.59375,2.0
2,1995,67,롯데,35,30,0.5384615384615384,3.0
3,1995,67,삼성,30,33,0.4761904761904762,5.0
4,1995,67,쌍방울,26,40,0.3939393939393939,7.0
5,1995,67,태평양,25,39,0.390625,8.0
6,1995,67,한화,35,32,0.5223880597014925,4.0
7,1995,67,해태,30,37,0.4477611940298508,6.0
