,Year,Game_idx,Team1,cum_win,cum_lose,Wpct,rank
0,1996,25,LG,10,14,0.4166666666666667,6.0
1,1996,25,OB,15,10,0.6,2.0
2,1996,25,롯데,11,13,0.4583333333333333,5.0
3,1996,25,삼성,13,11,0.5416666666666666,4.0
4,1996,25,쌍방울,14,11,0.56,3.0
5,1996,25,한화,9,16,0.36,8.0
6,1996,25,해태,10,15,0.4,7.0
7,1996,25,현대,16,8,0.6666666666666666,1.0
