,Year,Game_idx,Team1,cum_win,cum_lose,Wpct,rank
0,2001,65,KIA,30,33,0.4761904761904762,4.0
1,2001,65,LG,26,36,0.41935483870967744,8.0
2,2001,65,SK,27,37,0.421875,6.5
3,2001,65,두산,32,30,0.5161290322580645,3.0
4,2001,65,롯데,27,37,0.421875,6.5
5,2001,65,삼성,42,23,0.6461538461538462,1.0
6,2001,65,한화,30,34,0.46875,5.0
7,2001,65,현대,41,23,0.640625,2.0
