,Year,Game_idx,Team1,cum_win,cum_lose,Wpct,rank
0,2015,84,KIA,39,45,0.4642857142857143,7.0
1,2015,84,LG,37,46,0.4457831325301205,9.0
2,2015,84,NC,47,35,0.573170731707317,2.0
3,2015,84,SK,42,40,0.5121951219512195,6.0
4,2015,84,kt,28,56,0.3333333333333333,10.0
5,2015,84,넥센,46,37,0.5542168674698795,4.0
6,2015,84,두산,48,36,0.5714285714285714,3.0
7,2015,84,롯데,38,46,0.4523809523809524,8.0
8,2015,84,삼성,49,35,0.5833333333333334,1.0
9,2015,84,한화,44,40,0.5238095238095238,5.0
