,Year,Game_idx,Team1,cum_win,cum_lose,Wpct,rank
0,1995,9,LG,5,4,0.5555555555555556,4.0
1,1995,9,OB,6,3,0.6666666666666666,1.5
2,1995,9,롯데,4,5,0.4444444444444444,6.0
3,1995,9,삼성,2,7,0.2222222222222222,8.0
4,1995,9,쌍방울,6,3,0.6666666666666666,1.5
5,1995,9,태평양,5,4,0.5555555555555556,4.0
6,1995,9,한화,5,4,0.5555555555555556,4.0
7,1995,9,해태,3,6,0.3333333333333333,7.0
