,Year,Game_idx,Team1,cum_win,cum_lose,Wpct,rank
0,2014,53,KIA,23,30,0.4339622641509434,7.0
1,2014,53,LG,19,33,0.36538461538461536,8.5
2,2014,53,NC,33,20,0.6226415094339622,2.0
3,2014,53,SK,26,27,0.490566037735849,6.0
4,2014,53,넥센,28,25,0.5283018867924528,3.5
5,2014,53,두산,28,25,0.5283018867924528,3.5
6,2014,53,롯데,26,26,0.5,5.0
7,2014,53,삼성,34,17,0.6666666666666666,1.0
8,2014,53,한화,19,33,0.36538461538461536,8.5
