,Year,Game_idx,Team1,cum_win,cum_lose,Wpct,rank
0,1999,23,LG,15,8,0.6521739130434783,1.0
1,1999,23,두산,10,12,0.4545454545454545,6.0
2,1999,23,롯데,13,8,0.6190476190476191,2.0
3,1999,23,삼성,13,9,0.5909090909090909,3.0
4,1999,23,쌍방울,5,16,0.2380952380952381,8.0
5,1999,23,한화,10,13,0.43478260869565216,7.0
6,1999,23,해태,11,12,0.4782608695652174,4.5
7,1999,23,현대,11,12,0.4782608695652174,4.5
