,Year,Game_idx,Team1,cum_win,cum_lose,Wpct,rank
0,2005,115,KIA,44,70,0.3859649122807017,8.0
1,2005,115,LG,48,66,0.42105263157894735,6.0
2,2005,115,SK,63,46,0.5779816513761468,2.0
3,2005,115,두산,63,49,0.5625,3.0
4,2005,115,롯데,53,61,0.4649122807017544,5.0
5,2005,115,삼성,68,43,0.6126126126126126,1.0
6,2005,115,한화,61,53,0.5350877192982456,4.0
7,2005,115,현대,47,65,0.4196428571428572,7.0
