,Year,Game_idx,Team1,cum_win,cum_lose,Wpct,rank
0,2006,34,KIA,16,17,0.4848484848484849,5.0
1,2006,34,LG,13,20,0.3939393939393939,6.0
2,2006,34,SK,17,17,0.5,4.0
3,2006,34,두산,12,20,0.375,7.0
4,2006,34,롯데,10,24,0.29411764705882354,8.0
5,2006,34,삼성,19,14,0.5757575757575758,3.0
6,2006,34,한화,22,11,0.6666666666666666,2.0
7,2006,34,현대,24,10,0.7058823529411765,1.0
