,Year,Game_idx,Team1,cum_win,cum_lose,Wpct,rank
0,1993,49,LG,28,21,0.5714285714285714,2.0
1,1993,49,OB,21,25,0.4565217391304348,6.0
2,1993,49,롯데,26,23,0.5306122448979592,3.0
3,1993,49,빙그레,23,26,0.4693877551020408,5.0
4,1993,49,삼성,23,24,0.4893617021276596,4.0
5,1993,49,쌍방울,19,28,0.40425531914893614,7.0
6,1993,49,태평양,14,30,0.3181818181818182,8.0
7,1993,49,해태,34,14,0.7083333333333334,1.0
