,Year,Game_idx,Team1,cum_win,cum_lose,Wpct,rank
0,2016,47,KIA,21,25,0.4565217391304348,8.0
1,2016,47,LG,23,23,0.5,5.0
2,2016,47,NC,27,19,0.5869565217391305,2.0
3,2016,47,SK,25,22,0.5319148936170213,3.0
4,2016,47,kt,19,26,0.4222222222222222,9.0
5,2016,47,넥센,24,22,0.5217391304347826,4.0
6,2016,47,두산,34,12,0.7391304347826086,1.0
7,2016,47,롯데,22,25,0.4680851063829787,6.5
8,2016,47,삼성,22,25,0.4680851063829787,6.5
9,2016,47,한화,15,31,0.32608695652173914,10.0
