,Year,Game_idx,Team1,cum_win,cum_lose,Wpct,rank
0,2009,60,KIA,32,25,0.5614035087719298,3.0
1,2009,60,LG,24,33,0.42105263157894735,7.0
2,2009,60,SK,36,20,0.6428571428571429,1.0
3,2009,60,두산,37,21,0.6379310344827587,2.0
4,2009,60,롯데,26,34,0.43333333333333335,6.0
5,2009,60,삼성,28,32,0.4666666666666667,4.0
6,2009,60,한화,23,34,0.4035087719298245,8.0
7,2009,60,히어로즈,27,32,0.4576271186440678,5.0
