,Year,Game_idx,Team1,cum_win,cum_lose,Wpct,rank
0,2009,117,KIA,72,41,0.6371681415929203,1.0
1,2009,117,LG,50,64,0.43859649122807015,7.0
2,2009,117,SK,65,47,0.5803571428571429,2.0
3,2009,117,두산,63,52,0.5478260869565217,3.0
4,2009,117,롯데,58,59,0.4957264957264957,4.0
5,2009,117,삼성,57,60,0.4871794871794872,5.0
6,2009,117,한화,38,76,0.3333333333333333,8.0
7,2009,117,히어로즈,56,60,0.4827586206896552,6.0
