,Year,Game_idx,Team1,cum_win,cum_lose,Wpct,rank
0,2009,106,KIA,62,40,0.6078431372549019,1.0
1,2009,106,LG,45,58,0.4368932038834951,7.0
2,2009,106,SK,58,43,0.5742574257425742,2.0
3,2009,106,두산,59,45,0.5673076923076923,3.0
4,2009,106,롯데,54,52,0.5094339622641509,4.0
5,2009,106,삼성,53,53,0.5,5.0
6,2009,106,한화,33,70,0.32038834951456313,8.0
7,2009,106,히어로즈,51,54,0.4857142857142857,6.0
