,Year,Game_idx,Team1,cum_win,cum_lose,Wpct,rank
0,1997,91,LG,52,37,0.5842696629213483,2.0
1,1997,91,OB,44,43,0.5057471264367817,5.0
2,1997,91,롯데,36,54,0.4,7.0
3,1997,91,삼성,48,38,0.5581395348837209,3.0
4,1997,91,쌍방울,50,40,0.5555555555555556,4.0
5,1997,91,한화,34,55,0.3820224719101124,8.0
6,1997,91,해태,55,35,0.6111111111111112,1.0
7,1997,91,현대,37,50,0.4252873563218391,6.0
