,Year,Game_idx,Team1,cum_win,cum_lose,Wpct,rank
0,2016,43,KIA,21,22,0.4883720930232558,5.5
1,2016,43,LG,21,22,0.4883720930232558,5.5
2,2016,43,NC,24,18,0.5714285714285714,2.0
3,2016,43,SK,23,20,0.5348837209302325,3.0
4,2016,43,kt,18,23,0.4390243902439024,9.0
5,2016,43,넥센,22,20,0.5238095238095238,4.0
6,2016,43,두산,30,12,0.7142857142857143,1.0
7,2016,43,롯데,20,23,0.4651162790697674,7.5
8,2016,43,삼성,20,23,0.4651162790697674,7.5
9,2016,43,한화,11,31,0.2619047619047619,10.0
