,Year,Game_idx,Team1,cum_win,cum_lose,Wpct,rank
0,2005,62,KIA,24,37,0.3934426229508197,8.0
1,2005,62,LG,26,36,0.41935483870967744,7.0
2,2005,62,SK,26,33,0.4406779661016949,6.0
3,2005,62,두산,38,23,0.6229508196721312,2.0
4,2005,62,롯데,29,33,0.4677419354838709,4.0
5,2005,62,삼성,40,21,0.6557377049180327,1.0
6,2005,62,한화,31,30,0.5081967213114754,3.0
7,2005,62,현대,28,33,0.459016393442623,5.0
