,Year,Game_idx,Team1,cum_win,cum_lose,Wpct,rank
0,1991,47,LG,23,23,0.5,5.5
1,1991,47,OB,18,29,0.3829787234042553,7.5
2,1991,47,롯데,23,23,0.5,5.5
3,1991,47,빙그레,24,21,0.5333333333333333,3.0
4,1991,47,삼성,26,21,0.5531914893617021,2.0
5,1991,47,쌍방울,18,29,0.3829787234042553,7.5
6,1991,47,태평양,24,23,0.5106382978723404,4.0
7,1991,47,해태,30,17,0.6382978723404256,1.0
