,Year,Game_idx,Team1,cum_win,cum_lose,Wpct,rank
0,1993,30,LG,18,12,0.6,2.0
1,1993,30,OB,14,15,0.4827586206896552,6.0
2,1993,30,롯데,16,14,0.5333333333333333,3.0
3,1993,30,빙그레,15,15,0.5,5.0
4,1993,30,삼성,15,14,0.5172413793103449,4.0
5,1993,30,쌍방울,10,20,0.3333333333333333,7.0
6,1993,30,태평양,9,19,0.32142857142857145,8.0
7,1993,30,해태,22,8,0.7333333333333333,1.0
