,Year,Game_idx,Team1,cum_win,cum_lose,Wpct,rank
0,2000,79,LG,40,37,0.5194805194805194,4.0
1,2000,79,SK,20,57,0.2597402597402597,8.0
2,2000,79,두산,50,29,0.6329113924050633,2.0
3,2000,79,롯데,40,38,0.5128205128205128,5.0
4,2000,79,삼성,44,32,0.5789473684210527,3.0
5,2000,79,한화,33,43,0.4342105263157895,7.0
6,2000,79,해태,35,42,0.4545454545454545,6.0
7,2000,79,현대,51,27,0.6538461538461539,1.0
