,Year,Game_idx,Team1,cum_win,cum_lose,Wpct,rank
0,2008,99,KIA,47,52,0.4747474747474748,6.0
1,2008,99,LG,34,65,0.3434343434343434,8.0
2,2008,99,SK,65,34,0.6565656565656566,1.0
3,2008,99,두산,55,44,0.5555555555555556,2.0
4,2008,99,롯데,53,46,0.5353535353535354,4.0
5,2008,99,삼성,50,49,0.5050505050505051,5.0
6,2008,99,한화,54,45,0.5454545454545454,3.0
7,2008,99,히어로즈,40,59,0.404040404040404,7.0
