,Year,Game_idx,Team1,cum_win,cum_lose,Wpct,rank
0,2002,81,KIA,51,27,0.6538461538461539,1.0
1,2002,81,LG,39,39,0.5,5.0
2,2002,81,SK,38,40,0.4871794871794872,6.0
3,2002,81,두산,44,35,0.5569620253164557,3.0
4,2002,81,롯데,21,59,0.2625,8.0
5,2002,81,삼성,46,34,0.575,2.0
6,2002,81,한화,35,43,0.4487179487179487,7.0
7,2002,81,현대,40,37,0.5194805194805194,4.0
