,Year,Game_idx,Team1,cum_win,cum_lose,Wpct,rank
0,1991,118,LG,52,65,0.4444444444444444,5.0
1,1991,118,OB,45,71,0.3879310344827586,8.0
2,1991,118,롯데,57,58,0.4956521739130435,4.0
3,1991,118,빙그레,68,45,0.6017699115044248,2.0
4,1991,118,삼성,66,51,0.5641025641025641,3.0
5,1991,118,쌍방울,49,66,0.4260869565217391,7.0
6,1991,118,태평양,51,65,0.4396551724137931,6.0
7,1991,118,해태,74,39,0.6548672566371682,1.0
