,Year,Game_idx,Team1,cum_win,cum_lose,Wpct,rank
0,2015,121,KIA,58,63,0.4793388429752066,5.5
1,2015,121,LG,52,68,0.43333333333333335,9.0
2,2015,121,NC,69,50,0.5798319327731093,2.0
3,2015,121,SK,55,64,0.4621848739495799,8.0
4,2015,121,kt,44,77,0.3636363636363637,10.0
5,2015,121,넥센,66,54,0.55,4.0
6,2015,121,두산,68,53,0.5619834710743802,3.0
7,2015,121,롯데,57,64,0.4710743801652893,7.0
8,2015,121,삼성,74,47,0.6115702479338843,1.0
9,2015,121,한화,58,63,0.4793388429752066,5.5
