,Year,Game_idx,Team1,cum_win,cum_lose,Wpct,rank
0,2009,109,KIA,65,40,0.6190476190476191,1.0
1,2009,109,LG,47,59,0.4433962264150944,7.0
2,2009,109,SK,60,44,0.5769230769230769,2.0
3,2009,109,두산,61,46,0.5700934579439252,3.0
4,2009,109,롯데,56,53,0.5137614678899083,4.0
5,2009,109,삼성,55,54,0.5045871559633027,5.0
6,2009,109,한화,35,71,0.330188679245283,8.0
7,2009,109,히어로즈,53,55,0.4907407407407408,6.0
