,Year,Game_idx,Team1,cum_win,cum_lose,Wpct,rank
0,2011,32,KIA,16,16,0.5,4.5
1,2011,32,LG,18,14,0.5625,2.0
2,2011,32,SK,22,10,0.6875,1.0
3,2011,32,넥센,14,18,0.4375,7.0
4,2011,32,두산,16,15,0.5161290322580645,3.0
5,2011,32,롯데,14,16,0.4666666666666667,6.0
6,2011,32,삼성,16,16,0.5,4.5
7,2011,32,한화,10,21,0.3225806451612903,8.0
