,Year,Game_idx,Team1,cum_win,cum_lose,Wpct,rank
0,1994,67,LG,42,25,0.6268656716417911,1.0
1,1994,67,OB,30,36,0.4545454545454545,7.0
2,1994,67,롯데,30,34,0.46875,6.0
3,1994,67,삼성,33,33,0.5,5.0
4,1994,67,쌍방울,20,45,0.3076923076923077,8.0
5,1994,67,태평양,36,29,0.5538461538461539,2.0
6,1994,67,한화,36,30,0.5454545454545454,3.0
7,1994,67,해태,34,31,0.5230769230769231,4.0
