,Year,Game_idx,Team1,cum_win,cum_lose,Wpct,rank
0,2013,83,KIA,39,42,0.4814814814814815,6.0
1,2013,83,LG,49,34,0.5903614457831325,2.0
2,2013,83,NC,31,49,0.3875,8.0
3,2013,83,SK,37,45,0.451219512195122,7.0
4,2013,83,넥센,46,36,0.5609756097560976,3.0
5,2013,83,두산,44,37,0.5432098765432098,4.0
6,2013,83,롯데,42,39,0.5185185185185185,5.0
7,2013,83,삼성,51,30,0.6296296296296297,1.0
8,2013,83,한화,24,58,0.2926829268292683,9.0
