,Year,Game_idx,Team1,cum_win,cum_lose,Wpct,rank
0,2008,47,KIA,19,28,0.40425531914893614,6.5
1,2008,47,LG,18,29,0.3829787234042553,8.0
2,2008,47,SK,31,16,0.6595744680851063,1.0
3,2008,47,두산,28,19,0.5957446808510638,2.0
4,2008,47,롯데,26,21,0.5531914893617021,3.0
5,2008,47,삼성,24,23,0.5106382978723404,4.5
6,2008,47,한화,24,23,0.5106382978723404,4.5
7,2008,47,히어로즈,19,28,0.40425531914893614,6.5
