,Year,Game_idx,Team1,cum_win,cum_lose,Wpct,rank
0,2004,47,KIA,23,21,0.5227272727272727,2.0
1,2004,47,LG,23,22,0.5111111111111111,3.0
2,2004,47,SK,20,23,0.4651162790697674,6.0
3,2004,47,두산,21,25,0.4565217391304348,7.0
4,2004,47,롯데,19,24,0.4418604651162791,8.0
5,2004,47,삼성,22,22,0.5,4.0
6,2004,47,한화,21,23,0.4772727272727273,5.0
7,2004,47,현대,28,17,0.6222222222222222,1.0
