,Year,Game_idx,Team1,cum_win,cum_lose,Wpct,rank
0,1999,18,LG,11,7,0.6111111111111112,2.0
1,1999,18,두산,8,9,0.4705882352941176,6.0
2,1999,18,롯데,12,6,0.6666666666666666,1.0
3,1999,18,삼성,9,8,0.5294117647058824,4.0
4,1999,18,쌍방울,5,13,0.2777777777777778,8.0
5,1999,18,한화,9,9,0.5,5.0
6,1999,18,해태,10,8,0.5555555555555556,3.0
7,1999,18,현대,7,11,0.3888888888888889,7.0
