,Year,Game_idx,Team1,cum_win,cum_lose,Wpct,rank
0,1999,74,LG,38,36,0.5135135135135135,5.0
1,1999,74,두산,40,30,0.5714285714285714,2.0
2,1999,74,롯데,44,26,0.6285714285714286,1.0
3,1999,74,삼성,39,33,0.5416666666666666,4.0
4,1999,74,쌍방울,15,54,0.21739130434782608,8.0
5,1999,74,한화,35,37,0.4861111111111111,6.0
6,1999,74,해태,34,38,0.4722222222222222,7.0
7,1999,74,현대,38,31,0.5507246376811594,3.0
