,Year,Game_idx,Team1,cum_win,cum_lose,Wpct,rank
0,1999,24,LG,16,8,0.6666666666666666,1.0
1,1999,24,두산,11,12,0.4782608695652174,5.0
2,1999,24,롯데,13,9,0.5909090909090909,3.0
3,1999,24,삼성,14,9,0.6086956521739131,2.0
4,1999,24,쌍방울,5,17,0.2272727272727273,8.0
5,1999,24,한화,11,13,0.4583333333333333,6.5
6,1999,24,해태,11,13,0.4583333333333333,6.5
7,1999,24,현대,12,12,0.5,4.0
