,Year,Game_idx,Team1,cum_win,cum_lose,Wpct,rank
0,2005,98,KIA,38,59,0.3917525773195876,8.0
1,2005,98,LG,42,55,0.4329896907216495,7.0
2,2005,98,SK,52,41,0.5591397849462365,2.0
3,2005,98,두산,53,43,0.5520833333333334,3.0
4,2005,98,롯데,46,51,0.4742268041237113,5.0
5,2005,98,삼성,57,39,0.59375,1.0
6,2005,98,한화,52,45,0.5360824742268041,4.0
7,2005,98,현대,44,51,0.4631578947368421,6.0
