,Year,Game_idx,Team1,cum_win,cum_lose,Wpct,rank
0,2004,19,KIA,8,11,0.42105263157894735,7.0
1,2004,19,LG,10,8,0.5555555555555556,2.0
2,2004,19,SK,9,10,0.4736842105263158,4.0
3,2004,19,두산,8,10,0.4444444444444444,6.0
4,2004,19,롯데,7,11,0.3888888888888889,8.0
5,2004,19,삼성,8,9,0.4705882352941176,5.0
6,2004,19,한화,9,9,0.5,3.0
7,2004,19,현대,14,5,0.7368421052631579,1.0
