,Year,Game_idx,Team1,cum_win,cum_lose,Wpct,rank
0,2016,27,KIA,12,15,0.4444444444444444,7.5
1,2016,27,LG,13,14,0.4814814814814815,5.0
2,2016,27,NC,16,11,0.5925925925925926,2.5
3,2016,27,SK,16,11,0.5925925925925926,2.5
4,2016,27,kt,12,15,0.4444444444444444,7.5
5,2016,27,넥센,14,12,0.5384615384615384,4.0
6,2016,27,두산,19,7,0.7307692307692307,1.0
7,2016,27,롯데,12,15,0.4444444444444444,7.5
8,2016,27,삼성,12,15,0.4444444444444444,7.5
9,2016,27,한화,8,19,0.2962962962962963,10.0
