,Year,Game_idx,Team1,cum_win,cum_lose,Wpct,rank
0,2009,55,KIA,29,23,0.5576923076923077,3.0
1,2009,55,LG,23,29,0.4423076923076923,6.0
2,2009,55,SK,33,18,0.6470588235294118,1.0
3,2009,55,두산,33,20,0.6226415094339622,2.0
4,2009,55,롯데,22,33,0.4,8.0
5,2009,55,삼성,26,29,0.4727272727272727,4.0
6,2009,55,한화,21,31,0.40384615384615385,7.0
7,2009,55,히어로즈,24,30,0.4444444444444444,5.0
