,Year,Game_idx,Team1,cum_win,cum_lose,Wpct,rank
0,2005,75,KIA,31,43,0.4189189189189189,8.0
1,2005,75,LG,36,38,0.4864864864864865,4.0
2,2005,75,SK,34,37,0.4788732394366197,5.0
3,2005,75,두산,43,30,0.589041095890411,2.0
4,2005,75,롯데,35,40,0.4666666666666667,6.0
5,2005,75,삼성,44,29,0.6027397260273972,1.0
6,2005,75,한화,39,35,0.527027027027027,3.0
7,2005,75,현대,32,41,0.4383561643835616,7.0
