,Year,Game_idx,Team1,cum_win,cum_lose,Wpct,rank
0,1992,121,LG,52,66,0.4406779661016949,6.5
1,1992,121,OB,53,64,0.45299145299145294,5.0
2,1992,121,롯데,69,52,0.5702479338842975,3.0
3,1992,121,빙그레,76,43,0.6386554621848739,1.0
4,1992,121,삼성,64,55,0.5378151260504201,4.0
5,1992,121,쌍방울,41,79,0.3416666666666667,8.0
6,1992,121,태평양,52,66,0.4406779661016949,6.5
7,1992,121,해태,71,49,0.5916666666666667,2.0
