,Year,Game_idx,Team1,cum_win,cum_lose,Wpct,rank
0,1993,29,LG,18,11,0.6206896551724138,2.0
1,1993,29,OB,14,15,0.4827586206896552,6.0
2,1993,29,롯데,15,14,0.5172413793103449,4.5
3,1993,29,빙그레,15,14,0.5172413793103449,4.5
4,1993,29,삼성,15,13,0.5357142857142857,3.0
5,1993,29,쌍방울,10,19,0.3448275862068966,7.0
6,1993,29,태평양,9,19,0.32142857142857145,8.0
7,1993,29,해태,21,8,0.7241379310344828,1.0
