,Year,Game_idx,Team1,cum_win,cum_lose,Wpct,rank
0,1989,97,MBC,35,58,0.3763440860215054,7.0
1,1989,97,OB,45,50,0.4736842105263158,5.0
2,1989,97,롯데,41,53,0.4361702127659575,6.0
3,1989,97,빙그레,57,37,0.6063829787234043,1.0
4,1989,97,삼성,47,45,0.5108695652173914,3.0
5,1989,97,태평양,47,46,0.5053763440860215,4.0
6,1989,97,해태,55,39,0.5851063829787234,2.0
