,Year,Game_idx,Team1,cum_win,cum_lose,Wpct,rank
0,1994,104,LG,66,38,0.6346153846153846,1.0
1,1994,104,OB,48,55,0.4660194174757282,6.0
2,1994,104,롯데,46,55,0.4554455445544554,7.0
3,1994,104,삼성,52,51,0.5048543689320388,5.0
4,1994,104,쌍방울,35,65,0.35,8.0
5,1994,104,태평양,57,44,0.5643564356435643,2.0
6,1994,104,한화,54,49,0.5242718446601942,3.0
7,1994,104,해태,52,50,0.5098039215686274,4.0
