,Year,Game_idx,Team1,cum_win,cum_lose,Wpct,rank
0,1992,11,LG,3,7,0.3,7.0
1,1992,11,OB,3,8,0.2727272727272727,8.0
2,1992,11,롯데,5,6,0.4545454545454545,5.5
3,1992,11,빙그레,8,2,0.8,1.0
4,1992,11,삼성,5,5,0.5,4.0
5,1992,11,쌍방울,5,6,0.4545454545454545,5.5
6,1992,11,태평양,7,3,0.7,2.0
7,1992,11,해태,6,5,0.5454545454545454,3.0
