,Year,Game_idx,Team1,cum_win,cum_lose,Wpct,rank
0,2005,84,KIA,34,49,0.40963855421686746,8.0
1,2005,84,LG,39,44,0.4698795180722892,5.0
2,2005,84,SK,41,38,0.5189873417721519,4.0
3,2005,84,두산,46,36,0.5609756097560976,2.0
4,2005,84,롯데,39,45,0.4642857142857143,6.0
5,2005,84,삼성,49,33,0.5975609756097561,1.0
6,2005,84,한화,45,38,0.5421686746987951,3.0
7,2005,84,현대,37,45,0.451219512195122,7.0
