,Year,Game_idx,Team1,cum_win,cum_lose,Wpct,rank
0,2015,47,KIA,23,24,0.4893617021276596,8.0
1,2015,47,LG,20,26,0.43478260869565216,9.0
2,2015,47,NC,28,18,0.6086956521739131,1.0
3,2015,47,SK,25,22,0.5319148936170213,4.5
4,2015,47,kt,9,38,0.1914893617021277,10.0
5,2015,47,넥센,24,23,0.5106382978723404,6.5
6,2015,47,두산,28,19,0.5957446808510638,2.5
7,2015,47,롯데,25,22,0.5319148936170213,4.5
8,2015,47,삼성,28,19,0.5957446808510638,2.5
9,2015,47,한화,24,23,0.5106382978723404,6.5
