,Year,Game_idx,Team1,cum_win,cum_lose,Wpct,rank
0,2000,129,LG,65,61,0.5158730158730159,4.0
1,2000,129,SK,43,83,0.3412698412698413,8.0
2,2000,129,두산,74,55,0.5736434108527132,2.0
3,2000,129,롯데,64,61,0.512,5.0
4,2000,129,삼성,68,56,0.5483870967741935,3.0
5,2000,129,한화,48,76,0.3870967741935484,7.0
6,2000,129,해태,54,71,0.43200000000000005,6.0
7,2000,129,현대,88,39,0.6929133858267716,1.0
