,Year,Game_idx,Team1,cum_win,cum_lose,Wpct,rank
0,2000,96,LG,47,46,0.5053763440860215,5.0
1,2000,96,SK,26,68,0.2765957446808511,8.0
2,2000,96,두산,58,38,0.6041666666666666,2.0
3,2000,96,롯데,50,44,0.5319148936170213,4.0
4,2000,96,삼성,52,40,0.5652173913043478,3.0
5,2000,96,한화,37,55,0.4021739130434783,7.0
6,2000,96,해태,41,53,0.4361702127659575,6.0
7,2000,96,현대,65,30,0.6842105263157895,1.0
