,Year,Game_idx,Team1,cum_win,cum_lose,Wpct,rank
0,2012,10,KIA,5,5,0.5,5.0
1,2012,10,LG,6,4,0.6,4.0
2,2012,10,SK,7,3,0.7,1.0
3,2012,10,넥센,4,6,0.4,6.0
4,2012,10,두산,6,3,0.6666666666666666,2.5
5,2012,10,롯데,6,3,0.6666666666666666,2.5
6,2012,10,삼성,3,7,0.3,7.0
7,2012,10,한화,2,8,0.2,8.0
