,Year,Game_idx,Team1,cum_win,cum_lose,Wpct,rank
0,1993,36,LG,22,14,0.6111111111111112,2.0
1,1993,36,OB,18,16,0.5294117647058824,4.0
2,1993,36,롯데,20,16,0.5555555555555556,3.0
3,1993,36,빙그레,19,17,0.5277777777777778,5.0
4,1993,36,삼성,18,17,0.5142857142857142,6.0
5,1993,36,쌍방울,11,24,0.3142857142857143,7.0
6,1993,36,태평양,10,23,0.30303030303030304,8.0
7,1993,36,해태,24,11,0.6857142857142857,1.0
