,Year,Game_idx,Team1,cum_win,cum_lose,Wpct,rank
0,2016,94,KIA,45,48,0.4838709677419355,5.0
1,2016,94,LG,41,52,0.4408602150537633,8.0
2,2016,94,NC,57,35,0.6195652173913043,2.0
3,2016,94,SK,47,47,0.5,4.0
4,2016,94,kt,38,54,0.4130434782608696,10.0
5,2016,94,넥센,53,40,0.5698924731182796,3.0
6,2016,94,두산,59,34,0.6344086021505376,1.0
7,2016,94,롯데,44,50,0.4680851063829787,6.0
8,2016,94,삼성,39,54,0.41935483870967744,9.0
9,2016,94,한화,41,50,0.4505494505494506,7.0
