,Year,Game_idx,Team1,cum_win,cum_lose,Wpct,rank
0,2009,26,KIA,11,13,0.4583333333333333,5.5
1,2009,26,LG,13,12,0.52,3.0
2,2009,26,SK,16,7,0.6956521739130435,1.0
3,2009,26,두산,13,11,0.5416666666666666,2.0
4,2009,26,롯데,9,17,0.3461538461538461,8.0
5,2009,26,삼성,13,13,0.5,4.0
6,2009,26,한화,11,13,0.4583333333333333,5.5
7,2009,26,히어로즈,11,15,0.4230769230769231,7.0
