,Year,Game_idx,Team1,cum_win,cum_lose,Wpct,rank
0,2006,22,KIA,10,11,0.4761904761904762,5.0
1,2006,22,LG,7,14,0.3333333333333333,7.0
2,2006,22,SK,13,9,0.5909090909090909,2.5
3,2006,22,두산,8,12,0.4,6.0
4,2006,22,롯데,7,15,0.3181818181818182,8.0
5,2006,22,삼성,13,8,0.6190476190476191,1.0
6,2006,22,한화,12,9,0.5714285714285714,4.0
7,2006,22,현대,13,9,0.5909090909090909,2.5
