,Year,Game_idx,Team1,cum_win,cum_lose,Wpct,rank
0,2000,103,LG,50,50,0.5,5.0
1,2000,103,SK,28,73,0.27722772277227725,8.0
2,2000,103,두산,60,43,0.5825242718446602,2.0
3,2000,103,롯데,54,47,0.5346534653465347,4.0
4,2000,103,삼성,57,41,0.5816326530612245,3.0
5,2000,103,한화,40,59,0.404040404040404,7.0
6,2000,103,해태,43,57,0.43,6.0
7,2000,103,현대,70,32,0.6862745098039216,1.0
