,Year,Game_idx,Team1,cum_win,cum_lose,Wpct,rank
0,2000,93,LG,44,46,0.4888888888888889,5.0
1,2000,93,SK,25,66,0.27472527472527475,8.0
2,2000,93,두산,56,37,0.6021505376344086,2.0
3,2000,93,롯데,49,43,0.532608695652174,4.0
4,2000,93,삼성,51,38,0.5730337078651685,3.0
5,2000,93,한화,36,53,0.4044943820224719,7.0
6,2000,93,해태,39,52,0.42857142857142855,6.0
7,2000,93,현대,62,30,0.6739130434782609,1.0
