,Year,Game_idx,Team1,cum_win,cum_lose,Wpct,rank
0,2015,40,KIA,20,20,0.5,7.0
1,2015,40,LG,17,22,0.4358974358974359,9.0
2,2015,40,NC,21,18,0.5384615384615384,5.0
3,2015,40,SK,24,16,0.6,2.0
4,2015,40,kt,7,33,0.175,10.0
5,2015,40,넥센,22,18,0.55,4.0
6,2015,40,두산,24,16,0.6,2.0
7,2015,40,롯데,20,20,0.5,7.0
8,2015,40,삼성,24,16,0.6,2.0
9,2015,40,한화,20,20,0.5,7.0
