,Year,Game_idx,Team1,cum_win,cum_lose,Wpct,rank
0,1995,51,LG,31,19,0.62,2.0
1,1995,51,OB,31,18,0.6326530612244898,1.0
2,1995,51,롯데,25,25,0.5,3.0
3,1995,51,삼성,22,25,0.4680851063829787,5.0
4,1995,51,쌍방울,22,29,0.4313725490196079,7.0
5,1995,51,태평양,19,30,0.3877551020408163,8.0
6,1995,51,한화,25,26,0.4901960784313725,4.0
7,1995,51,해태,23,28,0.4509803921568628,6.0
