,Year,Game_idx,Team1,cum_win,cum_lose,Wpct,rank
0,2007,108,KIA,43,64,0.4018691588785047,8.0
1,2007,108,LG,53,50,0.5145631067961165,5.0
2,2007,108,SK,62,41,0.6019417475728155,1.0
3,2007,108,두산,58,48,0.5471698113207547,2.0
4,2007,108,롯데,49,56,0.4666666666666667,6.0
5,2007,108,삼성,56,49,0.5333333333333333,3.0
6,2007,108,한화,56,50,0.5283018867924528,4.0
7,2007,108,현대,47,60,0.4392523364485981,7.0
