,Year,Game_idx,Team1,cum_win,cum_lose,Wpct,rank
0,2015,80,KIA,37,43,0.4625,7.5
1,2015,80,LG,35,44,0.4430379746835443,9.0
2,2015,80,NC,46,33,0.5822784810126582,2.0
3,2015,80,SK,40,39,0.5063291139240507,6.0
4,2015,80,kt,25,55,0.3125,10.0
5,2015,80,넥센,44,35,0.5569620253164557,4.0
6,2015,80,두산,46,34,0.575,3.0
7,2015,80,롯데,37,43,0.4625,7.5
8,2015,80,삼성,47,33,0.5875,1.0
9,2015,80,한화,42,38,0.525,5.0
