,Year,Game_idx,Team1,cum_win,cum_lose,Wpct,rank
0,2000,26,LG,12,14,0.4615384615384616,4.5
1,2000,26,SK,6,20,0.2307692307692308,8.0
2,2000,26,두산,17,9,0.6538461538461539,2.0
3,2000,26,롯데,12,14,0.4615384615384616,4.5
4,2000,26,삼성,16,10,0.6153846153846154,3.0
5,2000,26,한화,10,16,0.38461538461538464,7.0
6,2000,26,해태,11,15,0.4230769230769231,6.0
7,2000,26,현대,21,5,0.8076923076923077,1.0
