,Year,Game_idx,Team1,cum_win,cum_lose,Wpct,rank
0,2015,23,KIA,11,12,0.4782608695652174,8.0
1,2015,23,LG,12,11,0.5217391304347826,5.5
2,2015,23,NC,10,13,0.43478260869565216,9.0
3,2015,23,SK,12,11,0.5217391304347826,5.5
4,2015,23,kt,3,20,0.13043478260869565,10.0
5,2015,23,넥센,12,11,0.5217391304347826,5.5
6,2015,23,두산,15,8,0.6521739130434783,1.5
7,2015,23,롯데,13,10,0.5652173913043478,3.0
8,2015,23,삼성,15,8,0.6521739130434783,1.5
9,2015,23,한화,12,11,0.5217391304347826,5.5
