,Year,Game_idx,Team1,cum_win,cum_lose,Wpct,rank
0,2003,93,KIA,49,40,0.5505617977528089,4.0
1,2003,93,LG,47,44,0.5164835164835165,5.0
2,2003,93,SK,51,40,0.5604395604395604,3.0
3,2003,93,두산,34,57,0.3736263736263736,7.0
4,2003,93,롯데,23,67,0.25555555555555554,8.0
5,2003,93,삼성,58,33,0.6373626373626373,2.0
6,2003,93,한화,43,47,0.4777777777777778,6.0
7,2003,93,현대,59,32,0.6483516483516484,1.0
