,Year,Game_idx,Team1,cum_win,cum_lose,Wpct,rank
0,2002,91,KIA,54,34,0.6136363636363636,1.0
1,2002,91,LG,47,40,0.5402298850574713,3.0
2,2002,91,SK,41,47,0.4659090909090909,6.0
3,2002,91,두산,47,42,0.5280898876404494,5.0
4,2002,91,롯데,24,66,0.26666666666666666,8.0
5,2002,91,삼성,51,37,0.5795454545454546,2.0
6,2002,91,한화,40,48,0.4545454545454545,7.0
7,2002,91,현대,46,40,0.5348837209302325,4.0
