,Year,Game_idx,Team1,cum_win,cum_lose,Wpct,rank
0,2011,69,KIA,40,29,0.5797101449275363,2.0
1,2011,69,LG,36,33,0.5217391304347826,4.0
2,2011,69,SK,38,31,0.5507246376811594,3.0
3,2011,69,넥센,26,43,0.37681159420289856,8.0
4,2011,69,두산,31,36,0.4626865671641791,5.0
5,2011,69,롯데,29,37,0.4393939393939394,6.0
6,2011,69,삼성,40,27,0.5970149253731343,1.0
7,2011,69,한화,29,39,0.4264705882352941,7.0
