,Year,Game_idx,Team1,cum_win,cum_lose,Wpct,rank
0,2014,89,KIA,40,49,0.44943820224719105,6.5
1,2014,89,LG,40,48,0.4545454545454545,5.0
2,2014,89,NC,51,38,0.5730337078651685,3.0
3,2014,89,SK,38,51,0.42696629213483145,8.0
4,2014,89,넥센,52,36,0.5909090909090909,2.0
5,2014,89,두산,40,49,0.44943820224719105,6.5
6,2014,89,롯데,43,45,0.4886363636363637,4.0
7,2014,89,삼성,59,28,0.6781609195402298,1.0
8,2014,89,한화,34,54,0.3863636363636364,9.0
