,Year,Game_idx,Team1,cum_win,cum_lose,Wpct,rank
0,2013,33,KIA,18,14,0.5625,4.0
1,2013,33,LG,14,19,0.42424242424242425,7.0
2,2013,33,NC,10,21,0.3225806451612903,8.0
3,2013,33,SK,16,16,0.5,5.0
4,2013,33,넥센,22,11,0.6666666666666666,1.5
5,2013,33,두산,19,13,0.59375,3.0
6,2013,33,롯데,15,16,0.4838709677419355,6.0
7,2013,33,삼성,22,11,0.6666666666666666,1.5
8,2013,33,한화,9,23,0.28125,9.0
