,Year,Game_idx,Team1,cum_win,cum_lose,Wpct,rank
0,2010,118,KIA,53,65,0.4491525423728814,6.0
1,2010,118,LG,52,63,0.4521739130434783,5.0
2,2010,118,SK,76,42,0.6440677966101694,1.0
3,2010,118,넥센,46,69,0.4,7.0
4,2010,118,두산,65,50,0.5652173913043478,3.0
5,2010,118,롯데,58,57,0.5043478260869565,4.0
6,2010,118,삼성,72,45,0.6153846153846154,2.0
7,2010,118,한화,44,73,0.3760683760683761,8.0
