,Year,Game_idx,Team1,cum_win,cum_lose,Wpct,rank
0,2008,82,KIA,38,44,0.4634146341463415,6.0
1,2008,82,LG,28,54,0.3414634146341464,8.0
2,2008,82,SK,54,28,0.6585365853658537,1.0
3,2008,82,두산,49,33,0.5975609756097561,2.0
4,2008,82,롯데,42,40,0.5121951219512195,4.0
5,2008,82,삼성,39,43,0.475609756097561,5.0
6,2008,82,한화,44,38,0.5365853658536586,3.0
7,2008,82,히어로즈,35,47,0.4268292682926829,7.0
