,Year,Game_idx,Team1,cum_win,cum_lose,Wpct,rank
0,1996,93,LG,39,49,0.4431818181818182,7.0
1,1996,93,OB,38,53,0.4175824175824176,8.0
2,1996,93,롯데,41,47,0.4659090909090909,6.0
3,1996,93,삼성,42,48,0.4666666666666667,5.0
4,1996,93,쌍방울,45,46,0.4945054945054945,4.0
5,1996,93,한화,49,44,0.5268817204301075,3.0
6,1996,93,해태,55,37,0.5978260869565217,1.0
7,1996,93,현대,51,37,0.5795454545454546,2.0
