,Year,Game_idx,Team1,cum_win,cum_lose,Wpct,rank
0,1989,118,MBC,49,65,0.4298245614035088,6.0
1,1989,118,OB,52,63,0.4521739130434783,5.0
2,1989,118,롯데,46,67,0.4070796460176992,7.0
3,1989,118,빙그레,71,44,0.6173913043478261,1.0
4,1989,118,삼성,57,56,0.5044247787610621,4.0
5,1989,118,태평양,60,54,0.5263157894736842,3.0
6,1989,118,해태,65,49,0.5701754385964912,2.0
