,Year,Game_idx,Team1,cum_win,cum_lose,Wpct,rank
0,2003,62,KIA,32,29,0.5245901639344263,4.0
1,2003,62,LG,29,31,0.4833333333333333,5.0
2,2003,62,SK,40,21,0.6557377049180327,1.0
3,2003,62,두산,20,42,0.3225806451612903,7.0
4,2003,62,롯데,19,41,0.31666666666666665,8.0
5,2003,62,삼성,38,22,0.6333333333333333,2.0
6,2003,62,한화,28,31,0.4745762711864407,6.0
7,2003,62,현대,37,24,0.6065573770491803,3.0
