,Year,Game_idx,Team1,cum_win,cum_lose,Wpct,rank
0,2014,50,KIA,21,29,0.42,7.0
1,2014,50,LG,17,32,0.3469387755102041,9.0
2,2014,50,NC,30,20,0.6,2.0
3,2014,50,SK,23,27,0.46,6.0
4,2014,50,넥센,27,23,0.54,4.0
5,2014,50,두산,28,22,0.56,3.0
6,2014,50,롯데,24,25,0.4897959183673469,5.0
7,2014,50,삼성,33,16,0.6734693877551021,1.0
8,2014,50,한화,18,31,0.3673469387755102,8.0
