,Year,Game_idx,Team1,cum_win,cum_lose,Wpct,rank
0,2001,49,KIA,23,24,0.4893617021276596,5.0
1,2001,49,LG,17,30,0.3617021276595745,8.0
2,2001,49,SK,22,26,0.4583333333333333,6.0
3,2001,49,두산,26,21,0.5531914893617021,3.0
4,2001,49,롯데,20,28,0.4166666666666667,7.0
5,2001,49,삼성,29,20,0.5918367346938775,2.0
6,2001,49,한화,25,24,0.5102040816326531,4.0
7,2001,49,현대,30,19,0.6122448979591837,1.0
