,Year,Game_idx,Team1,cum_win,cum_lose,Wpct,rank
0,1993,22,LG,13,9,0.5909090909090909,3.0
1,1993,22,OB,10,12,0.4545454545454545,5.5
2,1993,22,롯데,10,12,0.4545454545454545,5.5
3,1993,22,빙그레,11,11,0.5,4.0
4,1993,22,삼성,13,8,0.6190476190476191,2.0
5,1993,22,쌍방울,6,16,0.2727272727272727,8.0
6,1993,22,태평양,6,15,0.2857142857142857,7.0
7,1993,22,해태,15,7,0.6818181818181818,1.0
