,Year,Game_idx,Team1,cum_win,cum_lose,Wpct,rank
0,2013,9,KIA,7,2,0.7777777777777778,1.0
1,2013,9,LG,6,3,0.6666666666666666,2.5
2,2013,9,NC,1,8,0.1111111111111111,8.0
3,2013,9,SK,5,4,0.5555555555555556,6.0
4,2013,9,넥센,5,4,0.5555555555555556,6.0
5,2013,9,두산,5,4,0.5555555555555556,6.0
6,2013,9,롯데,5,3,0.625,4.0
7,2013,9,삼성,6,3,0.6666666666666666,2.5
8,2013,9,한화,0,9,0.0,9.0
