,Year,Game_idx,Team1,cum_win,cum_lose,Wpct,rank
0,2002,15,KIA,11,3,0.7857142857142857,1.0
1,2002,15,LG,5,10,0.3333333333333333,7.0
2,2002,15,SK,5,9,0.35714285714285715,6.0
3,2002,15,두산,6,9,0.4,5.0
4,2002,15,롯데,4,10,0.2857142857142857,8.0
5,2002,15,삼성,8,7,0.5333333333333333,4.0
6,2002,15,한화,8,5,0.6153846153846154,3.0
7,2002,15,현대,9,3,0.75,2.0
