,Year,Game_idx,Team1,cum_win,cum_lose,Wpct,rank
0,2013,58,KIA,32,25,0.5614035087719298,4.0
1,2013,58,LG,33,25,0.5689655172413793,3.0
2,2013,58,NC,21,34,0.3818181818181817,8.0
3,2013,58,SK,25,32,0.43859649122807015,7.0
4,2013,58,넥센,33,24,0.5789473684210527,2.0
5,2013,58,두산,27,30,0.4736842105263158,6.0
6,2013,58,롯데,31,25,0.5535714285714286,5.0
7,2013,58,삼성,35,21,0.625,1.0
8,2013,58,한화,17,40,0.2982456140350877,9.0
