,Year,Game_idx,Team1,cum_win,cum_lose,Wpct,rank
0,1992,102,LG,38,61,0.3838383838383838,7.0
1,1992,102,OB,46,53,0.4646464646464646,5.0
2,1992,102,롯데,60,42,0.5882352941176471,3.0
3,1992,102,빙그레,61,39,0.61,1.0
4,1992,102,삼성,53,47,0.53,4.0
5,1992,102,쌍방울,36,65,0.3564356435643564,8.0
6,1992,102,태평양,44,55,0.4444444444444444,6.0
7,1992,102,해태,61,41,0.5980392156862745,2.0
