,Year,Game_idx,Team1,cum_win,cum_lose,Wpct,rank
0,2002,46,KIA,27,17,0.6136363636363636,1.0
1,2002,46,LG,19,26,0.4222222222222222,7.0
2,2002,46,SK,21,24,0.4666666666666667,6.0
3,2002,46,두산,24,21,0.5333333333333333,3.0
4,2002,46,롯데,16,29,0.3555555555555556,8.0
5,2002,46,삼성,28,18,0.6086956521739131,2.0
6,2002,46,한화,21,23,0.4772727272727273,4.0
7,2002,46,현대,20,22,0.4761904761904762,5.0
