,Year,Game_idx,Team1,cum_win,cum_lose,Wpct,rank
0,2016,130,KIA,63,66,0.4883720930232558,5.5
1,2016,130,LG,63,66,0.4883720930232558,5.5
2,2016,130,NC,74,53,0.5826771653543307,2.0
3,2016,130,SK,65,65,0.5,4.0
4,2016,130,kt,48,80,0.375,10.0
5,2016,130,넥센,71,58,0.5503875968992248,3.0
6,2016,130,두산,83,46,0.6434108527131783,1.0
7,2016,130,롯데,59,71,0.4538461538461538,9.0
8,2016,130,삼성,59,70,0.4573643410852713,8.0
9,2016,130,한화,60,67,0.4724409448818898,7.0
