,Year,Game_idx,Team1,cum_win,cum_lose,Wpct,rank
0,2015,43,KIA,21,22,0.4883720930232558,8.0
1,2015,43,LG,18,24,0.42857142857142855,9.0
2,2015,43,NC,24,18,0.5714285714285714,3.0
3,2015,43,SK,24,19,0.5581395348837209,4.5
4,2015,43,kt,8,35,0.18604651162790695,10.0
5,2015,43,넥센,24,19,0.5581395348837209,4.5
6,2015,43,두산,25,18,0.5813953488372093,2.0
7,2015,43,롯데,22,21,0.5116279069767442,6.5
8,2015,43,삼성,27,16,0.627906976744186,1.0
9,2015,43,한화,22,21,0.5116279069767442,6.5
