,Year,Game_idx,Team1,cum_win,cum_lose,Wpct,rank
0,1989,15,MBC,5,9,0.35714285714285715,6.0
1,1989,15,OB,5,10,0.3333333333333333,7.0
2,1989,15,롯데,8,7,0.5333333333333333,5.0
3,1989,15,빙그레,8,6,0.5714285714285714,3.5
4,1989,15,삼성,9,5,0.6428571428571429,1.0
5,1989,15,태평양,8,6,0.5714285714285714,3.5
6,1989,15,해태,9,6,0.6,2.0
