,Year,Game_idx,Team1,cum_win,cum_lose,Wpct,rank
0,1998,34,LG,16,18,0.4705882352941176,4.0
1,1998,34,OB,15,19,0.4411764705882353,5.0
2,1998,34,롯데,14,18,0.4375,6.5
3,1998,34,삼성,19,15,0.5588235294117647,2.0
4,1998,34,쌍방울,17,17,0.5,3.0
5,1998,34,한화,14,18,0.4375,6.5
6,1998,34,해태,14,20,0.4117647058823529,8.0
7,1998,34,현대,24,10,0.7058823529411765,1.0
