,Year,Game_idx,Team1,cum_win,cum_lose,Wpct,rank
0,2005,43,KIA,16,26,0.3809523809523809,8.0
1,2005,43,LG,19,24,0.4418604651162791,4.0
2,2005,43,SK,16,25,0.3902439024390244,7.0
3,2005,43,두산,27,15,0.6428571428571429,2.0
4,2005,43,롯데,24,19,0.5581395348837209,3.0
5,2005,43,삼성,30,13,0.6976744186046512,1.0
6,2005,43,한화,18,24,0.42857142857142855,5.5
7,2005,43,현대,18,24,0.42857142857142855,5.5
