,Year,Game_idx,Team1,cum_win,cum_lose,Wpct,rank
0,1997,112,LG,62,48,0.5636363636363636,3.0
1,1997,112,OB,51,56,0.4766355140186916,5.0
2,1997,112,롯데,45,66,0.40540540540540543,8.0
3,1997,112,삼성,60,46,0.5660377358490566,2.0
4,1997,112,쌍방울,62,49,0.5585585585585585,4.0
5,1997,112,한화,47,63,0.4272727272727273,6.0
6,1997,112,해태,65,46,0.5855855855855856,1.0
7,1997,112,현대,46,62,0.4259259259259259,7.0
