,Year,Game_idx,Team1,cum_win,cum_lose,Wpct,rank
0,1997,57,LG,35,20,0.6363636363636364,1.0
1,1997,57,OB,31,23,0.5740740740740741,4.0
2,1997,57,롯데,20,36,0.35714285714285715,8.0
3,1997,57,삼성,31,22,0.5849056603773585,3.0
4,1997,57,쌍방울,28,29,0.4912280701754386,5.0
5,1997,57,한화,21,34,0.3818181818181817,7.0
6,1997,57,해태,33,23,0.5892857142857143,2.0
7,1997,57,현대,22,32,0.4074074074074074,6.0
