,Year,Game_idx,Team1,cum_win,cum_lose,Wpct,rank
0,2011,17,KIA,8,9,0.4705882352941176,5.0
1,2011,17,LG,10,7,0.5882352941176471,3.0
2,2011,17,SK,12,5,0.7058823529411765,1.0
3,2011,17,넥센,6,11,0.35294117647058826,6.0
4,2011,17,두산,11,5,0.6875,2.0
5,2011,17,롯데,5,10,0.3333333333333333,7.0
6,2011,17,삼성,9,8,0.5294117647058824,4.0
7,2011,17,한화,5,11,0.3125,8.0
