,Year,Game_idx,Team1,cum_win,cum_lose,Wpct,rank
0,1996,50,LG,22,26,0.4583333333333333,6.5
1,1996,50,OB,22,26,0.4583333333333333,6.5
2,1996,50,롯데,21,28,0.42857142857142855,8.0
3,1996,50,삼성,25,23,0.5208333333333334,3.0
4,1996,50,쌍방울,23,26,0.4693877551020408,5.0
5,1996,50,한화,27,23,0.54,2.0
6,1996,50,해태,24,26,0.48,4.0
7,1996,50,현대,31,17,0.6458333333333334,1.0
