,Year,Game_idx,Team1,cum_win,cum_lose,Wpct,rank
0,2013,65,KIA,34,29,0.5396825396825397,5.0
1,2013,65,LG,37,28,0.5692307692307692,3.0
2,2013,65,NC,22,40,0.3548387096774194,8.0
3,2013,65,SK,29,35,0.453125,7.0
4,2013,65,넥센,37,27,0.578125,2.0
5,2013,65,두산,33,30,0.5238095238095238,6.0
6,2013,65,롯데,35,28,0.5555555555555556,4.0
7,2013,65,삼성,39,24,0.6190476190476191,1.0
8,2013,65,한화,19,45,0.296875,9.0
