,Year,Game_idx,Team1,cum_win,cum_lose,Wpct,rank
0,1997,114,LG,63,49,0.5625,3.5
1,1997,114,OB,53,56,0.4862385321100918,5.0
2,1997,114,롯데,45,68,0.3982300884955752,8.0
3,1997,114,삼성,61,47,0.5648148148148148,2.0
4,1997,114,쌍방울,63,49,0.5625,3.5
5,1997,114,한화,48,64,0.42857142857142855,6.0
6,1997,114,해태,67,46,0.5929203539823009,1.0
7,1997,114,현대,47,63,0.4272727272727273,7.0
