,Year,Game_idx,Team1,cum_win,cum_lose,Wpct,rank
0,2002,18,KIA,12,4,0.75,1.0
1,2002,18,LG,7,11,0.3888888888888889,7.0
2,2002,18,SK,7,10,0.4117647058823529,5.5
3,2002,18,두산,7,10,0.4117647058823529,5.5
4,2002,18,롯데,5,12,0.29411764705882354,8.0
5,2002,18,삼성,10,8,0.5555555555555556,4.0
6,2002,18,한화,9,7,0.5625,3.0
7,2002,18,현대,10,5,0.6666666666666666,2.0
