,Year,Game_idx,Team1,cum_win,cum_lose,Wpct,rank
0,2002,89,KIA,53,33,0.6162790697674418,1.0
1,2002,89,LG,45,40,0.5294117647058824,5.0
2,2002,89,SK,41,45,0.4767441860465117,6.0
3,2002,89,두산,47,40,0.5402298850574713,3.0
4,2002,89,롯데,24,64,0.2727272727272727,8.0
5,2002,89,삼성,51,36,0.5862068965517241,2.0
6,2002,89,한화,39,47,0.4534883720930232,7.0
7,2002,89,현대,45,39,0.5357142857142857,4.0
