,Year,Game_idx,Team1,cum_win,cum_lose,Wpct,rank
0,2000,114,LG,55,56,0.4954954954954955,5.0
1,2000,114,SK,34,77,0.3063063063063063,8.0
2,2000,114,두산,65,49,0.5701754385964912,2.0
3,2000,114,롯데,56,54,0.509090909090909,4.0
4,2000,114,삼성,62,47,0.5688073394495413,3.0
5,2000,114,한화,44,65,0.4036697247706422,7.0
6,2000,114,해태,49,61,0.44545454545454544,6.0
7,2000,114,현대,78,34,0.6964285714285714,1.0
