,Year,Game_idx,Team1,cum_win,cum_lose,Wpct,rank
0,2012,72,KIA,34,34,0.5,5.0
1,2012,72,LG,32,38,0.4571428571428571,7.0
2,2012,72,SK,35,36,0.4929577464788733,6.0
3,2012,72,넥센,36,34,0.5142857142857142,4.0
4,2012,72,두산,38,33,0.5352112676056338,3.0
5,2012,72,롯데,39,30,0.5652173913043478,1.0
6,2012,72,삼성,39,31,0.5571428571428572,2.0
7,2012,72,한화,26,45,0.3661971830985916,8.0
