,Year,Game_idx,Team1,cum_win,cum_lose,Wpct,rank
0,2004,117,KIA,58,55,0.5132743362831859,4.0
1,2004,117,LG,55,58,0.4867256637168141,6.0
2,2004,117,SK,54,55,0.4954128440366973,5.0
3,2004,117,두산,61,55,0.5258620689655172,3.0
4,2004,117,롯데,41,65,0.3867924528301887,8.0
5,2004,117,삼성,63,47,0.5727272727272728,2.0
6,2004,117,한화,48,63,0.4324324324324325,7.0
7,2004,117,현대,65,47,0.5803571428571429,1.0
