,Year,Game_idx,Team1,cum_win,cum_lose,Wpct,rank
0,1998,107,LG,54,52,0.5094339622641509,3.0
1,1998,107,OB,47,58,0.4476190476190477,8.0
2,1998,107,롯데,47,57,0.4519230769230769,7.0
3,1998,107,삼성,58,47,0.5523809523809524,2.0
4,1998,107,쌍방울,48,57,0.4571428571428571,6.0
5,1998,107,한화,48,55,0.4660194174757282,4.0
6,1998,107,해태,49,57,0.4622641509433962,5.0
7,1998,107,현대,70,37,0.6542056074766355,1.0
