,Year,Game_idx,Team1,cum_win,cum_lose,Wpct,rank
0,2006,64,KIA,29,32,0.4754098360655738,5.0
1,2006,64,LG,24,38,0.3870967741935484,8.0
2,2006,64,SK,29,34,0.4603174603174603,6.0
3,2006,64,두산,33,29,0.532258064516129,4.0
4,2006,64,롯데,27,36,0.42857142857142855,7.0
5,2006,64,삼성,39,22,0.639344262295082,1.0
6,2006,64,한화,35,28,0.5555555555555556,2.0
7,2006,64,현대,34,29,0.5396825396825397,3.0
