,Year,Game_idx,Team1,cum_win,cum_lose,Wpct,rank
0,2004,62,KIA,28,31,0.4745762711864407,7.0
1,2004,62,LG,29,31,0.4833333333333333,5.0
2,2004,62,SK,27,29,0.4821428571428572,6.0
3,2004,62,두산,32,29,0.5245901639344263,2.0
4,2004,62,롯데,21,33,0.3888888888888889,8.0
5,2004,62,삼성,29,27,0.5178571428571429,3.0
6,2004,62,한화,30,28,0.5172413793103449,4.0
7,2004,62,현대,35,23,0.603448275862069,1.0
