,Year,Game_idx,Team1,cum_win,cum_lose,Wpct,rank
0,1993,52,LG,31,21,0.5961538461538461,2.0
1,1993,52,OB,22,27,0.4489795918367347,5.0
2,1993,52,롯데,27,25,0.5192307692307693,4.0
3,1993,52,빙그레,23,29,0.4423076923076923,6.0
4,1993,52,삼성,26,24,0.52,3.0
5,1993,52,쌍방울,19,30,0.3877551020408163,7.0
6,1993,52,태평양,16,31,0.3404255319148936,8.0
7,1993,52,해태,37,14,0.7254901960784313,1.0
