,Year,Game_idx,Team1,cum_win,cum_lose,Wpct,rank
0,1989,7,MBC,4,3,0.5714285714285714,3.0
1,1989,7,OB,1,6,0.14285714285714285,7.0
2,1989,7,롯데,3,4,0.42857142857142855,5.0
3,1989,7,빙그레,2,4,0.3333333333333333,6.0
4,1989,7,삼성,4,3,0.5714285714285714,3.0
5,1989,7,태평양,4,3,0.5714285714285714,3.0
6,1989,7,해태,5,2,0.7142857142857143,1.0
