,Year,Game_idx,Team1,cum_win,cum_lose,Wpct,rank
0,2010,102,KIA,45,57,0.4411764705882353,5.0
1,2010,102,LG,44,57,0.4356435643564357,6.0
2,2010,102,SK,67,35,0.6568627450980392,1.0
3,2010,102,넥센,40,59,0.404040404040404,7.0
4,2010,102,두산,59,41,0.59,3.0
5,2010,102,롯데,49,50,0.494949494949495,4.0
6,2010,102,삼성,60,41,0.594059405940594,2.0
7,2010,102,한화,40,62,0.392156862745098,8.0
