,Year,Game_idx,Team1,cum_win,cum_lose,Wpct,rank
0,1992,71,LG,25,44,0.3623188405797101,7.0
1,1992,71,OB,33,36,0.4782608695652174,5.0
2,1992,71,롯데,41,30,0.5774647887323944,3.0
3,1992,71,빙그레,45,25,0.6428571428571429,1.0
4,1992,71,삼성,37,33,0.5285714285714286,4.0
5,1992,71,쌍방울,25,45,0.35714285714285715,8.0
6,1992,71,태평양,30,38,0.4411764705882353,6.0
7,1992,71,해태,43,28,0.6056338028169014,2.0
