,Year,Game_idx,Team1,cum_win,cum_lose,Wpct,rank
0,1993,85,LG,51,33,0.6071428571428571,2.0
1,1993,85,OB,42,38,0.525,4.0
2,1993,85,롯데,39,46,0.4588235294117647,5.0
3,1993,85,빙그레,36,47,0.43373493975903615,6.0
4,1993,85,삼성,44,37,0.5432098765432098,3.0
5,1993,85,쌍방울,34,47,0.41975308641975306,7.0
6,1993,85,태평양,28,50,0.35897435897435903,8.0
7,1993,85,해태,54,30,0.6428571428571429,1.0
