,Year,Game_idx,Team1,cum_win,cum_lose,Wpct,rank
0,2011,29,KIA,13,16,0.4482758620689655,6.0
1,2011,29,LG,16,13,0.5517241379310345,2.0
2,2011,29,SK,20,9,0.6896551724137931,1.0
3,2011,29,넥센,14,15,0.4827586206896552,5.0
4,2011,29,두산,15,13,0.5357142857142857,3.0
5,2011,29,롯데,12,15,0.4444444444444444,7.0
6,2011,29,삼성,15,14,0.5172413793103449,4.0
7,2011,29,한화,8,20,0.2857142857142857,8.0
