,Year,Game_idx,Team1,cum_win,cum_lose,Wpct,rank
0,1995,61,LG,37,23,0.6166666666666667,2.0
1,1995,61,OB,36,22,0.6206896551724138,1.0
2,1995,61,롯데,30,29,0.5084745762711864,3.0
3,1995,61,삼성,27,30,0.4736842105263158,5.0
4,1995,61,쌍방울,24,36,0.4,7.0
5,1995,61,태평양,23,35,0.3965517241379311,8.0
6,1995,61,한화,31,30,0.5081967213114754,4.0
7,1995,61,해태,28,33,0.459016393442623,6.0
