,Year,Game_idx,Team1,cum_win,cum_lose,Wpct,rank
0,2006,58,KIA,28,28,0.5,5.0
1,2006,58,LG,22,35,0.3859649122807017,8.0
2,2006,58,SK,26,32,0.4482758620689655,6.0
3,2006,58,두산,30,26,0.5357142857142857,4.0
4,2006,58,롯데,23,34,0.4035087719298245,7.0
5,2006,58,삼성,35,21,0.625,1.0
6,2006,58,한화,31,26,0.543859649122807,3.0
7,2006,58,현대,32,26,0.5517241379310345,2.0
