,Year,Game_idx,Team1,cum_win,cum_lose,Wpct,rank
0,2000,56,LG,30,25,0.5454545454545454,3.5
1,2000,56,SK,16,39,0.2909090909090909,8.0
2,2000,56,두산,34,22,0.6071428571428571,2.0
3,2000,56,롯데,26,29,0.4727272727272727,5.0
4,2000,56,삼성,30,25,0.5454545454545454,3.5
5,2000,56,한화,20,34,0.3703703703703704,7.0
6,2000,56,해태,24,31,0.4363636363636363,6.0
7,2000,56,현대,40,16,0.7142857142857143,1.0
