,Year,Game_idx,Team1,cum_win,cum_lose,Wpct,rank
0,2008,18,KIA,5,13,0.2777777777777778,8.0
1,2008,18,LG,7,11,0.3888888888888889,7.0
2,2008,18,SK,13,5,0.7222222222222222,1.0
3,2008,18,두산,8,10,0.4444444444444444,5.0
4,2008,18,롯데,12,6,0.6666666666666666,2.0
5,2008,18,삼성,10,8,0.5555555555555556,3.0
6,2008,18,한화,8,10,0.4444444444444444,5.0
7,2008,18,히어로즈,8,10,0.4444444444444444,5.0
