,Year,Game_idx,Team1,cum_win,cum_lose,Wpct,rank
0,2013,63,KIA,33,28,0.5409836065573771,5.0
1,2013,63,LG,36,27,0.5714285714285714,2.0
2,2013,63,NC,22,38,0.36666666666666653,8.0
3,2013,63,SK,29,33,0.4677419354838709,7.0
4,2013,63,넥센,35,27,0.5645161290322581,3.0
5,2013,63,두산,31,30,0.5081967213114754,6.0
6,2013,63,롯데,34,27,0.5573770491803278,4.0
7,2013,63,삼성,38,23,0.6229508196721312,1.0
8,2013,63,한화,19,43,0.3064516129032258,9.0
