,Year,Game_idx,Team1,cum_win,cum_lose,Wpct,rank
0,2002,58,KIA,35,20,0.6363636363636364,2.0
1,2002,58,LG,28,27,0.509090909090909,4.0
2,2002,58,SK,25,31,0.44642857142857145,6.0
3,2002,58,두산,32,25,0.5614035087719298,3.0
4,2002,58,롯데,17,40,0.2982456140350877,8.0
5,2002,58,삼성,37,21,0.6379310344827587,1.0
6,2002,58,한화,23,33,0.4107142857142857,7.0
7,2002,58,현대,27,27,0.5,5.0
