,Year,Game_idx,Team1,cum_win,cum_lose,Wpct,rank
0,2002,75,KIA,47,25,0.6527777777777778,1.0
1,2002,75,LG,35,37,0.4861111111111111,5.0
2,2002,75,SK,34,38,0.4722222222222222,6.0
3,2002,75,두산,44,29,0.6027397260273972,2.0
4,2002,75,롯데,20,54,0.2702702702702703,8.0
5,2002,75,삼성,41,33,0.5540540540540541,3.0
6,2002,75,한화,33,39,0.4583333333333333,7.0
7,2002,75,현대,36,35,0.5070422535211268,4.0
