,Year,Game_idx,Team1,cum_win,cum_lose,Wpct,rank
0,2016,23,KIA,9,14,0.39130434782608703,9.0
1,2016,23,LG,12,11,0.5217391304347826,4.0
2,2016,23,NC,12,11,0.5217391304347826,4.0
3,2016,23,SK,14,9,0.6086956521739131,2.0
4,2016,23,kt,11,12,0.4782608695652174,7.5
5,2016,23,넥센,11,11,0.5,6.0
6,2016,23,두산,16,6,0.7272727272727273,1.0
7,2016,23,롯데,12,11,0.5217391304347826,4.0
8,2016,23,삼성,11,12,0.4782608695652174,7.5
9,2016,23,한화,6,17,0.2608695652173913,10.0
