,Year,Game_idx,Team1,cum_win,cum_lose,Wpct,rank
0,2011,55,KIA,32,23,0.5818181818181818,2.5
1,2011,55,LG,32,23,0.5818181818181818,2.5
2,2011,55,SK,33,22,0.6,1.0
3,2011,55,넥센,20,35,0.3636363636363637,8.0
4,2011,55,두산,23,30,0.4339622641509434,6.0
5,2011,55,롯데,25,27,0.4807692307692308,5.0
6,2011,55,삼성,29,24,0.5471698113207547,4.0
7,2011,55,한화,23,31,0.4259259259259259,7.0
