,Year,Game_idx,Team1,cum_win,cum_lose,Wpct,rank
0,2014,115,KIA,49,66,0.4260869565217391,8.0
1,2014,115,LG,52,60,0.4642857142857143,6.0
2,2014,115,NC,62,52,0.543859649122807,3.0
3,2014,115,SK,53,61,0.4649122807017544,4.5
4,2014,115,넥센,70,44,0.6140350877192983,2.0
5,2014,115,두산,53,61,0.4649122807017544,4.5
6,2014,115,롯데,52,61,0.4601769911504425,7.0
7,2014,115,삼성,72,40,0.6428571428571429,1.0
8,2014,115,한화,46,67,0.4070796460176992,9.0
