,Year,Game_idx,Team1,cum_win,cum_lose,Wpct,rank
0,2012,64,KIA,29,31,0.4833333333333333,7.0
1,2012,64,LG,30,32,0.4838709677419355,6.0
2,2012,64,SK,35,28,0.5555555555555556,2.0
3,2012,64,넥센,32,30,0.5161290322580645,4.0
4,2012,64,두산,31,32,0.492063492063492,5.0
5,2012,64,롯데,34,27,0.5573770491803278,1.0
6,2012,64,삼성,33,29,0.532258064516129,3.0
7,2012,64,한화,25,38,0.3968253968253968,8.0
