,Year,Game_idx,Team1,cum_win,cum_lose,Wpct,rank
0,1994,108,LG,69,39,0.6388888888888888,1.0
1,1994,108,OB,49,58,0.4579439252336449,6.0
2,1994,108,롯데,47,58,0.4476190476190477,7.0
3,1994,108,삼성,54,52,0.5094339622641509,5.0
4,1994,108,쌍방울,36,67,0.3495145631067961,8.0
5,1994,108,태평양,59,46,0.5619047619047619,2.0
6,1994,108,한화,56,51,0.5233644859813084,4.0
7,1994,108,해태,56,50,0.5283018867924528,3.0
