,Year,Game_idx,Team1,cum_win,cum_lose,Wpct,rank
0,2016,133,KIA,64,68,0.4848484848484849,6.0
1,2016,133,LG,66,66,0.5,4.0
2,2016,133,NC,77,53,0.5923076923076923,2.0
3,2016,133,SK,65,68,0.4887218045112782,5.0
4,2016,133,kt,49,82,0.3740458015267176,10.0
5,2016,133,넥센,73,59,0.553030303030303,3.0
6,2016,133,두산,86,46,0.6515151515151515,1.0
7,2016,133,롯데,61,72,0.4586466165413534,8.0
8,2016,133,삼성,59,73,0.44696969696969696,9.0
9,2016,133,한화,60,70,0.4615384615384616,7.0
