,Year,Game_idx,Team1,cum_win,cum_lose,Wpct,rank
0,2005,104,KIA,41,62,0.3980582524271845,8.0
1,2005,104,LG,44,59,0.4271844660194175,7.0
2,2005,104,SK,56,43,0.5656565656565656,2.0
3,2005,104,두산,57,44,0.5643564356435643,3.0
4,2005,104,롯데,46,57,0.4466019417475728,5.0
5,2005,104,삼성,61,40,0.6039603960396039,1.0
6,2005,104,한화,55,48,0.5339805825242718,4.0
7,2005,104,현대,45,56,0.4455445544554456,6.0
