,Year,Game_idx,Team1,cum_win,cum_lose,Wpct,rank
0,1990,60,LG,33,27,0.55,1.5
1,1990,60,OB,20,39,0.3389830508474576,7.0
2,1990,60,롯데,27,32,0.4576271186440678,6.0
3,1990,60,빙그레,33,27,0.55,1.5
4,1990,60,삼성,30,29,0.5084745762711864,5.0
5,1990,60,태평양,31,28,0.5254237288135594,3.0
6,1990,60,해태,30,28,0.5172413793103449,4.0
