,Year,Game_idx,Team1,cum_win,cum_lose,Wpct,rank
0,2010,77,KIA,34,43,0.4415584415584416,6.0
1,2010,77,LG,35,41,0.4605263157894737,5.0
2,2010,77,SK,53,24,0.6883116883116883,1.0
3,2010,77,넥센,32,44,0.42105263157894735,7.0
4,2010,77,두산,44,32,0.5789473684210527,2.0
5,2010,77,롯데,36,39,0.48,4.0
6,2010,77,삼성,42,34,0.5526315789473685,3.0
7,2010,77,한화,28,49,0.3636363636363637,8.0
