,Year,Game_idx,Team1,cum_win,cum_lose,Wpct,rank
0,2014,6,KIA,3,3,0.5,4.5
1,2014,6,LG,2,3,0.4,6.0
2,2014,6,NC,4,2,0.6666666666666666,1.5
3,2014,6,SK,4,2,0.6666666666666666,1.5
4,2014,6,넥센,3,3,0.5,4.5
5,2014,6,두산,2,4,0.3333333333333333,8.0
6,2014,6,롯데,3,2,0.6,3.0
7,2014,6,삼성,2,4,0.3333333333333333,8.0
8,2014,6,한화,2,4,0.3333333333333333,8.0
