,Year,Game_idx,Team1,cum_win,cum_lose,Wpct,rank
0,1989,90,MBC,32,54,0.372093023255814,7.0
1,1989,90,OB,43,45,0.4886363636363637,5.0
2,1989,90,롯데,37,50,0.4252873563218391,6.0
3,1989,90,빙그레,53,34,0.6091954022988506,1.0
4,1989,90,삼성,42,43,0.4941176470588236,4.0
5,1989,90,태평양,43,43,0.5,3.0
6,1989,90,해태,51,36,0.5862068965517241,2.0
