,Year,Game_idx,Team1,cum_win,cum_lose,Wpct,rank
0,2004,43,KIA,21,19,0.525,2.0
1,2004,43,LG,21,20,0.5121951219512195,3.0
2,2004,43,SK,18,21,0.4615384615384616,7.0
3,2004,43,두산,21,21,0.5,4.0
4,2004,43,롯데,17,22,0.4358974358974359,8.0
5,2004,43,삼성,19,21,0.475,5.5
6,2004,43,한화,19,21,0.475,5.5
7,2004,43,현대,25,16,0.6097560975609756,1.0
