,Year,Game_idx,Team1,cum_win,cum_lose,Wpct,rank
0,2011,113,KIA,61,52,0.5398230088495575,3.0
1,2011,113,LG,54,58,0.4821428571428572,5.0
2,2011,113,SK,59,52,0.5315315315315315,4.0
3,2011,113,넥센,44,67,0.3963963963963964,8.0
4,2011,113,두산,52,59,0.4684684684684685,6.0
5,2011,113,롯데,61,49,0.5545454545454546,2.0
6,2011,113,삼성,67,44,0.6036036036036037,1.0
7,2011,113,한화,50,61,0.4504504504504505,7.0
