,Year,Game_idx,Team1,cum_win,cum_lose,Wpct,rank
0,1993,11,LG,6,5,0.5454545454545454,4.0
1,1993,11,OB,5,6,0.4545454545454545,6.0
2,1993,11,롯데,6,5,0.5454545454545454,4.0
3,1993,11,빙그레,6,5,0.5454545454545454,4.0
4,1993,11,삼성,7,4,0.6363636363636364,1.5
5,1993,11,쌍방울,3,8,0.2727272727272727,8.0
6,1993,11,태평양,4,6,0.4,7.0
7,1993,11,해태,7,4,0.6363636363636364,1.5
