,Year,Game_idx,Team1,cum_win,cum_lose,Wpct,rank
0,2010,48,KIA,23,25,0.4791666666666667,4.0
1,2010,48,LG,21,26,0.44680851063829785,6.0
2,2010,48,SK,32,16,0.6666666666666666,1.0
3,2010,48,넥센,19,29,0.3958333333333333,8.0
4,2010,48,두산,28,19,0.5957446808510638,2.0
5,2010,48,롯데,22,26,0.4583333333333333,5.0
6,2010,48,삼성,26,22,0.5416666666666666,3.0
7,2010,48,한화,20,28,0.4166666666666667,7.0
