,Year,Game_idx,Team1,cum_win,cum_lose,Wpct,rank
0,2011,94,KIA,55,39,0.5851063829787234,2.0
1,2011,94,LG,46,48,0.4893617021276596,5.0
2,2011,94,SK,52,42,0.5531914893617021,3.0
3,2011,94,넥센,37,57,0.39361702127659576,8.0
4,2011,94,두산,41,51,0.44565217391304346,6.0
5,2011,94,롯데,46,45,0.5054945054945055,4.0
6,2011,94,삼성,56,36,0.6086956521739131,1.0
7,2011,94,한화,40,53,0.4301075268817205,7.0
