,Year,Game_idx,Team1,cum_win,cum_lose,Wpct,rank
0,2004,15,KIA,6,9,0.4,7.0
1,2004,15,LG,9,5,0.6428571428571429,2.0
2,2004,15,SK,7,8,0.4666666666666667,3.0
3,2004,15,두산,5,9,0.35714285714285715,8.0
4,2004,15,롯데,6,8,0.42857142857142855,5.5
5,2004,15,삼성,6,7,0.4615384615384616,4.0
6,2004,15,한화,6,8,0.42857142857142855,5.5
7,2004,15,현대,12,3,0.8,1.0
