,Year,Game_idx,Team1,cum_win,cum_lose,Wpct,rank
0,2010,70,KIA,34,36,0.4857142857142857,4.0
1,2010,70,LG,32,37,0.463768115942029,6.0
2,2010,70,SK,48,22,0.6857142857142857,1.0
3,2010,70,넥센,29,40,0.42028985507246375,7.0
4,2010,70,두산,39,30,0.5652173913043478,2.0
5,2010,70,롯데,33,35,0.4852941176470588,5.0
6,2010,70,삼성,35,34,0.5072463768115942,3.0
7,2010,70,한화,27,43,0.3857142857142857,8.0
