,Year,Game_idx,Team1,cum_win,cum_lose,Wpct,rank
0,2003,117,KIA,68,45,0.6017699115044248,2.0
1,2003,117,LG,56,59,0.4869565217391305,5.0
2,2003,117,SK,58,56,0.5087719298245614,4.0
3,2003,117,두산,49,66,0.4260869565217391,7.0
4,2003,117,롯데,34,80,0.2982456140350877,8.0
5,2003,117,삼성,69,46,0.6,3.0
6,2003,117,한화,52,61,0.4601769911504425,6.0
7,2003,117,현대,71,44,0.6173913043478261,1.0
