,Year,Game_idx,Team1,cum_win,cum_lose,Wpct,rank
0,1999,109,LG,55,54,0.5045871559633027,6.0
1,1999,109,두산,60,44,0.5769230769230769,2.0
2,1999,109,롯데,61,43,0.5865384615384616,1.0
3,1999,109,삼성,59,48,0.5514018691588785,3.0
4,1999,109,쌍방울,25,79,0.2403846153846154,8.0
5,1999,109,한화,56,51,0.5233644859813084,5.0
6,1999,109,해태,52,55,0.485981308411215,7.0
7,1999,109,현대,55,49,0.5288461538461539,4.0
