,Year,Game_idx,Team1,cum_win,cum_lose,Wpct,rank
0,1992,93,LG,36,55,0.3956043956043956,7.0
1,1992,93,OB,41,49,0.4555555555555556,6.0
2,1992,93,롯데,52,41,0.5591397849462365,3.0
3,1992,93,빙그레,57,34,0.6263736263736264,1.0
4,1992,93,삼성,48,43,0.5274725274725275,4.0
5,1992,93,쌍방울,33,59,0.35869565217391297,8.0
6,1992,93,태평양,42,48,0.4666666666666667,5.0
7,1992,93,해태,56,37,0.6021505376344086,2.0
