,Year,Game_idx,Team1,cum_win,cum_lose,Wpct,rank
0,2010,117,KIA,52,65,0.4444444444444444,6.0
1,2010,117,LG,51,63,0.4473684210526316,5.0
2,2010,117,SK,76,41,0.6495726495726496,1.0
3,2010,117,넥센,45,69,0.3947368421052632,7.0
4,2010,117,두산,65,49,0.5701754385964912,3.0
5,2010,117,롯데,57,57,0.5,4.0
6,2010,117,삼성,72,44,0.6206896551724138,2.0
7,2010,117,한화,43,73,0.3706896551724138,8.0
