,Year,Game_idx,Team1,cum_win,cum_lose,Wpct,rank
0,2006,117,KIA,58,56,0.5087719298245614,4.0
1,2006,117,LG,46,67,0.4070796460176992,8.0
2,2006,117,SK,55,61,0.4741379310344828,6.0
3,2006,117,두산,56,58,0.4912280701754386,5.0
4,2006,117,롯데,48,66,0.42105263157894735,7.0
5,2006,117,삼성,68,46,0.5964912280701754,1.0
6,2006,117,한화,60,55,0.5217391304347826,3.0
7,2006,117,현대,66,50,0.5689655172413793,2.0
