,Year,Game_idx,Team1,cum_win,cum_lose,Wpct,rank
0,1996,101,LG,42,54,0.4375,7.0
1,1996,101,OB,38,58,0.3958333333333333,8.0
2,1996,101,롯데,43,52,0.4526315789473685,6.0
3,1996,101,삼성,45,51,0.46875,5.0
4,1996,101,쌍방울,52,47,0.5252525252525253,4.0
5,1996,101,한화,54,46,0.54,3.0
6,1996,101,해태,60,39,0.6060606060606061,1.0
7,1996,101,현대,53,43,0.5520833333333334,2.0
