,Year,Game_idx,Team1,cum_win,cum_lose,Wpct,rank
0,2007,18,KIA,8,10,0.4444444444444444,5.0
1,2007,18,LG,10,8,0.5555555555555556,3.5
2,2007,18,SK,11,5,0.6875,1.0
3,2007,18,두산,7,11,0.3888888888888889,7.5
4,2007,18,롯데,10,8,0.5555555555555556,3.5
5,2007,18,삼성,10,7,0.5882352941176471,2.0
6,2007,18,한화,7,10,0.4117647058823529,6.0
7,2007,18,현대,7,11,0.3888888888888889,7.5
