,Year,Game_idx,Team1,cum_win,cum_lose,Wpct,rank
0,2001,62,KIA,29,31,0.4833333333333333,4.0
1,2001,62,LG,23,36,0.3898305084745763,8.0
2,2001,62,SK,26,35,0.4262295081967213,6.0
3,2001,62,두산,31,28,0.5254237288135594,3.0
4,2001,62,롯데,25,36,0.4098360655737705,7.0
5,2001,62,삼성,41,21,0.6612903225806451,1.0
6,2001,62,한화,28,33,0.459016393442623,5.0
7,2001,62,현대,39,22,0.639344262295082,2.0
