,Year,Game_idx,Team1,cum_win,cum_lose,Wpct,rank
0,2006,25,KIA,12,12,0.5,5.0
1,2006,25,LG,10,14,0.4166666666666667,6.0
2,2006,25,SK,15,10,0.6,2.5
3,2006,25,두산,9,14,0.39130434782608703,7.0
4,2006,25,롯데,8,17,0.32,8.0
5,2006,25,삼성,14,10,0.5833333333333334,4.0
6,2006,25,한화,15,9,0.625,1.0
7,2006,25,현대,15,10,0.6,2.5
