,Year,Game_idx,Team1,cum_win,cum_lose,Wpct,rank
0,2002,45,KIA,26,17,0.6046511627906976,2.0
1,2002,45,LG,19,25,0.4318181818181818,7.0
2,2002,45,SK,21,23,0.4772727272727273,6.0
3,2002,45,두산,23,21,0.5227272727272727,3.0
4,2002,45,롯데,16,28,0.3636363636363637,8.0
5,2002,45,삼성,28,17,0.6222222222222222,1.0
6,2002,45,한화,21,22,0.4883720930232558,4.0
7,2002,45,현대,20,21,0.4878048780487805,5.0
