,Year,Game_idx,Team1,cum_win,cum_lose,Wpct,rank
0,2010,110,KIA,50,60,0.4545454545454545,5.0
1,2010,110,LG,47,61,0.4351851851851852,6.0
2,2010,110,SK,70,40,0.6363636363636364,1.0
3,2010,110,넥센,43,64,0.4018691588785047,7.0
4,2010,110,두산,63,45,0.5833333333333334,3.0
5,2010,110,롯데,54,53,0.5046728971962616,4.0
6,2010,110,삼성,67,42,0.6146788990825688,2.0
7,2010,110,한화,41,68,0.3761467889908257,8.0
