,Year,Game_idx,Team1,cum_win,cum_lose,Wpct,rank
0,1995,37,LG,22,15,0.5945945945945946,1.0
1,1995,37,OB,21,15,0.5833333333333334,2.0
2,1995,37,롯데,19,18,0.5135135135135135,3.0
3,1995,37,삼성,17,18,0.4857142857142857,5.0
4,1995,37,쌍방울,15,22,0.40540540540540543,8.0
5,1995,37,태평양,15,21,0.4166666666666667,7.0
6,1995,37,한화,18,19,0.4864864864864865,4.0
7,1995,37,해태,17,20,0.4594594594594595,6.0
