,Year,Game_idx,Team1,cum_win,cum_lose,Wpct,rank
0,1989,92,MBC,33,55,0.375,7.0
1,1989,92,OB,45,45,0.5,4.5
2,1989,92,롯데,39,50,0.4382022471910113,6.0
3,1989,92,빙그레,55,34,0.6179775280898876,1.0
4,1989,92,삼성,44,43,0.5057471264367817,3.0
5,1989,92,태평양,44,44,0.5,4.5
6,1989,92,해태,52,37,0.5842696629213483,2.0
