,Year,Game_idx,Team1,cum_win,cum_lose,Wpct,rank
0,2003,67,KIA,34,32,0.5151515151515151,4.0
1,2003,67,LG,33,32,0.5076923076923077,5.0
2,2003,67,SK,43,23,0.6515151515151515,2.0
3,2003,67,두산,21,46,0.31343283582089554,7.0
4,2003,67,롯데,20,45,0.3076923076923077,8.0
5,2003,67,삼성,43,22,0.6615384615384615,1.0
6,2003,67,한화,30,34,0.46875,6.0
7,2003,67,현대,40,26,0.6060606060606061,3.0
