,Year,Game_idx,Team1,cum_win,cum_lose,Wpct,rank
0,2007,91,KIA,36,54,0.4,8.0
1,2007,91,LG,43,43,0.5,5.0
2,2007,91,SK,52,34,0.6046511627906976,1.0
3,2007,91,두산,48,41,0.5393258426966292,2.0
4,2007,91,롯데,40,48,0.4545454545454545,7.0
5,2007,91,삼성,46,42,0.5227272727272727,3.0
6,2007,91,한화,46,43,0.5168539325842697,4.0
7,2007,91,현대,42,48,0.4666666666666667,6.0
