,Year,Game_idx,Team1,cum_win,cum_lose,Wpct,rank
0,2010,113,KIA,51,62,0.4513274336283186,5.0
1,2010,113,LG,49,62,0.44144144144144143,6.0
2,2010,113,SK,72,41,0.6371681415929203,1.0
3,2010,113,넥센,45,65,0.4090909090909091,7.0
4,2010,113,두산,64,46,0.5818181818181818,3.0
5,2010,113,롯데,56,54,0.509090909090909,4.0
6,2010,113,삼성,68,44,0.6071428571428571,2.0
7,2010,113,한화,42,70,0.375,8.0
