,Year,Game_idx,Team1,cum_win,cum_lose,Wpct,rank
0,2004,106,KIA,49,53,0.4803921568627451,5.5
1,2004,106,LG,49,53,0.4803921568627451,5.5
2,2004,106,SK,49,50,0.494949494949495,4.0
3,2004,106,두산,54,51,0.5142857142857142,3.0
4,2004,106,롯데,37,58,0.3894736842105263,8.0
5,2004,106,삼성,59,41,0.59,1.0
6,2004,106,한화,46,54,0.46,7.0
7,2004,106,현대,59,42,0.5841584158415841,2.0
