,Year,Game_idx,Team1,cum_win,cum_lose,Wpct,rank
0,2004,3,KIA,2,1,0.6666666666666666,2.5
1,2004,3,LG,1,2,0.3333333333333333,6.5
2,2004,3,SK,1,2,0.3333333333333333,6.5
3,2004,3,두산,1,2,0.3333333333333333,6.5
4,2004,3,롯데,2,1,0.6666666666666666,2.5
5,2004,3,삼성,1,2,0.3333333333333333,6.5
6,2004,3,한화,2,1,0.6666666666666666,2.5
7,2004,3,현대,2,1,0.6666666666666666,2.5
