,Year,Game_idx,Team1,cum_win,cum_lose,Wpct,rank
0,1999,54,LG,27,27,0.5,5.0
1,1999,54,두산,31,21,0.5961538461538461,2.0
2,1999,54,롯데,33,17,0.66,1.0
3,1999,54,삼성,30,22,0.5769230769230769,3.0
4,1999,54,쌍방울,11,40,0.21568627450980396,8.0
5,1999,54,한화,24,28,0.4615384615384616,7.0
6,1999,54,해태,25,29,0.462962962962963,6.0
7,1999,54,현대,28,23,0.5490196078431373,4.0
