,Year,Game_idx,Team1,cum_win,cum_lose,Wpct,rank
0,1991,73,LG,39,33,0.5416666666666666,4.0
1,1991,73,OB,24,49,0.3287671232876712,8.0
2,1991,73,롯데,37,35,0.5138888888888888,5.0
3,1991,73,빙그레,39,31,0.5571428571428572,2.0
4,1991,73,삼성,40,33,0.547945205479452,3.0
5,1991,73,쌍방울,28,43,0.39436619718309857,7.0
6,1991,73,태평양,35,38,0.4794520547945205,6.0
7,1991,73,해태,47,24,0.6619718309859155,1.0
