,Year,Game_idx,Team1,cum_win,cum_lose,Wpct,rank
0,1994,97,LG,60,37,0.6185567010309279,1.0
1,1994,97,OB,45,51,0.46875,6.0
2,1994,97,롯데,42,52,0.44680851063829785,7.0
3,1994,97,삼성,48,48,0.5,5.0
4,1994,97,쌍방울,33,61,0.35106382978723405,8.0
5,1994,97,태평양,51,43,0.5425531914893617,3.0
6,1994,97,한화,53,43,0.5520833333333334,2.0
7,1994,97,해태,48,47,0.5052631578947369,4.0
