,Year,Game_idx,Team1,cum_win,cum_lose,Wpct,rank
0,2013,68,KIA,35,31,0.5303030303030303,5.5
1,2013,68,LG,39,29,0.5735294117647058,2.0
2,2013,68,NC,25,40,0.38461538461538464,8.0
3,2013,68,SK,30,37,0.4477611940298508,7.0
4,2013,68,넥센,38,29,0.5671641791044776,3.0
5,2013,68,두산,35,31,0.5303030303030303,5.5
6,2013,68,롯데,36,30,0.5454545454545454,4.0
7,2013,68,삼성,40,26,0.6060606060606061,1.0
8,2013,68,한화,20,47,0.29850746268656714,9.0
