,Year,Game_idx,Team1,cum_win,cum_lose,Wpct,rank
0,2005,101,KIA,40,60,0.4,8.0
1,2005,101,LG,43,57,0.43,7.0
2,2005,101,SK,55,41,0.5729166666666666,2.0
3,2005,101,두산,55,43,0.5612244897959183,3.0
4,2005,101,롯데,46,54,0.46,5.0
5,2005,101,삼성,59,39,0.6020408163265306,1.0
6,2005,101,한화,55,45,0.55,4.0
7,2005,101,현대,44,54,0.4489795918367347,6.0
