,Year,Game_idx,Team1,cum_win,cum_lose,Wpct,rank
0,1997,81,LG,45,34,0.569620253164557,2.0
1,1997,81,OB,40,37,0.5194805194805194,5.0
2,1997,81,롯데,32,48,0.4,8.0
3,1997,81,삼성,43,33,0.5657894736842105,3.0
4,1997,81,쌍방울,44,36,0.55,4.0
5,1997,81,한화,32,47,0.4050632911392405,6.0
6,1997,81,해태,49,31,0.6125,1.0
7,1997,81,현대,31,46,0.4025974025974026,7.0
