,Year,Game_idx,Team1,cum_win,cum_lose,Wpct,rank
0,2004,113,KIA,54,55,0.4954128440366973,4.0
1,2004,113,LG,52,57,0.4770642201834863,6.0
2,2004,113,SK,52,54,0.490566037735849,5.0
3,2004,113,두산,60,52,0.5357142857142857,3.0
4,2004,113,롯데,40,62,0.392156862745098,8.0
5,2004,113,삼성,63,44,0.5887850467289719,1.0
6,2004,113,한화,47,60,0.4392523364485981,7.0
7,2004,113,현대,63,45,0.5833333333333334,2.0
