,Year,Game_idx,Team1,cum_win,cum_lose,Wpct,rank
0,2001,104,KIA,44,55,0.4444444444444444,5.0
1,2001,104,LG,42,55,0.4329896907216495,8.0
2,2001,104,SK,45,57,0.4411764705882353,6.0
3,2001,104,두산,52,47,0.5252525252525253,3.0
4,2001,104,롯데,44,56,0.44,7.0
5,2001,104,삼성,69,35,0.6634615384615384,1.0
6,2001,104,한화,45,55,0.45,4.0
7,2001,104,현대,61,40,0.6039603960396039,2.0
