,Year,Game_idx,Team1,cum_win,cum_lose,Wpct,rank
0,2007,9,KIA,5,4,0.5555555555555556,4.0
1,2007,9,LG,6,3,0.6666666666666666,2.5
2,2007,9,SK,5,2,0.7142857142857143,1.0
3,2007,9,두산,2,7,0.2222222222222222,7.5
4,2007,9,롯데,6,3,0.6666666666666666,2.5
5,2007,9,삼성,4,4,0.5,5.5
6,2007,9,한화,4,4,0.5,5.5
7,2007,9,현대,2,7,0.2222222222222222,7.5
