,Year,Game_idx,Team1,cum_win,cum_lose,Wpct,rank
0,1998,96,LG,48,47,0.5052631578947369,3.0
1,1998,96,OB,42,53,0.4421052631578947,7.0
2,1998,96,롯데,41,52,0.4408602150537633,8.0
3,1998,96,삼성,51,43,0.5425531914893617,2.0
4,1998,96,쌍방울,44,51,0.4631578947368421,5.0
5,1998,96,한화,43,49,0.4673913043478261,4.0
6,1998,96,해태,43,53,0.4479166666666667,6.0
7,1998,96,현대,63,33,0.65625,1.0
