,Year,Game_idx,Team1,cum_win,cum_lose,Wpct,rank
0,2016,68,KIA,30,37,0.4477611940298508,6.0
1,2016,68,LG,31,36,0.4626865671641791,5.0
2,2016,68,NC,42,24,0.6363636363636364,2.0
3,2016,68,SK,33,35,0.4852941176470588,4.0
4,2016,68,kt,28,38,0.42424242424242425,9.0
5,2016,68,넥센,36,31,0.5373134328358209,3.0
6,2016,68,두산,48,19,0.7164179104477612,1.0
7,2016,68,롯데,30,38,0.4411764705882353,7.0
8,2016,68,삼성,29,39,0.4264705882352941,8.0
9,2016,68,한화,27,39,0.4090909090909091,10.0
