,Year,Game_idx,Team1,cum_win,cum_lose,Wpct,rank
0,1993,122,LG,65,54,0.5462184873949579,3.0
1,1993,122,OB,63,54,0.5384615384615384,4.0
2,1993,122,롯데,60,61,0.4958677685950413,5.0
3,1993,122,빙그레,58,60,0.4915254237288136,6.0
4,1993,122,삼성,71,46,0.6068376068376068,2.0
5,1993,122,쌍방울,41,76,0.3504273504273504,7.0
6,1993,122,태평양,34,78,0.3035714285714285,8.0
7,1993,122,해태,79,40,0.6638655462184874,1.0
