,Year,Game_idx,Team1,cum_win,cum_lose,Wpct,rank
0,2005,116,KIA,45,70,0.39130434782608703,8.0
1,2005,116,LG,49,66,0.4260869565217391,6.0
2,2005,116,SK,64,46,0.5818181818181818,2.0
3,2005,116,두산,63,50,0.5575221238938053,3.0
4,2005,116,롯데,53,62,0.4608695652173913,5.0
5,2005,116,삼성,69,43,0.6160714285714286,1.0
6,2005,116,한화,61,54,0.5304347826086957,4.0
7,2005,116,현대,47,66,0.415929203539823,7.0
