,Year,Game_idx,Team1,cum_win,cum_lose,Wpct,rank
0,1992,122,LG,53,66,0.4453781512605042,6.5
1,1992,122,OB,54,64,0.4576271186440678,5.0
2,1992,122,롯데,69,53,0.5655737704918032,3.0
3,1992,122,빙그레,77,43,0.6416666666666667,1.0
4,1992,122,삼성,65,55,0.5416666666666666,4.0
5,1992,122,쌍방울,41,80,0.33884297520661155,8.0
6,1992,122,태평양,53,66,0.4453781512605042,6.5
7,1992,122,해태,71,50,0.5867768595041323,2.0
