,Year,Game_idx,Team1,cum_win,cum_lose,Wpct,rank
0,2010,132,KIA,59,73,0.44696969696969696,6.0
1,2010,132,LG,57,70,0.4488188976377953,5.0
2,2010,132,SK,83,47,0.6384615384615384,1.0
3,2010,132,넥센,52,77,0.4031007751937984,7.0
4,2010,132,두산,73,56,0.5658914728682171,3.0
5,2010,132,롯데,68,61,0.5271317829457365,4.0
6,2010,132,삼성,78,52,0.6,2.0
7,2010,132,한화,48,82,0.3692307692307693,8.0
