,Year,Game_idx,Team1,cum_win,cum_lose,Wpct,rank
0,2016,109,KIA,52,56,0.4814814814814815,5.0
1,2016,109,LG,51,57,0.4722222222222222,6.0
2,2016,109,NC,64,43,0.5981308411214953,2.0
3,2016,109,SK,54,55,0.4954128440366973,4.0
4,2016,109,kt,41,66,0.3831775700934579,10.0
5,2016,109,넥센,61,47,0.5648148148148148,3.0
6,2016,109,두산,69,39,0.6388888888888888,1.0
7,2016,109,롯데,49,60,0.44954128440366975,8.0
8,2016,109,삼성,48,60,0.4444444444444444,9.0
9,2016,109,한화,48,58,0.4528301886792453,7.0
