,Year,Game_idx,Team1,cum_win,cum_lose,Wpct,rank
0,2012,68,KIA,32,32,0.5,5.5
1,2012,68,LG,32,34,0.4848484848484849,7.0
2,2012,68,SK,35,32,0.5223880597014925,3.5
3,2012,68,넥센,33,33,0.5,5.5
4,2012,68,두산,35,32,0.5223880597014925,3.5
5,2012,68,롯데,36,29,0.5538461538461539,1.0
6,2012,68,삼성,36,30,0.5454545454545454,2.0
7,2012,68,한화,25,42,0.373134328358209,8.0
