,Year,Game_idx,Team1,cum_win,cum_lose,Wpct,rank
0,1992,6,LG,2,4,0.3333333333333333,6.5
1,1992,6,OB,1,5,0.16666666666666666,8.0
2,1992,6,롯데,4,2,0.6666666666666666,3.0
3,1992,6,빙그레,5,1,0.8333333333333334,1.0
4,1992,6,삼성,3,3,0.5,5.0
5,1992,6,쌍방울,2,4,0.3333333333333333,6.5
6,1992,6,태평양,4,2,0.6666666666666666,3.0
7,1992,6,해태,4,2,0.6666666666666666,3.0
