,Year,Game_idx,Team1,cum_win,cum_lose,Wpct,rank
0,1996,75,LG,34,37,0.4788732394366197,5.0
1,1996,75,OB,33,40,0.4520547945205479,7.0
2,1996,75,롯데,31,40,0.4366197183098591,8.0
3,1996,75,삼성,34,38,0.4722222222222222,6.0
4,1996,75,쌍방울,37,36,0.5068493150684932,4.0
5,1996,75,한화,39,36,0.52,3.0
6,1996,75,해태,40,34,0.5405405405405406,2.0
7,1996,75,현대,41,30,0.5774647887323944,1.0
