,Year,Game_idx,Team1,cum_win,cum_lose,Wpct,rank
0,2005,22,KIA,8,14,0.3636363636363637,8.0
1,2005,22,LG,9,13,0.4090909090909091,6.0
2,2005,22,SK,10,10,0.5,4.0
3,2005,22,두산,13,8,0.6190476190476191,2.0
4,2005,22,롯데,13,9,0.5909090909090909,3.0
5,2005,22,삼성,14,8,0.6363636363636364,1.0
6,2005,22,한화,10,12,0.4545454545454545,5.0
7,2005,22,현대,8,13,0.3809523809523809,7.0
