,Year,Game_idx,Team1,cum_win,cum_lose,Wpct,rank
0,2009,99,KIA,58,37,0.6105263157894737,1.0
1,2009,99,LG,41,55,0.4270833333333333,7.0
2,2009,99,SK,55,39,0.5851063829787234,2.0
3,2009,99,두산,56,41,0.5773195876288659,3.0
4,2009,99,롯데,51,48,0.5151515151515151,4.0
5,2009,99,삼성,50,49,0.5050505050505051,5.0
6,2009,99,한화,31,65,0.3229166666666667,8.0
7,2009,99,히어로즈,47,51,0.4795918367346938,6.0
