,Year,Game_idx,Team1,cum_win,cum_lose,Wpct,rank
0,2015,68,KIA,34,34,0.5,7.0
1,2015,68,LG,30,37,0.4477611940298508,9.0
2,2015,68,NC,39,28,0.582089552238806,2.0
3,2015,68,SK,34,33,0.5074626865671642,6.0
4,2015,68,kt,19,49,0.2794117647058824,10.0
5,2015,68,넥센,37,30,0.5522388059701493,4.0
6,2015,68,두산,39,29,0.5735294117647058,3.0
7,2015,68,롯데,32,36,0.4705882352941176,8.0
8,2015,68,삼성,40,28,0.5882352941176471,1.0
9,2015,68,한화,35,33,0.5147058823529411,5.0
