,Year,Game_idx,Team1,cum_win,cum_lose,Wpct,rank
0,1995,73,LG,44,28,0.6111111111111112,1.0
1,1995,73,OB,42,27,0.6086956521739131,2.0
2,1995,73,롯데,37,33,0.5285714285714286,3.0
3,1995,73,삼성,34,35,0.4927536231884058,5.0
4,1995,73,쌍방울,27,45,0.375,8.0
5,1995,73,태평양,29,41,0.4142857142857143,7.0
6,1995,73,한화,37,36,0.5068493150684932,4.0
7,1995,73,해태,34,38,0.4722222222222222,6.0
