,Year,Game_idx,Team1,cum_win,cum_lose,Wpct,rank
0,2001,28,KIA,13,14,0.4814814814814815,6.0
1,2001,28,LG,8,19,0.2962962962962963,8.0
2,2001,28,SK,14,14,0.5,5.0
3,2001,28,두산,17,9,0.6538461538461539,1.0
4,2001,28,롯데,10,18,0.35714285714285715,7.0
5,2001,28,삼성,17,11,0.6071428571428571,2.0
6,2001,28,한화,16,12,0.5714285714285714,3.0
7,2001,28,현대,15,13,0.5357142857142857,4.0
