,Year,Game_idx,Team1,cum_win,cum_lose,Wpct,rank
0,1990,104,LG,59,45,0.5673076923076923,3.0
1,1990,104,OB,31,69,0.31,7.0
2,1990,104,롯데,39,61,0.39,6.0
3,1990,104,빙그레,62,40,0.6078431372549019,1.0
4,1990,104,삼성,58,44,0.5686274509803921,2.0
5,1990,104,태평양,49,52,0.4851485148514851,5.0
6,1990,104,해태,56,45,0.5544554455445545,4.0
