,Year,Game_idx,Team1,cum_win,cum_lose,Wpct,rank
0,2008,122,KIA,55,67,0.4508196721311475,6.0
1,2008,122,LG,43,79,0.3524590163934426,8.0
2,2008,122,SK,82,40,0.6721311475409836,1.0
3,2008,122,두산,69,53,0.5655737704918032,2.0
4,2008,122,롯데,68,54,0.5573770491803278,3.0
5,2008,122,삼성,63,59,0.5163934426229508,4.0
6,2008,122,한화,61,61,0.5,5.0
7,2008,122,히어로즈,48,74,0.3934426229508197,7.0
