,Year,Game_idx,Team1,cum_win,cum_lose,Wpct,rank
0,2015,19,KIA,9,10,0.4736842105263158,6.5
1,2015,19,LG,9,10,0.4736842105263158,6.5
2,2015,19,NC,8,11,0.42105263157894735,9.0
3,2015,19,SK,12,7,0.631578947368421,2.5
4,2015,19,kt,3,16,0.15789473684210525,10.0
5,2015,19,넥센,9,10,0.4736842105263158,6.5
6,2015,19,두산,12,7,0.631578947368421,2.5
7,2015,19,롯데,10,9,0.5263157894736842,4.0
8,2015,19,삼성,14,5,0.7368421052631579,1.0
9,2015,19,한화,9,10,0.4736842105263158,6.5
