,Year,Game_idx,Team1,cum_win,cum_lose,Wpct,rank
0,2003,97,KIA,52,41,0.5591397849462365,3.0
1,2003,97,LG,49,46,0.5157894736842106,5.0
2,2003,97,SK,53,42,0.5578947368421052,4.0
3,2003,97,두산,38,57,0.4,7.0
4,2003,97,롯데,25,69,0.26595744680851063,8.0
5,2003,97,삼성,60,35,0.631578947368421,2.0
6,2003,97,한화,44,50,0.4680851063829787,6.0
7,2003,97,현대,61,34,0.6421052631578947,1.0
