,Year,Game_idx,Team1,cum_win,cum_lose,Wpct,rank
0,1994,43,LG,29,14,0.6744186046511628,1.0
1,1994,43,OB,18,25,0.4186046511627907,7.0
2,1994,43,롯데,19,22,0.4634146341463415,5.0
3,1994,43,삼성,21,21,0.5,4.0
4,1994,43,쌍방울,15,27,0.35714285714285715,8.0
5,1994,43,태평양,22,19,0.5365853658536586,3.0
6,1994,43,한화,19,24,0.4418604651162791,6.0
7,1994,43,해태,24,17,0.5853658536585366,2.0
