,Year,Game_idx,Team1,cum_win,cum_lose,Wpct,rank
0,1993,77,LG,46,30,0.6052631578947368,2.0
1,1993,77,OB,37,35,0.5138888888888888,4.0
2,1993,77,롯데,37,40,0.4805194805194805,5.0
3,1993,77,빙그레,33,42,0.44,6.0
4,1993,77,삼성,39,34,0.5342465753424658,3.0
5,1993,77,쌍방울,31,42,0.4246575342465753,7.0
6,1993,77,태평양,24,46,0.3428571428571429,8.0
7,1993,77,해태,49,27,0.6447368421052632,1.0
