,Year,Game_idx,Team1,cum_win,cum_lose,Wpct,rank
0,1997,64,LG,39,23,0.6290322580645161,1.0
1,1997,64,OB,34,27,0.5573770491803278,4.0
2,1997,64,롯데,22,41,0.3492063492063492,8.0
3,1997,64,삼성,35,25,0.5833333333333334,3.0
4,1997,64,쌍방울,31,32,0.492063492063492,5.0
5,1997,64,한화,23,39,0.3709677419354839,7.0
6,1997,64,해태,37,26,0.5873015873015873,2.0
7,1997,64,현대,24,37,0.3934426229508197,6.0
