,Year,Game_idx,Team1,cum_win,cum_lose,Wpct,rank
0,2014,121,KIA,51,70,0.4214876033057851,8.0
1,2014,121,LG,57,61,0.4830508474576271,4.0
2,2014,121,NC,66,54,0.55,3.0
3,2014,121,SK,57,63,0.475,5.0
4,2014,121,넥센,72,48,0.6,2.0
5,2014,121,두산,55,65,0.4583333333333333,7.0
6,2014,121,롯데,55,64,0.4621848739495799,6.0
7,2014,121,삼성,75,43,0.6355932203389829,1.0
8,2014,121,한화,47,72,0.3949579831932773,9.0
