,Year,Game_idx,Team1,cum_win,cum_lose,Wpct,rank
0,1998,118,LG,57,60,0.4871794871794872,3.0
1,1998,118,OB,54,62,0.4655172413793103,6.0
2,1998,118,롯데,49,65,0.4298245614035088,8.0
3,1998,118,삼성,63,53,0.5431034482758621,2.0
4,1998,118,쌍방울,53,63,0.456896551724138,7.0
5,1998,118,한화,55,59,0.4824561403508772,4.0
6,1998,118,해태,56,61,0.4786324786324786,5.0
7,1998,118,현대,78,40,0.6610169491525424,1.0
