,Year,Game_idx,Team1,cum_win,cum_lose,Wpct,rank
0,1992,94,LG,37,55,0.4021739130434783,7.0
1,1992,94,OB,41,50,0.4505494505494506,6.0
2,1992,94,롯데,53,41,0.5638297872340425,3.0
3,1992,94,빙그레,57,35,0.6195652173913043,1.0
4,1992,94,삼성,49,43,0.532608695652174,4.0
5,1992,94,쌍방울,33,60,0.3548387096774194,8.0
6,1992,94,태평양,42,49,0.4615384615384616,5.0
7,1992,94,해태,57,37,0.6063829787234043,2.0
