,Year,Game_idx,Team1,cum_win,cum_lose,Wpct,rank
0,1990,61,LG,34,27,0.5573770491803278,1.5
1,1990,61,OB,20,40,0.3333333333333333,7.0
2,1990,61,롯데,28,32,0.4666666666666667,6.0
3,1990,61,빙그레,34,27,0.5573770491803278,1.5
4,1990,61,삼성,31,29,0.5166666666666667,3.5
5,1990,61,태평양,31,29,0.5166666666666667,3.5
6,1990,61,해태,30,29,0.5084745762711864,5.0
