,Year,Game_idx,Team1,cum_win,cum_lose,Wpct,rank
0,2004,105,KIA,49,52,0.4851485148514851,5.0
1,2004,105,LG,48,53,0.4752475247524752,6.0
2,2004,105,SK,49,49,0.5,4.0
3,2004,105,두산,53,51,0.5096153846153846,3.0
4,2004,105,롯데,37,57,0.39361702127659576,8.0
5,2004,105,삼성,59,40,0.5959595959595959,1.0
6,2004,105,한화,46,53,0.4646464646464646,7.0
7,2004,105,현대,58,42,0.58,2.0
