,Year,Game_idx,Team1,cum_win,cum_lose,Wpct,rank
0,1994,117,LG,74,43,0.6324786324786325,1.0
1,1994,117,OB,50,66,0.4310344827586207,7.0
2,1994,117,롯데,52,62,0.456140350877193,6.0
3,1994,117,삼성,55,60,0.4782608695652174,5.0
4,1994,117,쌍방울,42,70,0.375,8.0
5,1994,117,태평양,65,49,0.5701754385964912,2.0
6,1994,117,한화,60,55,0.5217391304347826,4.0
7,1994,117,해태,61,54,0.5304347826086957,3.0
