,Year,Game_idx,Team1,cum_win,cum_lose,Wpct,rank
0,2000,34,LG,18,16,0.5294117647058824,4.0
1,2000,34,SK,9,25,0.2647058823529412,8.0
2,2000,34,두산,24,10,0.7058823529411765,1.5
3,2000,34,롯데,15,19,0.4411764705882353,5.5
4,2000,34,삼성,20,14,0.5882352941176471,3.0
5,2000,34,한화,15,19,0.4411764705882353,5.5
6,2000,34,해태,11,23,0.3235294117647059,7.0
7,2000,34,현대,24,10,0.7058823529411765,1.5
