,Year,Game_idx,Team1,cum_win,cum_lose,Wpct,rank
0,1990,65,LG,37,28,0.5692307692307692,2.0
1,1990,65,OB,20,43,0.31746031746031744,7.0
2,1990,65,롯데,28,35,0.4444444444444444,6.0
3,1990,65,빙그레,38,27,0.5846153846153846,1.0
4,1990,65,삼성,35,29,0.546875,3.0
5,1990,65,태평양,31,32,0.492063492063492,5.0
6,1990,65,해태,33,30,0.5238095238095238,4.0
