,Year,Game_idx,Team1,cum_win,cum_lose,Wpct,rank
0,2001,39,KIA,20,18,0.5263157894736842,4.0
1,2001,39,LG,11,27,0.2894736842105263,8.0
2,2001,39,SK,18,20,0.4736842105263158,6.0
3,2001,39,두산,21,16,0.5675675675675675,3.0
4,2001,39,롯데,17,21,0.4473684210526316,7.0
5,2001,39,삼성,24,15,0.6153846153846154,1.5
6,2001,39,한화,19,20,0.4871794871794872,5.0
7,2001,39,현대,24,15,0.6153846153846154,1.5
