,Year,Game_idx,Team1,cum_win,cum_lose,Wpct,rank
0,2000,78,LG,40,36,0.5263157894736842,4.0
1,2000,78,SK,20,56,0.2631578947368421,8.0
2,2000,78,두산,49,29,0.6282051282051282,2.0
3,2000,78,롯데,39,38,0.5064935064935064,5.0
4,2000,78,삼성,43,32,0.5733333333333334,3.0
5,2000,78,한화,33,42,0.44,7.0
6,2000,78,해태,34,42,0.4473684210526316,6.0
7,2000,78,현대,50,27,0.6493506493506493,1.0
