,Year,Game_idx,Team1,cum_win,cum_lose,Wpct,rank
0,2002,92,KIA,55,34,0.6179775280898876,1.0
1,2002,92,LG,48,40,0.5454545454545454,3.0
2,2002,92,SK,42,47,0.4719101123595506,6.0
3,2002,92,두산,47,43,0.5222222222222223,5.0
4,2002,92,롯데,24,67,0.2637362637362637,8.0
5,2002,92,삼성,52,37,0.5842696629213483,2.0
6,2002,92,한화,41,48,0.4606741573033708,7.0
7,2002,92,현대,46,41,0.5287356321839081,4.0
