,Year,Game_idx,Team1,cum_win,cum_lose,Wpct,rank
0,1996,97,LG,41,51,0.44565217391304346,7.0
1,1996,97,OB,38,55,0.4086021505376344,8.0
2,1996,97,롯데,43,49,0.4673913043478261,6.0
3,1996,97,삼성,44,49,0.4731182795698925,5.0
4,1996,97,쌍방울,48,47,0.5052631578947369,4.0
5,1996,97,한화,51,45,0.53125,3.0
6,1996,97,해태,57,39,0.59375,1.0
7,1996,97,현대,52,40,0.5652173913043478,2.0
