,Year,Game_idx,Team1,cum_win,cum_lose,Wpct,rank
0,1997,55,LG,34,19,0.6415094339622641,1.0
1,1997,55,OB,30,22,0.5769230769230769,4.0
2,1997,55,롯데,20,34,0.3703703703703704,7.0
3,1997,55,삼성,30,21,0.5882352941176471,3.0
4,1997,55,쌍방울,27,28,0.4909090909090909,5.0
5,1997,55,한화,19,34,0.3584905660377358,8.0
6,1997,55,해태,32,22,0.5925925925925926,2.0
7,1997,55,현대,20,32,0.38461538461538464,6.0
