,Year,Game_idx,Team1,cum_win,cum_lose,Wpct,rank
0,1989,26,MBC,10,15,0.4,5.5
1,1989,26,OB,9,17,0.3461538461538461,7.0
2,1989,26,롯데,10,15,0.4,5.5
3,1989,26,빙그레,16,8,0.6666666666666666,1.0
4,1989,26,삼성,15,10,0.6,2.0
5,1989,26,태평양,14,11,0.56,4.0
6,1989,26,해태,15,11,0.5769230769230769,3.0
