,Year,Game_idx,Team1,cum_win,cum_lose,Wpct,rank
0,2006,100,KIA,48,49,0.4948453608247423,4.0
1,2006,100,LG,38,58,0.3958333333333333,8.0
2,2006,100,SK,48,51,0.4848484848484849,6.0
3,2006,100,두산,48,50,0.4897959183673469,5.0
4,2006,100,롯데,42,56,0.42857142857142855,7.0
5,2006,100,삼성,60,37,0.6185567010309279,1.0
6,2006,100,한화,53,45,0.5408163265306123,3.0
7,2006,100,현대,54,45,0.5454545454545454,2.0
