,Year,Game_idx,Team1,cum_win,cum_lose,Wpct,rank
0,1997,71,LG,41,28,0.5942028985507246,2.0
1,1997,71,OB,38,29,0.5671641791044776,4.0
2,1997,71,롯데,26,44,0.37142857142857133,8.0
3,1997,71,삼성,39,27,0.5909090909090909,3.0
4,1997,71,쌍방울,37,33,0.5285714285714286,5.0
5,1997,71,한화,29,40,0.42028985507246375,6.0
6,1997,71,해태,44,26,0.6285714285714286,1.0
7,1997,71,현대,26,42,0.38235294117647056,7.0
