,Year,Game_idx,Team1,cum_win,cum_lose,Wpct,rank
0,2010,23,KIA,10,13,0.43478260869565216,5.0
1,2010,23,LG,12,10,0.5454545454545454,4.0
2,2010,23,SK,18,5,0.7826086956521741,1.0
3,2010,23,넥센,8,15,0.3478260869565217,7.5
4,2010,23,두산,15,7,0.6818181818181818,2.0
5,2010,23,롯데,8,15,0.3478260869565217,7.5
6,2010,23,삼성,13,10,0.5652173913043478,3.0
7,2010,23,한화,9,14,0.39130434782608703,6.0
