,Year,Game_idx,Team1,cum_win,cum_lose,Wpct,rank
0,2006,101,KIA,49,49,0.5,4.0
1,2006,101,LG,39,58,0.4020618556701031,8.0
2,2006,101,SK,49,51,0.49,6.0
3,2006,101,두산,49,50,0.494949494949495,5.0
4,2006,101,롯데,43,56,0.4343434343434344,7.0
5,2006,101,삼성,60,38,0.6122448979591837,1.0
6,2006,101,한화,54,45,0.5454545454545454,3.0
7,2006,101,현대,55,45,0.55,2.0
