,Year,Game_idx,Team1,cum_win,cum_lose,Wpct,rank
0,1996,84,LG,35,44,0.4430379746835443,7.0
1,1996,84,OB,36,46,0.4390243902439024,8.0
2,1996,84,롯데,38,42,0.475,5.0
3,1996,84,삼성,38,43,0.4691358024691358,6.0
4,1996,84,쌍방울,42,40,0.5121951219512195,4.0
5,1996,84,한화,45,39,0.5357142857142857,3.0
6,1996,84,해태,47,36,0.5662650602409639,1.0
7,1996,84,현대,44,35,0.5569620253164557,2.0
