,Year,Game_idx,Team1,cum_win,cum_lose,Wpct,rank
0,2010,59,KIA,30,29,0.5084745762711864,3.5
1,2010,59,LG,27,31,0.4655172413793103,6.0
2,2010,59,SK,40,19,0.6779661016949152,1.0
3,2010,59,넥센,23,35,0.3965517241379311,8.0
4,2010,59,두산,33,25,0.5689655172413793,2.0
5,2010,59,롯데,28,30,0.4827586206896552,5.0
6,2010,59,삼성,30,29,0.5084745762711864,3.5
7,2010,59,한화,24,35,0.4067796610169492,7.0
