,Year,Game_idx,Team1,cum_win,cum_lose,Wpct,rank
0,1994,29,LG,20,9,0.6896551724137931,1.0
1,1994,29,OB,14,15,0.4827586206896552,4.5
2,1994,29,롯데,11,16,0.4074074074074074,8.0
3,1994,29,삼성,14,14,0.5,3.0
4,1994,29,쌍방울,12,16,0.42857142857142855,7.0
5,1994,29,태평양,15,12,0.5555555555555556,2.0
6,1994,29,한화,14,15,0.4827586206896552,4.5
7,1994,29,해태,12,15,0.4444444444444444,6.0
