,Year,Game_idx,Team1,cum_win,cum_lose,Wpct,rank
0,1999,46,LG,25,21,0.5434782608695652,5.0
1,1999,46,두산,25,19,0.5681818181818182,3.0
2,1999,46,롯데,28,15,0.6511627906976745,1.0
3,1999,46,삼성,25,19,0.5681818181818182,3.0
4,1999,46,쌍방울,11,32,0.2558139534883721,8.0
5,1999,46,한화,19,27,0.4130434782608696,7.0
6,1999,46,해태,20,26,0.43478260869565216,6.0
7,1999,46,현대,25,19,0.5681818181818182,3.0
