,Year,Game_idx,Team1,cum_win,cum_lose,Wpct,rank
0,2012,129,KIA,60,63,0.4878048780487805,5.0
1,2012,129,LG,55,70,0.44,7.0
2,2012,129,SK,70,56,0.5555555555555556,2.0
3,2012,129,넥센,60,67,0.4724409448818898,6.0
4,2012,129,두산,66,60,0.5238095238095238,3.0
5,2012,129,롯데,63,60,0.5121951219512195,4.0
6,2012,129,삼성,77,50,0.6062992125984252,1.0
7,2012,129,한화,52,75,0.4094488188976378,8.0
