,Year,Game_idx,Team1,cum_win,cum_lose,Wpct,rank
0,2002,79,KIA,49,27,0.6447368421052632,1.0
1,2002,79,LG,39,37,0.5131578947368421,4.0
2,2002,79,SK,36,40,0.4736842105263158,6.0
3,2002,79,두산,44,33,0.5714285714285714,3.0
4,2002,79,롯데,20,58,0.2564102564102564,8.0
5,2002,79,삼성,45,33,0.5769230769230769,2.0
6,2002,79,한화,34,42,0.4473684210526316,7.0
7,2002,79,현대,38,37,0.5066666666666667,5.0
