,Year,Game_idx,Team1,cum_win,cum_lose,Wpct,rank
0,1989,29,MBC,11,17,0.3928571428571429,5.5
1,1989,29,OB,10,19,0.3448275862068966,7.0
2,1989,29,롯데,11,17,0.3928571428571429,5.5
3,1989,29,빙그레,17,10,0.6296296296296297,2.0
4,1989,29,삼성,18,10,0.6428571428571429,1.0
5,1989,29,태평양,14,13,0.5185185185185185,4.0
6,1989,29,해태,15,13,0.5357142857142857,3.0
