,Year,Game_idx,Team1,cum_win,cum_lose,Wpct,rank
0,1996,20,LG,7,12,0.3684210526315789,7.0
1,1996,20,OB,11,9,0.55,3.0
2,1996,20,롯데,9,10,0.4736842105263158,5.0
3,1996,20,삼성,10,9,0.5263157894736842,4.0
4,1996,20,쌍방울,13,7,0.65,1.0
5,1996,20,한화,7,13,0.35,8.0
6,1996,20,해태,8,12,0.4,6.0
7,1996,20,현대,12,7,0.631578947368421,2.0
