,Year,Game_idx,Team1,cum_win,cum_lose,Wpct,rank
0,2000,107,LG,51,53,0.4903846153846154,5.0
1,2000,107,SK,30,75,0.2857142857142857,8.0
2,2000,107,두산,61,46,0.5700934579439252,3.0
3,2000,107,롯데,56,48,0.5384615384615384,4.0
4,2000,107,삼성,59,43,0.5784313725490197,2.0
5,2000,107,한화,41,61,0.4019607843137255,7.0
6,2000,107,해태,46,57,0.4466019417475728,6.0
7,2000,107,현대,72,33,0.6857142857142857,1.0
