,Year,Game_idx,Team1,cum_win,cum_lose,Wpct,rank
0,1991,36,LG,20,15,0.5714285714285714,2.0
1,1991,36,OB,15,21,0.4166666666666667,7.0
2,1991,36,롯데,15,20,0.42857142857142855,6.0
3,1991,36,빙그레,19,15,0.5588235294117647,3.0
4,1991,36,삼성,20,16,0.5555555555555556,4.0
5,1991,36,쌍방울,12,24,0.3333333333333333,8.0
6,1991,36,태평양,18,18,0.5,5.0
7,1991,36,해태,24,12,0.6666666666666666,1.0
