,Year,Game_idx,Team1,cum_win,cum_lose,Wpct,rank
0,1999,96,LG,49,47,0.5104166666666666,5.0
1,1999,96,두산,52,39,0.5714285714285714,2.0
2,1999,96,롯데,54,37,0.5934065934065934,1.0
3,1999,96,삼성,50,44,0.5319148936170213,4.0
4,1999,96,쌍방울,20,71,0.21978021978021975,8.0
5,1999,96,한화,47,47,0.5,6.0
6,1999,96,해태,45,49,0.4787234042553192,7.0
7,1999,96,현대,51,40,0.5604395604395604,3.0
