,Year,Game_idx,Team1,cum_win,cum_lose,Wpct,rank
0,2001,94,KIA,41,48,0.4606741573033708,4.0
1,2001,94,LG,38,49,0.4367816091954023,7.0
2,2001,94,SK,41,51,0.44565217391304346,6.0
3,2001,94,두산,47,42,0.5280898876404494,3.0
4,2001,94,롯데,37,53,0.4111111111111111,8.0
5,2001,94,삼성,61,33,0.6489361702127661,1.0
6,2001,94,한화,41,49,0.4555555555555556,5.0
7,2001,94,현대,57,34,0.6263736263736264,2.0
