,Year,Game_idx,Team1,cum_win,cum_lose,Wpct,rank
0,1989,36,MBC,17,17,0.5,4.5
1,1989,36,OB,13,22,0.37142857142857133,6.0
2,1989,36,롯데,12,23,0.3428571428571429,7.0
3,1989,36,빙그레,22,12,0.6470588235294118,1.0
4,1989,36,삼성,20,15,0.5714285714285714,3.0
5,1989,36,태평양,17,17,0.5,4.5
6,1989,36,해태,20,14,0.5882352941176471,2.0
