,Year,Game_idx,Team1,cum_win,cum_lose,Wpct,rank
0,2007,126,KIA,51,74,0.408,8.0
1,2007,126,LG,58,62,0.4833333333333333,5.0
2,2007,126,SK,73,48,0.6033057851239669,1.0
3,2007,126,두산,70,54,0.5645161290322581,2.0
4,2007,126,롯데,55,68,0.4471544715447153,7.0
5,2007,126,삼성,62,60,0.5081967213114754,4.0
6,2007,126,한화,67,57,0.5403225806451613,3.0
7,2007,126,현대,56,69,0.44799999999999995,6.0
