,Year,Game_idx,Team1,cum_win,cum_lose,Wpct,rank
0,1996,38,LG,15,22,0.40540540540540543,8.0
1,1996,38,OB,19,19,0.5,4.5
2,1996,38,롯데,16,21,0.4324324324324325,7.0
3,1996,38,삼성,20,17,0.5405405405405406,2.0
4,1996,38,쌍방울,20,18,0.5263157894736842,3.0
5,1996,38,한화,19,19,0.5,4.5
6,1996,38,해태,18,20,0.4736842105263158,6.0
7,1996,38,현대,22,15,0.5945945945945946,1.0
