,Year,Game_idx,Team1,cum_win,cum_lose,Wpct,rank
0,1992,104,LG,40,61,0.3960396039603961,7.0
1,1992,104,OB,47,54,0.4653465346534654,5.0
2,1992,104,롯데,62,42,0.5961538461538461,3.0
3,1992,104,빙그레,63,39,0.6176470588235294,1.0
4,1992,104,삼성,54,48,0.5294117647058824,4.0
5,1992,104,쌍방울,36,67,0.3495145631067961,8.0
6,1992,104,태평양,44,57,0.4356435643564357,6.0
7,1992,104,해태,63,41,0.6057692307692307,2.0
