,Year,Game_idx,Team1,cum_win,cum_lose,Wpct,rank
0,2005,95,KIA,37,57,0.39361702127659576,8.0
1,2005,95,LG,42,52,0.44680851063829785,7.0
2,2005,95,SK,49,41,0.5444444444444444,3.0
3,2005,95,두산,52,41,0.5591397849462365,2.0
4,2005,95,롯데,43,51,0.4574468085106383,6.0
5,2005,95,삼성,55,38,0.5913978494623656,1.0
6,2005,95,한화,49,45,0.5212765957446809,4.0
7,2005,95,현대,43,50,0.4623655913978494,5.0
