,Year,Game_idx,Team1,cum_win,cum_lose,Wpct,rank
0,1994,115,LG,73,42,0.6347826086956522,1.0
1,1994,115,OB,50,64,0.43859649122807015,7.0
2,1994,115,롯데,50,62,0.44642857142857145,6.0
3,1994,115,삼성,55,58,0.4867256637168141,5.0
4,1994,115,쌍방울,40,70,0.3636363636363637,8.0
5,1994,115,태평양,64,48,0.5714285714285714,2.0
6,1994,115,한화,59,54,0.5221238938053098,3.5
7,1994,115,해태,59,54,0.5221238938053098,3.5
