,Year,Game_idx,Team1,cum_win,cum_lose,Wpct,rank
0,1998,41,LG,20,21,0.4878048780487805,3.5
1,1998,41,OB,20,21,0.4878048780487805,3.5
2,1998,41,롯데,16,23,0.41025641025641024,8.0
3,1998,41,삼성,21,20,0.5121951219512195,2.0
4,1998,41,쌍방울,18,23,0.4390243902439024,6.0
5,1998,41,한화,19,20,0.4871794871794872,5.0
6,1998,41,해태,17,24,0.4146341463414634,7.0
7,1998,41,현대,28,13,0.6829268292682927,1.0
