,Year,Game_idx,Team1,cum_win,cum_lose,Wpct,rank
0,1990,64,LG,37,27,0.578125,1.5
1,1990,64,OB,20,42,0.3225806451612903,7.0
2,1990,64,롯데,28,34,0.4516129032258064,6.0
3,1990,64,빙그레,37,27,0.578125,1.5
4,1990,64,삼성,34,29,0.5396825396825397,3.0
5,1990,64,태평양,31,32,0.492063492063492,5.0
6,1990,64,해태,32,30,0.5161290322580645,4.0
