,Year,Game_idx,Team1,cum_win,cum_lose,Wpct,rank
0,2003,24,KIA,14,9,0.6086956521739131,3.5
1,2003,24,LG,11,12,0.4782608695652174,5.0
2,2003,24,SK,14,9,0.6086956521739131,3.5
3,2003,24,두산,6,18,0.25,7.0
4,2003,24,롯데,4,18,0.18181818181818185,8.0
5,2003,24,삼성,17,6,0.7391304347826086,1.5
6,2003,24,한화,9,14,0.39130434782608703,6.0
7,2003,24,현대,17,6,0.7391304347826086,1.5
