,Year,Game_idx,Team1,cum_win,cum_lose,Wpct,rank
0,1995,75,LG,45,29,0.6081081081081081,1.0
1,1995,75,OB,42,28,0.6,2.0
2,1995,75,롯데,39,33,0.5416666666666666,3.0
3,1995,75,삼성,34,37,0.4788732394366197,6.0
4,1995,75,쌍방울,27,47,0.3648648648648649,8.0
5,1995,75,태평양,31,41,0.4305555555555556,7.0
6,1995,75,한화,37,38,0.4933333333333334,4.0
7,1995,75,해태,36,38,0.4864864864864865,5.0
