,Year,Game_idx,Team1,cum_win,cum_lose,Wpct,rank
0,1995,17,LG,11,6,0.6470588235294118,2.0
1,1995,17,OB,12,5,0.7058823529411765,1.0
2,1995,17,롯데,7,10,0.4117647058823529,6.5
3,1995,17,삼성,5,12,0.29411764705882354,8.0
4,1995,17,쌍방울,9,8,0.5294117647058824,3.5
5,1995,17,태평양,8,9,0.4705882352941176,5.0
6,1995,17,한화,9,8,0.5294117647058824,3.5
7,1995,17,해태,7,10,0.4117647058823529,6.5
