,Year,Game_idx,Team1,cum_win,cum_lose,Wpct,rank
0,2011,74,KIA,43,31,0.581081081081081,2.0
1,2011,74,LG,39,35,0.527027027027027,4.0
2,2011,74,SK,40,34,0.5405405405405406,3.0
3,2011,74,넥센,27,47,0.3648648648648649,8.0
4,2011,74,두산,33,39,0.4583333333333333,5.0
5,2011,74,롯데,32,39,0.4507042253521127,6.0
6,2011,74,삼성,43,29,0.5972222222222222,1.0
7,2011,74,한화,32,41,0.4383561643835616,7.0
