,Year,Game_idx,Team1,cum_win,cum_lose,Wpct,rank
0,2008,105,KIA,51,54,0.4857142857142857,6.0
1,2008,105,LG,36,69,0.3428571428571429,8.0
2,2008,105,SK,69,36,0.6571428571428571,1.0
3,2008,105,두산,59,46,0.5619047619047619,2.0
4,2008,105,롯데,58,47,0.5523809523809524,3.0
5,2008,105,삼성,53,52,0.5047619047619047,5.0
6,2008,105,한화,56,49,0.5333333333333333,4.0
7,2008,105,히어로즈,41,64,0.3904761904761905,7.0
