,Year,Game_idx,Team1,cum_win,cum_lose,Wpct,rank
0,2014,81,KIA,38,43,0.4691358024691358,5.5
1,2014,81,LG,35,45,0.4375,7.0
2,2014,81,NC,48,33,0.5925925925925926,2.0
3,2014,81,SK,34,47,0.41975308641975306,8.0
4,2014,81,넥센,47,33,0.5875,3.0
5,2014,81,두산,38,43,0.4691358024691358,5.5
6,2014,81,롯데,40,40,0.5,4.0
7,2014,81,삼성,52,27,0.6582278481012658,1.0
8,2014,81,한화,30,50,0.375,9.0
