,Year,Game_idx,Team1,cum_win,cum_lose,Wpct,rank
0,2001,60,KIA,29,29,0.5,4.0
1,2001,60,LG,22,35,0.3859649122807017,8.0
2,2001,60,SK,25,34,0.42372881355932196,6.0
3,2001,60,두산,31,26,0.543859649122807,3.0
4,2001,60,롯데,23,36,0.3898305084745763,7.0
5,2001,60,삼성,39,21,0.65,1.0
6,2001,60,한화,27,32,0.4576271186440678,5.0
7,2001,60,현대,38,21,0.6440677966101694,2.0
