,Year,Game_idx,Team1,cum_win,cum_lose,Wpct,rank
0,2006,115,KIA,57,55,0.5089285714285714,4.0
1,2006,115,LG,44,67,0.3963963963963964,8.0
2,2006,115,SK,54,60,0.4736842105263158,6.0
3,2006,115,두산,55,57,0.4910714285714286,5.0
4,2006,115,롯데,48,64,0.42857142857142855,7.0
5,2006,115,삼성,67,45,0.5982142857142857,1.0
6,2006,115,한화,60,53,0.5309734513274337,3.0
7,2006,115,현대,65,49,0.5701754385964912,2.0
