,Year,Game_idx,Team1,cum_win,cum_lose,Wpct,rank
0,1998,18,LG,10,8,0.5555555555555556,3.0
1,1998,18,OB,8,10,0.4444444444444444,6.0
2,1998,18,롯데,8,9,0.4705882352941176,5.0
3,1998,18,삼성,11,7,0.6111111111111112,2.0
4,1998,18,쌍방울,6,12,0.3333333333333333,8.0
5,1998,18,한화,9,8,0.5294117647058824,4.0
6,1998,18,해태,7,11,0.3888888888888889,7.0
7,1998,18,현대,12,6,0.6666666666666666,1.0
