,Year,Game_idx,Team1,cum_win,cum_lose,Wpct,rank
0,2014,126,KIA,52,74,0.4126984126984127,8.0
1,2014,126,LG,61,62,0.4959349593495935,4.0
2,2014,126,NC,69,56,0.552,3.0
3,2014,126,SK,60,64,0.4838709677419355,5.0
4,2014,126,넥센,76,48,0.6129032258064516,2.0
5,2014,126,두산,58,67,0.46399999999999997,6.0
6,2014,126,롯데,57,67,0.4596774193548387,7.0
7,2014,126,삼성,77,46,0.6260162601626016,1.0
8,2014,126,한화,49,75,0.3951612903225806,9.0
