,Year,Game_idx,Team1,cum_win,cum_lose,Wpct,rank
0,1992,124,LG,53,68,0.4380165289256198,7.0
1,1992,124,OB,56,64,0.4666666666666667,5.0
2,1992,124,롯데,71,53,0.5725806451612904,3.0
3,1992,124,빙그레,79,43,0.6475409836065574,1.0
4,1992,124,삼성,65,57,0.5327868852459017,4.0
5,1992,124,쌍방울,41,82,0.3333333333333333,8.0
6,1992,124,태평양,55,66,0.4545454545454545,6.0
7,1992,124,해태,71,52,0.5772357723577236,2.0
