,Year,Game_idx,Team1,cum_win,cum_lose,Wpct,rank
0,2003,51,KIA,27,23,0.54,4.0
1,2003,51,LG,25,24,0.5102040816326531,5.0
2,2003,51,SK,32,18,0.64,1.0
3,2003,51,두산,12,39,0.2352941176470588,8.0
4,2003,51,롯데,18,31,0.3673469387755102,7.0
5,2003,51,삼성,30,19,0.6122448979591837,3.0
6,2003,51,한화,23,25,0.4791666666666667,6.0
7,2003,51,현대,31,19,0.62,2.0
