,Year,Game_idx,Team1,cum_win,cum_lose,Wpct,rank
0,1996,81,LG,35,42,0.4545454545454545,7.0
1,1996,81,OB,35,44,0.4430379746835443,8.0
2,1996,81,롯데,36,41,0.4675324675324675,6.0
3,1996,81,삼성,37,41,0.4743589743589744,5.0
4,1996,81,쌍방울,41,38,0.5189873417721519,4.0
5,1996,81,한화,43,38,0.5308641975308642,3.0
6,1996,81,해태,44,36,0.55,2.0
7,1996,81,현대,44,32,0.5789473684210527,1.0
