,Year,Game_idx,Team1,cum_win,cum_lose,Wpct,rank
0,1992,118,LG,50,65,0.43478260869565216,6.5
1,1992,118,OB,52,62,0.456140350877193,5.0
2,1992,118,롯데,66,52,0.559322033898305,3.0
3,1992,118,빙그레,74,42,0.6379310344827587,1.0
4,1992,118,삼성,62,54,0.5344827586206896,4.0
5,1992,118,쌍방울,40,77,0.3418803418803419,8.0
6,1992,118,태평양,50,65,0.43478260869565216,6.5
7,1992,118,해태,69,48,0.5897435897435898,2.0
