,Year,Game_idx,Team1,cum_win,cum_lose,Wpct,rank
0,2001,50,KIA,24,24,0.5,5.0
1,2001,50,LG,17,30,0.3617021276595745,8.0
2,2001,50,SK,22,27,0.4489795918367347,6.0
3,2001,50,두산,27,21,0.5625,3.0
4,2001,50,롯데,20,29,0.4081632653061225,7.0
5,2001,50,삼성,30,20,0.6,1.5
6,2001,50,한화,25,24,0.5102040816326531,4.0
7,2001,50,현대,30,20,0.6,1.5
