,Year,Game_idx,Team1,cum_win,cum_lose,Wpct,rank
0,1998,87,LG,42,44,0.4883720930232558,4.0
1,1998,87,OB,39,47,0.4534883720930232,6.0
2,1998,87,롯데,35,49,0.4166666666666667,8.0
3,1998,87,삼성,47,38,0.5529411764705883,2.0
4,1998,87,쌍방울,42,45,0.4827586206896552,5.0
5,1998,87,한화,41,42,0.4939759036144578,3.0
6,1998,87,해태,37,50,0.4252873563218391,7.0
7,1998,87,현대,56,31,0.6436781609195402,1.0
