,Year,Game_idx,Team1,cum_win,cum_lose,Wpct,rank
0,2008,65,KIA,29,36,0.4461538461538462,6.0
1,2008,65,LG,24,41,0.3692307692307693,7.5
2,2008,65,SK,45,20,0.6923076923076923,1.0
3,2008,65,두산,38,27,0.5846153846153846,2.0
4,2008,65,롯데,36,29,0.5538461538461539,3.0
5,2008,65,삼성,33,32,0.5076923076923077,5.0
6,2008,65,한화,35,30,0.5384615384615384,4.0
7,2008,65,히어로즈,24,41,0.3692307692307693,7.5
