,Year,Game_idx,Team1,cum_win,cum_lose,Wpct,rank
0,1996,52,LG,24,26,0.48,5.0
1,1996,52,OB,23,27,0.46,6.0
2,1996,52,롯데,22,29,0.4313725490196079,8.0
3,1996,52,삼성,26,24,0.52,3.0
4,1996,52,쌍방울,23,28,0.4509803921568628,7.0
5,1996,52,한화,28,24,0.5384615384615384,2.0
6,1996,52,해태,26,26,0.5,4.0
7,1996,52,현대,31,19,0.62,1.0
