,Year,Game_idx,Team1,cum_win,cum_lose,Wpct,rank
0,1990,115,LG,67,48,0.5826086956521739,2.0
1,1990,115,OB,35,75,0.3181818181818182,7.0
2,1990,115,롯데,41,69,0.3727272727272728,6.0
3,1990,115,빙그레,66,47,0.584070796460177,1.0
4,1990,115,삼성,65,48,0.5752212389380531,4.0
5,1990,115,태평양,55,57,0.4910714285714286,5.0
6,1990,115,해태,65,47,0.5803571428571429,3.0
