,Year,Game_idx,Team1,cum_win,cum_lose,Wpct,rank
0,1997,85,LG,47,36,0.5662650602409639,2.0
1,1997,85,OB,42,39,0.5185185185185185,5.0
2,1997,85,롯데,33,51,0.3928571428571429,7.0
3,1997,85,삼성,45,35,0.5625,3.0
4,1997,85,쌍방울,47,37,0.5595238095238095,4.0
5,1997,85,한화,32,51,0.3855421686746988,8.0
6,1997,85,해태,51,33,0.6071428571428571,1.0
7,1997,85,현대,33,48,0.4074074074074074,6.0
