,Year,Game_idx,Team1,cum_win,cum_lose,Wpct,rank
0,2012,127,KIA,58,63,0.4793388429752066,5.0
1,2012,127,LG,54,69,0.4390243902439024,7.0
2,2012,127,SK,69,55,0.5564516129032258,2.0
3,2012,127,넥센,59,66,0.47200000000000003,6.0
4,2012,127,두산,65,59,0.5241935483870968,3.0
5,2012,127,롯데,63,58,0.5206611570247934,4.0
6,2012,127,삼성,75,50,0.6,1.0
7,2012,127,한화,52,73,0.41600000000000004,8.0
