,Year,Game_idx,Team1,cum_win,cum_lose,Wpct,rank
0,2006,60,KIA,28,30,0.4827586206896552,5.0
1,2006,60,LG,22,37,0.3728813559322034,8.0
2,2006,60,SK,26,33,0.4406779661016949,6.0
3,2006,60,두산,31,27,0.5344827586206896,4.0
4,2006,60,롯데,25,34,0.42372881355932196,7.0
5,2006,60,삼성,37,21,0.6379310344827587,1.0
6,2006,60,한화,33,26,0.559322033898305,2.0
7,2006,60,현대,33,27,0.55,3.0
