,Year,Game_idx,Team1,cum_win,cum_lose,Wpct,rank
0,1999,120,LG,59,61,0.4916666666666666,6.0
1,1999,120,두산,67,48,0.5826086956521739,1.5
2,1999,120,롯데,67,48,0.5826086956521739,1.5
3,1999,120,삼성,65,53,0.5508474576271186,3.0
4,1999,120,쌍방울,27,88,0.23478260869565215,8.0
5,1999,120,한화,62,56,0.5254237288135594,5.0
6,1999,120,해태,57,61,0.4830508474576271,7.0
7,1999,120,현대,62,53,0.5391304347826087,4.0
