,Year,Game_idx,Team1,cum_win,cum_lose,Wpct,rank
0,2009,94,KIA,53,37,0.5888888888888889,1.0
1,2009,94,LG,41,50,0.4505494505494506,7.0
2,2009,94,SK,52,37,0.5842696629213483,2.0
3,2009,94,두산,53,39,0.5760869565217391,3.0
4,2009,94,롯데,49,45,0.5212765957446809,4.0
5,2009,94,삼성,47,47,0.5,5.0
6,2009,94,한화,31,60,0.3406593406593407,8.0
7,2009,94,히어로즈,43,50,0.4623655913978494,6.0
