,Year,Game_idx,Team1,cum_win,cum_lose,Wpct,rank
0,2008,11,KIA,3,8,0.2727272727272727,7.0
1,2008,11,LG,3,8,0.2727272727272727,7.0
2,2008,11,SK,8,3,0.7272727272727273,2.0
3,2008,11,두산,5,6,0.4545454545454545,5.0
4,2008,11,롯데,8,3,0.7272727272727273,2.0
5,2008,11,삼성,8,3,0.7272727272727273,2.0
6,2008,11,한화,3,8,0.2727272727272727,7.0
7,2008,11,히어로즈,7,4,0.6363636363636364,4.0
