,Year,Game_idx,Team1,cum_win,cum_lose,Wpct,rank
0,2005,94,KIA,37,56,0.3978494623655914,8.0
1,2005,94,LG,42,51,0.4516129032258064,7.0
2,2005,94,SK,48,41,0.5393258426966292,3.0
3,2005,94,두산,51,41,0.5543478260869565,2.0
4,2005,94,롯데,43,51,0.4574468085106383,5.0
5,2005,94,삼성,55,37,0.5978260869565217,1.0
6,2005,94,한화,49,44,0.5268817204301075,4.0
7,2005,94,현대,42,50,0.4565217391304348,6.0
