,Year,Game_idx,Team1,cum_win,cum_lose,Wpct,rank
0,1990,89,LG,49,40,0.5505617977528089,3.0
1,1990,89,OB,27,58,0.3176470588235294,7.0
2,1990,89,롯데,34,52,0.3953488372093023,6.0
3,1990,89,빙그레,53,34,0.6091954022988506,1.0
4,1990,89,삼성,52,35,0.5977011494252874,2.0
5,1990,89,태평양,43,43,0.5,5.0
6,1990,89,해태,46,40,0.5348837209302325,4.0
