,Year,Game_idx,Team1,cum_win,cum_lose,Wpct,rank
0,2007,72,KIA,26,45,0.3661971830985916,8.0
1,2007,72,LG,36,33,0.5217391304347826,4.0
2,2007,72,SK,41,26,0.6119402985074627,1.0
3,2007,72,두산,37,33,0.5285714285714286,3.0
4,2007,72,롯데,33,37,0.4714285714285714,7.0
5,2007,72,삼성,34,35,0.4927536231884058,5.0
6,2007,72,한화,38,32,0.5428571428571428,2.0
7,2007,72,현대,34,38,0.4722222222222222,6.0
