,Year,Game_idx,Team1,cum_win,cum_lose,Wpct,rank
0,2000,36,LG,20,16,0.5555555555555556,4.0
1,2000,36,SK,9,27,0.25,8.0
2,2000,36,두산,24,12,0.6666666666666666,2.0
3,2000,36,롯데,16,20,0.4444444444444444,5.0
4,2000,36,삼성,22,14,0.6111111111111112,3.0
5,2000,36,한화,15,21,0.4166666666666667,6.0
6,2000,36,해태,12,23,0.3428571428571429,7.0
7,2000,36,현대,26,10,0.7222222222222222,1.0
