,Year,Game_idx,Team1,cum_win,cum_lose,Wpct,rank
0,2014,13,KIA,6,7,0.4615384615384616,6.0
1,2014,13,LG,3,9,0.25,9.0
2,2014,13,NC,9,4,0.6923076923076923,1.5
3,2014,13,SK,9,4,0.6923076923076923,1.5
4,2014,13,넥센,8,5,0.6153846153846154,3.0
5,2014,13,두산,7,6,0.5384615384615384,4.0
6,2014,13,롯데,6,6,0.5,5.0
7,2014,13,삼성,5,8,0.38461538461538464,7.0
8,2014,13,한화,4,9,0.3076923076923077,8.0
