,Year,Game_idx,Team1,cum_win,cum_lose,Wpct,rank
0,2001,107,KIA,45,57,0.4411764705882353,5.0
1,2001,107,LG,44,56,0.44,6.0
2,2001,107,SK,46,59,0.4380952380952381,7.0
3,2001,107,두산,54,48,0.5294117647058824,3.0
4,2001,107,롯데,45,58,0.4368932038834951,8.0
5,2001,107,삼성,69,38,0.6448598130841121,1.0
6,2001,107,한화,46,57,0.4466019417475728,4.0
7,2001,107,현대,63,41,0.6057692307692307,2.0
