,Year,Game_idx,Team1,cum_win,cum_lose,Wpct,rank
0,2014,8,KIA,4,4,0.5,4.5
1,2014,8,LG,3,4,0.42857142857142855,6.0
2,2014,8,NC,5,3,0.625,2.0
3,2014,8,SK,6,2,0.75,1.0
4,2014,8,넥센,4,4,0.5,4.5
5,2014,8,두산,3,5,0.375,8.0
6,2014,8,롯데,4,3,0.5714285714285714,3.0
7,2014,8,삼성,3,5,0.375,8.0
8,2014,8,한화,3,5,0.375,8.0
