,Year,Game_idx,Team1,cum_win,cum_lose,Wpct,rank
0,1994,47,LG,31,16,0.6595744680851063,1.0
1,1994,47,OB,21,26,0.44680851063829785,6.5
2,1994,47,롯데,21,23,0.4772727272727273,5.0
3,1994,47,삼성,22,24,0.4782608695652174,4.0
4,1994,47,쌍방울,16,29,0.3555555555555556,8.0
5,1994,47,태평양,23,22,0.5111111111111111,3.0
6,1994,47,한화,21,26,0.44680851063829785,6.5
7,1994,47,해태,27,18,0.6,2.0
