,Year,Game_idx,Team1,cum_win,cum_lose,Wpct,rank
0,2011,104,KIA,60,44,0.5769230769230769,2.0
1,2011,104,LG,50,53,0.4854368932038835,5.0
2,2011,104,SK,55,49,0.5288461538461539,4.0
3,2011,104,넥센,43,61,0.4134615384615384,8.0
4,2011,104,두산,45,57,0.4411764705882353,6.5
5,2011,104,롯데,54,47,0.5346534653465347,3.0
6,2011,104,삼성,61,41,0.5980392156862745,1.0
7,2011,104,한화,45,57,0.4411764705882353,6.5
