,Year,Game_idx,Team1,cum_win,cum_lose,Wpct,rank
0,2000,14,LG,7,7,0.5,4.0
1,2000,14,SK,3,11,0.21428571428571427,8.0
2,2000,14,두산,10,4,0.7142857142857143,2.5
3,2000,14,롯데,5,9,0.35714285714285715,6.0
4,2000,14,삼성,11,3,0.7857142857142857,1.0
5,2000,14,한화,5,9,0.35714285714285715,6.0
6,2000,14,해태,5,9,0.35714285714285715,6.0
7,2000,14,현대,10,4,0.7142857142857143,2.5
