,Year,Game_idx,Team1,cum_win,cum_lose,Wpct,rank
0,2008,111,KIA,52,59,0.4684684684684685,6.0
1,2008,111,LG,39,72,0.35135135135135137,8.0
2,2008,111,SK,74,37,0.6666666666666666,1.0
3,2008,111,두산,63,48,0.5675675675675675,2.5
4,2008,111,롯데,63,48,0.5675675675675675,2.5
5,2008,111,삼성,57,54,0.5135135135135135,4.5
6,2008,111,한화,57,54,0.5135135135135135,4.5
7,2008,111,히어로즈,42,69,0.3783783783783784,7.0
