,Year,Game_idx,Team1,cum_win,cum_lose,Wpct,rank
0,1989,28,MBC,11,16,0.4074074074074074,5.5
1,1989,28,OB,10,18,0.35714285714285715,7.0
2,1989,28,롯데,11,16,0.4074074074074074,5.5
3,1989,28,빙그레,17,9,0.6538461538461539,1.0
4,1989,28,삼성,17,10,0.6296296296296297,2.0
5,1989,28,태평양,14,12,0.5384615384615384,4.0
6,1989,28,해태,15,12,0.5555555555555556,3.0
