,Year,Game_idx,Team1,cum_win,cum_lose,Wpct,rank
0,2016,56,KIA,24,31,0.4363636363636363,8.0
1,2016,56,LG,27,28,0.4909090909090909,4.0
2,2016,56,NC,36,19,0.6545454545454545,2.0
3,2016,56,SK,26,30,0.4642857142857143,6.0
4,2016,56,kt,23,31,0.4259259259259259,9.0
5,2016,56,넥센,28,27,0.509090909090909,3.0
6,2016,56,두산,39,16,0.7090909090909091,1.0
7,2016,56,롯데,26,30,0.4642857142857143,6.0
8,2016,56,삼성,26,30,0.4642857142857143,6.0
9,2016,56,한화,22,33,0.4,10.0
