,Year,Game_idx,Team1,cum_win,cum_lose,Wpct,rank
0,1994,52,LG,33,19,0.6346153846153846,1.0
1,1994,52,OB,23,28,0.4509803921568628,7.0
2,1994,52,롯데,24,25,0.4897959183673469,5.0
3,1994,52,삼성,25,26,0.4901960784313725,4.0
4,1994,52,쌍방울,17,33,0.34,8.0
5,1994,52,태평양,27,23,0.54,3.0
6,1994,52,한화,24,27,0.4705882352941176,6.0
7,1994,52,해태,28,22,0.56,2.0
