,Year,Game_idx,Team1,cum_win,cum_lose,Wpct,rank
0,2009,95,KIA,54,37,0.5934065934065934,1.0
1,2009,95,LG,41,51,0.44565217391304346,7.0
2,2009,95,SK,52,38,0.5777777777777777,3.0
3,2009,95,두산,54,39,0.5806451612903226,2.0
4,2009,95,롯데,50,45,0.5263157894736842,4.0
5,2009,95,삼성,47,48,0.4947368421052632,5.0
6,2009,95,한화,31,61,0.33695652173913043,8.0
7,2009,95,히어로즈,44,50,0.4680851063829787,6.0
