,Year,Game_idx,Team1,cum_win,cum_lose,Wpct,rank
0,2009,15,KIA,6,8,0.42857142857142855,6.5
1,2009,15,LG,6,8,0.42857142857142855,6.5
2,2009,15,SK,9,4,0.6923076923076923,1.0
3,2009,15,두산,8,6,0.5714285714285714,2.0
4,2009,15,롯데,6,9,0.4,8.0
5,2009,15,삼성,8,7,0.5333333333333333,3.0
6,2009,15,한화,7,7,0.5,4.0
7,2009,15,히어로즈,7,8,0.4666666666666667,5.0
