,Year,Game_idx,Team1,cum_win,cum_lose,Wpct,rank
0,1989,47,MBC,20,25,0.4444444444444444,5.0
1,1989,47,OB,20,26,0.43478260869565216,6.0
2,1989,47,롯데,15,31,0.32608695652173914,7.0
3,1989,47,빙그레,28,17,0.6222222222222222,1.5
4,1989,47,삼성,28,18,0.6086956521739131,3.0
5,1989,47,태평양,20,24,0.4545454545454545,4.0
6,1989,47,해태,28,17,0.6222222222222222,1.5
