,Year,Game_idx,Team1,cum_win,cum_lose,Wpct,rank
0,1998,74,LG,36,37,0.4931506849315068,3.0
1,1998,74,OB,34,39,0.4657534246575342,6.0
2,1998,74,롯데,29,42,0.4084507042253521,8.0
3,1998,74,삼성,41,32,0.5616438356164384,2.0
4,1998,74,쌍방울,36,38,0.4864864864864865,4.0
5,1998,74,한화,35,37,0.4861111111111111,5.0
6,1998,74,해태,33,41,0.4459459459459459,7.0
7,1998,74,현대,48,26,0.6486486486486487,1.0
