,Year,Game_idx,Team1,cum_win,cum_lose,Wpct,rank
0,1995,105,LG,62,40,0.6078431372549019,1.0
1,1995,105,OB,59,41,0.59,2.0
2,1995,105,롯데,56,44,0.56,3.0
3,1995,105,삼성,51,49,0.51,5.0
4,1995,105,쌍방울,37,65,0.3627450980392157,8.0
5,1995,105,태평양,40,61,0.3960396039603961,7.0
6,1995,105,한화,47,58,0.4476190476190477,6.0
7,1995,105,해태,53,48,0.5247524752475248,4.0
