,Year,Game_idx,Team1,cum_win,cum_lose,Wpct,rank
0,1992,32,LG,8,22,0.26666666666666666,8.0
1,1992,32,OB,14,16,0.4666666666666667,5.0
2,1992,32,롯데,17,15,0.53125,3.0
3,1992,32,빙그레,24,7,0.7741935483870968,1.0
4,1992,32,삼성,14,17,0.4516129032258064,6.0
5,1992,32,쌍방울,11,20,0.3548387096774194,7.0
6,1992,32,태평양,14,15,0.4827586206896552,4.0
7,1992,32,해태,21,11,0.65625,2.0
