,Year,Game_idx,Team1,cum_win,cum_lose,Wpct,rank
0,2015,55,KIA,27,28,0.4909090909090909,8.0
1,2015,55,LG,24,30,0.4444444444444444,9.0
2,2015,55,NC,31,23,0.5740740740740741,2.0
3,2015,55,SK,28,26,0.5185185185185185,5.0
4,2015,55,kt,12,43,0.21818181818181814,10.0
5,2015,55,넥센,30,24,0.5555555555555556,4.0
6,2015,55,두산,31,24,0.5636363636363636,3.0
7,2015,55,롯데,28,27,0.509090909090909,6.5
8,2015,55,삼성,35,20,0.6363636363636364,1.0
9,2015,55,한화,28,27,0.509090909090909,6.5
