,Year,Game_idx,Team1,cum_win,cum_lose,Wpct,rank
0,1999,85,LG,42,43,0.4941176470588236,5.0
1,1999,85,두산,45,36,0.5555555555555556,2.0
2,1999,85,롯데,52,28,0.65,1.0
3,1999,85,삼성,46,37,0.5542168674698795,3.0
4,1999,85,쌍방울,17,63,0.2125,8.0
5,1999,85,한화,41,42,0.4939759036144578,6.0
6,1999,85,해태,40,43,0.4819277108433735,7.0
7,1999,85,현대,43,37,0.5375,4.0
