,Year,Game_idx,Team1,cum_win,cum_lose,Wpct,rank
0,2013,67,KIA,35,30,0.5384615384615384,5.0
1,2013,67,LG,39,28,0.582089552238806,2.0
2,2013,67,NC,24,40,0.375,8.0
3,2013,67,SK,30,36,0.4545454545454545,7.0
4,2013,67,넥센,37,29,0.5606060606060606,3.0
5,2013,67,두산,34,31,0.5230769230769231,6.0
6,2013,67,롯데,36,29,0.5538461538461539,4.0
7,2013,67,삼성,39,26,0.6,1.0
8,2013,67,한화,20,46,0.30303030303030304,9.0
