,Year,Game_idx,Team1,cum_win,cum_lose,Wpct,rank
0,2011,88,KIA,52,36,0.5909090909090909,2.0
1,2011,88,LG,44,44,0.5,5.0
2,2011,88,SK,49,39,0.5568181818181818,3.0
3,2011,88,넥센,34,54,0.3863636363636364,8.0
4,2011,88,두산,37,49,0.4302325581395349,6.0
5,2011,88,롯데,43,42,0.5058823529411764,4.0
6,2011,88,삼성,52,34,0.6046511627906976,1.0
7,2011,88,한화,37,50,0.4252873563218391,7.0
