,Year,Game_idx,Team1,cum_win,cum_lose,Wpct,rank
0,2005,93,KIA,37,55,0.4021739130434783,8.0
1,2005,93,LG,41,51,0.44565217391304346,7.0
2,2005,93,SK,47,41,0.5340909090909091,3.0
3,2005,93,두산,50,41,0.5494505494505495,2.0
4,2005,93,롯데,43,50,0.4623655913978494,5.0
5,2005,93,삼성,55,36,0.6043956043956044,1.0
6,2005,93,한화,49,43,0.532608695652174,4.0
7,2005,93,현대,41,50,0.4505494505494506,6.0
