,Year,Game_idx,Team1,cum_win,cum_lose,Wpct,rank
0,2003,120,KIA,70,46,0.603448275862069,2.0
1,2003,120,LG,57,61,0.4830508474576271,5.0
2,2003,120,SK,59,58,0.5042735042735043,4.0
3,2003,120,두산,50,68,0.42372881355932196,7.0
4,2003,120,롯데,35,82,0.29914529914529914,8.0
5,2003,120,삼성,70,47,0.5982905982905983,3.0
6,2003,120,한화,55,61,0.4741379310344828,6.0
7,2003,120,현대,72,46,0.6101694915254238,1.0
