,Year,Game_idx,Team1,cum_win,cum_lose,Wpct,rank
0,1995,30,LG,17,13,0.5666666666666667,2.0
1,1995,30,OB,17,12,0.5862068965517241,1.0
2,1995,30,롯데,16,14,0.5333333333333333,3.5
3,1995,30,삼성,13,15,0.4642857142857143,5.0
4,1995,30,쌍방울,13,17,0.43333333333333335,6.5
5,1995,30,태평양,12,17,0.4137931034482759,8.0
6,1995,30,한화,16,14,0.5333333333333333,3.5
7,1995,30,해태,13,17,0.43333333333333335,6.5
