,Year,Game_idx,Team1,cum_win,cum_lose,Wpct,rank
0,2012,11,KIA,5,6,0.4545454545454545,5.5
1,2012,11,LG,7,4,0.6363636363636364,2.5
2,2012,11,SK,7,4,0.6363636363636364,2.5
3,2012,11,넥센,5,6,0.4545454545454545,5.5
4,2012,11,두산,6,4,0.6,4.0
5,2012,11,롯데,7,3,0.7,1.0
6,2012,11,삼성,4,7,0.3636363636363637,7.0
7,2012,11,한화,2,9,0.18181818181818185,8.0
