,Year,Game_idx,Team1,cum_win,cum_lose,Wpct,rank
0,1996,7,LG,2,5,0.2857142857142857,8.0
1,1996,7,OB,4,3,0.5714285714285714,3.0
2,1996,7,롯데,4,3,0.5714285714285714,3.0
3,1996,7,삼성,4,3,0.5714285714285714,3.0
4,1996,7,쌍방울,5,2,0.7142857142857143,1.0
5,1996,7,한화,3,4,0.42857142857142855,6.0
6,1996,7,해태,3,4,0.42857142857142855,6.0
7,1996,7,현대,3,4,0.42857142857142855,6.0
