,Year,Game_idx,Team1,cum_win,cum_lose,Wpct,rank
0,2012,59,KIA,24,31,0.4363636363636363,7.0
1,2012,59,LG,29,28,0.5087719298245614,6.0
2,2012,59,SK,33,25,0.5689655172413793,1.0
3,2012,59,넥센,30,27,0.5263157894736842,2.0
4,2012,59,두산,30,28,0.5172413793103449,4.5
5,2012,59,롯데,29,27,0.5178571428571429,3.0
6,2012,59,삼성,30,28,0.5172413793103449,4.5
7,2012,59,한화,22,36,0.3793103448275862,8.0
