,Year,Game_idx,Team1,cum_win,cum_lose,Wpct,rank
0,2016,38,KIA,18,20,0.4736842105263158,7.5
1,2016,38,LG,20,18,0.5263157894736842,5.0
2,2016,38,NC,20,17,0.5405405405405406,3.5
3,2016,38,SK,21,17,0.5526315789473685,2.0
4,2016,38,kt,17,20,0.4594594594594595,9.0
5,2016,38,넥센,20,17,0.5405405405405406,3.5
6,2016,38,두산,26,11,0.7027027027027027,1.0
7,2016,38,롯데,18,20,0.4736842105263158,7.5
8,2016,38,삼성,19,19,0.5,6.0
9,2016,38,한화,10,28,0.2631578947368421,10.0
