,Year,Game_idx,Team1,cum_win,cum_lose,Wpct,rank
0,2008,23,KIA,7,16,0.3043478260869565,8.0
1,2008,23,LG,9,14,0.39130434782608703,7.0
2,2008,23,SK,18,5,0.7826086956521741,1.0
3,2008,23,두산,10,13,0.43478260869565216,5.5
4,2008,23,롯데,14,9,0.6086956521739131,2.0
5,2008,23,삼성,11,12,0.4782608695652174,4.0
6,2008,23,한화,12,11,0.5217391304347826,3.0
7,2008,23,히어로즈,10,13,0.43478260869565216,5.5
