,Year,Game_idx,Team1,cum_win,cum_lose,Wpct,rank
0,1995,45,LG,28,17,0.6222222222222222,1.0
1,1995,45,OB,26,18,0.5909090909090909,2.0
2,1995,45,롯데,24,20,0.5454545454545454,3.0
3,1995,45,삼성,22,20,0.5238095238095238,4.0
4,1995,45,쌍방울,20,25,0.4444444444444444,7.0
5,1995,45,태평양,15,29,0.3409090909090909,8.0
6,1995,45,한화,22,23,0.4888888888888889,5.0
7,1995,45,해태,21,24,0.4666666666666667,6.0
