,Year,Game_idx,Team1,cum_win,cum_lose,Wpct,rank
0,2004,72,KIA,34,34,0.5,4.0
1,2004,72,LG,31,39,0.4428571428571429,7.0
2,2004,72,SK,32,33,0.4923076923076923,5.0
3,2004,72,두산,40,31,0.5633802816901409,2.0
4,2004,72,롯데,24,39,0.3809523809523809,8.0
5,2004,72,삼성,37,29,0.5606060606060606,3.0
6,2004,72,한화,32,35,0.4776119402985074,6.0
7,2004,72,현대,38,29,0.5671641791044776,1.0
