,Year,Game_idx,Team1,cum_win,cum_lose,Wpct,rank
0,1993,68,LG,39,28,0.582089552238806,2.0
1,1993,68,OB,29,34,0.4603174603174603,5.0
2,1993,68,롯데,34,34,0.5,4.0
3,1993,68,빙그레,29,37,0.4393939393939394,6.0
4,1993,68,삼성,35,29,0.546875,3.0
5,1993,68,쌍방울,25,39,0.390625,7.0
6,1993,68,태평양,23,38,0.3770491803278688,8.0
7,1993,68,해태,45,22,0.6716417910447762,1.0
