,Year,Game_idx,Team1,cum_win,cum_lose,Wpct,rank
0,2001,93,KIA,40,48,0.4545454545454545,4.0
1,2001,93,LG,38,48,0.4418604651162791,6.0
2,2001,93,SK,40,51,0.4395604395604396,7.0
3,2001,93,두산,46,42,0.5227272727272727,3.0
4,2001,93,롯데,37,52,0.4157303370786517,8.0
5,2001,93,삼성,60,33,0.6451612903225806,1.0
6,2001,93,한화,40,49,0.44943820224719105,5.0
7,2001,93,현대,57,33,0.6333333333333333,2.0
