,Year,Game_idx,Team1,cum_win,cum_lose,Wpct,rank
0,1994,91,LG,57,34,0.6263736263736264,1.0
1,1994,91,OB,42,48,0.4666666666666667,6.0
2,1994,91,롯데,38,50,0.4318181818181818,7.0
3,1994,91,삼성,45,45,0.5,5.0
4,1994,91,쌍방울,30,58,0.3409090909090909,8.0
5,1994,91,태평양,48,40,0.5454545454545454,3.0
6,1994,91,한화,51,39,0.5666666666666667,2.0
7,1994,91,해태,47,42,0.5280898876404494,4.0
