,Year,Game_idx,Team1,cum_win,cum_lose,Wpct,rank
0,2010,119,KIA,53,66,0.4453781512605042,6.0
1,2010,119,LG,52,64,0.4482758620689655,5.0
2,2010,119,SK,76,42,0.6440677966101694,1.0
3,2010,119,넥센,47,69,0.4051724137931034,7.0
4,2010,119,두산,66,50,0.5689655172413793,3.0
5,2010,119,롯데,59,57,0.5086206896551724,4.0
6,2010,119,삼성,72,46,0.6101694915254238,2.0
7,2010,119,한화,44,74,0.3728813559322034,8.0
