,Year,Game_idx,Team1,cum_win,cum_lose,Wpct,rank
0,1992,18,LG,6,11,0.35294117647058826,7.5
1,1992,18,OB,6,11,0.35294117647058826,7.5
2,1992,18,롯데,8,10,0.4444444444444444,5.0
3,1992,18,빙그레,14,3,0.8235294117647058,1.0
4,1992,18,삼성,7,10,0.4117647058823529,6.0
5,1992,18,쌍방울,8,9,0.4705882352941176,4.0
6,1992,18,태평양,9,6,0.6,2.0
7,1992,18,해태,10,8,0.5555555555555556,3.0
