,Year,Game_idx,Team1,cum_win,cum_lose,Wpct,rank
0,1997,14,LG,11,3,0.7857142857142857,1.0
1,1997,14,OB,7,6,0.5384615384615384,4.0
2,1997,14,롯데,4,10,0.2857142857142857,8.0
3,1997,14,삼성,5,8,0.38461538461538464,6.0
4,1997,14,쌍방울,8,6,0.5714285714285714,3.0
5,1997,14,한화,6,8,0.42857142857142855,5.0
6,1997,14,해태,9,5,0.6428571428571429,2.0
7,1997,14,현대,5,9,0.35714285714285715,7.0
