,Year,Game_idx,Team1,cum_win,cum_lose,Wpct,rank
0,1991,20,LG,11,8,0.5789473684210527,3.0
1,1991,20,OB,12,8,0.6,1.5
2,1991,20,롯데,8,12,0.4,7.0
3,1991,20,빙그레,9,10,0.4736842105263158,6.0
4,1991,20,삼성,12,8,0.6,1.5
5,1991,20,쌍방울,6,14,0.3,8.0
6,1991,20,태평양,10,10,0.5,5.0
7,1991,20,해태,11,9,0.55,4.0
