,Year,Game_idx,Team1,cum_win,cum_lose,Wpct,rank
0,1998,114,LG,56,57,0.4955752212389381,3.0
1,1998,114,OB,52,60,0.4642857142857143,6.0
2,1998,114,롯데,48,62,0.4363636363636363,8.0
3,1998,114,삼성,60,52,0.5357142857142857,2.0
4,1998,114,쌍방울,51,61,0.4553571428571429,7.0
5,1998,114,한화,53,57,0.4818181818181818,4.0
6,1998,114,해태,54,59,0.4778761061946903,5.0
7,1998,114,현대,77,37,0.6754385964912281,1.0
