,Year,Game_idx,Team1,cum_win,cum_lose,Wpct,rank
0,2007,34,KIA,15,19,0.4411764705882353,7.5
1,2007,34,LG,17,16,0.5151515151515151,3.5
2,2007,34,SK,20,12,0.625,1.0
3,2007,34,두산,16,17,0.4848484848484849,5.0
4,2007,34,롯데,17,16,0.5151515151515151,3.5
5,2007,34,삼성,15,17,0.46875,6.0
6,2007,34,한화,18,15,0.5454545454545454,2.0
7,2007,34,현대,15,19,0.4411764705882353,7.5
