,Year,Game_idx,Team1,cum_win,cum_lose,Wpct,rank
0,1992,31,LG,8,22,0.26666666666666666,8.0
1,1992,31,OB,14,15,0.4827586206896552,5.0
2,1992,31,롯데,16,15,0.5161290322580645,3.0
3,1992,31,빙그레,23,7,0.7666666666666667,1.0
4,1992,31,삼성,14,16,0.4666666666666667,6.0
5,1992,31,쌍방울,10,20,0.3333333333333333,7.0
6,1992,31,태평양,14,14,0.5,4.0
7,1992,31,해태,20,11,0.6451612903225806,2.0
