,Year,Game_idx,Team1,cum_win,cum_lose,Wpct,rank
0,2008,107,KIA,51,56,0.4766355140186916,6.0
1,2008,107,LG,37,70,0.3457943925233645,8.0
2,2008,107,SK,71,36,0.6635514018691588,1.0
3,2008,107,두산,60,47,0.5607476635514018,2.5
4,2008,107,롯데,60,47,0.5607476635514018,2.5
5,2008,107,삼성,54,53,0.5046728971962616,5.0
6,2008,107,한화,57,50,0.5327102803738317,4.0
7,2008,107,히어로즈,41,66,0.3831775700934579,7.0
