,Year,Game_idx,Team1,cum_win,cum_lose,Wpct,rank
0,1996,91,LG,39,47,0.4534883720930232,7.0
1,1996,91,OB,38,51,0.42696629213483145,8.0
2,1996,91,롯데,41,46,0.4712643678160919,5.0
3,1996,91,삼성,40,48,0.4545454545454545,6.0
4,1996,91,쌍방울,44,45,0.4943820224719101,4.0
5,1996,91,한화,47,44,0.5164835164835165,3.0
6,1996,91,해태,54,36,0.6,1.0
7,1996,91,현대,49,37,0.5697674418604651,2.0
