,Year,Game_idx,Team1,cum_win,cum_lose,Wpct,rank
0,1996,70,LG,32,35,0.4776119402985074,5.0
1,1996,70,OB,32,36,0.4705882352941176,6.0
2,1996,70,롯데,31,36,0.4626865671641791,7.5
3,1996,70,삼성,31,36,0.4626865671641791,7.5
4,1996,70,쌍방울,36,33,0.5217391304347826,4.0
5,1996,70,한화,37,33,0.5285714285714286,2.5
6,1996,70,해태,37,33,0.5285714285714286,2.5
7,1996,70,현대,38,29,0.5671641791044776,1.0
