,Year,Game_idx,Team1,cum_win,cum_lose,Wpct,rank
0,2014,40,KIA,17,23,0.425,6.5
1,2014,40,LG,14,25,0.35897435897435903,9.0
2,2014,40,NC,23,17,0.575,3.0
3,2014,40,SK,17,23,0.425,6.5
4,2014,40,넥센,23,17,0.575,3.0
5,2014,40,두산,23,17,0.575,3.0
6,2014,40,롯데,20,19,0.5128205128205128,5.0
7,2014,40,삼성,26,13,0.6666666666666666,1.0
8,2014,40,한화,16,23,0.41025641025641024,8.0
