,Year,Game_idx,Team1,cum_win,cum_lose,Wpct,rank
0,1992,53,LG,18,33,0.35294117647058826,7.0
1,1992,53,OB,24,27,0.4705882352941176,5.0
2,1992,53,롯데,29,24,0.5471698113207547,3.0
3,1992,53,빙그레,35,17,0.6730769230769231,1.0
4,1992,53,삼성,28,24,0.5384615384615384,4.0
5,1992,53,쌍방울,16,36,0.3076923076923077,8.0
6,1992,53,태평양,20,30,0.4,6.0
7,1992,53,해태,35,18,0.660377358490566,2.0
