,Year,Game_idx,Team1,cum_win,cum_lose,Wpct,rank
0,1996,86,LG,36,45,0.4444444444444444,7.0
1,1996,86,OB,37,47,0.4404761904761905,8.0
2,1996,86,롯데,39,43,0.475609756097561,5.0
3,1996,86,삼성,38,45,0.4578313253012048,6.0
4,1996,86,쌍방울,43,41,0.5119047619047619,4.0
5,1996,86,한화,45,41,0.5232558139534884,3.0
6,1996,86,해태,49,36,0.5764705882352941,1.0
7,1996,86,현대,45,36,0.5555555555555556,2.0
