,Year,Game_idx,Team1,cum_win,cum_lose,Wpct,rank
0,2014,76,KIA,36,40,0.4736842105263158,6.0
1,2014,76,LG,32,43,0.4266666666666667,7.0
2,2014,76,NC,44,32,0.5789473684210527,3.0
3,2014,76,SK,31,45,0.4078947368421053,8.0
4,2014,76,넥센,45,30,0.6,2.0
5,2014,76,두산,37,39,0.4868421052631579,5.0
6,2014,76,롯데,39,36,0.52,4.0
7,2014,76,삼성,49,25,0.6621621621621622,1.0
8,2014,76,한화,27,48,0.36,9.0
