,Year,Game_idx,Team1,cum_win,cum_lose,Wpct,rank
0,1992,107,LG,42,62,0.40384615384615385,7.0
1,1992,107,OB,49,55,0.4711538461538462,5.0
2,1992,107,롯데,63,44,0.5887850467289719,3.0
3,1992,107,빙그레,65,40,0.6190476190476191,1.0
4,1992,107,삼성,56,49,0.5333333333333333,4.0
5,1992,107,쌍방울,37,69,0.3490566037735849,8.0
6,1992,107,태평양,45,59,0.4326923076923077,6.0
7,1992,107,해태,64,43,0.5981308411214953,2.0
