,Year,Game_idx,Team1,cum_win,cum_lose,Wpct,rank
0,1991,71,LG,38,32,0.5428571428571428,4.0
1,1991,71,OB,23,48,0.323943661971831,8.0
2,1991,71,롯데,35,35,0.5,5.0
3,1991,71,빙그레,37,31,0.5441176470588235,3.0
4,1991,71,삼성,39,32,0.5492957746478874,2.0
5,1991,71,쌍방울,28,42,0.4,7.0
6,1991,71,태평양,35,36,0.4929577464788733,6.0
7,1991,71,해태,46,23,0.6666666666666666,1.0
