,Year,Game_idx,Team1,cum_win,cum_lose,Wpct,rank
0,1994,119,LG,76,43,0.6386554621848739,1.0
1,1994,119,OB,50,68,0.42372881355932196,7.0
2,1994,119,롯데,53,63,0.456896551724138,6.0
3,1994,119,삼성,57,60,0.4871794871794872,5.0
4,1994,119,쌍방울,43,71,0.3771929824561404,8.0
5,1994,119,태평양,66,50,0.5689655172413793,2.0
6,1994,119,한화,61,56,0.5213675213675214,3.5
7,1994,119,해태,61,56,0.5213675213675214,3.5
