,Year,Game_idx,Team1,cum_win,cum_lose,Wpct,rank
0,1995,18,LG,11,7,0.6111111111111112,2.0
1,1995,18,OB,13,5,0.7222222222222222,1.0
2,1995,18,롯데,7,11,0.3888888888888889,6.5
3,1995,18,삼성,6,12,0.3333333333333333,8.0
4,1995,18,쌍방울,9,9,0.5,4.5
5,1995,18,태평양,9,9,0.5,4.5
6,1995,18,한화,10,8,0.5555555555555556,3.0
7,1995,18,해태,7,11,0.3888888888888889,6.5
