,Year,Game_idx,Team1,cum_win,cum_lose,Wpct,rank
0,2007,88,KIA,34,53,0.3908045977011495,8.0
1,2007,88,LG,42,41,0.5060240963855421,4.0
2,2007,88,SK,51,32,0.6144578313253012,1.0
3,2007,88,두산,45,41,0.5232558139534884,2.0
4,2007,88,롯데,39,46,0.4588235294117647,7.0
5,2007,88,삼성,43,42,0.5058823529411764,5.0
6,2007,88,한화,44,42,0.5116279069767442,3.0
7,2007,88,현대,41,46,0.4712643678160919,6.0
