,Year,Game_idx,Team1,cum_win,cum_lose,Wpct,rank
0,2007,87,KIA,34,52,0.3953488372093023,8.0
1,2007,87,LG,42,40,0.5121951219512195,3.0
2,2007,87,SK,50,32,0.6097560975609756,1.0
3,2007,87,두산,45,40,0.5294117647058824,2.0
4,2007,87,롯데,39,45,0.4642857142857143,7.0
5,2007,87,삼성,43,41,0.5119047619047619,4.0
6,2007,87,한화,43,42,0.5058823529411764,5.0
7,2007,87,현대,40,46,0.4651162790697674,6.0
