,Year,Game_idx,Team1,cum_win,cum_lose,Wpct,rank
0,2010,58,KIA,30,28,0.5172413793103449,3.5
1,2010,58,LG,26,31,0.456140350877193,6.0
2,2010,58,SK,39,19,0.6724137931034483,1.0
3,2010,58,넥센,23,34,0.4035087719298245,8.0
4,2010,58,두산,32,25,0.5614035087719298,2.0
5,2010,58,롯데,27,30,0.4736842105263158,5.0
6,2010,58,삼성,30,28,0.5172413793103449,3.5
7,2010,58,한화,24,34,0.4137931034482759,7.0
