,Year,Game_idx,Team1,cum_win,cum_lose,Wpct,rank
0,1991,88,LG,44,43,0.5057471264367817,4.0
1,1991,88,OB,29,57,0.3372093023255814,8.0
2,1991,88,롯데,42,44,0.4883720930232558,5.0
3,1991,88,빙그레,49,36,0.5764705882352941,2.0
4,1991,88,삼성,49,38,0.5632183908045977,3.0
5,1991,88,쌍방울,36,50,0.4186046511627907,7.0
6,1991,88,태평양,42,45,0.4827586206896552,6.0
7,1991,88,해태,56,30,0.6511627906976745,1.0
