,Year,Game_idx,Team1,cum_win,cum_lose,Wpct,rank
0,2001,52,KIA,25,25,0.5,5.0
1,2001,52,LG,18,31,0.3673469387755102,8.0
2,2001,52,SK,23,28,0.4509803921568628,6.0
3,2001,52,두산,27,22,0.5510204081632653,3.0
4,2001,52,롯데,21,30,0.4117647058823529,7.0
5,2001,52,삼성,31,21,0.5961538461538461,2.0
6,2001,52,한화,26,25,0.5098039215686274,4.0
7,2001,52,현대,31,20,0.6078431372549019,1.0
