,Year,Game_idx,Team1,cum_win,cum_lose,Wpct,rank
0,2002,70,KIA,44,23,0.6567164179104478,1.0
1,2002,70,LG,34,33,0.5074626865671642,4.0
2,2002,70,SK,32,35,0.4776119402985074,6.0
3,2002,70,두산,40,28,0.5882352941176471,2.0
4,2002,70,롯데,19,50,0.2753623188405797,8.0
5,2002,70,삼성,40,30,0.5714285714285714,3.0
6,2002,70,한화,28,39,0.41791044776119396,7.0
7,2002,70,현대,33,33,0.5,5.0
