,Year,Game_idx,Team1,cum_win,cum_lose,Wpct,rank
0,2013,44,KIA,23,20,0.5348837209302325,3.0
1,2013,44,LG,21,23,0.4772727272727273,6.0
2,2013,44,NC,15,27,0.35714285714285715,8.0
3,2013,44,SK,20,23,0.4651162790697674,7.0
4,2013,44,넥센,29,15,0.6590909090909091,1.0
5,2013,44,두산,22,21,0.5116279069767442,5.0
6,2013,44,롯데,22,20,0.5238095238095238,4.0
7,2013,44,삼성,28,16,0.6363636363636364,2.0
8,2013,44,한화,14,29,0.32558139534883723,9.0
