,Year,Game_idx,Team1,cum_win,cum_lose,Wpct,rank
0,2007,32,KIA,13,19,0.40625,8.0
1,2007,32,LG,16,15,0.5161290322580645,3.0
2,2007,32,SK,19,11,0.6333333333333333,1.0
3,2007,32,두산,15,16,0.4838709677419355,5.0
4,2007,32,롯데,16,15,0.5161290322580645,3.0
5,2007,32,삼성,14,16,0.4666666666666667,7.0
6,2007,32,한화,16,15,0.5161290322580645,3.0
7,2007,32,현대,15,17,0.46875,6.0
