,Year,Game_idx,Team1,cum_win,cum_lose,Wpct,rank
0,2007,83,KIA,32,50,0.3902439024390244,8.0
1,2007,83,LG,39,39,0.5,4.5
2,2007,83,SK,47,31,0.6025641025641025,1.0
3,2007,83,두산,44,37,0.5432098765432098,2.0
4,2007,83,롯데,36,44,0.45,7.0
5,2007,83,삼성,40,40,0.5,4.5
6,2007,83,한화,43,38,0.5308641975308642,3.0
7,2007,83,현대,39,44,0.4698795180722892,6.0
