,Year,Game_idx,Team1,cum_win,cum_lose,Wpct,rank
0,2000,127,LG,65,59,0.5241935483870968,4.0
1,2000,127,SK,41,83,0.33064516129032256,8.0
2,2000,127,두산,72,55,0.5669291338582677,2.0
3,2000,127,롯데,63,60,0.5121951219512195,5.0
4,2000,127,삼성,68,54,0.5573770491803278,3.0
5,2000,127,한화,47,75,0.38524590163934425,7.0
6,2000,127,해태,53,70,0.43089430894308944,6.0
7,2000,127,현대,86,39,0.688,1.0
