,Year,Game_idx,Team1,cum_win,cum_lose,Wpct,rank
0,1989,62,MBC,25,34,0.42372881355932196,6.0
1,1989,62,OB,28,33,0.459016393442623,5.0
2,1989,62,롯데,22,38,0.36666666666666653,7.0
3,1989,62,빙그레,36,23,0.6101694915254238,1.0
4,1989,62,삼성,31,28,0.5254237288135594,3.0
5,1989,62,태평양,29,29,0.5,4.0
6,1989,62,해태,36,24,0.6,2.0
