,Year,Game_idx,Team1,cum_win,cum_lose,Wpct,rank
0,1998,101,LG,50,50,0.5,3.0
1,1998,101,OB,43,56,0.4343434343434344,8.0
2,1998,101,롯데,45,53,0.4591836734693878,7.0
3,1998,101,삼성,55,44,0.5555555555555556,2.0
4,1998,101,쌍방울,46,54,0.46,6.0
5,1998,101,한화,46,51,0.4742268041237113,4.0
6,1998,101,해태,47,54,0.4653465346534654,5.0
7,1998,101,현대,66,35,0.6534653465346535,1.0
