,Year,Game_idx,Team1,cum_win,cum_lose,Wpct,rank
0,1991,17,LG,11,5,0.6875,1.0
1,1991,17,OB,10,7,0.5882352941176471,3.0
2,1991,17,롯데,7,10,0.4117647058823529,6.0
3,1991,17,빙그레,6,10,0.375,7.0
4,1991,17,삼성,10,7,0.5882352941176471,3.0
5,1991,17,쌍방울,5,12,0.29411764705882354,8.0
6,1991,17,태평양,9,8,0.5294117647058824,5.0
7,1991,17,해태,10,7,0.5882352941176471,3.0
