,Year,Game_idx,Team1,cum_win,cum_lose,Wpct,rank
0,2011,36,KIA,18,18,0.5,4.0
1,2011,36,LG,21,15,0.5833333333333334,2.0
2,2011,36,SK,24,12,0.6666666666666666,1.0
3,2011,36,넥센,15,21,0.4166666666666667,7.0
4,2011,36,두산,17,18,0.4857142857142857,6.0
5,2011,36,롯데,17,17,0.5,4.0
6,2011,36,삼성,18,18,0.5,4.0
7,2011,36,한화,12,23,0.3428571428571429,8.0
