,Year,Game_idx,Team1,cum_win,cum_lose,Wpct,rank
0,2009,108,KIA,64,40,0.6153846153846154,1.0
1,2009,108,LG,46,59,0.4380952380952381,7.0
2,2009,108,SK,59,44,0.5728155339805825,2.0
3,2009,108,두산,60,46,0.5660377358490566,3.0
4,2009,108,롯데,55,53,0.5092592592592593,4.0
5,2009,108,삼성,54,54,0.5,5.0
6,2009,108,한화,34,71,0.3238095238095238,8.0
7,2009,108,히어로즈,52,55,0.485981308411215,6.0
