,Year,Game_idx,Team1,cum_win,cum_lose,Wpct,rank
0,2000,72,LG,38,32,0.5428571428571428,3.0
1,2000,72,SK,20,51,0.28169014084507044,8.0
2,2000,72,두산,46,26,0.6388888888888888,2.0
3,2000,72,롯데,37,34,0.5211267605633803,5.0
4,2000,72,삼성,37,32,0.5362318840579711,4.0
5,2000,72,한화,28,41,0.4057971014492754,7.0
6,2000,72,해태,32,38,0.4571428571428571,6.0
7,2000,72,현대,47,25,0.6527777777777778,1.0
