,Year,Game_idx,Team1,cum_win,cum_lose,Wpct,rank
0,2012,9,KIA,4,5,0.4444444444444444,5.5
1,2012,9,LG,5,4,0.5555555555555556,4.0
2,2012,9,SK,7,2,0.7777777777777778,1.0
3,2012,9,넥센,4,5,0.4444444444444444,5.5
4,2012,9,두산,5,3,0.625,2.5
5,2012,9,롯데,5,3,0.625,2.5
6,2012,9,삼성,3,6,0.3333333333333333,7.0
7,2012,9,한화,2,7,0.2222222222222222,8.0
