,Year,Game_idx,Team1,cum_win,cum_lose,Wpct,rank
0,1989,99,MBC,37,58,0.3894736842105263,7.0
1,1989,99,OB,46,51,0.4742268041237113,5.0
2,1989,99,롯데,41,55,0.4270833333333333,6.0
3,1989,99,빙그레,57,39,0.59375,1.0
4,1989,99,삼성,49,45,0.5212765957446809,3.0
5,1989,99,태평양,48,47,0.5052631578947369,4.0
6,1989,99,해태,56,40,0.5833333333333334,2.0
