,Year,Game_idx,Team1,cum_win,cum_lose,Wpct,rank
0,2016,86,KIA,39,46,0.4588235294117647,6.0
1,2016,86,LG,36,49,0.4235294117647059,8.5
2,2016,86,NC,53,31,0.6309523809523809,2.0
3,2016,86,SK,44,42,0.5116279069767442,4.0
4,2016,86,kt,34,50,0.4047619047619048,10.0
5,2016,86,넥센,48,37,0.5647058823529412,3.0
6,2016,86,두산,56,29,0.6588235294117647,1.0
7,2016,86,롯데,42,44,0.4883720930232558,5.0
8,2016,86,삼성,36,49,0.4235294117647059,8.5
9,2016,86,한화,36,47,0.43373493975903615,7.0
