,Year,Game_idx,Team1,cum_win,cum_lose,Wpct,rank
0,2011,47,KIA,25,22,0.5319148936170213,4.0
1,2011,47,LG,27,20,0.5744680851063829,2.0
2,2011,47,SK,29,18,0.6170212765957447,1.0
3,2011,47,넥센,17,30,0.3617021276595745,8.0
4,2011,47,두산,21,24,0.4666666666666667,6.0
5,2011,47,롯데,22,22,0.5,5.0
6,2011,47,삼성,25,20,0.5555555555555556,3.0
7,2011,47,한화,19,27,0.4130434782608696,7.0
