,Year,Game_idx,Team1,cum_win,cum_lose,Wpct,rank
0,2000,17,LG,8,9,0.4705882352941176,4.0
1,2000,17,SK,3,14,0.17647058823529413,8.0
2,2000,17,두산,11,6,0.6470588235294118,3.0
3,2000,17,롯데,7,10,0.4117647058823529,5.5
4,2000,17,삼성,14,3,0.8235294117647058,1.0
5,2000,17,한화,6,11,0.35294117647058826,7.0
6,2000,17,해태,7,10,0.4117647058823529,5.5
7,2000,17,현대,13,4,0.7647058823529411,2.0
