,Year,Game_idx,Team1,cum_win,cum_lose,Wpct,rank
0,1998,77,LG,38,38,0.5,3.5
1,1998,77,OB,35,41,0.4605263157894737,6.0
2,1998,77,롯데,30,44,0.40540540540540543,8.0
3,1998,77,삼성,43,33,0.5657894736842105,2.0
4,1998,77,쌍방울,38,39,0.4935064935064935,5.0
5,1998,77,한화,37,37,0.5,3.5
6,1998,77,해태,35,42,0.4545454545454545,7.0
7,1998,77,현대,50,27,0.6493506493506493,1.0
