,Year,Game_idx,Team1,cum_win,cum_lose,Wpct,rank
0,2000,13,LG,6,7,0.4615384615384616,4.0
1,2000,13,SK,3,10,0.2307692307692308,8.0
2,2000,13,두산,9,4,0.6923076923076923,2.5
3,2000,13,롯데,5,8,0.38461538461538464,6.0
4,2000,13,삼성,11,2,0.8461538461538461,1.0
5,2000,13,한화,5,8,0.38461538461538464,6.0
6,2000,13,해태,5,8,0.38461538461538464,6.0
7,2000,13,현대,9,4,0.6923076923076923,2.5
