,Year,Game_idx,Team1,cum_win,cum_lose,Wpct,rank
0,1997,9,LG,6,3,0.6666666666666666,1.5
1,1997,9,OB,4,4,0.5,5.0
2,1997,9,롯데,3,6,0.3333333333333333,7.0
3,1997,9,삼성,2,6,0.25,8.0
4,1997,9,쌍방울,5,4,0.5555555555555556,3.5
5,1997,9,한화,6,3,0.6666666666666666,1.5
6,1997,9,해태,5,4,0.5555555555555556,3.5
7,1997,9,현대,4,5,0.4444444444444444,6.0
