,Year,Game_idx,Team1,cum_win,cum_lose,Wpct,rank
0,2011,84,KIA,50,34,0.5952380952380952,2.0
1,2011,84,LG,42,42,0.5,4.0
2,2011,84,SK,47,37,0.5595238095238095,3.0
3,2011,84,넥센,32,52,0.3809523809523809,8.0
4,2011,84,두산,35,47,0.4268292682926829,7.0
5,2011,84,롯데,39,42,0.4814814814814815,5.0
6,2011,84,삼성,49,33,0.5975609756097561,1.0
7,2011,84,한화,36,47,0.43373493975903615,6.0
