,Year,Game_idx,Team1,cum_win,cum_lose,Wpct,rank
0,1999,108,LG,54,54,0.5,6.0
1,1999,108,두산,60,43,0.5825242718446602,1.5
2,1999,108,롯데,60,43,0.5825242718446602,1.5
3,1999,108,삼성,59,47,0.5566037735849056,3.0
4,1999,108,쌍방울,24,79,0.2330097087378641,8.0
5,1999,108,한화,55,51,0.5188679245283019,5.0
6,1999,108,해태,52,54,0.490566037735849,7.0
7,1999,108,현대,54,49,0.5242718446601942,4.0
