,Year,Game_idx,Team1,cum_win,cum_lose,Wpct,rank
0,2015,66,KIA,34,32,0.5151515151515151,6.0
1,2015,66,LG,28,37,0.4307692307692308,9.0
2,2015,66,NC,38,27,0.5846153846153846,1.0
3,2015,66,SK,32,33,0.4923076923076923,7.0
4,2015,66,kt,19,47,0.2878787878787879,10.0
5,2015,66,넥센,36,29,0.5538461538461539,4.0
6,2015,66,두산,38,28,0.5757575757575758,2.5
7,2015,66,롯데,31,35,0.4696969696969697,8.0
8,2015,66,삼성,38,28,0.5757575757575758,2.5
9,2015,66,한화,35,31,0.5303030303030303,5.0
