,Year,Game_idx,Team1,cum_win,cum_lose,Wpct,rank
0,2010,46,KIA,22,24,0.4782608695652174,4.0
1,2010,46,LG,20,25,0.4444444444444444,6.0
2,2010,46,SK,31,15,0.6739130434782609,1.0
3,2010,46,넥센,18,28,0.39130434782608703,8.0
4,2010,46,두산,26,19,0.5777777777777777,2.0
5,2010,46,롯데,21,25,0.4565217391304348,5.0
6,2010,46,삼성,25,21,0.5434782608695652,3.0
7,2010,46,한화,19,27,0.4130434782608696,7.0
