,Year,Game_idx,Team1,cum_win,cum_lose,Wpct,rank
0,1995,110,LG,64,43,0.5981308411214953,2.0
1,1995,110,OB,63,42,0.6,1.0
2,1995,110,롯데,60,45,0.5714285714285714,3.0
3,1995,110,삼성,53,51,0.5096153846153846,5.0
4,1995,110,쌍방울,38,69,0.35514018691588783,8.0
5,1995,110,태평양,43,63,0.4056603773584906,7.0
6,1995,110,한화,51,59,0.4636363636363636,6.0
7,1995,110,해태,55,51,0.5188679245283019,4.0
