,Year,Game_idx,Team1,cum_win,cum_lose,Wpct,rank
0,2003,104,KIA,58,42,0.58,3.0
1,2003,104,LG,50,52,0.4901960784313725,5.0
2,2003,104,SK,53,49,0.5196078431372549,4.0
3,2003,104,두산,42,60,0.4117647058823529,7.0
4,2003,104,롯데,29,72,0.2871287128712871,8.0
5,2003,104,삼성,63,39,0.6176470588235294,2.0
6,2003,104,한화,47,53,0.47,6.0
7,2003,104,현대,65,37,0.6372549019607843,1.0
