,Year,Game_idx,Team1,cum_win,cum_lose,Wpct,rank
0,2011,19,KIA,10,9,0.5263157894736842,4.0
1,2011,19,LG,10,9,0.5263157894736842,4.0
2,2011,19,SK,14,5,0.7368421052631579,1.0
3,2011,19,넥센,7,12,0.3684210526315789,6.0
4,2011,19,두산,12,6,0.6666666666666666,2.0
5,2011,19,롯데,6,11,0.35294117647058826,7.0
6,2011,19,삼성,10,9,0.5263157894736842,4.0
7,2011,19,한화,5,13,0.2777777777777778,8.0
