,Year,Game_idx,Team1,cum_win,cum_lose,Wpct,rank
0,2012,115,KIA,53,57,0.4818181818181818,5.0
1,2012,115,LG,50,61,0.4504504504504505,7.0
2,2012,115,SK,60,52,0.5357142857142857,3.0
3,2012,115,넥센,53,60,0.4690265486725664,6.0
4,2012,115,두산,60,53,0.5309734513274337,4.0
5,2012,115,롯데,61,49,0.5545454545454546,2.0
6,2012,115,삼성,66,47,0.584070796460177,1.0
7,2012,115,한화,45,68,0.3982300884955752,8.0
