,Year,Game_idx,Team1,cum_win,cum_lose,Wpct,rank
0,1999,127,LG,59,68,0.4645669291338583,7.0
1,1999,127,두산,71,51,0.5819672131147541,2.0
2,1999,127,롯데,72,50,0.5901639344262295,1.0
3,1999,127,삼성,70,55,0.56,3.0
4,1999,127,쌍방울,27,94,0.2231404958677686,8.0
5,1999,127,한화,69,56,0.552,4.0
6,1999,127,해태,59,65,0.4758064516129033,6.0
7,1999,127,현대,65,57,0.5327868852459017,5.0
