,Year,Game_idx,Team1,cum_win,cum_lose,Wpct,rank
0,2000,44,LG,22,22,0.5,4.0
1,2000,44,SK,13,31,0.2954545454545455,8.0
2,2000,44,두산,29,15,0.6590909090909091,2.0
3,2000,44,롯데,20,24,0.4545454545454545,5.0
4,2000,44,삼성,26,18,0.5909090909090909,3.0
5,2000,44,한화,17,26,0.3953488372093023,6.0
6,2000,44,해태,16,27,0.372093023255814,7.0
7,2000,44,현대,31,13,0.7045454545454546,1.0
