,Year,Game_idx,Team1,cum_win,cum_lose,Wpct,rank
0,1989,86,MBC,32,50,0.3902439024390244,7.0
1,1989,86,OB,42,42,0.5,3.5
2,1989,86,롯데,34,49,0.40963855421686746,6.0
3,1989,86,빙그레,49,34,0.5903614457831325,2.0
4,1989,86,삼성,40,41,0.4938271604938271,5.0
5,1989,86,태평양,41,41,0.5,3.5
6,1989,86,해태,50,33,0.6024096385542169,1.0
