,Year,Game_idx,Team1,cum_win,cum_lose,Wpct,rank
0,2007,45,KIA,18,26,0.4090909090909091,8.0
1,2007,45,LG,22,21,0.5116279069767442,4.0
2,2007,45,SK,23,18,0.5609756097560976,1.0
3,2007,45,두산,23,21,0.5227272727272727,3.0
4,2007,45,롯데,20,23,0.4651162790697674,7.0
5,2007,45,삼성,21,21,0.5,5.0
6,2007,45,한화,24,20,0.5454545454545454,2.0
7,2007,45,현대,21,24,0.4666666666666667,6.0
