,Year,Game_idx,Team1,cum_win,cum_lose,Wpct,rank
0,2006,23,KIA,11,11,0.5,5.0
1,2006,23,LG,8,14,0.3636363636363637,7.0
2,2006,23,SK,14,9,0.6086956521739131,1.5
3,2006,23,두산,8,13,0.3809523809523809,6.0
4,2006,23,롯데,7,16,0.3043478260869565,8.0
5,2006,23,삼성,13,9,0.5909090909090909,3.5
6,2006,23,한화,13,9,0.5909090909090909,3.5
7,2006,23,현대,14,9,0.6086956521739131,1.5
