,Year,Game_idx,Team1,cum_win,cum_lose,Wpct,rank
0,2003,60,KIA,31,28,0.5254237288135594,4.0
1,2003,60,LG,28,30,0.4827586206896552,5.0
2,2003,60,SK,39,20,0.6610169491525424,1.0
3,2003,60,두산,19,41,0.31666666666666665,8.0
4,2003,60,롯데,19,39,0.3275862068965517,7.0
5,2003,60,삼성,37,21,0.6379310344827587,2.0
6,2003,60,한화,27,30,0.4736842105263158,6.0
7,2003,60,현대,35,24,0.5932203389830508,3.0
