,Year,Game_idx,Team1,cum_win,cum_lose,Wpct,rank
0,1989,93,MBC,33,56,0.3707865168539326,7.0
1,1989,93,OB,45,46,0.4945054945054945,5.0
2,1989,93,롯데,39,51,0.43333333333333335,6.0
3,1989,93,빙그레,55,35,0.6111111111111112,1.0
4,1989,93,삼성,45,43,0.5113636363636364,3.0
5,1989,93,태평양,45,44,0.5056179775280899,4.0
6,1989,93,해태,52,38,0.5777777777777777,2.0
