,Year,Game_idx,Team1,cum_win,cum_lose,Wpct,rank
0,1994,70,LG,44,26,0.6285714285714286,1.0
1,1994,70,OB,30,39,0.43478260869565216,7.0
2,1994,70,롯데,31,36,0.4626865671641791,6.0
3,1994,70,삼성,34,35,0.4927536231884058,5.0
4,1994,70,쌍방울,22,46,0.3235294117647059,8.0
5,1994,70,태평양,37,31,0.5441176470588235,3.0
6,1994,70,한화,39,30,0.5652173913043478,2.0
7,1994,70,해태,36,32,0.5294117647058824,4.0
