,Year,Game_idx,Team1,cum_win,cum_lose,Wpct,rank
0,2007,4,KIA,2,2,0.5,4.5
1,2007,4,LG,2,2,0.5,4.5
2,2007,4,SK,1,2,0.3333333333333333,6.0
3,2007,4,두산,1,3,0.25,7.5
4,2007,4,롯데,3,1,0.75,1.5
5,2007,4,삼성,3,1,0.75,1.5
6,2007,4,한화,2,1,0.6666666666666666,3.0
7,2007,4,현대,1,3,0.25,7.5
