,Year,Game_idx,Team1,cum_win,cum_lose,Wpct,rank
0,2011,66,KIA,37,29,0.5606060606060606,3.0
1,2011,66,LG,36,30,0.5454545454545454,4.0
2,2011,66,SK,38,28,0.5757575757575758,2.0
3,2011,66,넥센,24,42,0.3636363636363637,8.0
4,2011,66,두산,29,35,0.453125,5.0
5,2011,66,롯데,28,35,0.4444444444444444,7.0
6,2011,66,삼성,38,26,0.59375,1.0
7,2011,66,한화,29,36,0.4461538461538462,6.0
