,Year,Game_idx,Team1,cum_win,cum_lose,Wpct,rank
0,1998,124,LG,62,61,0.5040650406504065,3.0
1,1998,124,OB,59,62,0.487603305785124,5.0
2,1998,124,롯데,50,70,0.4166666666666667,8.0
3,1998,124,삼성,64,58,0.5245901639344263,2.0
4,1998,124,쌍방울,56,66,0.459016393442623,7.0
5,1998,124,한화,55,64,0.4621848739495799,6.0
6,1998,124,해태,61,62,0.4959349593495935,4.0
7,1998,124,현대,81,43,0.6532258064516129,1.0
