,Year,Game_idx,Team1,cum_win,cum_lose,Wpct,rank
0,2004,66,KIA,29,33,0.4677419354838709,6.0
1,2004,66,LG,31,33,0.484375,5.0
2,2004,66,SK,28,32,0.4666666666666667,7.0
3,2004,66,두산,35,30,0.5384615384615384,3.0
4,2004,66,롯데,22,35,0.3859649122807017,8.0
5,2004,66,삼성,33,27,0.55,2.0
6,2004,66,한화,31,31,0.5,4.0
7,2004,66,현대,36,26,0.5806451612903226,1.0
