,Year,Game_idx,Team1,cum_win,cum_lose,Wpct,rank
0,1999,56,LG,29,27,0.5178571428571429,5.0
1,1999,56,두산,32,22,0.5925925925925926,2.0
2,1999,56,롯데,33,19,0.6346153846153846,1.0
3,1999,56,삼성,30,24,0.5555555555555556,3.0
4,1999,56,쌍방울,12,41,0.22641509433962265,8.0
5,1999,56,한화,25,29,0.462962962962963,7.0
6,1999,56,해태,26,30,0.4642857142857143,6.0
7,1999,56,현대,29,24,0.5471698113207547,4.0
