,Year,Game_idx,Team1,cum_win,cum_lose,Wpct,rank
0,1999,17,LG,10,7,0.5882352941176471,2.0
1,1999,17,두산,8,8,0.5,5.5
2,1999,17,롯데,12,5,0.7058823529411765,1.0
3,1999,17,삼성,8,8,0.5,5.5
4,1999,17,쌍방울,5,12,0.29411764705882354,8.0
5,1999,17,한화,9,8,0.5294117647058824,3.5
6,1999,17,해태,9,8,0.5294117647058824,3.5
7,1999,17,현대,7,10,0.4117647058823529,7.0
