,Year,Game_idx,Team1,cum_win,cum_lose,Wpct,rank
0,2016,121,KIA,59,61,0.4916666666666666,4.0
1,2016,121,LG,57,63,0.475,6.0
2,2016,121,NC,70,49,0.5882352941176471,2.0
3,2016,121,SK,59,62,0.487603305785124,5.0
4,2016,121,kt,46,73,0.3865546218487395,10.0
5,2016,121,넥센,68,52,0.5666666666666667,3.0
6,2016,121,두산,78,42,0.65,1.0
7,2016,121,롯데,55,66,0.4545454545454545,8.0
8,2016,121,삼성,53,67,0.44166666666666665,9.0
9,2016,121,한화,54,64,0.4576271186440678,7.0
