,Year,Game_idx,Team1,cum_win,cum_lose,Wpct,rank
0,2002,52,KIA,30,19,0.6122448979591837,2.0
1,2002,52,LG,23,27,0.46,5.0
2,2002,52,SK,23,28,0.4509803921568628,6.0
3,2002,52,두산,29,22,0.5686274509803921,3.0
4,2002,52,롯데,17,34,0.3333333333333333,8.0
5,2002,52,삼성,33,19,0.6346153846153846,1.0
6,2002,52,한화,22,28,0.44,7.0
7,2002,52,현대,23,25,0.4791666666666667,4.0
