,Year,Game_idx,Team1,cum_win,cum_lose,Wpct,rank
0,1993,74,LG,43,30,0.589041095890411,2.0
1,1993,74,OB,34,35,0.4927536231884058,4.0
2,1993,74,롯데,36,38,0.4864864864864865,5.0
3,1993,74,빙그레,31,41,0.4305555555555556,6.0
4,1993,74,삼성,38,32,0.5428571428571428,3.0
5,1993,74,쌍방울,28,42,0.4,7.0
6,1993,74,태평양,24,43,0.3582089552238806,8.0
7,1993,74,해태,48,25,0.6575342465753424,1.0
