,Year,Game_idx,Team1,cum_win,cum_lose,Wpct,rank
0,2012,58,KIA,24,30,0.4444444444444444,7.0
1,2012,58,LG,29,27,0.5178571428571429,3.5
2,2012,58,SK,33,24,0.5789473684210527,1.0
3,2012,58,넥센,29,27,0.5178571428571429,3.5
4,2012,58,두산,29,28,0.5087719298245614,5.5
5,2012,58,롯데,29,26,0.5272727272727272,2.0
6,2012,58,삼성,29,28,0.5087719298245614,5.5
7,2012,58,한화,21,36,0.3684210526315789,8.0
