,Year,Game_idx,Team1,cum_win,cum_lose,Wpct,rank
0,1997,53,LG,33,19,0.6346153846153846,1.0
1,1997,53,OB,29,21,0.58,3.0
2,1997,53,롯데,20,33,0.37735849056603776,7.0
3,1997,53,삼성,28,21,0.5714285714285714,4.0
4,1997,53,쌍방울,26,27,0.490566037735849,5.0
5,1997,53,한화,18,33,0.35294117647058826,8.0
6,1997,53,해태,31,22,0.5849056603773585,2.0
7,1997,53,현대,20,30,0.4,6.0
