,Year,Game_idx,Team1,cum_win,cum_lose,Wpct,rank
0,1991,52,LG,25,26,0.4901960784313725,6.0
1,1991,52,OB,20,32,0.38461538461538464,7.5
2,1991,52,롯데,26,25,0.5098039215686274,4.0
3,1991,52,빙그레,26,24,0.52,3.0
4,1991,52,삼성,28,24,0.5384615384615384,2.0
5,1991,52,쌍방울,20,32,0.38461538461538464,7.5
6,1991,52,태평양,26,26,0.5,5.0
7,1991,52,해태,34,18,0.6538461538461539,1.0
