,Year,Game_idx,Team1,cum_win,cum_lose,Wpct,rank
0,1990,108,LG,63,45,0.5833333333333334,2.0
1,1990,108,OB,33,71,0.3173076923076923,7.0
2,1990,108,롯데,40,64,0.38461538461538464,6.0
3,1990,108,빙그레,64,42,0.6037735849056604,1.0
4,1990,108,삼성,60,46,0.5660377358490566,3.0
5,1990,108,태평양,51,54,0.4857142857142857,5.0
6,1990,108,해태,59,46,0.5619047619047619,4.0
