,Year,Game_idx,Team1,cum_win,cum_lose,Wpct,rank
0,1989,8,MBC,5,3,0.625,2.5
1,1989,8,OB,1,7,0.125,7.0
2,1989,8,롯데,4,4,0.5,5.0
3,1989,8,빙그레,3,4,0.42857142857142855,6.0
4,1989,8,삼성,4,3,0.5714285714285714,4.0
5,1989,8,태평양,5,3,0.625,2.5
6,1989,8,해태,6,2,0.75,1.0
