,Year,Game_idx,Team1,cum_win,cum_lose,Wpct,rank
0,2004,67,KIA,30,33,0.4761904761904762,6.0
1,2004,67,LG,31,34,0.476923076923077,5.0
2,2004,67,SK,28,32,0.4666666666666667,7.0
3,2004,67,두산,36,30,0.5454545454545454,2.0
4,2004,67,롯데,22,36,0.3793103448275862,8.0
5,2004,67,삼성,33,28,0.5409836065573771,3.0
6,2004,67,한화,31,32,0.492063492063492,4.0
7,2004,67,현대,37,26,0.5873015873015873,1.0
