,Year,Game_idx,Team1,cum_win,cum_lose,Wpct,rank
0,2013,37,KIA,20,16,0.5555555555555556,3.5
1,2013,37,LG,16,21,0.4324324324324325,7.0
2,2013,37,NC,10,25,0.2857142857142857,9.0
3,2013,37,SK,18,18,0.5,5.0
4,2013,37,넥센,25,12,0.6756756756756757,1.5
5,2013,37,두산,20,16,0.5555555555555556,3.5
6,2013,37,롯데,17,18,0.4857142857142857,6.0
7,2013,37,삼성,25,12,0.6756756756756757,1.5
8,2013,37,한화,11,25,0.3055555555555556,8.0
