,Year,Game_idx,Team1,cum_win,cum_lose,Wpct,rank
0,1999,116,LG,57,59,0.4913793103448276,6.0
1,1999,116,두산,64,47,0.5765765765765766,1.5
2,1999,116,롯데,64,47,0.5765765765765766,1.5
3,1999,116,삼성,63,51,0.5526315789473685,3.0
4,1999,116,쌍방울,27,84,0.2432432432432433,8.0
5,1999,116,한화,60,54,0.5263157894736842,5.0
6,1999,116,해태,55,59,0.4824561403508772,7.0
7,1999,116,현대,59,52,0.5315315315315315,4.0
