,Year,Game_idx,Team1,cum_win,cum_lose,Wpct,rank
0,2003,66,KIA,33,32,0.5076923076923077,4.0
1,2003,66,LG,32,32,0.5,5.0
2,2003,66,SK,42,23,0.6461538461538462,2.0
3,2003,66,두산,21,45,0.3181818181818182,7.0
4,2003,66,롯데,20,44,0.3125,8.0
5,2003,66,삼성,42,22,0.65625,1.0
6,2003,66,한화,29,34,0.4603174603174603,6.0
7,2003,66,현대,40,25,0.6153846153846154,3.0
