,Year,Game_idx,Team1,cum_win,cum_lose,Wpct,rank
0,1991,66,LG,34,31,0.5230769230769231,4.0
1,1991,66,OB,23,43,0.3484848484848485,8.0
2,1991,66,롯데,33,32,0.5076923076923077,5.0
3,1991,66,빙그레,33,30,0.5238095238095238,3.0
4,1991,66,삼성,35,31,0.5303030303030303,2.0
5,1991,66,쌍방울,26,40,0.3939393939393939,7.0
6,1991,66,태평양,33,33,0.5,6.0
7,1991,66,해태,43,22,0.6615384615384615,1.0
