,Year,Game_idx,Team1,cum_win,cum_lose,Wpct,rank
0,2008,9,KIA,3,6,0.3333333333333333,6.5
1,2008,9,LG,3,6,0.3333333333333333,6.5
2,2008,9,SK,6,3,0.6666666666666666,3.0
3,2008,9,두산,3,6,0.3333333333333333,6.5
4,2008,9,롯데,7,2,0.7777777777777778,1.0
5,2008,9,삼성,6,3,0.6666666666666666,3.0
6,2008,9,한화,3,6,0.3333333333333333,6.5
7,2008,9,히어로즈,6,3,0.6666666666666666,3.0
