,Year,Game_idx,Team1,cum_win,cum_lose,Wpct,rank
0,2009,84,KIA,45,35,0.5625,2.0
1,2009,84,LG,38,43,0.4691358024691358,6.0
2,2009,84,SK,47,32,0.5949367088607594,1.0
3,2009,84,두산,46,36,0.5609756097560976,3.0
4,2009,84,롯데,42,42,0.5,4.5
5,2009,84,삼성,42,42,0.5,4.5
6,2009,84,한화,28,53,0.34567901234567894,8.0
7,2009,84,히어로즈,38,45,0.4578313253012048,7.0
