,Year,Game_idx,Team1,cum_win,cum_lose,Wpct,rank
0,1989,115,MBC,46,65,0.4144144144144144,6.0
1,1989,115,OB,51,61,0.4553571428571429,5.0
2,1989,115,롯데,45,65,0.4090909090909091,7.0
3,1989,115,빙그레,69,43,0.6160714285714286,1.0
4,1989,115,삼성,55,55,0.5,4.0
5,1989,115,태평양,57,54,0.5135135135135135,3.0
6,1989,115,해태,64,47,0.5765765765765766,2.0
