,Year,Game_idx,Team1,cum_win,cum_lose,Wpct,rank
0,2016,46,KIA,21,25,0.4565217391304348,7.5
1,2016,46,LG,22,23,0.4888888888888889,5.0
2,2016,46,NC,26,19,0.5777777777777777,2.0
3,2016,46,SK,25,21,0.5434782608695652,3.0
4,2016,46,kt,19,25,0.4318181818181818,9.0
5,2016,46,넥센,23,22,0.5111111111111111,4.0
6,2016,46,두산,33,12,0.7333333333333333,1.0
7,2016,46,롯데,22,24,0.4782608695652174,6.0
8,2016,46,삼성,21,25,0.4565217391304348,7.5
9,2016,46,한화,14,31,0.3111111111111111,10.0
