,Year,Game_idx,Team1,cum_win,cum_lose,Wpct,rank
0,2000,94,LG,45,46,0.4945054945054945,5.0
1,2000,94,SK,25,67,0.2717391304347826,8.0
2,2000,94,두산,56,38,0.5957446808510638,2.0
3,2000,94,롯데,49,44,0.5268817204301075,4.0
4,2000,94,삼성,52,38,0.5777777777777777,3.0
5,2000,94,한화,36,54,0.4,7.0
6,2000,94,해태,40,52,0.43478260869565216,6.0
7,2000,94,현대,63,30,0.6774193548387096,1.0
