,Year,Game_idx,Team1,cum_win,cum_lose,Wpct,rank
0,2016,85,KIA,39,45,0.4642857142857143,6.0
1,2016,85,LG,36,48,0.42857142857142855,8.0
2,2016,85,NC,52,31,0.6265060240963856,2.0
3,2016,85,SK,43,42,0.5058823529411764,4.0
4,2016,85,kt,34,49,0.40963855421686746,10.0
5,2016,85,넥센,48,36,0.5714285714285714,3.0
6,2016,85,두산,56,28,0.6666666666666666,1.0
7,2016,85,롯데,41,44,0.4823529411764706,5.0
8,2016,85,삼성,35,49,0.4166666666666667,9.0
9,2016,85,한화,36,46,0.4390243902439024,7.0
