,Year,Game_idx,Team1,cum_win,cum_lose,Wpct,rank
0,2002,72,KIA,46,23,0.6666666666666666,1.0
1,2002,72,LG,35,34,0.5072463768115942,4.0
2,2002,72,SK,33,36,0.4782608695652174,6.0
3,2002,72,두산,41,29,0.5857142857142857,2.0
4,2002,72,롯데,20,51,0.28169014084507044,8.0
5,2002,72,삼성,40,31,0.5633802816901409,3.0
6,2002,72,한화,30,39,0.43478260869565216,7.0
7,2002,72,현대,34,34,0.5,5.0
