,Year,Game_idx,Team1,cum_win,cum_lose,Wpct,rank
0,2016,88,KIA,40,47,0.4597701149425287,6.0
1,2016,88,LG,37,50,0.4252873563218391,8.5
2,2016,88,NC,53,33,0.6162790697674418,2.0
3,2016,88,SK,44,44,0.5,4.0
4,2016,88,kt,35,51,0.4069767441860465,10.0
5,2016,88,넥센,50,37,0.5747126436781609,3.0
6,2016,88,두산,57,30,0.6551724137931034,1.0
7,2016,88,롯데,43,45,0.4886363636363637,5.0
8,2016,88,삼성,37,50,0.4252873563218391,8.5
9,2016,88,한화,37,48,0.4352941176470588,7.0
