,Year,Game_idx,Team1,cum_win,cum_lose,Wpct,rank
0,1994,61,LG,40,21,0.6557377049180327,1.0
1,1994,61,OB,27,33,0.45,6.0
2,1994,61,롯데,26,32,0.4482758620689655,7.0
3,1994,61,삼성,30,30,0.5,5.0
4,1994,61,쌍방울,18,41,0.3050847457627119,8.0
5,1994,61,태평양,33,26,0.559322033898305,2.5
6,1994,61,한화,31,29,0.5166666666666667,4.0
7,1994,61,해태,33,26,0.559322033898305,2.5
