,Year,Game_idx,Team1,cum_win,cum_lose,Wpct,rank
0,2015,85,KIA,40,45,0.4705882352941176,7.0
1,2015,85,LG,37,47,0.4404761904761905,9.0
2,2015,85,NC,48,35,0.5783132530120482,2.0
3,2015,85,SK,43,40,0.5180722891566265,6.0
4,2015,85,kt,28,57,0.32941176470588235,10.0
5,2015,85,넥센,46,38,0.5476190476190477,4.0
6,2015,85,두산,49,36,0.5764705882352941,3.0
7,2015,85,롯데,39,46,0.4588235294117647,8.0
8,2015,85,삼성,50,35,0.5882352941176471,1.0
9,2015,85,한화,45,40,0.5294117647058824,5.0
