,Year,Game_idx,Team1,cum_win,cum_lose,Wpct,rank
0,2016,117,KIA,57,59,0.4913793103448276,5.0
1,2016,117,LG,56,60,0.4827586206896552,6.0
2,2016,117,NC,69,46,0.6,2.0
3,2016,117,SK,58,59,0.4957264957264957,4.0
4,2016,117,kt,44,71,0.3826086956521739,10.0
5,2016,117,넥센,65,51,0.5603448275862069,3.0
6,2016,117,두산,74,42,0.6379310344827587,1.0
7,2016,117,롯데,53,64,0.45299145299145294,8.0
8,2016,117,삼성,51,65,0.4396551724137931,9.0
9,2016,117,한화,52,62,0.456140350877193,7.0
