,Year,Game_idx,Team1,cum_win,cum_lose,Wpct,rank
0,2013,120,KIA,49,69,0.4152542372881356,7.0
1,2013,120,LG,71,49,0.5916666666666667,2.0
2,2013,120,NC,48,68,0.4137931034482759,8.0
3,2013,120,SK,59,59,0.5,6.0
4,2013,120,넥센,68,50,0.576271186440678,3.0
5,2013,120,두산,66,51,0.5641025641025641,4.0
6,2013,120,롯데,59,57,0.5086206896551724,5.0
7,2013,120,삼성,71,47,0.6016949152542372,1.0
8,2013,120,한화,39,80,0.3277310924369748,9.0
