,Year,Game_idx,Team1,cum_win,cum_lose,Wpct,rank
0,2014,54,KIA,24,30,0.4444444444444444,7.0
1,2014,54,LG,19,34,0.3584905660377358,8.5
2,2014,54,NC,34,20,0.6296296296296297,2.0
3,2014,54,SK,26,28,0.4814814814814815,6.0
4,2014,54,넥센,29,25,0.5370370370370371,3.5
5,2014,54,두산,29,25,0.5370370370370371,3.5
6,2014,54,롯데,27,26,0.5094339622641509,5.0
7,2014,54,삼성,34,18,0.6538461538461539,1.0
8,2014,54,한화,19,34,0.3584905660377358,8.5
