,Year,Game_idx,Team1,cum_win,cum_lose,Wpct,rank
0,1989,49,MBC,20,27,0.425531914893617,6.0
1,1989,49,OB,22,26,0.4583333333333333,4.0
2,1989,49,롯데,16,32,0.3333333333333333,7.0
3,1989,49,빙그레,28,19,0.5957446808510638,3.0
4,1989,49,삼성,29,19,0.6041666666666666,2.0
5,1989,49,태평양,21,25,0.4565217391304348,5.0
6,1989,49,해태,30,17,0.6382978723404256,1.0
