,Year,Game_idx,Team1,cum_win,cum_lose,Wpct,rank
0,2001,15,KIA,7,8,0.4666666666666667,5.0
1,2001,15,LG,5,10,0.3333333333333333,7.5
2,2001,15,SK,8,7,0.5333333333333333,4.0
3,2001,15,두산,9,6,0.6,3.0
4,2001,15,롯데,5,10,0.3333333333333333,7.5
5,2001,15,삼성,10,5,0.6666666666666666,1.5
6,2001,15,한화,10,5,0.6666666666666666,1.5
7,2001,15,현대,6,9,0.4,6.0
