,Year,Game_idx,Team1,cum_win,cum_lose,Wpct,rank
0,1994,102,LG,64,38,0.6274509803921569,1.0
1,1994,102,OB,47,54,0.4653465346534654,6.0
2,1994,102,롯데,44,55,0.4444444444444444,7.0
3,1994,102,삼성,51,50,0.504950495049505,5.0
4,1994,102,쌍방울,35,64,0.35353535353535354,8.0
5,1994,102,태평양,55,44,0.5555555555555556,2.0
6,1994,102,한화,54,47,0.5346534653465347,3.0
7,1994,102,해태,51,49,0.51,4.0
