,Year,Game_idx,Team1,cum_win,cum_lose,Wpct,rank
0,2000,15,LG,8,7,0.5333333333333333,4.0
1,2000,15,SK,3,12,0.2,8.0
2,2000,15,두산,10,5,0.6666666666666666,3.0
3,2000,15,롯데,6,9,0.4,5.5
4,2000,15,삼성,12,3,0.8,1.0
5,2000,15,한화,6,9,0.4,5.5
6,2000,15,해태,5,10,0.3333333333333333,7.0
7,2000,15,현대,11,4,0.7333333333333333,2.0
