,Year,Game_idx,Team1,cum_win,cum_lose,Wpct,rank
0,2014,65,KIA,29,36,0.4461538461538462,6.0
1,2014,65,LG,25,39,0.390625,8.0
2,2014,65,NC,40,25,0.6153846153846154,2.0
3,2014,65,SK,28,37,0.4307692307692308,7.0
4,2014,65,넥센,36,28,0.5625,3.0
5,2014,65,두산,32,33,0.4923076923076923,5.0
6,2014,65,롯데,34,30,0.53125,4.0
7,2014,65,삼성,42,21,0.6666666666666666,1.0
8,2014,65,한화,23,41,0.359375,9.0
