,Year,Game_idx,Team1,cum_win,cum_lose,Wpct,rank
0,2011,42,KIA,21,21,0.5,4.0
1,2011,42,LG,24,18,0.5714285714285714,2.0
2,2011,42,SK,27,15,0.6428571428571429,1.0
3,2011,42,넥센,15,27,0.35714285714285715,8.0
4,2011,42,두산,18,22,0.45,6.0
5,2011,42,롯데,19,20,0.4871794871794872,5.0
6,2011,42,삼성,22,19,0.5365853658536586,3.0
7,2011,42,한화,16,25,0.3902439024390244,7.0
