,Year,Game_idx,Team1,cum_win,cum_lose,Wpct,rank
0,1993,16,LG,10,6,0.625,3.0
1,1993,16,OB,6,10,0.375,6.0
2,1993,16,롯데,8,8,0.5,5.0
3,1993,16,빙그레,9,7,0.5625,4.0
4,1993,16,삼성,10,5,0.6666666666666666,2.0
5,1993,16,쌍방울,5,11,0.3125,7.0
6,1993,16,태평양,4,11,0.26666666666666666,8.0
7,1993,16,해태,12,4,0.75,1.0
