,Year,Game_idx,Team1,cum_win,cum_lose,Wpct,rank
0,2006,29,KIA,14,14,0.5,5.0
1,2006,29,LG,10,18,0.35714285714285715,7.0
2,2006,29,SK,17,12,0.5862068965517241,3.0
3,2006,29,두산,10,17,0.3703703703703704,6.0
4,2006,29,롯데,8,21,0.27586206896551724,8.0
5,2006,29,삼성,16,12,0.5714285714285714,4.0
6,2006,29,한화,18,10,0.6428571428571429,2.0
7,2006,29,현대,19,10,0.6551724137931034,1.0
