,Year,Game_idx,Team1,cum_win,cum_lose,Wpct,rank
0,2001,67,KIA,31,34,0.476923076923077,4.0
1,2001,67,LG,27,37,0.421875,6.0
2,2001,67,SK,27,39,0.4090909090909091,8.0
3,2001,67,두산,32,32,0.5,3.0
4,2001,67,롯데,27,38,0.4153846153846154,7.0
5,2001,67,삼성,43,24,0.6417910447761194,2.0
6,2001,67,한화,31,35,0.4696969696969697,5.0
7,2001,67,현대,43,23,0.6515151515151515,1.0
