,Year,Game_idx,Team1,cum_win,cum_lose,Wpct,rank
0,2010,37,KIA,19,18,0.5135135135135135,4.0
1,2010,37,LG,14,22,0.3888888888888889,7.0
2,2010,37,SK,28,9,0.7567567567567568,1.0
3,2010,37,넥센,15,22,0.40540540540540543,6.0
4,2010,37,두산,23,13,0.6388888888888888,2.0
5,2010,37,롯데,16,21,0.4324324324324325,5.0
6,2010,37,삼성,21,16,0.5675675675675675,3.0
7,2010,37,한화,12,25,0.32432432432432434,8.0
