,Year,Game_idx,Team1,cum_win,cum_lose,Wpct,rank
0,2006,95,KIA,46,46,0.5,4.0
1,2006,95,LG,38,53,0.4175824175824176,7.0
2,2006,95,SK,45,49,0.4787234042553192,6.0
3,2006,95,두산,45,48,0.4838709677419355,5.0
4,2006,95,롯데,38,55,0.4086021505376344,8.0
5,2006,95,삼성,58,34,0.6304347826086957,1.0
6,2006,95,한화,50,43,0.5376344086021505,3.0
7,2006,95,현대,51,43,0.5425531914893617,2.0
