,Year,Game_idx,Team1,cum_win,cum_lose,Wpct,rank
0,2011,8,KIA,4,4,0.5,4.5
1,2011,8,LG,5,3,0.625,2.0
2,2011,8,SK,6,2,0.75,1.0
3,2011,8,넥센,3,5,0.375,7.0
4,2011,8,두산,4,3,0.5714285714285714,3.0
5,2011,8,롯데,3,4,0.42857142857142855,6.0
6,2011,8,삼성,4,4,0.5,4.5
7,2011,8,한화,2,6,0.25,8.0
