,Year,Game_idx,Team1,cum_win,cum_lose,Wpct,rank
0,2003,41,KIA,23,17,0.575,4.0
1,2003,41,LG,20,19,0.5128205128205128,5.0
2,2003,41,SK,26,14,0.65,2.0
3,2003,41,두산,9,32,0.2195121951219512,8.0
4,2003,41,롯데,11,28,0.28205128205128205,7.0
5,2003,41,삼성,26,13,0.6666666666666666,1.0
6,2003,41,한화,18,20,0.4736842105263158,6.0
7,2003,41,현대,24,16,0.6,3.0
