,Year,Game_idx,Team1,cum_win,cum_lose,Wpct,rank
0,1995,107,LG,63,41,0.6057692307692307,1.0
1,1995,107,OB,61,41,0.5980392156862745,2.0
2,1995,107,롯데,57,45,0.5588235294117647,3.0
3,1995,107,삼성,51,50,0.504950495049505,5.0
4,1995,107,쌍방울,37,67,0.3557692307692308,8.0
5,1995,107,태평양,41,62,0.3980582524271845,7.0
6,1995,107,한화,49,58,0.4579439252336449,6.0
7,1995,107,해태,54,49,0.5242718446601942,4.0
