,Year,Game_idx,Team1,cum_win,cum_lose,Wpct,rank
0,2000,54,LG,29,24,0.5471698113207547,3.0
1,2000,54,SK,15,39,0.2777777777777778,8.0
2,2000,54,두산,34,20,0.6296296296296297,2.0
3,2000,54,롯데,26,28,0.4814814814814815,5.0
4,2000,54,삼성,29,25,0.5370370370370371,4.0
5,2000,54,한화,19,33,0.36538461538461536,7.0
6,2000,54,해태,23,30,0.4339622641509434,6.0
7,2000,54,현대,39,15,0.7222222222222222,1.0
