,Year,Game_idx,Team1,cum_win,cum_lose,Wpct,rank
0,2006,105,KIA,52,50,0.5098039215686274,4.0
1,2006,105,LG,40,61,0.3960396039603961,8.0
2,2006,105,SK,51,53,0.4903846153846154,6.0
3,2006,105,두산,51,52,0.4951456310679612,5.0
4,2006,105,롯데,44,59,0.4271844660194175,7.0
5,2006,105,삼성,62,40,0.6078431372549019,1.0
6,2006,105,한화,55,48,0.5339805825242718,3.0
7,2006,105,현대,58,46,0.5576923076923077,2.0
