,Year,Game_idx,Team1,cum_win,cum_lose,Wpct,rank
0,2014,96,KIA,43,53,0.4479166666666667,7.0
1,2014,96,LG,44,51,0.4631578947368421,5.0
2,2014,96,NC,53,43,0.5520833333333334,3.0
3,2014,96,SK,42,54,0.4375,8.0
4,2014,96,넥센,56,39,0.5894736842105263,2.0
5,2014,96,두산,44,52,0.4583333333333333,6.0
6,2014,96,롯데,45,50,0.4736842105263158,4.0
7,2014,96,삼성,64,30,0.6808510638297872,1.0
8,2014,96,한화,38,57,0.4,9.0
