,Year,Game_idx,Team1,cum_win,cum_lose,Wpct,rank
0,1994,107,LG,68,39,0.6355140186915887,1.0
1,1994,107,OB,48,58,0.4528301886792453,6.0
2,1994,107,롯데,47,57,0.4519230769230769,7.0
3,1994,107,삼성,54,51,0.5142857142857142,5.0
4,1994,107,쌍방울,36,66,0.35294117647058826,8.0
5,1994,107,태평양,58,46,0.5576923076923077,2.0
6,1994,107,한화,55,51,0.5188679245283019,4.0
7,1994,107,해태,55,50,0.5238095238095238,3.0
