,Year,Game_idx,Team1,cum_win,cum_lose,Wpct,rank
0,1991,12,LG,8,4,0.6666666666666666,2.0
1,1991,12,OB,6,6,0.5,4.5
2,1991,12,롯데,5,7,0.4166666666666667,6.0
3,1991,12,빙그레,3,9,0.25,7.5
4,1991,12,삼성,7,5,0.5833333333333334,3.0
5,1991,12,쌍방울,3,9,0.25,7.5
6,1991,12,태평양,6,6,0.5,4.5
7,1991,12,해태,9,3,0.75,1.0
