,Year,Game_idx,Team1,cum_win,cum_lose,Wpct,rank
0,2009,58,KIA,31,24,0.5636363636363636,3.0
1,2009,58,LG,24,31,0.4363636363636363,6.0
2,2009,58,SK,35,19,0.6481481481481481,1.0
3,2009,58,두산,36,20,0.6428571428571429,2.0
4,2009,58,롯데,25,33,0.4310344827586207,7.0
5,2009,58,삼성,28,30,0.4827586206896552,4.0
6,2009,58,한화,22,33,0.4,8.0
7,2009,58,히어로즈,25,32,0.43859649122807015,5.0
