,Year,Game_idx,Team1,cum_win,cum_lose,Wpct,rank
0,2002,19,KIA,13,4,0.7647058823529411,1.0
1,2002,19,LG,8,11,0.42105263157894735,5.0
2,2002,19,SK,7,11,0.3888888888888889,6.5
3,2002,19,두산,7,11,0.3888888888888889,6.5
4,2002,19,롯데,6,12,0.3333333333333333,8.0
5,2002,19,삼성,10,9,0.5263157894736842,4.0
6,2002,19,한화,9,8,0.5294117647058824,3.0
7,2002,19,현대,11,5,0.6875,2.0
