,Year,Game_idx,Team1,cum_win,cum_lose,Wpct,rank
0,2002,65,KIA,41,21,0.6612903225806451,1.0
1,2002,65,LG,31,31,0.5,5.0
2,2002,65,SK,29,33,0.4677419354838709,6.0
3,2002,65,두산,37,26,0.5873015873015873,3.0
4,2002,65,롯데,18,46,0.28125,8.0
5,2002,65,삼성,40,25,0.6153846153846154,2.0
6,2002,65,한화,25,38,0.3968253968253968,7.0
7,2002,65,현대,31,30,0.5081967213114754,4.0
