,Year,Game_idx,Team1,cum_win,cum_lose,Wpct,rank
0,1995,123,LG,71,48,0.5966386554621849,2.0
1,1995,123,OB,71,47,0.6016949152542372,1.0
2,1995,123,롯데,66,52,0.559322033898305,3.0
3,1995,123,삼성,60,57,0.5128205128205128,5.0
4,1995,123,쌍방울,44,76,0.36666666666666653,8.0
5,1995,123,태평양,48,70,0.4067796610169492,7.0
6,1995,123,한화,55,68,0.4471544715447153,6.0
7,1995,123,해태,62,57,0.5210084033613446,4.0
