,Year,Game_idx,Team1,cum_win,cum_lose,Wpct,rank
0,1994,53,LG,34,19,0.6415094339622641,1.0
1,1994,53,OB,24,28,0.4615384615384616,7.0
2,1994,53,롯데,24,26,0.48,6.0
3,1994,53,삼성,26,26,0.5,4.0
4,1994,53,쌍방울,17,34,0.3333333333333333,8.0
5,1994,53,태평양,28,23,0.5490196078431373,2.5
6,1994,53,한화,25,27,0.4807692307692308,5.0
7,1994,53,해태,28,23,0.5490196078431373,2.5
