,Year,Game_idx,Team1,cum_win,cum_lose,Wpct,rank
0,2011,16,KIA,8,8,0.5,5.0
1,2011,16,LG,9,7,0.5625,3.5
2,2011,16,SK,12,4,0.75,1.0
3,2011,16,넥센,5,11,0.3125,7.0
4,2011,16,두산,10,5,0.6666666666666666,2.0
5,2011,16,롯데,4,10,0.2857142857142857,8.0
6,2011,16,삼성,9,7,0.5625,3.5
7,2011,16,한화,5,10,0.3333333333333333,6.0
