,Year,Game_idx,Team1,cum_win,cum_lose,Wpct,rank
0,2003,16,KIA,10,5,0.6666666666666666,2.5
1,2003,16,LG,8,7,0.5333333333333333,5.0
2,2003,16,SK,9,6,0.6,4.0
3,2003,16,두산,3,13,0.1875,7.0
4,2003,16,롯데,2,12,0.14285714285714285,8.0
5,2003,16,삼성,13,2,0.8666666666666667,1.0
6,2003,16,한화,6,9,0.4,6.0
7,2003,16,현대,10,5,0.6666666666666666,2.5
