,Year,Game_idx,Team1,cum_win,cum_lose,Wpct,rank
0,1990,102,LG,57,45,0.5588235294117647,3.0
1,1990,102,OB,31,67,0.3163265306122449,7.0
2,1990,102,롯데,38,60,0.3877551020408163,6.0
3,1990,102,빙그레,62,38,0.62,1.0
4,1990,102,삼성,57,43,0.57,2.0
5,1990,102,태평양,47,52,0.4747474747474748,5.0
6,1990,102,해태,54,45,0.5454545454545454,4.0
