,Year,Game_idx,Team1,cum_win,cum_lose,Wpct,rank
0,2014,21,KIA,9,12,0.42857142857142855,7.0
1,2014,21,LG,5,15,0.25,9.0
2,2014,21,NC,13,8,0.6190476190476191,2.5
3,2014,21,SK,13,8,0.6190476190476191,2.5
4,2014,21,넥센,14,7,0.6666666666666666,1.0
5,2014,21,두산,12,9,0.5714285714285714,4.0
6,2014,21,롯데,10,10,0.5,6.0
7,2014,21,삼성,11,10,0.5238095238095238,5.0
8,2014,21,한화,8,13,0.3809523809523809,8.0
