,Year,Game_idx,Team1,cum_win,cum_lose,Wpct,rank
0,1989,55,MBC,24,29,0.4528301886792453,5.0
1,1989,55,OB,24,30,0.4444444444444444,6.0
2,1989,55,롯데,18,35,0.33962264150943394,7.0
3,1989,55,빙그레,31,21,0.5961538461538461,2.0
4,1989,55,삼성,31,22,0.5849056603773585,3.0
5,1989,55,태평양,24,28,0.4615384615384616,4.0
6,1989,55,해태,34,19,0.6415094339622641,1.0
