,Year,Game_idx,Team1,cum_win,cum_lose,Wpct,rank
0,1995,62,LG,38,23,0.6229508196721312,2.0
1,1995,62,OB,37,22,0.6271186440677966,1.0
2,1995,62,롯데,30,30,0.5,4.0
3,1995,62,삼성,28,30,0.4827586206896552,5.0
4,1995,62,쌍방울,25,36,0.4098360655737705,7.0
5,1995,62,태평양,24,35,0.4067796610169492,8.0
6,1995,62,한화,32,30,0.5161290322580645,3.0
7,1995,62,해태,29,33,0.4677419354838709,6.0
