,Year,Game_idx,Team1,cum_win,cum_lose,Wpct,rank
0,1998,64,LG,31,32,0.492063492063492,3.0
1,1998,64,OB,28,35,0.4444444444444444,6.0
2,1998,64,롯데,24,37,0.3934426229508197,8.0
3,1998,64,삼성,35,28,0.5555555555555556,2.0
4,1998,64,쌍방울,30,34,0.46875,4.0
5,1998,64,한화,29,33,0.4677419354838709,5.0
6,1998,64,해태,27,37,0.421875,7.0
7,1998,64,현대,45,19,0.703125,1.0
