,Year,Game_idx,Team1,cum_win,cum_lose,Wpct,rank
0,2010,57,KIA,29,28,0.5087719298245614,3.5
1,2010,57,LG,25,31,0.44642857142857145,6.0
2,2010,57,SK,38,19,0.6666666666666666,1.0
3,2010,57,넥센,23,34,0.4035087719298245,7.5
4,2010,57,두산,32,24,0.5714285714285714,2.0
5,2010,57,롯데,27,30,0.4736842105263158,5.0
6,2010,57,삼성,29,28,0.5087719298245614,3.5
7,2010,57,한화,23,34,0.4035087719298245,7.5
