,Year,Game_idx,Team1,cum_win,cum_lose,Wpct,rank
0,1991,26,LG,15,10,0.6,2.0
1,1991,26,OB,12,14,0.4615384615384616,6.0
2,1991,26,롯데,12,14,0.4615384615384616,6.0
3,1991,26,빙그레,14,11,0.56,3.0
4,1991,26,삼성,14,12,0.5384615384615384,4.0
5,1991,26,쌍방울,8,18,0.3076923076923077,8.0
6,1991,26,태평양,12,14,0.4615384615384616,6.0
7,1991,26,해태,17,9,0.6538461538461539,1.0
