,Year,Game_idx,Team1,cum_win,cum_lose,Wpct,rank
0,1993,46,LG,27,19,0.5869565217391305,2.0
1,1993,46,OB,20,23,0.4651162790697674,6.0
2,1993,46,롯데,23,23,0.5,3.5
3,1993,46,빙그레,23,23,0.5,3.5
4,1993,46,삼성,21,23,0.4772727272727273,5.0
5,1993,46,쌍방울,17,28,0.37777777777777777,7.0
6,1993,46,태평양,12,30,0.2857142857142857,8.0
7,1993,46,해태,32,13,0.7111111111111111,1.0
