,Year,Game_idx,Team1,cum_win,cum_lose,Wpct,rank
0,1990,31,LG,12,19,0.3870967741935484,7.0
1,1990,31,OB,12,18,0.4,6.0
2,1990,31,롯데,17,14,0.5483870967741935,3.0
3,1990,31,빙그레,18,13,0.5806451612903226,1.0
4,1990,31,삼성,14,17,0.4516129032258064,5.0
5,1990,31,태평양,16,15,0.5161290322580645,4.0
6,1990,31,해태,17,13,0.5666666666666667,2.0
