,Year,Game_idx,Team1,cum_win,cum_lose,Wpct,rank
0,1989,91,MBC,32,55,0.36781609195402293,7.0
1,1989,91,OB,44,45,0.4943820224719101,5.0
2,1989,91,롯데,38,50,0.4318181818181818,6.0
3,1989,91,빙그레,54,34,0.6136363636363636,1.0
4,1989,91,삼성,43,43,0.5,4.0
5,1989,91,태평양,44,43,0.5057471264367817,3.0
6,1989,91,해태,52,36,0.5909090909090909,2.0
