,Year,Game_idx,Team1,cum_win,cum_lose,Wpct,rank
0,2004,99,KIA,46,49,0.4842105263157895,5.0
1,2004,99,LG,46,50,0.4791666666666667,7.0
2,2004,99,SK,45,47,0.4891304347826087,4.0
3,2004,99,두산,52,46,0.5306122448979592,3.0
4,2004,99,롯데,35,54,0.39325842696629215,8.0
5,2004,99,삼성,54,39,0.5806451612903226,1.0
6,2004,99,한화,45,48,0.4838709677419355,6.0
7,2004,99,현대,54,40,0.5744680851063829,2.0
