,Year,Game_idx,Team1,cum_win,cum_lose,Wpct,rank
0,2005,90,KIA,37,52,0.4157303370786517,8.0
1,2005,90,LG,40,49,0.44943820224719105,7.0
2,2005,90,SK,45,40,0.5294117647058824,3.0
3,2005,90,두산,48,40,0.5454545454545454,2.0
4,2005,90,롯데,43,47,0.4777777777777778,5.0
5,2005,90,삼성,53,35,0.6022727272727273,1.0
6,2005,90,한화,47,42,0.5280898876404494,4.0
7,2005,90,현대,41,47,0.4659090909090909,6.0
