,Year,Game_idx,Team1,cum_win,cum_lose,Wpct,rank
0,1992,28,LG,7,20,0.25925925925925924,8.0
1,1992,28,OB,14,13,0.5185185185185185,4.5
2,1992,28,롯데,14,14,0.5,6.0
3,1992,28,빙그레,20,7,0.7407407407407407,1.0
4,1992,28,삼성,14,13,0.5185185185185185,4.5
5,1992,28,쌍방울,10,17,0.3703703703703704,7.0
6,1992,28,태평양,14,11,0.56,3.0
7,1992,28,해태,18,10,0.6428571428571429,2.0
