,Year,Game_idx,Team1,cum_win,cum_lose,Wpct,rank
0,2003,81,KIA,41,38,0.5189873417721519,4.0
1,2003,81,LG,40,39,0.5063291139240507,5.0
2,2003,81,SK,48,31,0.6075949367088608,3.0
3,2003,81,두산,28,53,0.34567901234567894,7.0
4,2003,81,롯데,22,56,0.28205128205128205,8.0
5,2003,81,삼성,52,27,0.6582278481012658,1.0
6,2003,81,한화,37,41,0.4743589743589744,6.0
7,2003,81,현대,51,28,0.6455696202531646,2.0
