,Year,Game_idx,Team1,cum_win,cum_lose,Wpct,rank
0,2010,89,KIA,37,52,0.4157303370786517,6.0
1,2010,89,LG,40,48,0.4545454545454545,5.0
2,2010,89,SK,60,29,0.6741573033707865,1.0
3,2010,89,넥센,35,52,0.4022988505747127,7.0
4,2010,89,두산,52,36,0.5909090909090909,2.5
5,2010,89,롯데,41,45,0.4767441860465117,4.0
6,2010,89,삼성,52,36,0.5909090909090909,2.5
7,2010,89,한화,34,55,0.3820224719101124,8.0
