,Year,Game_idx,Team1,cum_win,cum_lose,Wpct,rank
0,2015,12,KIA,7,5,0.5833333333333334,4.0
1,2015,12,LG,5,7,0.4166666666666667,7.5
2,2015,12,NC,7,5,0.5833333333333334,4.0
3,2015,12,SK,8,4,0.6666666666666666,2.0
4,2015,12,kt,1,11,0.08333333333333333,10.0
5,2015,12,넥센,4,8,0.3333333333333333,9.0
6,2015,12,두산,6,6,0.5,6.0
7,2015,12,롯데,7,5,0.5833333333333334,4.0
8,2015,12,삼성,9,3,0.75,1.0
9,2015,12,한화,5,7,0.4166666666666667,7.5
