,Year,Game_idx,Team1,cum_win,cum_lose,Wpct,rank
0,2016,138,KIA,67,70,0.489051094890511,5.0
1,2016,138,LG,69,67,0.5073529411764706,4.0
2,2016,138,NC,80,55,0.5925925925925926,2.0
3,2016,138,SK,65,73,0.4710144927536232,6.0
4,2016,138,kt,51,85,0.375,10.0
5,2016,138,넥센,74,63,0.5401459854014599,3.0
6,2016,138,두산,90,47,0.656934306569343,1.0
7,2016,138,롯데,64,74,0.463768115942029,7.0
8,2016,138,삼성,63,74,0.4598540145985402,8.0
9,2016,138,한화,62,73,0.4592592592592593,9.0
