,Year,Game_idx,Team1,cum_win,cum_lose,Wpct,rank
0,2016,84,KIA,39,44,0.4698795180722892,6.0
1,2016,84,LG,35,48,0.42168674698795183,8.0
2,2016,84,NC,52,30,0.6341463414634146,2.0
3,2016,84,SK,42,42,0.5,4.0
4,2016,84,kt,33,49,0.4024390243902439,10.0
5,2016,84,넥센,47,36,0.5662650602409639,3.0
6,2016,84,두산,56,27,0.6746987951807228,1.0
7,2016,84,롯데,40,44,0.4761904761904762,5.0
8,2016,84,삼성,34,49,0.40963855421686746,9.0
9,2016,84,한화,36,45,0.4444444444444444,7.0
