,Year,Game_idx,Team1,cum_win,cum_lose,Wpct,rank
0,1994,40,LG,27,13,0.675,1.0
1,1994,40,OB,17,23,0.425,7.0
2,1994,40,롯데,18,20,0.4736842105263158,4.0
3,1994,40,삼성,18,21,0.4615384615384616,5.0
4,1994,40,쌍방울,14,25,0.35897435897435903,8.0
5,1994,40,태평양,21,17,0.5526315789473685,3.0
6,1994,40,한화,18,22,0.45,6.0
7,1994,40,해태,22,16,0.5789473684210527,2.0
