,Year,Game_idx,Team1,cum_win,cum_lose,Wpct,rank
0,2003,30,KIA,16,13,0.5517241379310345,4.0
1,2003,30,LG,15,13,0.5357142857142857,5.0
2,2003,30,SK,17,12,0.5862068965517241,3.0
3,2003,30,두산,6,24,0.2,8.0
4,2003,30,롯데,7,21,0.25,7.0
5,2003,30,삼성,22,7,0.7586206896551724,1.0
6,2003,30,한화,10,18,0.35714285714285715,6.0
7,2003,30,현대,20,9,0.6896551724137931,2.0
