,Year,Game_idx,Team1,cum_win,cum_lose,Wpct,rank
0,1992,115,LG,47,65,0.4196428571428572,7.0
1,1992,115,OB,50,61,0.4504504504504505,5.0
2,1992,115,롯데,65,50,0.5652173913043478,3.0
3,1992,115,빙그레,72,41,0.6371681415929203,1.0
4,1992,115,삼성,60,53,0.5309734513274337,4.0
5,1992,115,쌍방울,39,75,0.34210526315789475,8.0
6,1992,115,태평양,48,64,0.42857142857142855,6.0
7,1992,115,해태,69,45,0.6052631578947368,2.0
