,Year,Game_idx,Team1,cum_win,cum_lose,Wpct,rank
0,2015,38,KIA,19,19,0.5,6.5
1,2015,38,LG,16,21,0.4324324324324325,9.0
2,2015,38,NC,20,17,0.5405405405405406,5.0
3,2015,38,SK,23,15,0.6052631578947368,1.5
4,2015,38,kt,7,31,0.18421052631578946,10.0
5,2015,38,넥센,21,17,0.5526315789473685,4.0
6,2015,38,두산,22,16,0.5789473684210527,3.0
7,2015,38,롯데,18,20,0.4736842105263158,8.0
8,2015,38,삼성,23,15,0.6052631578947368,1.5
9,2015,38,한화,19,19,0.5,6.5
