,Year,Game_idx,Team1,cum_win,cum_lose,Wpct,rank
0,1994,79,LG,51,28,0.6455696202531646,1.0
1,1994,79,OB,33,45,0.4230769230769231,7.0
2,1994,79,롯데,35,41,0.4605263157894737,6.0
3,1994,79,삼성,39,39,0.5,5.0
4,1994,79,쌍방울,26,51,0.3376623376623377,8.0
5,1994,79,태평양,42,35,0.5454545454545454,3.0
6,1994,79,한화,43,35,0.5512820512820513,2.0
7,1994,79,해태,41,36,0.5324675324675324,4.0
