,Year,Game_idx,Team1,cum_win,cum_lose,Wpct,rank
0,2002,88,KIA,53,32,0.6235294117647059,1.0
1,2002,88,LG,44,40,0.5238095238095238,5.0
2,2002,88,SK,41,44,0.4823529411764706,6.0
3,2002,88,두산,46,40,0.5348837209302325,3.0
4,2002,88,롯데,24,63,0.27586206896551724,8.0
5,2002,88,삼성,51,35,0.5930232558139535,2.0
6,2002,88,한화,39,46,0.4588235294117647,7.0
7,2002,88,현대,44,39,0.5301204819277109,4.0
