,Year,Game_idx,Team1,cum_win,cum_lose,Wpct,rank
0,1998,123,LG,61,61,0.5,3.0
1,1998,123,OB,58,62,0.4833333333333333,5.0
2,1998,123,롯데,50,69,0.4201680672268908,8.0
3,1998,123,삼성,64,57,0.5289256198347108,2.0
4,1998,123,쌍방울,55,66,0.4545454545454545,7.0
5,1998,123,한화,55,63,0.4661016949152542,6.0
6,1998,123,해태,60,62,0.4918032786885246,4.0
7,1998,123,현대,80,43,0.6504065040650406,1.0
