,Year,Game_idx,Team1,cum_win,cum_lose,Wpct,rank
0,1998,79,LG,38,40,0.4871794871794872,4.0
1,1998,79,OB,35,43,0.4487179487179487,7.0
2,1998,79,롯데,31,45,0.4078947368421053,8.0
3,1998,79,삼성,44,34,0.5641025641025641,2.0
4,1998,79,쌍방울,39,40,0.4936708860759494,3.0
5,1998,79,한화,37,39,0.4868421052631579,5.0
6,1998,79,해태,36,43,0.4556962025316456,6.0
7,1998,79,현대,51,28,0.6455696202531646,1.0
