,Year,Game_idx,Team1,cum_win,cum_lose,Wpct,rank
0,2012,131,KIA,61,64,0.488,5.0
1,2012,131,LG,55,72,0.4330708661417323,7.0
2,2012,131,SK,70,58,0.546875,2.0
3,2012,131,넥센,61,68,0.4728682170542636,6.0
4,2012,131,두산,67,61,0.5234375,3.0
5,2012,131,롯데,64,61,0.512,4.0
6,2012,131,삼성,79,50,0.6124031007751938,1.0
7,2012,131,한화,53,76,0.4108527131782946,8.0
