,Year,Game_idx,Team1,cum_win,cum_lose,Wpct,rank
0,1994,10,LG,7,3,0.7,2.0
1,1994,10,OB,5,5,0.5,4.0
2,1994,10,롯데,4,6,0.4,5.5
3,1994,10,삼성,5,4,0.5555555555555556,3.0
4,1994,10,쌍방울,3,7,0.3,8.0
5,1994,10,태평양,8,2,0.8,1.0
6,1994,10,한화,4,6,0.4,5.5
7,1994,10,해태,3,6,0.3333333333333333,7.0
