,Year,Game_idx,Team1,cum_win,cum_lose,Wpct,rank
0,1993,43,LG,25,18,0.5813953488372093,2.0
1,1993,43,OB,19,22,0.4634146341463415,5.5
2,1993,43,롯데,21,22,0.4883720930232558,4.0
3,1993,43,빙그레,23,20,0.5348837209302325,3.0
4,1993,43,삼성,19,22,0.4634146341463415,5.5
5,1993,43,쌍방울,16,26,0.3809523809523809,7.0
6,1993,43,태평양,11,28,0.28205128205128205,8.0
7,1993,43,해태,31,11,0.7380952380952381,1.0
