,Year,Game_idx,Team1,cum_win,cum_lose,Wpct,rank
0,2005,66,KIA,27,38,0.4153846153846154,8.0
1,2005,66,LG,29,37,0.4393939393939394,7.0
2,2005,66,SK,29,33,0.4677419354838709,5.0
3,2005,66,두산,40,24,0.625,2.0
4,2005,66,롯데,31,35,0.4696969696969697,4.0
5,2005,66,삼성,42,23,0.6461538461538462,1.0
6,2005,66,한화,33,32,0.5076923076923077,3.0
7,2005,66,현대,30,35,0.4615384615384616,6.0
