,Year,Game_idx,Team1,cum_win,cum_lose,Wpct,rank
0,2009,126,KIA,74,48,0.6065573770491803,2.0
1,2009,126,LG,52,71,0.4227642276422765,7.0
2,2009,126,SK,74,47,0.6115702479338843,1.0
3,2009,126,두산,69,55,0.5564516129032258,3.0
4,2009,126,롯데,61,65,0.4841269841269841,4.5
5,2009,126,삼성,61,65,0.4841269841269841,4.5
6,2009,126,한화,43,80,0.34959349593495936,8.0
7,2009,126,히어로즈,58,67,0.46399999999999997,6.0
