,Year,Game_idx,Team1,cum_win,cum_lose,Wpct,rank
0,2005,39,KIA,14,24,0.3684210526315789,8.0
1,2005,39,LG,18,21,0.4615384615384616,4.0
2,2005,39,SK,16,21,0.4324324324324325,5.0
3,2005,39,두산,25,13,0.6578947368421053,2.0
4,2005,39,롯데,22,17,0.5641025641025641,3.0
5,2005,39,삼성,27,12,0.6923076923076923,1.0
6,2005,39,한화,16,22,0.42105263157894735,6.5
7,2005,39,현대,16,22,0.42105263157894735,6.5
