,Year,Game_idx,Team1,cum_win,cum_lose,Wpct,rank
0,1992,75,LG,27,46,0.3698630136986301,7.0
1,1992,75,OB,35,38,0.4794520547945205,5.0
2,1992,75,롯데,44,31,0.5866666666666667,3.0
3,1992,75,빙그레,46,28,0.6216216216216216,1.0
4,1992,75,삼성,40,34,0.5405405405405406,4.0
5,1992,75,쌍방울,27,47,0.3648648648648649,8.0
6,1992,75,태평양,32,40,0.4444444444444444,6.0
7,1992,75,해태,45,30,0.6,2.0
