,Year,Game_idx,Team1,cum_win,cum_lose,Wpct,rank
0,1994,49,LG,33,16,0.6734693877551021,1.0
1,1994,49,OB,22,27,0.4489795918367347,7.0
2,1994,49,롯데,22,24,0.4782608695652174,5.0
3,1994,49,삼성,24,24,0.5,4.0
4,1994,49,쌍방울,16,31,0.3404255319148936,8.0
5,1994,49,태평양,25,22,0.5319148936170213,3.0
6,1994,49,한화,23,26,0.4693877551020408,6.0
7,1994,49,해태,27,20,0.5744680851063829,2.0
