,Year,Game_idx,Team1,cum_win,cum_lose,Wpct,rank
0,2007,58,KIA,24,33,0.42105263157894735,8.0
1,2007,58,LG,29,27,0.5178571428571429,3.5
2,2007,58,SK,30,23,0.5660377358490566,1.0
3,2007,58,두산,32,25,0.5614035087719298,2.0
4,2007,58,롯데,26,30,0.4642857142857143,7.0
5,2007,58,삼성,27,28,0.4909090909090909,6.0
6,2007,58,한화,29,27,0.5178571428571429,3.5
7,2007,58,현대,29,29,0.5,5.0
