,Year,Game_idx,Team1,cum_win,cum_lose,Wpct,rank
0,2009,7,KIA,1,5,0.16666666666666666,8.0
1,2009,7,LG,3,4,0.42857142857142855,6.0
2,2009,7,SK,4,2,0.6666666666666666,2.0
3,2009,7,두산,4,2,0.6666666666666666,2.0
4,2009,7,롯데,2,5,0.2857142857142857,7.0
5,2009,7,삼성,4,3,0.5714285714285714,4.5
6,2009,7,한화,4,2,0.6666666666666666,2.0
7,2009,7,히어로즈,4,3,0.5714285714285714,4.5
