,Year,Game_idx,Team1,cum_win,cum_lose,Wpct,rank
0,2005,110,KIA,44,65,0.4036697247706422,8.0
1,2005,110,LG,46,63,0.4220183486238532,7.0
2,2005,110,SK,61,43,0.5865384615384616,2.0
3,2005,110,두산,61,46,0.5700934579439252,3.0
4,2005,110,롯데,50,59,0.4587155963302753,5.0
5,2005,110,삼성,65,41,0.6132075471698113,1.0
6,2005,110,한화,60,49,0.5504587155963303,4.0
7,2005,110,현대,46,61,0.4299065420560748,6.0
