,Year,Game_idx,Team1,cum_win,cum_lose,Wpct,rank
0,1995,71,LG,42,28,0.6,2.0
1,1995,71,OB,41,27,0.6029411764705882,1.0
2,1995,71,롯데,37,32,0.5362318840579711,3.0
3,1995,71,삼성,33,34,0.4925373134328358,5.0
4,1995,71,쌍방울,27,43,0.3857142857142857,8.0
5,1995,71,태평양,28,40,0.4117647058823529,7.0
6,1995,71,한화,36,35,0.5070422535211268,4.0
7,1995,71,해태,32,38,0.4571428571428571,6.0
