,Year,Game_idx,Team1,cum_win,cum_lose,Wpct,rank
0,1995,80,LG,49,30,0.620253164556962,1.0
1,1995,80,OB,44,31,0.5866666666666667,2.0
2,1995,80,롯데,40,36,0.5263157894736842,3.0
3,1995,80,삼성,37,38,0.4933333333333334,6.0
4,1995,80,쌍방울,28,51,0.35443037974683544,8.0
5,1995,80,태평양,33,44,0.42857142857142855,7.0
6,1995,80,한화,41,39,0.5125,4.0
7,1995,80,해태,39,40,0.4936708860759494,5.0
