,Year,Game_idx,Team1,cum_win,cum_lose,Wpct,rank
0,1992,37,LG,11,24,0.3142857142857143,8.0
1,1992,37,OB,16,19,0.4571428571428571,5.0
2,1992,37,롯데,19,18,0.5135135135135135,3.0
3,1992,37,빙그레,29,7,0.8055555555555556,1.0
4,1992,37,삼성,18,18,0.5,4.0
5,1992,37,쌍방울,13,23,0.3611111111111111,7.0
6,1992,37,태평양,14,20,0.4117647058823529,6.0
7,1992,37,해태,25,12,0.6756756756756757,2.0
