,Year,Game_idx,Team1,cum_win,cum_lose,Wpct,rank
0,2015,49,KIA,24,25,0.4897959183673469,8.0
1,2015,49,LG,21,27,0.4375,9.0
2,2015,49,NC,29,19,0.6041666666666666,1.0
3,2015,49,SK,25,23,0.5208333333333334,6.0
4,2015,49,kt,10,39,0.20408163265306126,10.0
5,2015,49,넥센,26,23,0.5306122448979592,4.5
6,2015,49,두산,29,20,0.5918367346938775,2.5
7,2015,49,롯데,26,23,0.5306122448979592,4.5
8,2015,49,삼성,29,20,0.5918367346938775,2.5
9,2015,49,한화,25,24,0.5102040816326531,7.0
