,Year,Game_idx,Team1,cum_win,cum_lose,Wpct,rank
0,2000,62,LG,34,27,0.5573770491803278,3.0
1,2000,62,SK,18,43,0.29508196721311475,8.0
2,2000,62,두산,37,25,0.5967741935483871,2.0
3,2000,62,롯데,30,31,0.4918032786885246,5.0
4,2000,62,삼성,32,29,0.5245901639344263,4.0
5,2000,62,한화,23,36,0.3898305084745763,7.0
6,2000,62,해태,27,33,0.45,6.0
7,2000,62,현대,43,19,0.6935483870967742,1.0
