,Year,Game_idx,Team1,cum_win,cum_lose,Wpct,rank
0,2007,43,KIA,18,24,0.42857142857142855,8.0
1,2007,43,LG,22,19,0.5365853658536586,3.0
2,2007,43,SK,23,16,0.5897435897435898,1.0
3,2007,43,두산,22,20,0.5238095238095238,4.0
4,2007,43,롯데,20,21,0.4878048780487805,5.0
5,2007,43,삼성,19,21,0.475,6.0
6,2007,43,한화,24,18,0.5714285714285714,2.0
7,2007,43,현대,20,23,0.4651162790697674,7.0
