,Year,Game_idx,Team1,cum_win,cum_lose,Wpct,rank
0,1995,122,LG,70,48,0.5932203389830508,2.0
1,1995,122,OB,71,46,0.6068376068376068,1.0
2,1995,122,롯데,65,52,0.5555555555555556,3.0
3,1995,122,삼성,60,56,0.5172413793103449,5.0
4,1995,122,쌍방울,43,76,0.3613445378151261,8.0
5,1995,122,태평양,47,70,0.4017094017094017,7.0
6,1995,122,한화,54,68,0.4426229508196721,6.0
7,1995,122,해태,62,56,0.5254237288135594,4.0
