,Year,Game_idx,Team1,cum_win,cum_lose,Wpct,rank
0,1992,72,LG,26,44,0.37142857142857133,7.0
1,1992,72,OB,33,37,0.4714285714285714,5.0
2,1992,72,롯데,41,31,0.5694444444444444,3.0
3,1992,72,빙그레,45,26,0.6338028169014085,1.0
4,1992,72,삼성,37,34,0.5211267605633803,4.0
5,1992,72,쌍방울,26,45,0.3661971830985916,8.0
6,1992,72,태평양,31,38,0.4492753623188406,6.0
7,1992,72,해태,43,29,0.5972222222222222,2.0
