,Year,Game_idx,Team1,cum_win,cum_lose,Wpct,rank
0,1995,113,LG,65,44,0.5963302752293578,2.0
1,1995,113,OB,66,42,0.6111111111111112,1.0
2,1995,113,롯데,61,47,0.5648148148148148,3.0
3,1995,113,삼성,55,52,0.514018691588785,4.0
4,1995,113,쌍방울,39,71,0.3545454545454545,8.0
5,1995,113,태평양,44,65,0.4036697247706422,7.0
6,1995,113,한화,52,61,0.4601769911504425,6.0
7,1995,113,해태,55,54,0.5045871559633027,5.0
