,Year,Game_idx,Team1,cum_win,cum_lose,Wpct,rank
0,1997,104,LG,59,43,0.5784313725490197,2.0
1,1997,104,OB,46,53,0.4646464646464646,5.0
2,1997,104,롯데,42,61,0.4077669902912621,8.0
3,1997,104,삼성,55,43,0.5612244897959183,3.0
4,1997,104,쌍방울,57,46,0.5533980582524272,4.0
5,1997,104,한화,43,59,0.4215686274509804,7.0
6,1997,104,해태,61,42,0.5922330097087378,1.0
7,1997,104,현대,44,56,0.44,6.0
