,Year,Game_idx,Team1,cum_win,cum_lose,Wpct,rank
0,1991,28,LG,15,12,0.5555555555555556,2.5
1,1991,28,OB,13,15,0.4642857142857143,6.0
2,1991,28,롯데,13,15,0.4642857142857143,6.0
3,1991,28,빙그레,15,12,0.5555555555555556,2.5
4,1991,28,삼성,15,13,0.5357142857142857,4.0
5,1991,28,쌍방울,9,19,0.32142857142857145,8.0
6,1991,28,태평양,13,15,0.4642857142857143,6.0
7,1991,28,해태,18,10,0.6428571428571429,1.0
