,Year,Game_idx,Team1,cum_win,cum_lose,Wpct,rank
0,2014,113,KIA,48,65,0.4247787610619469,8.0
1,2014,113,LG,52,58,0.4727272727272727,4.0
2,2014,113,NC,61,51,0.5446428571428571,3.0
3,2014,113,SK,52,60,0.4642857142857143,5.5
4,2014,113,넥센,68,44,0.6071428571428571,2.0
5,2014,113,두산,52,60,0.4642857142857143,5.5
6,2014,113,롯데,50,61,0.4504504504504505,7.0
7,2014,113,삼성,72,38,0.6545454545454545,1.0
8,2014,113,한화,46,65,0.4144144144144144,9.0
