,Year,Game_idx,Team1,cum_win,cum_lose,Wpct,rank
0,2007,116,KIA,47,68,0.40869565217391307,8.0
1,2007,116,LG,54,56,0.4909090909090909,5.0
2,2007,116,SK,67,44,0.6036036036036037,1.0
3,2007,116,두산,62,52,0.543859649122807,2.0
4,2007,116,롯데,51,62,0.4513274336283186,6.0
5,2007,116,삼성,59,53,0.5267857142857143,4.0
6,2007,116,한화,61,53,0.5350877192982456,3.0
7,2007,116,현대,51,64,0.4434782608695652,7.0
