,Year,Game_idx,Team1,cum_win,cum_lose,Wpct,rank
0,2008,73,KIA,32,41,0.4383561643835616,6.0
1,2008,73,LG,24,49,0.3287671232876712,8.0
2,2008,73,SK,52,21,0.7123287671232876,1.0
3,2008,73,두산,42,31,0.5753424657534246,2.0
4,2008,73,롯데,39,34,0.5342465753424658,3.5
5,2008,73,삼성,35,38,0.4794520547945205,5.0
6,2008,73,한화,39,34,0.5342465753424658,3.5
7,2008,73,히어로즈,30,43,0.410958904109589,7.0
