,Year,Game_idx,Team1,cum_win,cum_lose,Wpct,rank
0,2011,124,KIA,66,58,0.532258064516129,4.0
1,2011,124,LG,57,66,0.4634146341463415,5.0
2,2011,124,SK,66,56,0.5409836065573771,3.0
3,2011,124,넥센,48,74,0.3934426229508197,8.0
4,2011,124,두산,56,66,0.459016393442623,6.0
5,2011,124,롯데,65,54,0.5462184873949579,2.0
6,2011,124,삼성,75,47,0.6147540983606558,1.0
7,2011,124,한화,55,67,0.4508196721311475,7.0
