,Year,Game_idx,Team1,cum_win,cum_lose,Wpct,rank
0,1994,27,LG,19,8,0.7037037037037037,1.0
1,1994,27,OB,13,14,0.4814814814814815,4.0
2,1994,27,롯데,11,14,0.44,6.5
3,1994,27,삼성,13,13,0.5,3.0
4,1994,27,쌍방울,11,15,0.4230769230769231,8.0
5,1994,27,태평양,15,10,0.6,2.0
6,1994,27,한화,12,15,0.4444444444444444,5.0
7,1994,27,해태,11,14,0.44,6.5
