,Year,Game_idx,Team1,cum_win,cum_lose,Wpct,rank
0,2015,24,KIA,12,12,0.5,8.0
1,2015,24,LG,13,11,0.5416666666666666,5.0
2,2015,24,NC,10,14,0.4166666666666667,9.0
3,2015,24,SK,13,11,0.5416666666666666,5.0
4,2015,24,kt,3,21,0.125,10.0
5,2015,24,넥센,13,11,0.5416666666666666,5.0
6,2015,24,두산,16,8,0.6666666666666666,1.0
7,2015,24,롯데,13,11,0.5416666666666666,5.0
8,2015,24,삼성,15,9,0.625,2.0
9,2015,24,한화,13,11,0.5416666666666666,5.0
