,Year,Game_idx,Team1,cum_win,cum_lose,Wpct,rank
0,2001,124,KIA,54,65,0.45378151260504207,5.0
1,2001,124,LG,51,65,0.4396551724137931,8.0
2,2001,124,SK,54,68,0.4426229508196721,7.0
3,2001,124,두산,64,55,0.5378151260504201,3.0
4,2001,124,롯데,54,66,0.45,6.0
5,2001,124,삼성,77,47,0.6209677419354839,1.0
6,2001,124,한화,55,65,0.4583333333333333,4.0
7,2001,124,현대,69,51,0.575,2.0
