,Year,Game_idx,Team1,cum_win,cum_lose,Wpct,rank
0,2016,7,KIA,3,4,0.42857142857142855,7.5
1,2016,7,LG,3,4,0.42857142857142855,7.5
2,2016,7,NC,4,3,0.5714285714285714,3.5
3,2016,7,SK,3,4,0.42857142857142855,7.5
4,2016,7,kt,4,3,0.5714285714285714,3.5
5,2016,7,넥센,4,3,0.5714285714285714,3.5
6,2016,7,두산,4,2,0.6666666666666666,1.0
7,2016,7,롯데,3,4,0.42857142857142855,7.5
8,2016,7,삼성,4,3,0.5714285714285714,3.5
9,2016,7,한화,1,6,0.14285714285714285,10.0
