,Year,Game_idx,Team1,cum_win,cum_lose,Wpct,rank
0,2011,9,KIA,4,5,0.4444444444444444,5.0
1,2011,9,LG,6,3,0.6666666666666666,2.0
2,2011,9,SK,7,2,0.7777777777777778,1.0
3,2011,9,넥센,4,5,0.4444444444444444,5.0
4,2011,9,두산,5,3,0.625,3.0
5,2011,9,롯데,3,5,0.375,7.0
6,2011,9,삼성,4,5,0.4444444444444444,5.0
7,2011,9,한화,2,7,0.2222222222222222,8.0
