,Year,Game_idx,Team1,cum_win,cum_lose,Wpct,rank
0,2001,120,KIA,53,62,0.4608695652173913,4.0
1,2001,120,LG,50,62,0.44642857142857145,7.0
2,2001,120,SK,51,67,0.4322033898305085,8.0
3,2001,120,두산,60,55,0.5217391304347826,3.0
4,2001,120,롯데,53,63,0.456896551724138,5.5
5,2001,120,삼성,77,43,0.6416666666666667,1.0
6,2001,120,한화,53,63,0.456896551724138,5.5
7,2001,120,현대,68,48,0.5862068965517241,2.0
