,Year,Game_idx,Team1,cum_win,cum_lose,Wpct,rank
0,2010,72,KIA,34,38,0.4722222222222222,6.0
1,2010,72,LG,34,37,0.4788732394366197,5.0
2,2010,72,SK,50,22,0.6944444444444444,1.0
3,2010,72,넥센,30,41,0.4225352112676056,7.0
4,2010,72,두산,41,30,0.5774647887323944,2.0
5,2010,72,롯데,35,35,0.5,4.0
6,2010,72,삼성,37,34,0.5211267605633803,3.0
7,2010,72,한화,27,45,0.375,8.0
