,Year,Game_idx,Team1,cum_win,cum_lose,Wpct,rank
0,1997,78,LG,44,32,0.5789473684210527,2.0
1,1997,78,OB,39,35,0.527027027027027,5.0
2,1997,78,롯데,30,47,0.3896103896103896,8.0
3,1997,78,삼성,41,32,0.5616438356164384,3.0
4,1997,78,쌍방울,42,35,0.5454545454545454,4.0
5,1997,78,한화,31,45,0.4078947368421053,6.0
6,1997,78,해태,46,31,0.5974025974025974,1.0
7,1997,78,현대,29,45,0.3918918918918919,7.0
