,Year,Game_idx,Team1,cum_win,cum_lose,Wpct,rank
0,1992,10,LG,3,6,0.3333333333333333,7.0
1,1992,10,OB,2,8,0.2,8.0
2,1992,10,롯데,5,5,0.5,4.5
3,1992,10,빙그레,8,2,0.8,1.0
4,1992,10,삼성,5,5,0.5,4.5
5,1992,10,쌍방울,4,6,0.4,6.0
6,1992,10,태평양,7,2,0.7777777777777778,2.0
7,1992,10,해태,6,4,0.6,3.0
