,Year,Game_idx,Team1,cum_win,cum_lose,Wpct,rank
0,2016,26,KIA,12,14,0.4615384615384616,7.0
1,2016,26,LG,13,13,0.5,5.0
2,2016,26,NC,15,11,0.5769230769230769,3.0
3,2016,26,SK,16,10,0.6153846153846154,2.0
4,2016,26,kt,12,14,0.4615384615384616,7.0
5,2016,26,넥센,13,12,0.52,4.0
6,2016,26,두산,19,6,0.76,1.0
7,2016,26,롯데,12,14,0.4615384615384616,7.0
8,2016,26,삼성,11,15,0.4230769230769231,9.0
9,2016,26,한화,8,18,0.3076923076923077,10.0
