,Year,Game_idx,Team1,cum_win,cum_lose,Wpct,rank
0,1989,113,MBC,44,65,0.4036697247706422,7.0
1,1989,113,OB,51,59,0.4636363636363636,5.0
2,1989,113,롯데,44,64,0.4074074074074074,6.0
3,1989,113,빙그레,68,42,0.6181818181818182,1.0
4,1989,113,삼성,54,54,0.5,4.0
5,1989,113,태평양,57,52,0.5229357798165137,3.0
6,1989,113,해태,63,46,0.5779816513761468,2.0
