,Year,Game_idx,Team1,cum_win,cum_lose,Wpct,rank
0,2006,73,KIA,35,35,0.5,5.0
1,2006,73,LG,27,43,0.3857142857142857,8.0
2,2006,73,SK,32,40,0.4444444444444444,6.0
3,2006,73,두산,37,34,0.5211267605633803,4.0
4,2006,73,롯데,31,40,0.4366197183098591,7.0
5,2006,73,삼성,46,24,0.6571428571428571,1.0
6,2006,73,한화,38,33,0.5352112676056338,3.0
7,2006,73,현대,39,33,0.5416666666666666,2.0
