,Year,Game_idx,Team1,cum_win,cum_lose,Wpct,rank
0,2001,57,KIA,27,28,0.4909090909090909,4.0
1,2001,57,LG,22,32,0.4074074074074074,7.0
2,2001,57,SK,24,32,0.42857142857142855,6.0
3,2001,57,두산,29,25,0.5370370370370371,3.0
4,2001,57,롯데,22,34,0.3928571428571429,8.0
5,2001,57,삼성,36,21,0.631578947368421,1.0
6,2001,57,한화,27,29,0.4821428571428572,5.0
7,2001,57,현대,35,21,0.625,2.0
