,Year,Game_idx,Team1,cum_win,cum_lose,Wpct,rank
0,1989,106,MBC,40,62,0.392156862745098,7.0
1,1989,106,OB,48,55,0.4660194174757282,5.0
2,1989,106,롯데,43,59,0.4215686274509804,6.0
3,1989,106,빙그레,64,39,0.6213592233009708,1.0
4,1989,106,삼성,51,50,0.504950495049505,3.0
5,1989,106,태평양,51,51,0.5,4.0
6,1989,106,해태,59,44,0.5728155339805825,2.0
