,Year,Game_idx,Team1,cum_win,cum_lose,Wpct,rank
0,1992,91,LG,35,54,0.39325842696629215,7.0
1,1992,91,OB,40,49,0.44943820224719105,6.0
2,1992,91,롯데,52,39,0.5714285714285714,3.0
3,1992,91,빙그레,56,34,0.6222222222222222,1.0
4,1992,91,삼성,47,42,0.5280898876404494,4.0
5,1992,91,쌍방울,32,58,0.3555555555555556,8.0
6,1992,91,태평양,41,47,0.4659090909090909,5.0
7,1992,91,해태,55,36,0.6043956043956044,2.0
