,Year,Game_idx,Team1,cum_win,cum_lose,Wpct,rank
0,2005,53,KIA,20,32,0.38461538461538464,8.0
1,2005,53,LG,22,31,0.4150943396226415,6.0
2,2005,53,SK,21,30,0.4117647058823529,7.0
3,2005,53,두산,32,20,0.6153846153846154,2.0
4,2005,53,롯데,28,25,0.5283018867924528,3.0
5,2005,53,삼성,37,16,0.6981132075471698,1.0
6,2005,53,한화,26,26,0.5,4.0
7,2005,53,현대,24,28,0.4615384615384616,5.0
