,Year,Game_idx,Team1,cum_win,cum_lose,Wpct,rank
0,1996,21,LG,8,12,0.4,7.0
1,1996,21,OB,12,9,0.5714285714285714,3.0
2,1996,21,롯데,10,10,0.5,5.0
3,1996,21,삼성,11,9,0.55,4.0
4,1996,21,쌍방울,13,8,0.6190476190476191,2.0
5,1996,21,한화,7,14,0.3333333333333333,8.0
6,1996,21,해태,9,12,0.42857142857142855,6.0
7,1996,21,현대,13,7,0.65,1.0
