,Year,Game_idx,Team1,cum_win,cum_lose,Wpct,rank
0,1996,45,LG,20,23,0.4651162790697674,6.5
1,1996,45,OB,20,23,0.4651162790697674,6.5
2,1996,45,롯데,19,25,0.4318181818181818,8.0
3,1996,45,삼성,23,20,0.5348837209302325,2.0
4,1996,45,쌍방울,22,22,0.5,4.0
5,1996,45,한화,23,22,0.5111111111111111,3.0
6,1996,45,해태,21,24,0.4666666666666667,5.0
7,1996,45,현대,27,16,0.627906976744186,1.0
