,Year,Game_idx,Team1,cum_win,cum_lose,Wpct,rank
0,2015,17,KIA,8,9,0.4705882352941176,7.0
1,2015,17,LG,8,9,0.4705882352941176,7.0
2,2015,17,NC,8,9,0.4705882352941176,7.0
3,2015,17,SK,11,6,0.6470588235294118,2.0
4,2015,17,kt,2,15,0.1176470588235294,10.0
5,2015,17,넥센,8,9,0.4705882352941176,7.0
6,2015,17,두산,10,7,0.5882352941176471,3.0
7,2015,17,롯데,9,8,0.5294117647058824,4.0
8,2015,17,삼성,12,5,0.7058823529411765,1.0
9,2015,17,한화,8,9,0.4705882352941176,7.0
