,Year,Game_idx,Team1,cum_win,cum_lose,Wpct,rank
0,2000,121,LG,62,56,0.5254237288135594,4.0
1,2000,121,SK,38,80,0.3220338983050847,8.0
2,2000,121,두산,71,50,0.5867768595041323,2.0
3,2000,121,롯데,58,59,0.4957264957264957,5.0
4,2000,121,삼성,66,50,0.5689655172413793,3.0
5,2000,121,한화,45,71,0.3879310344827586,7.0
6,2000,121,해태,49,68,0.4188034188034188,6.0
7,2000,121,현대,83,36,0.6974789915966386,1.0
