,Year,Game_idx,Team1,cum_win,cum_lose,Wpct,rank
0,2014,23,KIA,9,14,0.39130434782608703,7.5
1,2014,23,LG,6,16,0.2727272727272727,9.0
2,2014,23,NC,14,9,0.6086956521739131,2.0
3,2014,23,SK,13,10,0.5652173913043478,3.0
4,2014,23,넥센,15,8,0.6521739130434783,1.0
5,2014,23,두산,12,11,0.5217391304347826,5.5
6,2014,23,롯데,12,10,0.5454545454545454,4.0
7,2014,23,삼성,12,11,0.5217391304347826,5.5
8,2014,23,한화,9,14,0.39130434782608703,7.5
