,Year,Game_idx,Team1,cum_win,cum_lose,Wpct,rank
0,2012,93,KIA,45,44,0.5056179775280899,5.0
1,2012,93,LG,39,51,0.43333333333333335,7.0
2,2012,93,SK,47,44,0.5164835164835165,4.0
3,2012,93,넥센,44,47,0.4835164835164835,6.0
4,2012,93,두산,50,42,0.5434782608695652,2.0
5,2012,93,롯데,47,42,0.5280898876404494,3.0
6,2012,93,삼성,52,39,0.5714285714285714,1.0
7,2012,93,한화,36,55,0.3956043956043956,8.0
