,Year,Game_idx,Team1,cum_win,cum_lose,Wpct,rank
0,2004,127,KIA,65,57,0.5327868852459017,3.0
1,2004,127,LG,58,65,0.4715447154471545,6.0
2,2004,127,SK,60,59,0.5042016806722689,5.0
3,2004,127,두산,67,59,0.5317460317460317,4.0
4,2004,127,롯데,46,70,0.3965517241379311,8.0
5,2004,127,삼성,68,51,0.5714285714285714,2.0
6,2004,127,한화,51,70,0.4214876033057851,7.0
7,2004,127,현대,71,51,0.5819672131147541,1.0
