,Year,Game_idx,Team1,cum_win,cum_lose,Wpct,rank
0,1996,36,LG,14,21,0.4,8.0
1,1996,36,OB,19,17,0.5277777777777778,3.5
2,1996,36,롯데,15,20,0.42857142857142855,7.0
3,1996,36,삼성,19,16,0.5428571428571428,2.0
4,1996,36,쌍방울,19,17,0.5277777777777778,3.5
5,1996,36,한화,17,19,0.4722222222222222,5.5
6,1996,36,해태,17,19,0.4722222222222222,5.5
7,1996,36,현대,22,13,0.6285714285714286,1.0
