,Year,Game_idx,Team1,cum_win,cum_lose,Wpct,rank
0,2001,70,KIA,32,35,0.4776119402985074,4.0
1,2001,70,LG,28,39,0.41791044776119396,6.0
2,2001,70,SK,28,41,0.4057971014492754,7.0
3,2001,70,두산,35,32,0.5223880597014925,3.0
4,2001,70,롯데,27,40,0.4029850746268657,8.0
5,2001,70,삼성,45,25,0.6428571428571429,1.0
6,2001,70,한화,32,37,0.463768115942029,5.0
7,2001,70,현대,44,25,0.6376811594202898,2.0
