,Year,Game_idx,Team1,cum_win,cum_lose,Wpct,rank
0,1991,114,LG,52,61,0.4601769911504425,5.0
1,1991,114,OB,43,69,0.38392857142857145,8.0
2,1991,114,롯데,55,56,0.4954954954954955,4.0
3,1991,114,빙그레,66,43,0.6055045871559633,2.0
4,1991,114,삼성,64,49,0.5663716814159292,3.0
5,1991,114,쌍방울,46,65,0.4144144144144144,7.0
6,1991,114,태평양,49,63,0.4375,6.0
7,1991,114,해태,70,39,0.6422018348623854,1.0
