,Year,Game_idx,Team1,cum_win,cum_lose,Wpct,rank
0,1992,26,LG,7,18,0.28,8.0
1,1992,26,OB,12,13,0.48,6.0
2,1992,26,롯데,13,13,0.5,5.0
3,1992,26,빙그레,18,7,0.72,1.0
4,1992,26,삼성,13,12,0.52,4.0
5,1992,26,쌍방울,9,16,0.36,7.0
6,1992,26,태평양,13,10,0.5652173913043478,3.0
7,1992,26,해태,16,10,0.6153846153846154,2.0
