,Year,Game_idx,Team1,cum_win,cum_lose,Wpct,rank
0,2016,98,KIA,48,49,0.4948453608247423,4.0
1,2016,98,LG,45,52,0.4639175257731959,7.0
2,2016,98,NC,59,37,0.6145833333333334,2.0
3,2016,98,SK,48,50,0.4897959183673469,5.0
4,2016,98,kt,38,58,0.3958333333333333,10.0
5,2016,98,넥센,54,43,0.5567010309278351,3.0
6,2016,98,두산,61,36,0.6288659793814433,1.0
7,2016,98,롯데,47,51,0.4795918367346938,6.0
8,2016,98,삼성,42,55,0.4329896907216495,9.0
9,2016,98,한화,43,52,0.4526315789473685,8.0
