,Year,Game_idx,Team1,cum_win,cum_lose,Wpct,rank
0,2000,47,LG,24,22,0.5217391304347826,4.0
1,2000,47,SK,14,33,0.2978723404255319,8.0
2,2000,47,두산,30,17,0.6382978723404256,2.0
3,2000,47,롯데,21,26,0.44680851063829785,5.0
4,2000,47,삼성,27,20,0.5744680851063829,3.0
5,2000,47,한화,17,28,0.37777777777777777,7.0
6,2000,47,해태,18,28,0.39130434782608703,6.0
7,2000,47,현대,34,13,0.7234042553191491,1.0
