,Year,Game_idx,Team1,cum_win,cum_lose,Wpct,rank
0,2000,115,LG,56,56,0.5,5.0
1,2000,115,SK,35,77,0.3125,8.0
2,2000,115,두산,66,49,0.5739130434782609,2.0
3,2000,115,롯데,57,54,0.5135135135135135,4.0
4,2000,115,삼성,63,47,0.5727272727272728,3.0
5,2000,115,한화,44,66,0.4,7.0
6,2000,115,해태,49,62,0.44144144144144143,6.0
7,2000,115,현대,79,34,0.6991150442477876,1.0
