,Year,Game_idx,Team1,cum_win,cum_lose,Wpct,rank
0,1997,31,LG,20,11,0.6451612903225806,1.5
1,1997,31,OB,13,16,0.4482758620689655,5.0
2,1997,31,롯데,13,18,0.41935483870967744,6.0
3,1997,31,삼성,15,14,0.5172413793103449,4.0
4,1997,31,쌍방울,17,14,0.5483870967741935,3.0
5,1997,31,한화,9,20,0.3103448275862069,8.0
6,1997,31,해태,20,11,0.6451612903225806,1.5
7,1997,31,현대,12,17,0.4137931034482759,7.0
