,Year,Game_idx,Team1,cum_win,cum_lose,Wpct,rank
0,2013,15,KIA,11,4,0.7333333333333333,1.0
1,2013,15,LG,9,6,0.6,4.0
2,2013,15,NC,3,12,0.2,8.0
3,2013,15,SK,7,8,0.4666666666666667,6.0
4,2013,15,넥센,9,6,0.6,4.0
5,2013,15,두산,9,5,0.6428571428571429,2.0
6,2013,15,롯데,6,8,0.42857142857142855,7.0
7,2013,15,삼성,9,6,0.6,4.0
8,2013,15,한화,2,13,0.13333333333333333,9.0
