,Year,Game_idx,Team1,cum_win,cum_lose,Wpct,rank
0,2016,31,KIA,14,17,0.4516129032258064,8.0
1,2016,31,LG,14,17,0.4516129032258064,8.0
2,2016,31,NC,19,12,0.6129032258064516,2.5
3,2016,31,SK,19,12,0.6129032258064516,2.5
4,2016,31,kt,15,16,0.4838709677419355,5.5
5,2016,31,넥센,17,13,0.5666666666666667,4.0
6,2016,31,두산,20,10,0.6666666666666666,1.0
7,2016,31,롯데,14,17,0.4516129032258064,8.0
8,2016,31,삼성,15,16,0.4838709677419355,5.5
9,2016,31,한화,9,22,0.2903225806451613,10.0
