,Year,Game_idx,Team1,cum_win,cum_lose,Wpct,rank
0,2002,109,KIA,63,42,0.6,1.0
1,2002,109,LG,56,47,0.5436893203883495,4.0
2,2002,109,SK,50,56,0.4716981132075472,7.0
3,2002,109,두산,55,52,0.514018691588785,5.0
4,2002,109,롯데,27,81,0.25,8.0
5,2002,109,삼성,62,43,0.5904761904761905,2.0
6,2002,109,한화,50,54,0.4807692307692308,6.0
7,2002,109,현대,58,46,0.5576923076923077,3.0
