,Year,Game_idx,Team1,cum_win,cum_lose,Wpct,rank
0,1998,31,LG,14,17,0.4516129032258064,4.5
1,1998,31,OB,14,17,0.4516129032258064,4.5
2,1998,31,롯데,12,17,0.4137931034482759,8.0
3,1998,31,삼성,18,13,0.5806451612903226,2.0
4,1998,31,쌍방울,15,16,0.4838709677419355,3.0
5,1998,31,한화,13,16,0.4482758620689655,6.0
6,1998,31,해태,13,18,0.41935483870967744,7.0
7,1998,31,현대,22,9,0.7096774193548387,1.0
