,Year,Game_idx,Team1,cum_win,cum_lose,Wpct,rank
0,2011,7,KIA,3,4,0.42857142857142855,5.5
1,2011,7,LG,5,2,0.7142857142857143,1.5
2,2011,7,SK,5,2,0.7142857142857143,1.5
3,2011,7,넥센,3,4,0.42857142857142855,5.5
4,2011,7,두산,4,3,0.5714285714285714,3.0
5,2011,7,롯데,3,4,0.42857142857142855,5.5
6,2011,7,삼성,3,4,0.42857142857142855,5.5
7,2011,7,한화,2,5,0.2857142857142857,8.0
