,Year,Game_idx,Team1,cum_win,cum_lose,Wpct,rank
0,2000,55,LG,29,25,0.5370370370370371,3.5
1,2000,55,SK,15,39,0.2777777777777778,8.0
2,2000,55,두산,34,21,0.6181818181818182,2.0
3,2000,55,롯데,26,28,0.4814814814814815,5.0
4,2000,55,삼성,29,25,0.5370370370370371,3.5
5,2000,55,한화,20,33,0.37735849056603776,7.0
6,2000,55,해태,24,30,0.4444444444444444,6.0
7,2000,55,현대,39,16,0.7090909090909091,1.0
