,Year,Game_idx,Team1,cum_win,cum_lose,Wpct,rank
0,2000,104,LG,50,51,0.4950495049504951,5.0
1,2000,104,SK,28,74,0.27450980392156865,8.0
2,2000,104,두산,60,44,0.5769230769230769,2.0
3,2000,104,롯데,55,47,0.5392156862745098,4.0
4,2000,104,삼성,57,42,0.5757575757575758,3.0
5,2000,104,한화,41,59,0.41,7.0
6,2000,104,해태,44,57,0.4356435643564357,6.0
7,2000,104,현대,70,33,0.6796116504854369,1.0
