,Year,Game_idx,Team1,cum_win,cum_lose,Wpct,rank
0,2016,104,KIA,50,53,0.4854368932038835,4.0
1,2016,104,LG,49,54,0.4757281553398058,6.0
2,2016,104,NC,61,41,0.5980392156862745,2.0
3,2016,104,SK,50,54,0.4807692307692308,5.0
4,2016,104,kt,40,62,0.392156862745098,10.0
5,2016,104,넥센,58,45,0.5631067961165048,3.0
6,2016,104,두산,64,39,0.6213592233009708,1.0
7,2016,104,롯데,48,56,0.4615384615384616,7.0
8,2016,104,삼성,45,58,0.4368932038834951,9.0
9,2016,104,한화,46,55,0.4554455445544554,8.0
