,Year,Game_idx,Team1,cum_win,cum_lose,Wpct,rank
0,2011,48,KIA,25,23,0.5208333333333334,4.0
1,2011,48,LG,28,20,0.5833333333333334,2.0
2,2011,48,SK,29,19,0.6041666666666666,1.0
3,2011,48,넥센,18,30,0.375,8.0
4,2011,48,두산,21,25,0.4565217391304348,6.0
5,2011,48,롯데,22,23,0.4888888888888889,5.0
6,2011,48,삼성,25,21,0.5434782608695652,3.0
7,2011,48,한화,19,28,0.40425531914893614,7.0
