,Year,Game_idx,Team1,cum_win,cum_lose,Wpct,rank
0,2011,75,KIA,44,31,0.5866666666666667,2.0
1,2011,75,LG,39,36,0.52,4.0
2,2011,75,SK,41,34,0.5466666666666666,3.0
3,2011,75,넥센,28,47,0.37333333333333335,8.0
4,2011,75,두산,33,40,0.4520547945205479,6.0
5,2011,75,롯데,33,39,0.4583333333333333,5.0
6,2011,75,삼성,44,29,0.6027397260273972,1.0
7,2011,75,한화,33,41,0.4459459459459459,7.0
