,Year,Game_idx,Team1,cum_win,cum_lose,Wpct,rank
0,2008,39,KIA,16,23,0.41025641025641024,7.0
1,2008,39,LG,13,26,0.3333333333333333,8.0
2,2008,39,SK,27,12,0.6923076923076923,1.0
3,2008,39,두산,22,17,0.5641025641025641,2.5
4,2008,39,롯데,20,19,0.5128205128205128,4.0
5,2008,39,삼성,19,20,0.4871794871794872,5.0
6,2008,39,한화,22,17,0.5641025641025641,2.5
7,2008,39,히어로즈,17,22,0.4358974358974359,6.0
