,Year,Game_idx,Team1,cum_win,cum_lose,Wpct,rank
0,2011,23,KIA,11,12,0.4782608695652174,5.0
1,2011,23,LG,13,10,0.5652173913043478,3.5
2,2011,23,SK,17,6,0.7391304347826086,1.0
3,2011,23,넥센,10,13,0.43478260869565216,6.0
4,2011,23,두산,13,9,0.5909090909090909,2.0
5,2011,23,롯데,7,14,0.3333333333333333,7.0
6,2011,23,삼성,13,10,0.5652173913043478,3.5
7,2011,23,한화,6,16,0.2727272727272727,8.0
