,Year,Game_idx,Team1,cum_win,cum_lose,Wpct,rank
0,2005,121,KIA,48,72,0.4,8.0
1,2005,121,LG,51,69,0.425,7.0
2,2005,121,SK,67,48,0.5826086956521739,2.0
3,2005,121,두산,67,51,0.5677966101694916,3.0
4,2005,121,롯데,56,64,0.4666666666666667,5.0
5,2005,121,삼성,71,46,0.6068376068376068,1.0
6,2005,121,한화,63,57,0.525,4.0
7,2005,121,현대,51,67,0.4322033898305085,6.0
