,Year,Game_idx,Team1,cum_win,cum_lose,Wpct,rank
0,2007,65,KIA,24,40,0.375,8.0
1,2007,65,LG,31,32,0.492063492063492,6.0
2,2007,65,SK,35,25,0.5833333333333334,1.0
3,2007,65,두산,35,29,0.546875,2.0
4,2007,65,롯데,29,34,0.4603174603174603,7.0
5,2007,65,삼성,31,31,0.5,4.0
6,2007,65,한화,34,29,0.5396825396825397,3.0
7,2007,65,현대,32,33,0.4923076923076923,5.0
