,Year,Game_idx,Team1,cum_win,cum_lose,Wpct,rank
0,1996,117,LG,48,64,0.42857142857142855,7.0
1,1996,117,OB,46,65,0.4144144144144144,8.0
2,1996,117,롯데,51,60,0.4594594594594595,6.0
3,1996,117,삼성,52,60,0.4642857142857143,5.0
4,1996,117,쌍방울,64,51,0.5565217391304348,2.0
5,1996,117,한화,64,52,0.5517241379310345,3.0
6,1996,117,해태,67,48,0.5826086956521739,1.0
7,1996,117,현대,60,52,0.5357142857142857,4.0
