,Year,Game_idx,Team1,cum_win,cum_lose,Wpct,rank
0,1998,43,LG,20,23,0.4651162790697674,5.0
1,1998,43,OB,21,22,0.4883720930232558,3.0
2,1998,43,롯데,17,24,0.4146341463414634,8.0
3,1998,43,삼성,23,20,0.5348837209302325,2.0
4,1998,43,쌍방울,18,25,0.4186046511627907,6.5
5,1998,43,한화,20,21,0.4878048780487805,4.0
6,1998,43,해태,18,25,0.4186046511627907,6.5
7,1998,43,현대,30,13,0.6976744186046512,1.0
