,Year,Game_idx,Team1,cum_win,cum_lose,Wpct,rank
0,2002,55,KIA,33,19,0.6346153846153846,1.0
1,2002,55,LG,26,27,0.490566037735849,4.0
2,2002,55,SK,23,30,0.4339622641509434,6.5
3,2002,55,두산,30,24,0.5555555555555556,3.0
4,2002,55,롯데,17,37,0.3148148148148148,8.0
5,2002,55,삼성,34,21,0.6181818181818182,2.0
6,2002,55,한화,23,30,0.4339622641509434,6.5
7,2002,55,현대,25,26,0.4901960784313725,5.0
