,Year,Game_idx,Team1,cum_win,cum_lose,Wpct,rank
0,2010,66,KIA,34,32,0.5151515151515151,3.0
1,2010,66,LG,31,34,0.476923076923077,6.0
2,2010,66,SK,45,21,0.6818181818181818,1.0
3,2010,66,넥센,26,39,0.4,7.0
4,2010,66,두산,37,28,0.5692307692307692,2.0
5,2010,66,롯데,31,33,0.484375,5.0
6,2010,66,삼성,33,32,0.5076923076923077,4.0
7,2010,66,한화,26,40,0.3939393939393939,8.0
