,Year,Game_idx,Team1,cum_win,cum_lose,Wpct,rank
0,1992,64,LG,22,40,0.3548387096774194,7.0
1,1992,64,OB,32,30,0.5161290322580645,5.0
2,1992,64,롯데,36,28,0.5625,3.0
3,1992,64,빙그레,41,22,0.6507936507936508,1.0
4,1992,64,삼성,33,30,0.5238095238095238,4.0
5,1992,64,쌍방울,21,42,0.3333333333333333,8.0
6,1992,64,태평양,27,34,0.4426229508196721,6.0
7,1992,64,해태,40,24,0.625,2.0
