,Year,Game_idx,Team1,cum_win,cum_lose,Wpct,rank
0,2002,56,KIA,34,19,0.6415094339622641,1.0
1,2002,56,LG,26,27,0.490566037735849,5.0
2,2002,56,SK,24,30,0.4444444444444444,6.0
3,2002,56,두산,30,25,0.5454545454545454,3.0
4,2002,56,롯데,17,38,0.3090909090909091,8.0
5,2002,56,삼성,35,21,0.625,2.0
6,2002,56,한화,23,31,0.4259259259259259,7.0
7,2002,56,현대,26,26,0.5,4.0
