,Year,Game_idx,Team1,cum_win,cum_lose,Wpct,rank
0,2014,127,KIA,53,74,0.4173228346456693,8.0
1,2014,127,LG,61,63,0.4919354838709678,4.0
2,2014,127,NC,70,56,0.5555555555555556,3.0
3,2014,127,SK,61,64,0.488,5.0
4,2014,127,넥센,77,48,0.616,2.0
5,2014,127,두산,58,68,0.4603174603174603,6.0
6,2014,127,롯데,57,68,0.456,7.0
7,2014,127,삼성,78,46,0.6290322580645161,1.0
8,2014,127,한화,49,76,0.392,9.0
