,Year,Game_idx,Team1,cum_win,cum_lose,Wpct,rank
0,1994,31,LG,20,11,0.6451612903225806,1.0
1,1994,31,OB,14,17,0.4516129032258064,6.0
2,1994,31,롯데,13,16,0.4482758620689655,7.0
3,1994,31,삼성,16,14,0.5333333333333333,3.0
4,1994,31,쌍방울,12,18,0.4,8.0
5,1994,31,태평양,17,12,0.5862068965517241,2.0
6,1994,31,한화,15,16,0.4838709677419355,4.0
7,1994,31,해태,14,15,0.4827586206896552,5.0
