,Year,Game_idx,Team1,cum_win,cum_lose,Wpct,rank
0,2007,21,KIA,10,11,0.4761904761904762,6.5
1,2007,21,LG,11,10,0.5238095238095238,2.5
2,2007,21,SK,13,6,0.6842105263157895,1.0
3,2007,21,두산,8,13,0.3809523809523809,8.0
4,2007,21,롯데,11,10,0.5238095238095238,2.5
5,2007,21,삼성,10,10,0.5,4.5
6,2007,21,한화,10,10,0.5,4.5
7,2007,21,현대,10,11,0.4761904761904762,6.5
