,Year,Game_idx,Team1,cum_win,cum_lose,Wpct,rank
0,2009,10,KIA,3,6,0.3333333333333333,8.0
1,2009,10,LG,4,5,0.4444444444444444,6.0
2,2009,10,SK,5,3,0.625,1.0
3,2009,10,두산,5,4,0.5555555555555556,3.5
4,2009,10,롯데,4,6,0.4,7.0
5,2009,10,삼성,5,5,0.5,5.0
6,2009,10,한화,5,4,0.5555555555555556,3.5
7,2009,10,히어로즈,6,4,0.6,2.0
