,Year,Game_idx,Team1,cum_win,cum_lose,Wpct,rank
0,2004,71,KIA,33,34,0.4925373134328358,4.0
1,2004,71,LG,31,38,0.4492753623188406,7.0
2,2004,71,SK,31,33,0.484375,6.0
3,2004,71,두산,39,31,0.5571428571428572,3.0
4,2004,71,롯데,24,38,0.3870967741935484,8.0
5,2004,71,삼성,37,28,0.5692307692307692,2.0
6,2004,71,한화,32,34,0.4848484848484849,5.0
7,2004,71,현대,38,28,0.5757575757575758,1.0
