,Year,Game_idx,Team1,cum_win,cum_lose,Wpct,rank
0,2014,20,KIA,8,12,0.4,7.0
1,2014,20,LG,5,14,0.2631578947368421,9.0
2,2014,20,NC,13,7,0.65,1.5
3,2014,20,SK,12,8,0.6,3.0
4,2014,20,넥센,13,7,0.65,1.5
5,2014,20,두산,11,9,0.55,4.0
6,2014,20,롯데,9,10,0.4736842105263158,6.0
7,2014,20,삼성,10,10,0.5,5.0
8,2014,20,한화,7,13,0.35,8.0
