,Year,Game_idx,Team1,cum_win,cum_lose,Wpct,rank
0,2005,74,KIA,31,42,0.4246575342465753,8.0
1,2005,74,LG,36,38,0.4864864864864865,4.0
2,2005,74,SK,34,36,0.4857142857142857,5.0
3,2005,74,두산,43,29,0.5972222222222222,1.5
4,2005,74,롯데,34,40,0.4594594594594595,6.0
5,2005,74,삼성,43,29,0.5972222222222222,1.5
6,2005,74,한화,38,35,0.5205479452054794,3.0
7,2005,74,현대,32,40,0.4444444444444444,7.0
