,Year,Game_idx,Team1,cum_win,cum_lose,Wpct,rank
0,1997,106,LG,59,45,0.5673076923076923,2.0
1,1997,106,OB,48,53,0.4752475247524752,5.0
2,1997,106,롯데,42,63,0.4,8.0
3,1997,106,삼성,56,44,0.56,3.0
4,1997,106,쌍방울,58,47,0.5523809523809524,4.0
5,1997,106,한화,44,60,0.4230769230769231,7.0
6,1997,106,해태,63,42,0.6,1.0
7,1997,106,현대,44,58,0.4313725490196079,6.0
