,Year,Game_idx,Team1,cum_win,cum_lose,Wpct,rank
0,1995,84,LG,51,32,0.6144578313253012,1.0
1,1995,84,OB,45,34,0.569620253164557,2.0
2,1995,84,롯데,42,38,0.525,3.0
3,1995,84,삼성,40,39,0.5063291139240507,5.0
4,1995,84,쌍방울,30,53,0.3614457831325301,8.0
5,1995,84,태평양,34,47,0.41975308641975306,7.0
6,1995,84,한화,41,43,0.4880952380952381,6.0
7,1995,84,해태,43,40,0.5180722891566265,4.0
