,Year,Game_idx,Team1,cum_win,cum_lose,Wpct,rank
0,2005,26,KIA,9,17,0.3461538461538461,8.0
1,2005,26,LG,10,16,0.38461538461538464,7.0
2,2005,26,SK,11,13,0.4583333333333333,5.0
3,2005,26,두산,17,8,0.68,2.0
4,2005,26,롯데,15,11,0.5769230769230769,3.0
5,2005,26,삼성,18,8,0.6923076923076923,1.0
6,2005,26,한화,12,14,0.4615384615384616,4.0
7,2005,26,현대,10,15,0.4,6.0
