,Year,Game_idx,Team1,cum_win,cum_lose,Wpct,rank
0,1992,49,LG,17,30,0.3617021276595745,7.0
1,1992,49,OB,22,25,0.4680851063829787,5.0
2,1992,49,롯데,25,24,0.5102040816326531,4.0
3,1992,49,빙그레,35,13,0.7291666666666666,1.0
4,1992,49,삼성,25,23,0.5208333333333334,3.0
5,1992,49,쌍방울,16,32,0.3333333333333333,8.0
6,1992,49,태평양,19,27,0.4130434782608696,6.0
7,1992,49,해태,33,16,0.6734693877551021,2.0
