,Year,Game_idx,Team1,cum_win,cum_lose,Wpct,rank
0,1991,82,LG,41,40,0.5061728395061729,4.0
1,1991,82,OB,27,53,0.3375,8.0
2,1991,82,롯데,40,41,0.4938271604938271,5.5
3,1991,82,빙그레,44,35,0.5569620253164557,3.0
4,1991,82,삼성,47,35,0.573170731707317,2.0
5,1991,82,쌍방울,32,48,0.4,7.0
6,1991,82,태평양,40,41,0.4938271604938271,5.5
7,1991,82,해태,52,28,0.65,1.0
