,Year,Game_idx,Team1,cum_win,cum_lose,Wpct,rank
0,2012,70,KIA,33,33,0.5,6.0
1,2012,70,LG,32,36,0.4705882352941176,7.0
2,2012,70,SK,35,34,0.5072463768115942,5.0
3,2012,70,넥센,35,33,0.5147058823529411,4.0
4,2012,70,두산,36,33,0.5217391304347826,3.0
5,2012,70,롯데,37,30,0.5522388059701493,2.0
6,2012,70,삼성,38,30,0.5588235294117647,1.0
7,2012,70,한화,25,44,0.3623188405797101,8.0
