,Year,Game_idx,Team1,cum_win,cum_lose,Wpct,rank
0,2015,128,KIA,61,67,0.4765625,6.0
1,2015,128,LG,55,71,0.4365079365079365,9.0
2,2015,128,NC,74,52,0.5873015873015873,2.0
3,2015,128,SK,59,67,0.4682539682539682,8.0
4,2015,128,kt,47,81,0.3671875,10.0
5,2015,128,넥센,71,56,0.5590551181102362,3.0
6,2015,128,두산,69,59,0.5390625,4.0
7,2015,128,롯데,61,66,0.4803149606299213,5.0
8,2015,128,삼성,78,50,0.609375,1.0
9,2015,128,한화,60,68,0.46875,7.0
