,Year,Game_idx,Team1,cum_win,cum_lose,Wpct,rank
0,2012,48,KIA,22,24,0.4782608695652174,7.0
1,2012,48,LG,24,23,0.5106382978723404,5.0
2,2012,48,SK,27,20,0.5744680851063829,1.0
3,2012,48,넥센,25,22,0.5319148936170213,2.0
4,2012,48,두산,24,23,0.5106382978723404,5.0
5,2012,48,롯데,24,22,0.5217391304347826,3.0
6,2012,48,삼성,24,23,0.5106382978723404,5.0
7,2012,48,한화,18,29,0.3829787234042553,8.0
