,Year,Game_idx,Team1,cum_win,cum_lose,Wpct,rank
0,2007,51,KIA,20,30,0.4,8.0
1,2007,51,LG,24,25,0.4897959183673469,5.5
2,2007,51,SK,26,21,0.5531914893617021,2.0
3,2007,51,두산,28,22,0.56,1.0
4,2007,51,롯데,24,25,0.4897959183673469,5.5
5,2007,51,삼성,25,23,0.5208333333333334,4.0
6,2007,51,한화,27,23,0.54,3.0
7,2007,51,현대,24,27,0.4705882352941176,7.0
