,Year,Game_idx,Team1,cum_win,cum_lose,Wpct,rank
0,1991,125,LG,53,71,0.4274193548387097,6.0
1,1991,125,OB,50,73,0.4065040650406504,8.0
2,1991,125,롯데,61,61,0.5,4.0
3,1991,125,빙그레,71,49,0.5916666666666667,2.0
4,1991,125,삼성,69,55,0.5564516129032258,3.0
5,1991,125,쌍방울,52,70,0.4262295081967213,7.0
6,1991,125,태평양,54,69,0.4390243902439024,5.0
7,1991,125,해태,78,42,0.65,1.0
