,Year,Game_idx,Team1,cum_win,cum_lose,Wpct,rank
0,1992,65,LG,22,41,0.3492063492063492,7.0
1,1992,65,OB,32,31,0.5079365079365079,5.0
2,1992,65,롯데,37,28,0.5692307692307692,3.0
3,1992,65,빙그레,41,23,0.640625,1.0
4,1992,65,삼성,33,31,0.515625,4.0
5,1992,65,쌍방울,22,42,0.34375,8.0
6,1992,65,태평양,27,35,0.4354838709677419,6.0
7,1992,65,해태,40,25,0.6153846153846154,2.0
