,Year,Game_idx,Team1,cum_win,cum_lose,Wpct,rank
0,2003,26,KIA,15,10,0.6,3.5
1,2003,26,LG,13,12,0.52,5.0
2,2003,26,SK,15,10,0.6,3.5
3,2003,26,두산,6,20,0.2307692307692308,7.0
4,2003,26,롯데,5,19,0.20833333333333331,8.0
5,2003,26,삼성,19,6,0.76,1.0
6,2003,26,한화,10,15,0.4,6.0
7,2003,26,현대,17,8,0.68,2.0
