,Year,Game_idx,Team1,cum_win,cum_lose,Wpct,rank
0,2016,30,KIA,13,17,0.43333333333333335,8.5
1,2016,30,LG,14,16,0.4666666666666667,6.0
2,2016,30,NC,18,12,0.6,2.5
3,2016,30,SK,18,12,0.6,2.5
4,2016,30,kt,14,16,0.4666666666666667,6.0
5,2016,30,넥센,16,13,0.5517241379310345,4.0
6,2016,30,두산,19,10,0.6551724137931034,1.0
7,2016,30,롯데,13,17,0.43333333333333335,8.5
8,2016,30,삼성,14,16,0.4666666666666667,6.0
9,2016,30,한화,8,22,0.26666666666666666,10.0
