,Year,Game_idx,Team1,cum_win,cum_lose,Wpct,rank
0,1997,10,LG,7,3,0.7,1.0
1,1997,10,OB,5,4,0.5555555555555556,5.0
2,1997,10,롯데,3,7,0.3,7.0
3,1997,10,삼성,2,7,0.2222222222222222,8.0
4,1997,10,쌍방울,6,4,0.6,3.0
5,1997,10,한화,6,4,0.6,3.0
6,1997,10,해태,6,4,0.6,3.0
7,1997,10,현대,4,6,0.4,6.0
