,Year,Game_idx,Team1,cum_win,cum_lose,Wpct,rank
0,1997,108,LG,60,46,0.5660377358490566,2.0
1,1997,108,OB,50,53,0.4854368932038835,5.0
2,1997,108,롯데,43,64,0.4018691588785047,8.0
3,1997,108,삼성,57,45,0.5588235294117647,3.0
4,1997,108,쌍방울,59,48,0.5514018691588785,4.0
5,1997,108,한화,44,62,0.4150943396226415,7.0
6,1997,108,해태,64,43,0.5981308411214953,1.0
7,1997,108,현대,45,59,0.4326923076923077,6.0
