,Year,Game_idx,Team1,cum_win,cum_lose,Wpct,rank
0,1999,30,LG,18,12,0.6,2.0
1,1999,30,두산,15,14,0.5172413793103449,4.0
2,1999,30,롯데,17,11,0.6071428571428571,1.0
3,1999,30,삼성,17,12,0.5862068965517241,3.0
4,1999,30,쌍방울,8,20,0.2857142857142857,8.0
5,1999,30,한화,13,17,0.43333333333333335,7.0
6,1999,30,해태,14,16,0.4666666666666667,6.0
7,1999,30,현대,15,15,0.5,5.0
