,Year,Game_idx,Team1,cum_win,cum_lose,Wpct,rank
0,1996,116,LG,48,63,0.4324324324324325,7.0
1,1996,116,OB,46,64,0.41818181818181815,8.0
2,1996,116,롯데,51,59,0.4636363636363636,5.0
3,1996,116,삼성,51,60,0.4594594594594595,6.0
4,1996,116,쌍방울,63,51,0.5526315789473685,2.0
5,1996,116,한화,63,52,0.5478260869565217,3.0
6,1996,116,해태,67,47,0.5877192982456141,1.0
7,1996,116,현대,60,51,0.5405405405405406,4.0
