,Year,Game_idx,Team1,cum_win,cum_lose,Wpct,rank
0,2012,79,KIA,38,37,0.5066666666666667,6.0
1,2012,79,LG,34,43,0.4415584415584416,7.0
2,2012,79,SK,40,38,0.5128205128205128,5.0
3,2012,79,넥센,41,36,0.5324675324675324,3.0
4,2012,79,두산,41,37,0.5256410256410257,4.0
5,2012,79,롯데,40,35,0.5333333333333333,2.0
6,2012,79,삼성,45,32,0.5844155844155844,1.0
7,2012,79,한화,28,49,0.3636363636363637,8.0
