,Year,Game_idx,Team1,cum_win,cum_lose,Wpct,rank
0,1994,59,LG,38,21,0.6440677966101694,1.0
1,1994,59,OB,26,32,0.4482758620689655,7.0
2,1994,59,롯데,26,30,0.4642857142857143,6.0
3,1994,59,삼성,29,29,0.5,4.5
4,1994,59,쌍방울,18,39,0.3157894736842105,8.0
5,1994,59,태평양,32,25,0.5614035087719298,2.5
6,1994,59,한화,29,29,0.5,4.5
7,1994,59,해태,32,25,0.5614035087719298,2.5
