,Year,Game_idx,Team1,cum_win,cum_lose,Wpct,rank
0,1998,13,LG,7,6,0.5384615384615384,4.0
1,1998,13,OB,6,7,0.4615384615384616,5.0
2,1998,13,롯데,5,7,0.4166666666666667,6.0
3,1998,13,삼성,8,5,0.6153846153846154,3.0
4,1998,13,쌍방울,4,9,0.3076923076923077,7.5
5,1998,13,한화,8,4,0.6666666666666666,2.0
6,1998,13,해태,4,9,0.3076923076923077,7.5
7,1998,13,현대,9,4,0.6923076923076923,1.0
