,Year,Game_idx,Team1,cum_win,cum_lose,Wpct,rank
0,2013,19,KIA,13,5,0.7222222222222222,1.0
1,2013,19,LG,11,8,0.5789473684210527,5.0
2,2013,19,NC,3,15,0.16666666666666666,9.0
3,2013,19,SK,8,11,0.42105263157894735,7.0
4,2013,19,넥센,13,6,0.6842105263157895,2.0
5,2013,19,두산,12,6,0.6666666666666666,3.0
6,2013,19,롯데,9,9,0.5,6.0
7,2013,19,삼성,12,7,0.631578947368421,4.0
8,2013,19,한화,4,15,0.21052631578947367,8.0
