,Year,Game_idx,Team1,cum_win,cum_lose,Wpct,rank
0,1992,97,LG,38,57,0.4,7.0
1,1992,97,OB,44,50,0.4680851063829787,5.0
2,1992,97,롯데,56,41,0.5773195876288659,3.0
3,1992,97,빙그레,59,36,0.6210526315789474,1.0
4,1992,97,삼성,50,45,0.5263157894736842,4.0
5,1992,97,쌍방울,33,63,0.34375,8.0
6,1992,97,태평양,43,51,0.4574468085106383,6.0
7,1992,97,해태,60,37,0.6185567010309279,2.0
