,Year,Game_idx,Team1,cum_win,cum_lose,Wpct,rank
0,1995,98,LG,60,35,0.631578947368421,1.0
1,1995,98,OB,53,40,0.5698924731182796,2.0
2,1995,98,롯데,50,43,0.5376344086021505,3.0
3,1995,98,삼성,46,47,0.4946236559139785,5.0
4,1995,98,쌍방울,35,61,0.3645833333333333,8.0
5,1995,98,태평양,39,55,0.4148936170212766,7.0
6,1995,98,한화,45,53,0.4591836734693878,6.0
7,1995,98,해태,48,47,0.5052631578947369,4.0
