,Year,Game_idx,Team1,cum_win,cum_lose,Wpct,rank
0,1997,3,LG,1,2,0.3333333333333333,6.0
1,1997,3,OB,2,1,0.6666666666666666,3.0
2,1997,3,롯데,0,3,0.0,8.0
3,1997,3,삼성,1,2,0.3333333333333333,6.0
4,1997,3,쌍방울,2,1,0.6666666666666666,3.0
5,1997,3,한화,1,2,0.3333333333333333,6.0
6,1997,3,해태,2,1,0.6666666666666666,3.0
7,1997,3,현대,3,0,1.0,1.0
