,Year,Game_idx,Team1,cum_win,cum_lose,Wpct,rank
0,2002,51,KIA,29,19,0.6041666666666666,2.0
1,2002,51,LG,22,27,0.4489795918367347,6.5
2,2002,51,SK,23,27,0.46,5.0
3,2002,51,두산,28,22,0.56,3.0
4,2002,51,롯데,17,33,0.34,8.0
5,2002,51,삼성,32,19,0.6274509803921569,1.0
6,2002,51,한화,22,27,0.4489795918367347,6.5
7,2002,51,현대,22,25,0.4680851063829787,4.0
