,Year,Game_idx,Team1,cum_win,cum_lose,Wpct,rank
0,1989,27,MBC,11,15,0.4230769230769231,5.0
1,1989,27,OB,9,18,0.3333333333333333,7.0
2,1989,27,롯데,10,16,0.38461538461538464,6.0
3,1989,27,빙그레,17,8,0.68,1.0
4,1989,27,삼성,16,10,0.6153846153846154,2.0
5,1989,27,태평양,14,12,0.5384615384615384,4.0
6,1989,27,해태,15,11,0.5769230769230769,3.0
