,Year,Game_idx,Team1,cum_win,cum_lose,Wpct,rank
0,1995,27,LG,15,12,0.5555555555555556,2.5
1,1995,27,OB,17,9,0.6538461538461539,1.0
2,1995,27,롯데,14,13,0.5185185185185185,4.0
3,1995,27,삼성,12,14,0.4615384615384616,5.0
4,1995,27,쌍방울,12,15,0.4444444444444444,7.0
5,1995,27,태평양,12,15,0.4444444444444444,7.0
6,1995,27,한화,15,12,0.5555555555555556,2.5
7,1995,27,해태,12,15,0.4444444444444444,7.0
