,Year,Game_idx,Team1,cum_win,cum_lose,Wpct,rank
0,2012,80,KIA,38,38,0.5,6.0
1,2012,80,LG,34,44,0.4358974358974359,7.0
2,2012,80,SK,40,39,0.5063291139240507,5.0
3,2012,80,넥센,41,37,0.5256410256410257,3.0
4,2012,80,두산,41,38,0.5189873417721519,4.0
5,2012,80,롯데,40,36,0.5263157894736842,2.0
6,2012,80,삼성,46,32,0.5897435897435898,1.0
7,2012,80,한화,29,49,0.3717948717948718,8.0
