,Year,Game_idx,Team1,cum_win,cum_lose,Wpct,rank
0,1999,34,LG,21,13,0.6176470588235294,1.0
1,1999,34,두산,18,14,0.5625,4.0
2,1999,34,롯데,19,12,0.6129032258064516,2.0
3,1999,34,삼성,19,13,0.59375,3.0
4,1999,34,쌍방울,8,24,0.25,8.0
5,1999,34,한화,15,19,0.4411764705882353,6.0
6,1999,34,해태,14,20,0.4117647058823529,7.0
7,1999,34,현대,17,16,0.5151515151515151,5.0
