,Year,Game_idx,Team1,cum_win,cum_lose,Wpct,rank
0,1994,63,LG,41,22,0.6507936507936508,1.0
1,1994,63,OB,28,34,0.4516129032258064,6.0
2,1994,63,롯데,27,33,0.45,7.0
3,1994,63,삼성,31,31,0.5,5.0
4,1994,63,쌍방울,18,43,0.29508196721311475,8.0
5,1994,63,태평양,35,26,0.5737704918032787,2.0
6,1994,63,한화,33,29,0.532258064516129,4.0
7,1994,63,해태,33,28,0.5409836065573771,3.0
