,Year,Game_idx,Team1,cum_win,cum_lose,Wpct,rank
0,2014,74,KIA,35,39,0.472972972972973,6.0
1,2014,74,LG,32,41,0.4383561643835616,7.0
2,2014,74,NC,43,31,0.581081081081081,3.0
3,2014,74,SK,30,44,0.40540540540540543,8.0
4,2014,74,넥센,43,30,0.589041095890411,2.0
5,2014,74,두산,36,38,0.4864864864864865,5.0
6,2014,74,롯데,37,36,0.5068493150684932,4.0
7,2014,74,삼성,49,23,0.6805555555555556,1.0
8,2014,74,한화,25,48,0.3424657534246575,9.0
