,Year,Game_idx,Team1,cum_win,cum_lose,Wpct,rank
0,2015,69,KIA,34,35,0.4927536231884058,7.0
1,2015,69,LG,30,38,0.4411764705882353,9.0
2,2015,69,NC,40,28,0.5882352941176471,1.0
3,2015,69,SK,34,34,0.5,6.0
4,2015,69,kt,19,50,0.2753623188405797,10.0
5,2015,69,넥센,38,30,0.5588235294117647,4.0
6,2015,69,두산,40,29,0.5797101449275363,2.5
7,2015,69,롯데,32,37,0.463768115942029,8.0
8,2015,69,삼성,40,29,0.5797101449275363,2.5
9,2015,69,한화,35,34,0.5072463768115942,5.0
