,Year,Game_idx,Team1,cum_win,cum_lose,Wpct,rank
0,1990,68,LG,38,30,0.5588235294117647,3.0
1,1990,68,OB,21,45,0.3181818181818182,7.0
2,1990,68,롯데,29,37,0.4393939393939394,6.0
3,1990,68,빙그레,40,27,0.5970149253731343,1.0
4,1990,68,삼성,37,29,0.5606060606060606,2.0
5,1990,68,태평양,32,34,0.4848484848484849,5.0
6,1990,68,해태,34,32,0.5151515151515151,4.0
