,Year,Game_idx,Team1,cum_win,cum_lose,Wpct,rank
0,2002,123,KIA,74,45,0.6218487394957983,2.0
1,2002,123,LG,61,56,0.5213675213675214,4.0
2,2002,123,SK,56,64,0.4666666666666667,7.0
3,2002,123,두산,61,60,0.5041322314049587,5.0
4,2002,123,롯데,30,92,0.2459016393442623,8.0
5,2002,123,삼성,76,43,0.6386554621848739,1.0
6,2002,123,한화,56,62,0.4745762711864407,6.0
7,2002,123,현대,64,54,0.5423728813559322,3.0
