,Year,Game_idx,Team1,cum_win,cum_lose,Wpct,rank
0,2012,107,KIA,50,53,0.4854368932038835,6.0
1,2012,107,LG,45,59,0.4326923076923077,7.0
2,2012,107,SK,56,49,0.5333333333333333,3.0
3,2012,107,넥센,51,54,0.4857142857142857,5.0
4,2012,107,두산,55,51,0.5188679245283019,4.0
5,2012,107,롯데,56,46,0.5490196078431373,2.0
6,2012,107,삼성,62,43,0.5904761904761905,1.0
7,2012,107,한화,41,64,0.3904761904761905,8.0
