,Year,Game_idx,Team1,cum_win,cum_lose,Wpct,rank
0,2008,67,KIA,31,36,0.4626865671641791,6.0
1,2008,67,LG,24,43,0.3582089552238806,8.0
2,2008,67,SK,47,20,0.7014925373134329,1.0
3,2008,67,두산,39,28,0.582089552238806,2.0
4,2008,67,롯데,37,30,0.5522388059701493,3.0
5,2008,67,삼성,33,34,0.4925373134328358,5.0
6,2008,67,한화,36,31,0.5373134328358209,4.0
7,2008,67,히어로즈,26,41,0.3880597014925373,7.0
