,Year,Game_idx,Team1,cum_win,cum_lose,Wpct,rank
0,2007,29,KIA,12,17,0.4137931034482759,8.0
1,2007,29,LG,14,14,0.5,5.5
2,2007,29,SK,17,10,0.6296296296296297,1.0
3,2007,29,두산,14,14,0.5,5.5
4,2007,29,롯데,15,14,0.5172413793103449,3.5
5,2007,29,삼성,12,15,0.4444444444444444,7.0
6,2007,29,한화,15,13,0.5357142857142857,2.0
7,2007,29,현대,15,14,0.5172413793103449,3.5
