,Year,Game_idx,Team1,cum_win,cum_lose,Wpct,rank
0,2015,79,KIA,37,42,0.4683544303797468,7.5
1,2015,79,LG,35,43,0.4487179487179487,9.0
2,2015,79,NC,45,33,0.5769230769230769,2.0
3,2015,79,SK,40,38,0.5128205128205128,6.0
4,2015,79,kt,24,55,0.3037974683544304,10.0
5,2015,79,넥센,43,35,0.5512820512820513,4.0
6,2015,79,두산,45,34,0.569620253164557,3.0
7,2015,79,롯데,37,42,0.4683544303797468,7.5
8,2015,79,삼성,47,32,0.5949367088607594,1.0
9,2015,79,한화,41,38,0.5189873417721519,5.0
