,Year,Game_idx,Team1,cum_win,cum_lose,Wpct,rank
0,2008,101,KIA,49,52,0.4851485148514851,6.0
1,2008,101,LG,35,66,0.3465346534653465,8.0
2,2008,101,SK,67,34,0.6633663366336634,1.0
3,2008,101,두산,57,44,0.5643564356435643,2.0
4,2008,101,롯데,55,46,0.5445544554455446,3.5
5,2008,101,삼성,52,49,0.5148514851485149,5.0
6,2008,101,한화,55,46,0.5445544554455446,3.5
7,2008,101,히어로즈,40,61,0.3960396039603961,7.0
