,Year,Game_idx,Team1,cum_win,cum_lose,Wpct,rank
0,1997,100,LG,57,41,0.5816326530612245,2.0
1,1997,100,OB,45,50,0.4736842105263158,5.0
2,1997,100,롯데,39,60,0.3939393939393939,8.0
3,1997,100,삼성,53,41,0.5638297872340425,3.0
4,1997,100,쌍방울,55,44,0.5555555555555556,4.0
5,1997,100,한화,40,58,0.4081632653061225,7.0
6,1997,100,해태,59,40,0.5959595959595959,1.0
7,1997,100,현대,41,55,0.4270833333333333,6.0
