,Year,Game_idx,Team1,cum_win,cum_lose,Wpct,rank
0,2013,46,KIA,23,22,0.5111111111111111,4.5
1,2013,46,LG,23,23,0.5,6.0
2,2013,46,NC,17,27,0.3863636363636364,8.0
3,2013,46,SK,20,25,0.4444444444444444,7.0
4,2013,46,넥센,30,16,0.6521739130434783,1.0
5,2013,46,두산,23,22,0.5111111111111111,4.5
6,2013,46,롯데,23,21,0.5227272727272727,3.0
7,2013,46,삼성,29,17,0.6304347826086957,2.0
8,2013,46,한화,14,31,0.3111111111111111,9.0
