,Year,Game_idx,Team1,cum_win,cum_lose,Wpct,rank
0,1990,109,LG,63,46,0.5779816513761468,2.0
1,1990,109,OB,33,72,0.3142857142857143,7.0
2,1990,109,롯데,40,65,0.3809523809523809,6.0
3,1990,109,빙그레,64,43,0.5981308411214953,1.0
4,1990,109,삼성,61,46,0.5700934579439252,3.0
5,1990,109,태평양,52,54,0.490566037735849,5.0
6,1990,109,해태,60,46,0.5660377358490566,4.0
