,Year,Game_idx,Team1,cum_win,cum_lose,Wpct,rank
0,2009,71,KIA,37,30,0.5522388059701493,3.0
1,2009,71,LG,32,36,0.4705882352941176,5.0
2,2009,71,SK,40,26,0.6060606060606061,1.0
3,2009,71,두산,41,28,0.5942028985507246,2.0
4,2009,71,롯데,33,38,0.4647887323943662,6.0
5,2009,71,삼성,32,39,0.4507042253521127,7.0
6,2009,71,한화,24,44,0.35294117647058826,8.0
7,2009,71,히어로즈,34,36,0.4857142857142857,4.0
