,Year,Game_idx,Team1,cum_win,cum_lose,Wpct,rank
0,1991,80,LG,41,38,0.5189873417721519,4.0
1,1991,80,OB,26,52,0.3333333333333333,8.0
2,1991,80,롯데,40,39,0.5063291139240507,5.0
3,1991,80,빙그레,42,35,0.5454545454545454,3.0
4,1991,80,삼성,45,35,0.5625,2.0
5,1991,80,쌍방울,31,47,0.3974358974358974,7.0
6,1991,80,태평양,39,40,0.4936708860759494,6.0
7,1991,80,해태,51,27,0.6538461538461539,1.0
