,Year,Game_idx,Team1,cum_win,cum_lose,Wpct,rank
0,2002,49,KIA,29,18,0.6170212765957447,1.0
1,2002,49,LG,21,27,0.4375,7.0
2,2002,49,SK,23,25,0.4791666666666667,4.0
3,2002,49,두산,26,22,0.5416666666666666,3.0
4,2002,49,롯데,17,31,0.3541666666666667,8.0
5,2002,49,삼성,30,19,0.6122448979591837,2.0
6,2002,49,한화,22,25,0.4680851063829787,5.0
7,2002,49,현대,21,24,0.4666666666666667,6.0
