,Year,Game_idx,Team1,cum_win,cum_lose,Wpct,rank
0,2012,112,KIA,52,56,0.4814814814814815,5.0
1,2012,112,LG,47,61,0.4351851851851852,7.0
2,2012,112,SK,57,52,0.5229357798165137,3.0
3,2012,112,넥센,52,58,0.4727272727272727,6.0
4,2012,112,두산,57,53,0.5181818181818182,4.0
5,2012,112,롯데,59,48,0.5514018691588785,2.0
6,2012,112,삼성,65,45,0.5909090909090909,1.0
7,2012,112,한화,44,66,0.4,8.0
