,Year,Game_idx,Team1,cum_win,cum_lose,Wpct,rank
0,2012,71,KIA,34,33,0.5074626865671642,5.0
1,2012,71,LG,32,37,0.463768115942029,7.0
2,2012,71,SK,35,35,0.5,6.0
3,2012,71,넥센,36,33,0.5217391304347826,4.0
4,2012,71,두산,37,33,0.5285714285714286,3.0
5,2012,71,롯데,38,30,0.5588235294117647,2.0
6,2012,71,삼성,39,30,0.5652173913043478,1.0
7,2012,71,한화,25,45,0.35714285714285715,8.0
