,Year,Game_idx,Team1,cum_win,cum_lose,Wpct,rank
0,2014,107,KIA,46,61,0.4299065420560748,8.0
1,2014,107,LG,49,56,0.4666666666666667,4.0
2,2014,107,NC,60,47,0.5607476635514018,3.0
3,2014,107,SK,48,59,0.4485981308411215,6.0
4,2014,107,넥센,64,42,0.6037735849056604,2.0
5,2014,107,두산,49,57,0.4622641509433962,5.0
6,2014,107,롯데,47,58,0.4476190476190477,7.0
7,2014,107,삼성,67,37,0.6442307692307693,1.0
8,2014,107,한화,44,61,0.4190476190476191,9.0
