,Year,Game_idx,Team1,cum_win,cum_lose,Wpct,rank
0,2008,13,KIA,3,10,0.2307692307692308,8.0
1,2008,13,LG,4,9,0.3076923076923077,6.5
2,2008,13,SK,9,4,0.6923076923076923,2.5
3,2008,13,두산,5,8,0.38461538461538464,5.0
4,2008,13,롯데,10,3,0.7692307692307693,1.0
5,2008,13,삼성,9,4,0.6923076923076923,2.5
6,2008,13,한화,4,9,0.3076923076923077,6.5
7,2008,13,히어로즈,8,5,0.6153846153846154,4.0
