,Year,Game_idx,Team1,cum_win,cum_lose,Wpct,rank
0,2012,37,KIA,17,18,0.4857142857142857,6.0
1,2012,37,LG,20,17,0.5405405405405406,3.0
2,2012,37,SK,20,16,0.5555555555555556,2.0
3,2012,37,넥센,21,15,0.5833333333333334,1.0
4,2012,37,두산,19,17,0.5277777777777778,4.0
5,2012,37,롯데,18,17,0.5142857142857142,5.0
6,2012,37,삼성,17,19,0.4722222222222222,7.0
7,2012,37,한화,13,24,0.35135135135135137,8.0
