,Year,Game_idx,Team1,cum_win,cum_lose,Wpct,rank
0,1994,33,LG,22,11,0.6666666666666666,1.0
1,1994,33,OB,14,19,0.42424242424242425,7.0
2,1994,33,롯데,14,17,0.4516129032258064,6.0
3,1994,33,삼성,16,16,0.5,4.0
4,1994,33,쌍방울,13,19,0.40625,8.0
5,1994,33,태평양,18,13,0.5806451612903226,2.0
6,1994,33,한화,16,17,0.4848484848484849,5.0
7,1994,33,해태,16,15,0.5161290322580645,3.0
