,Year,Game_idx,Team1,cum_win,cum_lose,Wpct,rank
0,2010,20,KIA,9,11,0.45,5.0
1,2010,20,LG,10,9,0.5263157894736842,4.0
2,2010,20,SK,15,5,0.75,1.0
3,2010,20,넥센,6,14,0.3,8.0
4,2010,20,두산,12,7,0.631578947368421,2.0
5,2010,20,롯데,7,13,0.35,6.5
6,2010,20,삼성,11,9,0.55,3.0
7,2010,20,한화,7,13,0.35,6.5
