,Year,Game_idx,Team1,cum_win,cum_lose,Wpct,rank
0,1989,9,MBC,5,4,0.5555555555555556,3.5
1,1989,9,OB,1,8,0.1111111111111111,7.0
2,1989,9,롯데,5,4,0.5555555555555556,3.5
3,1989,9,빙그레,4,4,0.5,5.5
4,1989,9,삼성,4,4,0.5,5.5
5,1989,9,태평양,6,3,0.6666666666666666,1.5
6,1989,9,해태,6,3,0.6666666666666666,1.5
