,Year,Game_idx,Team1,cum_win,cum_lose,Wpct,rank
0,2012,23,KIA,10,11,0.4761904761904762,5.0
1,2012,23,LG,13,10,0.5652173913043478,3.0
2,2012,23,SK,13,9,0.5909090909090909,1.5
3,2012,23,넥센,10,12,0.4545454545454545,6.0
4,2012,23,두산,12,10,0.5454545454545454,4.0
5,2012,23,롯데,13,9,0.5909090909090909,1.5
6,2012,23,삼성,10,13,0.43478260869565216,7.0
7,2012,23,한화,8,15,0.3478260869565217,8.0
