,Year,Game_idx,Team1,cum_win,cum_lose,Wpct,rank
0,2014,11,KIA,5,6,0.4545454545454545,5.5
1,2014,11,LG,3,7,0.3,9.0
2,2014,11,NC,7,4,0.6363636363636364,1.5
3,2014,11,SK,7,4,0.6363636363636364,1.5
4,2014,11,넥센,6,5,0.5454545454545454,4.0
5,2014,11,두산,5,6,0.4545454545454545,5.5
6,2014,11,롯데,6,4,0.6,3.0
7,2014,11,삼성,4,7,0.3636363636363637,7.5
8,2014,11,한화,4,7,0.3636363636363637,7.5
