,Year,Game_idx,Team1,cum_win,cum_lose,Wpct,rank
0,1996,107,LG,44,58,0.4313725490196079,7.0
1,1996,107,OB,41,60,0.405940594059406,8.0
2,1996,107,롯데,46,55,0.4554455445544554,6.0
3,1996,107,삼성,47,55,0.4607843137254902,5.0
4,1996,107,쌍방울,58,47,0.5523809523809524,2.0
5,1996,107,한화,57,49,0.5377358490566038,4.0
6,1996,107,해태,63,42,0.6,1.0
7,1996,107,현대,55,47,0.5392156862745098,3.0
