,Year,Game_idx,Team1,cum_win,cum_lose,Wpct,rank
0,1997,65,LG,40,23,0.6349206349206349,1.0
1,1997,65,OB,35,27,0.5645161290322581,4.0
2,1997,65,롯데,23,41,0.359375,8.0
3,1997,65,삼성,36,25,0.5901639344262295,3.0
4,1997,65,쌍방울,32,32,0.5,5.0
5,1997,65,한화,24,39,0.3809523809523809,7.0
6,1997,65,해태,38,26,0.59375,2.0
7,1997,65,현대,24,38,0.3870967741935484,6.0
