,Year,Game_idx,Team1,cum_win,cum_lose,Wpct,rank
0,1998,105,LG,52,52,0.5,3.0
1,1998,105,OB,45,58,0.4368932038834951,8.0
2,1998,105,롯데,47,55,0.4607843137254902,6.0
3,1998,105,삼성,58,45,0.5631067961165048,2.0
4,1998,105,쌍방울,47,56,0.4563106796116505,7.0
5,1998,105,한화,48,53,0.4752475247524752,4.0
6,1998,105,해태,48,56,0.4615384615384616,5.0
7,1998,105,현대,68,37,0.6476190476190476,1.0
