,Year,Game_idx,Team1,cum_win,cum_lose,Wpct,rank
0,2010,49,KIA,24,25,0.4897959183673469,4.0
1,2010,49,LG,22,26,0.4583333333333333,6.0
2,2010,49,SK,33,16,0.6734693877551021,1.0
3,2010,49,넥센,20,29,0.4081632653061225,7.5
4,2010,49,두산,28,20,0.5833333333333334,2.0
5,2010,49,롯데,23,26,0.4693877551020408,5.0
6,2010,49,삼성,27,22,0.5510204081632653,3.0
7,2010,49,한화,20,29,0.4081632653061225,7.5
