,Year,Game_idx,Team1,cum_win,cum_lose,Wpct,rank
0,1989,59,MBC,24,32,0.42857142857142855,6.0
1,1989,59,OB,25,33,0.4310344827586207,5.0
2,1989,59,롯데,19,38,0.3333333333333333,7.0
3,1989,59,빙그레,34,22,0.6071428571428571,2.0
4,1989,59,삼성,31,25,0.5535714285714286,3.0
5,1989,59,태평양,28,28,0.5,4.0
6,1989,59,해태,35,22,0.6140350877192983,1.0
