,Year,Game_idx,Team1,cum_win,cum_lose,Wpct,rank
0,1990,92,LG,51,41,0.5543478260869565,3.0
1,1990,92,OB,28,60,0.3181818181818182,7.0
2,1990,92,롯데,35,54,0.39325842696629215,6.0
3,1990,92,빙그레,55,35,0.6111111111111112,1.0
4,1990,92,삼성,52,38,0.5777777777777777,2.0
5,1990,92,태평양,44,45,0.4943820224719101,5.0
6,1990,92,해태,47,42,0.5280898876404494,4.0
