,Year,Game_idx,Team1,cum_win,cum_lose,Wpct,rank
0,1999,99,LG,50,49,0.5050505050505051,6.0
1,1999,99,두산,53,41,0.5638297872340425,2.0
2,1999,99,롯데,55,39,0.5851063829787234,1.0
3,1999,99,삼성,53,44,0.5463917525773195,4.0
4,1999,99,쌍방울,22,72,0.23404255319148934,8.0
5,1999,99,한화,49,48,0.5051546391752577,5.0
6,1999,99,해태,47,50,0.4845360824742268,7.0
7,1999,99,현대,52,42,0.5531914893617021,3.0
