,Year,Game_idx,Team1,cum_win,cum_lose,Wpct,rank
0,1989,87,MBC,32,51,0.3855421686746988,7.0
1,1989,87,OB,42,43,0.4941176470588236,3.0
2,1989,87,롯데,35,49,0.4166666666666667,6.0
3,1989,87,빙그레,50,34,0.5952380952380952,1.5
4,1989,87,삼성,40,42,0.4878048780487805,5.0
5,1989,87,태평양,41,42,0.4939759036144578,4.0
6,1989,87,해태,50,34,0.5952380952380952,1.5
