,Year,Game_idx,Team1,cum_win,cum_lose,Wpct,rank
0,1990,73,LG,40,33,0.547945205479452,3.0
1,1990,73,OB,22,49,0.30985915492957744,7.0
2,1990,73,롯데,30,41,0.4225352112676056,6.0
3,1990,73,빙그레,44,28,0.6111111111111112,1.0
4,1990,73,삼성,40,31,0.5633802816901409,2.0
5,1990,73,태평양,35,36,0.4929577464788733,5.0
6,1990,73,해태,37,33,0.5285714285714286,4.0
