,Year,Game_idx,Team1,cum_win,cum_lose,Wpct,rank
0,1994,125,LG,80,45,0.64,1.0
1,1994,125,OB,53,71,0.4274193548387097,7.0
2,1994,125,롯데,56,66,0.459016393442623,6.0
3,1994,125,삼성,60,63,0.4878048780487805,5.0
4,1994,125,쌍방울,46,74,0.38333333333333336,8.0
5,1994,125,태평양,68,54,0.5573770491803278,2.0
6,1994,125,한화,64,59,0.5203252032520326,3.5
7,1994,125,해태,64,59,0.5203252032520326,3.5
