,Year,Game_idx,Team1,cum_win,cum_lose,Wpct,rank
0,2015,130,KIA,62,68,0.476923076923077,6.0
1,2015,130,LG,55,73,0.4296875,9.0
2,2015,130,NC,76,52,0.59375,2.0
3,2015,130,SK,60,68,0.46875,8.0
4,2015,130,kt,48,82,0.3692307692307693,10.0
5,2015,130,넥센,72,57,0.5581395348837209,3.0
6,2015,130,두산,70,60,0.5384615384615384,4.0
7,2015,130,롯데,62,67,0.4806201550387597,5.0
8,2015,130,삼성,79,51,0.6076923076923076,1.0
9,2015,130,한화,61,69,0.4692307692307692,7.0
