,Year,Game_idx,Team1,cum_win,cum_lose,Wpct,rank
0,2016,140,KIA,68,71,0.4892086330935252,5.0
1,2016,140,LG,69,69,0.5,4.0
2,2016,140,NC,81,56,0.5912408759124088,2.0
3,2016,140,SK,66,74,0.4714285714285714,6.0
4,2016,140,kt,51,87,0.3695652173913043,10.0
5,2016,140,넥센,76,63,0.5467625899280576,3.0
6,2016,140,두산,91,48,0.6546762589928058,1.0
7,2016,140,롯데,64,76,0.4571428571428571,8.0
8,2016,140,삼성,63,76,0.4532374100719425,9.0
9,2016,140,한화,63,74,0.4598540145985402,7.0
