,Year,Game_idx,Team1,cum_win,cum_lose,Wpct,rank
0,1993,40,LG,24,16,0.6,2.0
1,1993,40,OB,19,19,0.5,4.5
2,1993,40,롯데,20,20,0.5,4.5
3,1993,40,빙그레,22,18,0.55,3.0
4,1993,40,삼성,18,20,0.4736842105263158,6.0
5,1993,40,쌍방울,13,26,0.3333333333333333,7.0
6,1993,40,태평양,11,25,0.3055555555555556,8.0
7,1993,40,해태,28,11,0.7179487179487181,1.0
