,Year,Game_idx,Team1,cum_win,cum_lose,Wpct,rank
0,2008,29,KIA,9,20,0.3103448275862069,8.0
1,2008,29,LG,12,17,0.4137931034482759,7.0
2,2008,29,SK,22,7,0.7586206896551724,1.0
3,2008,29,두산,15,14,0.5172413793103449,4.0
4,2008,29,롯데,16,13,0.5517241379310345,2.0
5,2008,29,삼성,15,14,0.5172413793103449,4.0
6,2008,29,한화,15,14,0.5172413793103449,4.0
7,2008,29,히어로즈,13,16,0.4482758620689655,6.0
