,Year,Game_idx,Team1,cum_win,cum_lose,Wpct,rank
0,1994,80,LG,51,29,0.6375,1.0
1,1994,80,OB,34,45,0.4303797468354431,7.0
2,1994,80,롯데,36,41,0.4675324675324675,6.0
3,1994,80,삼성,39,40,0.4936708860759494,5.0
4,1994,80,쌍방울,26,52,0.3333333333333333,8.0
5,1994,80,태평양,42,36,0.5384615384615384,3.5
6,1994,80,한화,43,36,0.5443037974683544,2.0
7,1994,80,해태,42,36,0.5384615384615384,3.5
