,Year,Game_idx,Team1,cum_win,cum_lose,Wpct,rank
0,2001,123,KIA,54,64,0.4576271186440678,4.0
1,2001,123,LG,51,64,0.4434782608695652,7.0
2,2001,123,SK,53,68,0.4380165289256198,8.0
3,2001,123,두산,63,55,0.5338983050847458,3.0
4,2001,123,롯데,54,65,0.45378151260504207,5.5
5,2001,123,삼성,77,46,0.6260162601626016,1.0
6,2001,123,한화,54,65,0.45378151260504207,5.5
7,2001,123,현대,69,50,0.5798319327731093,2.0
