,Year,Game_idx,Team1,cum_win,cum_lose,Wpct,rank
0,2010,124,KIA,55,69,0.4435483870967742,6.0
1,2010,124,LG,54,66,0.45,5.0
2,2010,124,SK,78,45,0.6341463414634146,1.0
3,2010,124,넥센,50,71,0.4132231404958678,7.0
4,2010,124,두산,69,52,0.5702479338842975,3.0
5,2010,124,롯데,62,59,0.5123966942148761,4.0
6,2010,124,삼성,75,48,0.6097560975609756,2.0
7,2010,124,한화,44,78,0.3606557377049181,8.0
