,Year,Game_idx,Team1,cum_win,cum_lose,Wpct,rank
0,1993,15,LG,10,5,0.6666666666666666,2.0
1,1993,15,OB,5,10,0.3333333333333333,6.5
2,1993,15,롯데,7,8,0.4666666666666667,5.0
3,1993,15,빙그레,8,7,0.5333333333333333,4.0
4,1993,15,삼성,9,5,0.6428571428571429,3.0
5,1993,15,쌍방울,5,10,0.3333333333333333,6.5
6,1993,15,태평양,4,10,0.2857142857142857,8.0
7,1993,15,해태,11,4,0.7333333333333333,1.0
