,Year,Game_idx,Team1,cum_win,cum_lose,Wpct,rank
0,1993,81,LG,49,31,0.6125,2.0
1,1993,81,OB,39,37,0.5131578947368421,4.0
2,1993,81,롯데,38,43,0.4691358024691358,5.0
3,1993,81,빙그레,34,45,0.4303797468354431,6.0
4,1993,81,삼성,41,36,0.5324675324675324,3.0
5,1993,81,쌍방울,33,44,0.42857142857142855,7.0
6,1993,81,태평양,25,49,0.33783783783783783,8.0
7,1993,81,해태,51,29,0.6375,1.0
