,Year,Game_idx,Team1,cum_win,cum_lose,Wpct,rank
0,1990,77,LG,42,35,0.5454545454545454,3.0
1,1990,77,OB,23,52,0.30666666666666664,7.0
2,1990,77,롯데,30,45,0.4,6.0
3,1990,77,빙그레,46,30,0.6052631578947368,1.0
4,1990,77,삼성,44,31,0.5866666666666667,2.0
5,1990,77,태평양,37,38,0.4933333333333334,5.0
6,1990,77,해태,39,35,0.527027027027027,4.0
