,Year,Game_idx,Team1,cum_win,cum_lose,Wpct,rank
0,2000,106,LG,50,53,0.4854368932038835,5.0
1,2000,106,SK,29,75,0.27884615384615385,8.0
2,2000,106,두산,61,45,0.5754716981132075,3.0
3,2000,106,롯데,56,48,0.5384615384615384,4.0
4,2000,106,삼성,59,42,0.5841584158415841,2.0
5,2000,106,한화,41,60,0.405940594059406,7.0
6,2000,106,해태,45,57,0.4411764705882353,6.0
7,2000,106,현대,71,33,0.6826923076923077,1.0
