,Year,Game_idx,Team1,cum_win,cum_lose,Wpct,rank
0,2014,79,KIA,37,42,0.4683544303797468,6.0
1,2014,79,LG,34,44,0.4358974358974359,7.0
2,2014,79,NC,46,33,0.5822784810126582,3.0
3,2014,79,SK,32,47,0.4050632911392405,8.0
4,2014,79,넥센,47,31,0.6025641025641025,2.0
5,2014,79,두산,38,41,0.4810126582278481,5.0
6,2014,79,롯데,40,38,0.5128205128205128,4.0
7,2014,79,삼성,50,27,0.6493506493506493,1.0
8,2014,79,한화,29,49,0.3717948717948718,9.0
