,Year,Game_idx,Team1,cum_win,cum_lose,Wpct,rank
0,2011,127,KIA,67,60,0.5275590551181102,4.0
1,2011,127,LG,58,68,0.4603174603174603,5.0
2,2011,127,SK,67,57,0.5403225806451613,3.0
3,2011,127,넥센,49,76,0.392,8.0
4,2011,127,두산,56,69,0.44799999999999995,7.0
5,2011,127,롯데,67,55,0.5491803278688525,2.0
6,2011,127,삼성,77,47,0.6209677419354839,1.0
7,2011,127,한화,57,68,0.456,6.0
