,Year,Game_idx,Team1,cum_win,cum_lose,Wpct,rank
0,2008,70,KIA,31,39,0.4428571428571429,6.0
1,2008,70,LG,24,46,0.3428571428571429,8.0
2,2008,70,SK,50,20,0.7142857142857143,1.0
3,2008,70,두산,41,29,0.5857142857142857,2.0
4,2008,70,롯데,37,33,0.5285714285714286,3.5
5,2008,70,삼성,33,37,0.4714285714285714,5.0
6,2008,70,한화,37,33,0.5285714285714286,3.5
7,2008,70,히어로즈,27,43,0.3857142857142857,7.0
