,Year,Game_idx,Team1,cum_win,cum_lose,Wpct,rank
0,2000,87,LG,42,42,0.5,5.0
1,2000,87,SK,22,63,0.25882352941176473,8.0
2,2000,87,두산,54,33,0.6206896551724138,2.0
3,2000,87,롯데,44,42,0.5116279069767442,4.0
4,2000,87,삼성,49,35,0.5833333333333334,3.0
5,2000,87,한화,34,49,0.40963855421686746,7.0
6,2000,87,해태,38,47,0.4470588235294118,6.0
7,2000,87,현대,57,29,0.6627906976744186,1.0
