,Year,Game_idx,Team1,cum_win,cum_lose,Wpct,rank
0,1999,15,LG,8,7,0.5333333333333333,4.0
1,1999,15,두산,8,6,0.5714285714285714,2.0
2,1999,15,롯데,10,5,0.6666666666666666,1.0
3,1999,15,삼성,7,7,0.5,6.0
4,1999,15,쌍방울,4,11,0.26666666666666666,8.0
5,1999,15,한화,8,7,0.5333333333333333,4.0
6,1999,15,해태,8,7,0.5333333333333333,4.0
7,1999,15,현대,7,8,0.4666666666666667,7.0
