,Year,Game_idx,Team1,cum_win,cum_lose,Wpct,rank
0,2001,36,KIA,18,17,0.5142857142857142,5.5
1,2001,36,LG,10,25,0.2857142857142857,8.0
2,2001,36,SK,18,17,0.5142857142857142,5.5
3,2001,36,두산,20,14,0.5882352941176471,2.0
4,2001,36,롯데,14,21,0.4,7.0
5,2001,36,삼성,22,14,0.6111111111111112,1.0
6,2001,36,한화,19,17,0.5277777777777778,4.0
7,2001,36,현대,21,15,0.5833333333333334,3.0
