,Year,Game_idx,Team1,cum_win,cum_lose,Wpct,rank
0,2014,42,KIA,18,24,0.42857142857142855,6.5
1,2014,42,LG,15,26,0.36585365853658536,9.0
2,2014,42,NC,25,17,0.5952380952380952,2.0
3,2014,42,SK,18,24,0.42857142857142855,6.5
4,2014,42,넥센,23,19,0.5476190476190477,4.0
5,2014,42,두산,24,18,0.5714285714285714,3.0
6,2014,42,롯데,20,21,0.4878048780487805,5.0
7,2014,42,삼성,28,13,0.6829268292682927,1.0
8,2014,42,한화,16,25,0.3902439024390244,8.0
