,Year,Game_idx,Team1,cum_win,cum_lose,Wpct,rank
0,2002,131,KIA,78,49,0.6141732283464567,2.0
1,2002,131,LG,65,60,0.52,4.0
2,2002,131,SK,59,69,0.4609375,6.0
3,2002,131,두산,66,63,0.5116279069767442,5.0
4,2002,131,롯데,34,96,0.26153846153846155,8.0
5,2002,131,삼성,80,47,0.6299212598425197,1.0
6,2002,131,한화,58,68,0.4603174603174603,7.0
7,2002,131,현대,69,57,0.5476190476190477,3.0
