,Year,Game_idx,Team1,cum_win,cum_lose,Wpct,rank
0,1996,54,LG,25,27,0.4807692307692308,5.0
1,1996,54,OB,24,28,0.4615384615384616,6.0
2,1996,54,롯데,23,30,0.4339622641509434,8.0
3,1996,54,삼성,27,25,0.5192307692307693,3.0
4,1996,54,쌍방울,24,29,0.4528301886792453,7.0
5,1996,54,한화,29,25,0.5370370370370371,2.0
6,1996,54,해태,27,27,0.5,4.0
7,1996,54,현대,32,20,0.6153846153846154,1.0
