,Year,Game_idx,Team1,cum_win,cum_lose,Wpct,rank
0,2013,92,KIA,41,49,0.4555555555555556,7.0
1,2013,92,LG,56,36,0.6086956521739131,2.0
2,2013,92,NC,36,53,0.4044943820224719,8.0
3,2013,92,SK,44,46,0.4888888888888889,6.0
4,2013,92,넥센,49,41,0.5444444444444444,4.0
5,2013,92,두산,50,40,0.5555555555555556,3.0
6,2013,92,롯데,45,45,0.5,5.0
7,2013,92,삼성,55,35,0.6111111111111112,1.0
8,2013,92,한화,27,64,0.2967032967032967,9.0
