,Year,Game_idx,Team1,cum_win,cum_lose,Wpct,rank
0,1989,52,MBC,22,28,0.44,6.0
1,1989,52,OB,23,28,0.4509803921568628,4.0
2,1989,52,롯데,17,34,0.3333333333333333,7.0
3,1989,52,빙그레,29,21,0.58,3.0
4,1989,52,삼성,30,20,0.6,2.0
5,1989,52,태평양,22,27,0.4489795918367347,5.0
6,1989,52,해태,31,19,0.62,1.0
