,Year,Game_idx,Team1,cum_win,cum_lose,Wpct,rank
0,2012,8,KIA,4,4,0.5,4.5
1,2012,8,LG,4,4,0.5,4.5
2,2012,8,SK,6,2,0.75,1.0
3,2012,8,넥센,3,5,0.375,6.5
4,2012,8,두산,4,3,0.5714285714285714,3.0
5,2012,8,롯데,5,2,0.7142857142857143,2.0
6,2012,8,삼성,3,5,0.375,6.5
7,2012,8,한화,2,6,0.25,8.0
