,Year,Game_idx,Team1,cum_win,cum_lose,Wpct,rank
0,2009,83,KIA,44,35,0.5569620253164557,3.0
1,2009,83,LG,37,43,0.4625,7.0
2,2009,83,SK,47,31,0.6025641025641025,1.0
3,2009,83,두산,46,35,0.5679012345679012,2.0
4,2009,83,롯데,41,42,0.4939759036144578,5.0
5,2009,83,삼성,42,41,0.5060240963855421,4.0
6,2009,83,한화,28,52,0.35,8.0
7,2009,83,히어로즈,38,44,0.4634146341463415,6.0
