,Year,Game_idx,Team1,cum_win,cum_lose,Wpct,rank
0,2003,22,KIA,13,8,0.6190476190476191,3.5
1,2003,22,LG,10,11,0.4761904761904762,5.0
2,2003,22,SK,13,8,0.6190476190476191,3.5
3,2003,22,두산,5,17,0.2272727272727273,7.0
4,2003,22,롯데,3,17,0.15,8.0
5,2003,22,삼성,16,5,0.7619047619047619,1.0
6,2003,22,한화,9,12,0.42857142857142855,6.0
7,2003,22,현대,15,6,0.7142857142857143,2.0
