,Year,Game_idx,Team1,cum_win,cum_lose,Wpct,rank
0,2014,101,KIA,45,56,0.4455445544554456,6.5
1,2014,101,LG,46,54,0.46,4.0
2,2014,101,NC,57,44,0.5643564356435643,3.0
3,2014,101,SK,44,57,0.4356435643564357,8.0
4,2014,101,넥센,61,39,0.61,2.0
5,2014,101,두산,45,56,0.4455445544554456,6.5
6,2014,101,롯데,45,55,0.45,5.0
7,2014,101,삼성,67,32,0.6767676767676768,1.0
8,2014,101,한화,41,59,0.41,9.0
