,Year,Game_idx,Team1,cum_win,cum_lose,Wpct,rank
0,2002,53,KIA,31,19,0.62,2.0
1,2002,53,LG,24,27,0.4705882352941176,5.0
2,2002,53,SK,23,29,0.4423076923076923,7.0
3,2002,53,두산,30,22,0.5769230769230769,3.0
4,2002,53,롯데,17,35,0.3269230769230769,8.0
5,2002,53,삼성,33,20,0.6226415094339622,1.0
6,2002,53,한화,23,28,0.4509803921568628,6.0
7,2002,53,현대,24,25,0.4897959183673469,4.0
