,Year,Game_idx,Team1,cum_win,cum_lose,Wpct,rank
0,1996,3,LG,2,1,0.6666666666666666,2.5
1,1996,3,OB,2,1,0.6666666666666666,2.5
2,1996,3,롯데,1,2,0.3333333333333333,6.5
3,1996,3,삼성,1,2,0.3333333333333333,6.5
4,1996,3,쌍방울,2,1,0.6666666666666666,2.5
5,1996,3,한화,1,2,0.3333333333333333,6.5
6,1996,3,해태,1,2,0.3333333333333333,6.5
7,1996,3,현대,2,1,0.6666666666666666,2.5
