,Year,Game_idx,Team1,cum_win,cum_lose,Wpct,rank
0,1993,66,LG,38,27,0.5846153846153846,2.0
1,1993,66,OB,29,33,0.4677419354838709,5.0
2,1993,66,롯데,33,33,0.5,4.0
3,1993,66,빙그레,29,35,0.453125,6.0
4,1993,66,삼성,34,29,0.5396825396825397,3.0
5,1993,66,쌍방울,24,38,0.3870967741935484,8.0
6,1993,66,태평양,23,36,0.3898305084745763,7.0
7,1993,66,해태,45,20,0.6923076923076923,1.0
