,Year,Game_idx,Team1,cum_win,cum_lose,Wpct,rank
0,1999,28,LG,17,11,0.6071428571428571,2.0
1,1999,28,두산,13,14,0.4814814814814815,5.0
2,1999,28,롯데,16,10,0.6153846153846154,1.0
3,1999,28,삼성,16,11,0.5925925925925926,3.0
4,1999,28,쌍방울,7,19,0.2692307692307692,8.0
5,1999,28,한화,12,16,0.42857142857142855,7.0
6,1999,28,해태,13,15,0.4642857142857143,6.0
7,1999,28,현대,15,13,0.5357142857142857,4.0
