,Year,Game_idx,Team1,cum_win,cum_lose,Wpct,rank
0,1997,45,LG,29,15,0.6590909090909091,1.0
1,1997,45,OB,24,18,0.5714285714285714,3.0
2,1997,45,롯데,17,28,0.37777777777777777,7.0
3,1997,45,삼성,24,19,0.5581395348837209,4.0
4,1997,45,쌍방울,21,24,0.4666666666666667,5.0
5,1997,45,한화,15,28,0.3488372093023256,8.0
6,1997,45,해태,28,17,0.6222222222222222,2.0
7,1997,45,현대,18,25,0.4186046511627907,6.0
