,Year,Game_idx,Team1,cum_win,cum_lose,Wpct,rank
0,1991,95,LG,45,49,0.4787234042553192,5.0
1,1991,95,OB,33,60,0.3548387096774194,8.0
2,1991,95,롯데,45,48,0.4838709677419355,4.0
3,1991,95,빙그레,53,38,0.5824175824175825,3.0
4,1991,95,삼성,56,38,0.5957446808510638,2.0
5,1991,95,쌍방울,38,54,0.4130434782608696,7.0
6,1991,95,태평양,43,51,0.4574468085106383,6.0
7,1991,95,해태,58,34,0.6304347826086957,1.0
