,Year,Game_idx,Team1,cum_win,cum_lose,Wpct,rank
0,1994,81,LG,52,29,0.6419753086419753,1.0
1,1994,81,OB,35,45,0.4375,7.0
2,1994,81,롯데,36,42,0.4615384615384616,6.0
3,1994,81,삼성,39,41,0.4875,5.0
4,1994,81,쌍방울,27,52,0.34177215189873417,8.0
5,1994,81,태평양,43,36,0.5443037974683544,3.0
6,1994,81,한화,44,36,0.55,2.0
7,1994,81,해태,42,37,0.5316455696202531,4.0
