,Year,Game_idx,Team1,cum_win,cum_lose,Wpct,rank
0,2000,19,LG,8,11,0.42105263157894735,5.0
1,2000,19,SK,4,15,0.21052631578947367,8.0
2,2000,19,두산,12,7,0.631578947368421,3.0
3,2000,19,롯데,8,11,0.42105263157894735,5.0
4,2000,19,삼성,14,5,0.7368421052631579,2.0
5,2000,19,한화,7,12,0.3684210526315789,7.0
6,2000,19,해태,8,11,0.42105263157894735,5.0
7,2000,19,현대,15,4,0.7894736842105263,1.0
