,Year,Game_idx,Team1,cum_win,cum_lose,Wpct,rank
0,1999,130,LG,60,69,0.4651162790697674,7.0
1,1999,130,두산,74,51,0.5920000000000001,2.0
2,1999,130,롯데,75,50,0.6,1.0
3,1999,130,삼성,72,56,0.5625,3.5
4,1999,130,쌍방울,27,96,0.2195121951219512,8.0
5,1999,130,한화,72,56,0.5625,3.5
6,1999,130,해태,60,67,0.4724409448818898,6.0
7,1999,130,현대,66,59,0.528,5.0
