,Year,Game_idx,Team1,cum_win,cum_lose,Wpct,rank
0,2011,21,KIA,10,11,0.4761904761904762,5.0
1,2011,21,LG,11,10,0.5238095238095238,4.0
2,2011,21,SK,15,6,0.7142857142857143,1.0
3,2011,21,넥센,9,12,0.42857142857142855,6.0
4,2011,21,두산,13,7,0.65,2.0
5,2011,21,롯데,6,13,0.3157894736842105,7.0
6,2011,21,삼성,12,9,0.5714285714285714,3.0
7,2011,21,한화,5,15,0.25,8.0
