,Year,Game_idx,Team1,cum_win,cum_lose,Wpct,rank
0,1998,30,LG,14,16,0.4666666666666667,4.0
1,1998,30,OB,13,17,0.43333333333333335,5.5
2,1998,30,롯데,12,16,0.42857142857142855,7.5
3,1998,30,삼성,17,13,0.5666666666666667,2.0
4,1998,30,쌍방울,15,15,0.5,3.0
5,1998,30,한화,12,16,0.42857142857142855,7.5
6,1998,30,해태,13,17,0.43333333333333335,5.5
7,1998,30,현대,22,8,0.7333333333333333,1.0
