,Year,Game_idx,Team1,cum_win,cum_lose,Wpct,rank
0,1990,72,LG,39,33,0.5416666666666666,3.0
1,1990,72,OB,22,48,0.3142857142857143,7.0
2,1990,72,롯데,29,41,0.4142857142857143,6.0
3,1990,72,빙그레,43,28,0.6056338028169014,1.0
4,1990,72,삼성,39,31,0.5571428571428572,2.0
5,1990,72,태평양,34,36,0.4857142857142857,5.0
6,1990,72,해태,36,33,0.5217391304347826,4.0
