,Year,Game_idx,Team1,cum_win,cum_lose,Wpct,rank
0,2008,77,KIA,34,43,0.4415584415584416,6.0
1,2008,77,LG,25,52,0.3246753246753247,8.0
2,2008,77,SK,52,25,0.6753246753246753,1.0
3,2008,77,두산,44,33,0.5714285714285714,2.0
4,2008,77,롯데,41,36,0.5324675324675324,3.5
5,2008,77,삼성,38,39,0.4935064935064935,5.0
6,2008,77,한화,41,36,0.5324675324675324,3.5
7,2008,77,히어로즈,32,45,0.4155844155844156,7.0
