,Year,Game_idx,Team1,cum_win,cum_lose,Wpct,rank
0,1997,77,LG,43,32,0.5733333333333334,2.0
1,1997,77,OB,38,35,0.5205479452054794,5.0
2,1997,77,롯데,29,47,0.3815789473684211,8.0
3,1997,77,삼성,41,31,0.5694444444444444,3.0
4,1997,77,쌍방울,41,35,0.5394736842105263,4.0
5,1997,77,한화,31,44,0.4133333333333333,6.0
6,1997,77,해태,46,30,0.6052631578947368,1.0
7,1997,77,현대,28,45,0.3835616438356164,7.0
