,Year,Game_idx,Team1,cum_win,cum_lose,Wpct,rank
0,2009,35,KIA,17,16,0.5151515151515151,4.0
1,2009,35,LG,18,16,0.5294117647058824,3.0
2,2009,35,SK,23,8,0.7419354838709677,1.0
3,2009,35,두산,21,12,0.6363636363636364,2.0
4,2009,35,롯데,14,21,0.4,7.0
5,2009,35,삼성,16,19,0.4571428571428571,5.0
6,2009,35,한화,14,19,0.42424242424242425,6.0
7,2009,35,히어로즈,11,23,0.3235294117647059,8.0
