,Year,Game_idx,Team1,cum_win,cum_lose,Wpct,rank
0,1992,13,LG,4,8,0.3333333333333333,7.0
1,1992,13,OB,3,9,0.25,8.0
2,1992,13,롯데,6,7,0.4615384615384616,6.0
3,1992,13,빙그레,10,2,0.8333333333333334,1.0
4,1992,13,삼성,7,5,0.5833333333333334,3.0
5,1992,13,쌍방울,6,6,0.5,5.0
6,1992,13,태평양,7,3,0.7,2.0
7,1992,13,해태,7,6,0.5384615384615384,4.0
