,Year,Game_idx,Team1,cum_win,cum_lose,Wpct,rank
0,1994,86,LG,55,31,0.6395348837209303,1.0
1,1994,86,OB,38,47,0.4470588235294118,6.0
2,1994,86,롯데,37,46,0.4457831325301205,7.0
3,1994,86,삼성,43,42,0.5058823529411764,5.0
4,1994,86,쌍방울,29,55,0.34523809523809523,8.0
5,1994,86,태평양,45,39,0.5357142857142857,3.0
6,1994,86,한화,46,39,0.5411764705882353,2.0
7,1994,86,해태,44,40,0.5238095238095238,4.0
