,Year,Game_idx,Team1,cum_win,cum_lose,Wpct,rank
0,2015,78,KIA,37,41,0.4743589743589744,7.0
1,2015,78,LG,35,42,0.4545454545454545,9.0
2,2015,78,NC,44,33,0.5714285714285714,3.0
3,2015,78,SK,39,38,0.5064935064935064,6.0
4,2015,78,kt,23,55,0.2948717948717949,10.0
5,2015,78,넥센,43,34,0.5584415584415584,4.0
6,2015,78,두산,45,33,0.5769230769230769,2.0
7,2015,78,롯데,36,42,0.4615384615384616,8.0
8,2015,78,삼성,47,31,0.6025641025641025,1.0
9,2015,78,한화,41,37,0.5256410256410257,5.0
