,Year,Game_idx,Team1,cum_win,cum_lose,Wpct,rank
0,1996,108,LG,45,58,0.4368932038834951,7.0
1,1996,108,OB,41,61,0.4019607843137255,8.0
2,1996,108,롯데,46,56,0.4509803921568628,6.0
3,1996,108,삼성,48,55,0.4660194174757282,5.0
4,1996,108,쌍방울,59,47,0.5566037735849056,2.0
5,1996,108,한화,58,49,0.5420560747663551,4.0
6,1996,108,해태,64,42,0.6037735849056604,1.0
7,1996,108,현대,56,47,0.5436893203883495,3.0
