,Year,Game_idx,Team1,cum_win,cum_lose,Wpct,rank
0,1998,39,LG,19,20,0.4871794871794872,3.5
1,1998,39,OB,19,20,0.4871794871794872,3.5
2,1998,39,롯데,15,22,0.40540540540540543,8.0
3,1998,39,삼성,21,18,0.5384615384615384,2.0
4,1998,39,쌍방울,18,21,0.4615384615384616,6.0
5,1998,39,한화,18,19,0.4864864864864865,5.0
6,1998,39,해태,16,23,0.41025641025641024,7.0
7,1998,39,현대,27,12,0.6923076923076923,1.0
