,Year,Game_idx,Team1,cum_win,cum_lose,Wpct,rank
0,2012,46,KIA,20,24,0.4545454545454545,7.0
1,2012,46,LG,23,22,0.5111111111111111,4.5
2,2012,46,SK,25,20,0.5555555555555556,1.0
3,2012,46,넥센,24,21,0.5333333333333333,3.0
4,2012,46,두산,23,22,0.5111111111111111,4.5
5,2012,46,롯데,24,20,0.5454545454545454,2.0
6,2012,46,삼성,22,23,0.4888888888888889,6.0
7,2012,46,한화,17,29,0.3695652173913043,8.0
