,Year,Game_idx,Team1,cum_win,cum_lose,Wpct,rank
0,2010,3,KIA,0,3,0.0,7.5
1,2010,3,LG,1,2,0.3333333333333333,5.5
2,2010,3,SK,3,0,1.0,1.5
3,2010,3,넥센,2,1,0.6666666666666666,3.5
4,2010,3,두산,3,0,1.0,1.5
5,2010,3,롯데,0,3,0.0,7.5
6,2010,3,삼성,2,1,0.6666666666666666,3.5
7,2010,3,한화,1,2,0.3333333333333333,5.5
