,Year,Game_idx,Team1,cum_win,cum_lose,Wpct,rank
0,1996,95,LG,40,50,0.4444444444444444,7.0
1,1996,95,OB,38,55,0.4086021505376344,8.0
2,1996,95,롯데,43,47,0.4777777777777778,5.0
3,1996,95,삼성,43,49,0.4673913043478261,6.0
4,1996,95,쌍방울,46,47,0.4946236559139785,4.0
5,1996,95,한화,50,44,0.5319148936170213,3.0
6,1996,95,해태,56,38,0.5957446808510638,1.0
7,1996,95,현대,52,38,0.5777777777777777,2.0
