,Year,Game_idx,Team1,cum_win,cum_lose,Wpct,rank
0,2008,75,KIA,33,42,0.44,6.0
1,2008,75,LG,25,50,0.3333333333333333,8.0
2,2008,75,SK,52,23,0.6933333333333334,1.0
3,2008,75,두산,42,33,0.56,2.0
4,2008,75,롯데,40,35,0.5333333333333333,3.5
5,2008,75,삼성,36,39,0.48,5.0
6,2008,75,한화,40,35,0.5333333333333333,3.5
7,2008,75,히어로즈,31,44,0.4133333333333333,7.0
