,Year,Game_idx,Team1,cum_win,cum_lose,Wpct,rank
0,1996,58,LG,25,31,0.44642857142857145,7.0
1,1996,58,OB,28,28,0.5,5.0
2,1996,58,롯데,25,32,0.43859649122807015,8.0
3,1996,58,삼성,29,27,0.5178571428571429,3.0
4,1996,58,쌍방울,27,30,0.4736842105263158,6.0
5,1996,58,한화,31,27,0.5344827586206896,2.0
6,1996,58,해태,30,28,0.5172413793103449,4.0
7,1996,58,현대,33,23,0.5892857142857143,1.0
