,Year,Game_idx,Team1,cum_win,cum_lose,Wpct,rank
0,1998,48,LG,25,23,0.5208333333333334,3.0
1,1998,48,OB,22,26,0.4583333333333333,5.0
2,1998,48,롯데,18,28,0.39130434782608703,8.0
3,1998,48,삼성,26,22,0.5416666666666666,2.0
4,1998,48,쌍방울,21,27,0.4375,6.5
5,1998,48,한화,23,23,0.5,4.0
6,1998,48,해태,21,27,0.4375,6.5
7,1998,48,현대,34,14,0.7083333333333334,1.0
