,Year,Game_idx,Team1,cum_win,cum_lose,Wpct,rank
0,1999,50,LG,26,24,0.52,5.0
1,1999,50,두산,27,21,0.5625,3.5
2,1999,50,롯데,30,16,0.6521739130434783,1.0
3,1999,50,삼성,28,20,0.5833333333333334,2.0
4,1999,50,쌍방울,11,36,0.23404255319148934,8.0
5,1999,50,한화,21,28,0.42857142857142855,7.0
6,1999,50,해태,23,27,0.46,6.0
7,1999,50,현대,27,21,0.5625,3.5
