,Year,Game_idx,Team1,cum_win,cum_lose,Wpct,rank
0,2006,43,KIA,20,21,0.4878048780487805,5.0
1,2006,43,LG,16,26,0.3809523809523809,7.0
2,2006,43,SK,22,21,0.5116279069767442,4.0
3,2006,43,두산,18,23,0.4390243902439024,6.0
4,2006,43,롯데,14,29,0.32558139534883723,8.0
5,2006,43,삼성,26,16,0.6190476190476191,2.5
6,2006,43,한화,26,16,0.6190476190476191,2.5
7,2006,43,현대,27,16,0.627906976744186,1.0
