,Year,Game_idx,Team1,cum_win,cum_lose,Wpct,rank
0,2014,60,KIA,26,34,0.43333333333333335,7.0
1,2014,60,LG,23,36,0.3898305084745763,8.0
2,2014,60,NC,38,22,0.6333333333333333,2.0
3,2014,60,SK,27,33,0.45,6.0
4,2014,60,넥센,32,27,0.5423728813559322,3.0
5,2014,60,두산,32,28,0.5333333333333333,4.0
6,2014,60,롯데,30,29,0.5084745762711864,5.0
7,2014,60,삼성,40,18,0.6896551724137931,1.0
8,2014,60,한화,21,38,0.3559322033898305,9.0
