,Year,Game_idx,Team1,cum_win,cum_lose,Wpct,rank
0,1998,38,LG,19,19,0.5,3.0
1,1998,38,OB,18,20,0.4736842105263158,4.5
2,1998,38,롯데,15,21,0.4166666666666667,8.0
3,1998,38,삼성,21,17,0.5526315789473685,2.0
4,1998,38,쌍방울,18,20,0.4736842105263158,4.5
5,1998,38,한화,17,19,0.4722222222222222,6.0
6,1998,38,해태,16,22,0.42105263157894735,7.0
7,1998,38,현대,27,11,0.7105263157894737,1.0
