,Year,Game_idx,Team1,cum_win,cum_lose,Wpct,rank
0,2013,70,KIA,36,32,0.5294117647058824,5.5
1,2013,70,LG,39,31,0.5571428571428572,3.0
2,2013,70,NC,25,42,0.373134328358209,8.0
3,2013,70,SK,31,38,0.4492753623188406,7.0
4,2013,70,넥센,40,29,0.5797101449275363,2.0
5,2013,70,두산,36,32,0.5294117647058824,5.5
6,2013,70,롯데,37,31,0.5441176470588235,4.0
7,2013,70,삼성,41,27,0.6029411764705882,1.0
8,2013,70,한화,21,48,0.3043478260869565,9.0
