,Year,Game_idx,Team1,cum_win,cum_lose,Wpct,rank
0,2004,84,KIA,41,39,0.5125,5.0
1,2004,84,LG,38,44,0.4634146341463415,7.0
2,2004,84,SK,40,37,0.5194805194805194,4.0
3,2004,84,두산,44,39,0.5301204819277109,3.0
4,2004,84,롯데,29,45,0.3918918918918919,8.0
5,2004,84,삼성,43,35,0.5512820512820513,2.0
6,2004,84,한화,37,42,0.4683544303797468,6.0
7,2004,84,현대,46,33,0.5822784810126582,1.0
