,Year,Game_idx,Team1,cum_win,cum_lose,Wpct,rank
0,2014,43,KIA,19,24,0.4418604651162791,6.5
1,2014,43,LG,15,27,0.35714285714285715,9.0
2,2014,43,NC,25,18,0.5813953488372093,2.5
3,2014,43,SK,19,24,0.4418604651162791,6.5
4,2014,43,넥센,23,20,0.5348837209302325,4.0
5,2014,43,두산,25,18,0.5813953488372093,2.5
6,2014,43,롯데,21,21,0.5,5.0
7,2014,43,삼성,28,14,0.6666666666666666,1.0
8,2014,43,한화,16,26,0.3809523809523809,8.0
