,Year,Game_idx,Team1,cum_win,cum_lose,Wpct,rank
0,2004,64,KIA,28,32,0.4666666666666667,7.0
1,2004,64,LG,30,32,0.4838709677419355,5.0
2,2004,64,SK,28,30,0.4827586206896552,6.0
3,2004,64,두산,34,29,0.5396825396825397,2.0
4,2004,64,롯데,21,34,0.3818181818181817,8.0
5,2004,64,삼성,31,27,0.5344827586206896,3.0
6,2004,64,한화,31,29,0.5166666666666667,4.0
7,2004,64,현대,35,25,0.5833333333333334,1.0
