,Year,Game_idx,Team1,cum_win,cum_lose,Wpct,rank
0,1994,85,LG,55,30,0.6470588235294118,1.0
1,1994,85,OB,37,47,0.4404761904761905,7.0
2,1994,85,롯데,37,45,0.451219512195122,6.0
3,1994,85,삼성,42,42,0.5,5.0
4,1994,85,쌍방울,29,54,0.3493975903614458,8.0
5,1994,85,태평양,45,38,0.5421686746987951,3.0
6,1994,85,한화,46,38,0.5476190476190477,2.0
7,1994,85,해태,43,40,0.5180722891566265,4.0
