,Year,Game_idx,Team1,cum_win,cum_lose,Wpct,rank
0,2012,69,KIA,32,33,0.4923076923076923,6.0
1,2012,69,LG,32,35,0.4776119402985074,7.0
2,2012,69,SK,35,33,0.5147058823529411,4.0
3,2012,69,넥센,34,33,0.5074626865671642,5.0
4,2012,69,두산,36,32,0.5294117647058824,3.0
5,2012,69,롯데,36,30,0.5454545454545454,2.0
6,2012,69,삼성,37,30,0.5522388059701493,1.0
7,2012,69,한화,25,43,0.36764705882352944,8.0
