,Year,Game_idx,Team1,cum_win,cum_lose,Wpct,rank
0,2006,79,KIA,38,38,0.5,4.0
1,2006,79,LG,30,46,0.3947368421052632,8.0
2,2006,79,SK,35,43,0.4487179487179487,6.0
3,2006,79,두산,38,39,0.4935064935064935,5.0
4,2006,79,롯데,31,46,0.4025974025974026,7.0
5,2006,79,삼성,47,29,0.618421052631579,1.0
6,2006,79,한화,43,34,0.5584415584415584,2.0
7,2006,79,현대,43,35,0.5512820512820513,3.0
