,Year,Game_idx,Team1,cum_win,cum_lose,Wpct,rank
0,2001,71,KIA,33,35,0.4852941176470588,4.0
1,2001,71,LG,28,40,0.4117647058823529,7.5
2,2001,71,SK,29,41,0.4142857142857143,6.0
3,2001,71,두산,36,32,0.5294117647058824,3.0
4,2001,71,롯데,28,40,0.4117647058823529,7.5
5,2001,71,삼성,46,25,0.647887323943662,1.0
6,2001,71,한화,32,38,0.4571428571428571,5.0
7,2001,71,현대,44,25,0.6376811594202898,2.0
