,Year,Game_idx,Team1,cum_win,cum_lose,Wpct,rank
0,1997,50,LG,32,17,0.6530612244897959,1.0
1,1997,50,OB,26,21,0.5531914893617021,4.0
2,1997,50,롯데,20,30,0.4,6.0
3,1997,50,삼성,27,20,0.5744680851063829,3.0
4,1997,50,쌍방울,24,26,0.48,5.0
5,1997,50,한화,17,31,0.3541666666666667,8.0
6,1997,50,해태,30,20,0.6,2.0
7,1997,50,현대,19,29,0.3958333333333333,7.0
