,Year,Game_idx,Team1,cum_win,cum_lose,Wpct,rank
0,1999,45,LG,25,20,0.5555555555555556,5.0
1,1999,45,두산,25,18,0.5813953488372093,2.5
2,1999,45,롯데,27,15,0.6428571428571429,1.0
3,1999,45,삼성,25,18,0.5813953488372093,2.5
4,1999,45,쌍방울,11,31,0.2619047619047619,8.0
5,1999,45,한화,19,26,0.4222222222222222,6.5
6,1999,45,해태,19,26,0.4222222222222222,6.5
7,1999,45,현대,24,19,0.5581395348837209,4.0
