,Year,Game_idx,Team1,cum_win,cum_lose,Wpct,rank
0,1995,94,LG,58,35,0.6236559139784946,1.0
1,1995,94,OB,52,37,0.5842696629213483,2.0
2,1995,94,롯데,48,41,0.5393258426966292,3.0
3,1995,94,삼성,44,45,0.4943820224719101,5.0
4,1995,94,쌍방울,32,60,0.3478260869565217,8.0
5,1995,94,태평양,39,52,0.42857142857142855,7.0
6,1995,94,한화,44,50,0.4680851063829787,6.0
7,1995,94,해태,48,44,0.5217391304347826,4.0
