,Year,Game_idx,Team1,cum_win,cum_lose,Wpct,rank
0,1994,15,LG,11,4,0.7333333333333333,1.0
1,1994,15,OB,7,8,0.4666666666666667,5.5
2,1994,15,롯데,7,7,0.5,4.0
3,1994,15,삼성,8,6,0.5714285714285714,3.0
4,1994,15,쌍방울,7,8,0.4666666666666667,5.5
5,1994,15,태평양,9,5,0.6428571428571429,2.0
6,1994,15,한화,5,10,0.3333333333333333,7.0
7,1994,15,해태,4,10,0.2857142857142857,8.0
