,Year,Game_idx,Team1,cum_win,cum_lose,Wpct,rank
0,2011,37,KIA,19,18,0.5135135135135135,3.5
1,2011,37,LG,21,16,0.5675675675675675,2.0
2,2011,37,SK,25,12,0.6756756756756757,1.0
3,2011,37,넥센,15,22,0.40540540540540543,7.0
4,2011,37,두산,17,19,0.4722222222222222,6.0
5,2011,37,롯데,17,18,0.4857142857142857,5.0
6,2011,37,삼성,19,18,0.5135135135135135,3.5
7,2011,37,한화,12,24,0.3333333333333333,8.0
