,Year,Game_idx,Team1,cum_win,cum_lose,Wpct,rank
0,2012,40,KIA,18,20,0.4736842105263158,6.0
1,2012,40,LG,20,20,0.5,5.0
2,2012,40,SK,22,17,0.5641025641025641,1.0
3,2012,40,넥센,21,18,0.5384615384615384,3.0
4,2012,40,두산,20,19,0.5128205128205128,4.0
5,2012,40,롯데,21,17,0.5526315789473685,2.0
6,2012,40,삼성,18,21,0.4615384615384616,7.0
7,2012,40,한화,15,25,0.375,8.0
