,Year,Game_idx,Team1,cum_win,cum_lose,Wpct,rank
0,2008,33,KIA,11,22,0.3333333333333333,8.0
1,2008,33,LG,12,21,0.3636363636363637,7.0
2,2008,33,SK,25,8,0.7575757575757576,1.0
3,2008,33,두산,18,15,0.5454545454545454,2.5
4,2008,33,롯데,18,15,0.5454545454545454,2.5
5,2008,33,삼성,17,16,0.5151515151515151,4.5
6,2008,33,한화,17,16,0.5151515151515151,4.5
7,2008,33,히어로즈,15,18,0.4545454545454545,6.0
