,Year,Game_idx,Team1,cum_win,cum_lose,Wpct,rank
0,2013,40,KIA,22,17,0.5641025641025641,3.0
1,2013,40,LG,18,22,0.45,7.0
2,2013,40,NC,13,25,0.34210526315789475,8.0
3,2013,40,SK,18,21,0.4615384615384616,6.0
4,2013,40,넥센,27,13,0.675,1.5
5,2013,40,두산,21,18,0.5384615384615384,4.0
6,2013,40,롯데,18,20,0.4736842105263158,5.0
7,2013,40,삼성,27,13,0.675,1.5
8,2013,40,한화,12,27,0.3076923076923077,9.0
