,Year,Game_idx,Team1,cum_win,cum_lose,Wpct,rank
0,2003,111,KIA,64,43,0.5981308411214953,3.0
1,2003,111,LG,52,57,0.4770642201834863,5.0
2,2003,111,SK,58,51,0.5321100917431193,4.0
3,2003,111,두산,44,65,0.4036697247706422,7.0
4,2003,111,롯데,31,77,0.28703703703703703,8.0
5,2003,111,삼성,67,42,0.6146788990825688,2.0
6,2003,111,한화,50,57,0.4672897196261682,6.0
7,2003,111,현대,69,40,0.6330275229357798,1.0
