,Year,Game_idx,Team1,cum_win,cum_lose,Wpct,rank
0,1995,50,LG,30,19,0.6122448979591837,2.0
1,1995,50,OB,30,18,0.625,1.0
2,1995,50,롯데,25,24,0.5102040816326531,3.0
3,1995,50,삼성,22,24,0.4782608695652174,5.0
4,1995,50,쌍방울,22,28,0.44,7.0
5,1995,50,태평양,18,30,0.375,8.0
6,1995,50,한화,25,25,0.5,4.0
7,1995,50,해태,23,27,0.46,6.0
