,Year,Game_idx,Team1,cum_win,cum_lose,Wpct,rank
0,2012,130,KIA,60,64,0.4838709677419355,5.0
1,2012,130,LG,55,71,0.4365079365079365,7.0
2,2012,130,SK,70,57,0.5511811023622047,2.0
3,2012,130,넥센,61,67,0.4765625,6.0
4,2012,130,두산,67,60,0.5275590551181102,3.0
5,2012,130,롯데,63,61,0.5080645161290323,4.0
6,2012,130,삼성,78,50,0.609375,1.0
7,2012,130,한화,52,76,0.40625,8.0
