,Year,Game_idx,Team1,cum_win,cum_lose,Wpct,rank
0,2005,36,KIA,12,23,0.3428571428571429,8.0
1,2005,36,LG,17,19,0.4722222222222222,4.0
2,2005,36,SK,14,20,0.4117647058823529,6.0
3,2005,36,두산,24,11,0.6857142857142857,1.0
4,2005,36,롯데,21,15,0.5833333333333334,3.0
5,2005,36,삼성,24,12,0.6666666666666666,2.0
6,2005,36,한화,15,20,0.42857142857142855,5.0
7,2005,36,현대,14,21,0.4,7.0
