,Year,Game_idx,Team1,cum_win,cum_lose,Wpct,rank
0,2004,93,KIA,44,45,0.4943820224719101,4.0
1,2004,93,LG,41,50,0.4505494505494506,7.0
2,2004,93,SK,42,44,0.4883720930232558,5.0
3,2004,93,두산,50,42,0.5434782608695652,3.0
4,2004,93,롯데,32,51,0.3855421686746988,8.0
5,2004,93,삼성,50,37,0.5747126436781609,2.0
6,2004,93,한화,42,46,0.4772727272727273,6.0
7,2004,93,현대,51,37,0.5795454545454546,1.0
